{"type": "FeatureCollection", "features": [{"type": "Feature", "geometry": {"type": "Polygon", "coordinates": [[[135.557074163342, 34.66427166720371], [135.56114333299843, 34.643550828607886], [135.57468416334348, 34.632181387061394], [135.5888741630123, 34.632433891510914], [135.58520834019282, 34.63934722469469], [135.59591666762014, 34.64172138723228], [135.59449500673918, 34.650621107877896], [135.62553221853716, 34.650305559154276], [135.62548194643477, 34.644656946161206], [135.66428722417606, 34.64327582851672], [135.6642636061805, 34.64997694597935], [135.67115472161322, 34.66106222514162], [135.6710536063389, 34.666919720968394], [135.6787047217456, 34.67775944114533], [135.67309805403204, 34.6901461076568], [135.67313555126475, 34.70008055857096], [135.66337250303866, 34.69887833316858], [135.65279111491805, 34.702584999598116], [135.6178358375539, 34.700983612803554], [135.6078694427207, 34.69820110769501], [135.59499389125517, 34.703499441046404], [135.58483666719113, 34.69861944077071], [135.57952027214287, 34.689664721249926], [135.56563778215798, 34.6877516672057], [135.56340138767644, 34.678022224986115], [135.56220277663692, 34.6679138918127], [135.557074163342, 34.66427166720371]]]}, "properties": {"N03_001": "大阪府", "N03_002": null, "N03_003": null, "N03_004": "東大阪市", "N03_007": "27227"}}, {"type": "Feature", "geometry": {"type": "Polygon", "coordinates": [[[135.57683444955023, 34.593072494599994], [135.5846950062696, 34.58843777458367], [135.60115610976675, 34.583486945566165], [135.60843693921345, 34.58871610756239], [135.61896917039098, 34.59292166660168], [135.62517333328276, 34.599811666874984], [135.6409905581678, 34.599578891752515], [135.6517925032215, 34.606809999481925], [135.65679583735812, 34.61173666641406], [135.6631961091132, 34.62952082912301], [135.66428722417606, 34.64327582851672], [135.62548194643477, 34.644656946161206], [135.62553221853716, 34.650305559154276], [135.59449500673918, 34.650621107877896], [135.59591666762014, 34.64172138723228], [135.58520834019282, 34.63934722469469], [135.5888741630123, 34.632433891510914], [135.57468416334348, 34.632181387061394], [135.5751819461899, 34.61823582942003], [135.58692972802464, 34.60913972112127], [135.57683444955023, 34.593072494599994]]]}, "properties": {"N03_001": "大阪府", "N03_002": null, "N03_003": null, "N03_004": "八尾市", "N03_007": "27212"}}, {"type": "Feature", "geometry": {"type": "Polygon", "coordinates": [[[138.3986971076854, 35.20026994580144], [138.39684627773363, 35.20505272030687], [138.39429325622882, 35.20781327836016], [138.39305379979305, 35.213629107697216], [138.3906732808473, 35.21990105339097], [138.39179691269737, 35.22482494591458], [138.39089274960077, 35.228832440964425], [138.38899805431686, 35.23277963916905], [138.38820167316874, 35.237312134147714], [138.38671197138046, 35.2395193600305], [138.38561839217516, 35.24464519801751], [138.38615228280162, 35.24624353161374], [138.38250978030214, 35.24955325168128], [138.38092647167935, 35.252990440756264], [138.37821396889956, 35.25393710761148], [138.37731399484505, 35.256389891580284], [138.3745307001318, 35.2600185049501], [138.37355569384022, 35.26332294599723], [138.371341284173, 35.26527655856637], [138.36898185522853, 35.268683197671464], [138.36703185523595, 35.27018819782711], [138.3692660571828, 35.276678467437364], [138.36670442287084, 35.28051235915808], [138.36769447482027, 35.286457612628794], [138.3667645011808, 35.290320386976305], [138.36944230901543, 35.29577677437868], [138.37081119318213, 35.296261224775776], [138.37247869003954, 35.29941094555875], [138.37059486396186, 35.30476508094381], [138.368214059931, 35.30644008084511], [138.36759852075522, 35.309543693386786], [138.36467077783425, 35.312025918461416], [138.35946605671325, 35.31337783781703], [138.35761500642752, 35.31775699928613], [138.355832192202, 35.31642922492881], [138.35272389059514, 35.316537837851], [138.34999469459956, 35.31525033243696], [138.34337333261328, 35.3179945048426], [138.34021335865964, 35.321832531646066], [138.33528505765935, 35.326534467891406], [138.33243061038445, 35.32628808063049], [138.32803949422737, 35.3276722514733], [138.32446199742333, 35.32720808078835], [138.3189555510579, 35.32412450424255], [138.31346219162685, 35.32261089127968], [138.31127966292615, 35.31958810800484], [138.30898075206017, 35.31849397301852], [138.30514905288658, 35.31798953159165], [138.3029315297664, 35.31663341330142], [138.2964523353071, 35.316508134143135], [138.2940714791156, 35.311971504981045], [138.28985224408586, 35.30946927898407], [138.2852671981227, 35.30427486499309], [138.2816896887282, 35.304867918419745], [138.27640744514758, 35.30741874737737], [138.27554608258572, 35.30996569396166], [138.26979022004264, 35.31439735965046], [138.2618471343378, 35.31509905387827], [138.25791655020873, 35.31647127902636], [138.25480350198006, 35.319817386563216], [138.25502325581863, 35.32418433254094], [138.25153603116303, 35.325943774285804], [138.25203522684433, 35.32926125190528], [138.24873741919657, 35.33160238684076], [138.25034328101765, 35.33383819767471], [138.25256053164333, 35.33429041367168], [138.2569794683278, 35.33859097259534], [138.25392143972272, 35.345420945820024], [138.25514119291176, 35.348469558523334], [138.25396289217383, 35.352555107532226], [138.2510023608703, 35.358352612283284], [138.25125571967578, 35.36352899936389], [138.24675988286242, 35.36714761227256], [138.24272875542783, 35.36585122425464], [138.23729263334837, 35.37001538660087], [138.2320170816231, 35.37122483715655], [138.23286766491083, 35.37285538626713], [138.2328546427276, 35.37665594551555], [138.2342932810102, 35.37992455847166], [138.23619664126204, 35.38167758535235], [138.23685442339297, 35.384270918967786], [138.2401175226056, 35.388135918238106], [138.2459370301699, 35.39106980173], [138.24743983058374, 35.394803386667036], [138.24644569391376, 35.399798666475306], [138.25081655014378, 35.40261255882257], [138.25205571969582, 35.40434117090837], [138.25809771683623, 35.40739422446393], [138.25821581131072, 35.4124395047794], [138.25761552463678, 35.41478505358742], [138.25926778158293, 35.4218875312846], [138.25944367098873, 35.4310833600091], [138.25730172509464, 35.43705780187611], [138.25523258111878, 35.441210585999784], [138.2553342539727, 35.444576972349466], [138.24830538308697, 35.4471847472783], [138.2456084700549, 35.453052251660154], [138.24433930001874, 35.4541233595055], [138.2440684700839, 35.45897558595459], [138.24628544731559, 35.46347808044908], [138.2534826721876, 35.46596169317763], [138.25520516168888, 35.468908080843335], [138.25550878090553, 35.47278225139985], [138.25788075179537, 35.476017531883656], [138.25859130974118, 35.47981613420728], [138.25858797685373, 35.48513172015282], [138.2597929703694, 35.489168945890185], [138.25890994763608, 35.493223945828504], [138.25936077777772, 35.499905053375585], [138.2602488331172, 35.505899774954685], [138.26173355446008, 35.50683338635173], [138.2668952268333, 35.51297033301449], [138.26897632909436, 35.51412533231826], [138.264680532081, 35.519953666728384], [138.26314024612554, 35.523470053700066], [138.26259163359703, 35.52713394567513], [138.26105858628478, 35.52941866613861], [138.25734830098338, 35.53084866643286], [138.25820691341835, 35.5330056130187], [138.25758136209026, 35.53512061252627], [138.26007527925083, 35.54289561224277], [138.26020138758406, 35.54612838631601], [138.25948221773024, 35.55297866623249], [138.25669111510297, 35.554625891471744], [138.25204749719433, 35.55569366642959], [138.25034111545017, 35.55845202653984], [138.24639224360726, 35.56082008088208], [138.24444891118833, 35.56346174766156], [138.24515391671991, 35.569315639904914], [138.24183280224213, 35.57312646761244], [138.24046085588384, 35.5763167478197], [138.24117058375555, 35.580005639148965], [138.24051335920421, 35.582666467783326], [138.2387908562131, 35.58347535940038], [138.23943335886247, 35.58660591832853], [138.24357807966476, 35.59152425124324], [138.24173810632863, 35.59897230602718], [138.2406356157411, 35.6051078641367], [138.23567561633672, 35.606186467831265], [138.23509311285693, 35.60832953158268], [138.23625422844998, 35.61272897276393], [138.2340875619915, 35.61497008060479], [138.2365970041485, 35.618975080935286], [138.23608005225265, 35.62227146765417], [138.23307866384937, 35.62294063969881], [138.23147282720925, 35.62459897246464], [138.22888369612576, 35.625203134317246], [138.22832452735508, 35.627210386949855], [138.2306086902389, 35.63560122441703], [138.23199092124412, 35.63713677454257], [138.23231535706816, 35.64009733282569], [138.23079955875266, 35.643465386518415], [138.22809871568325, 35.64593983785329], [138.218670661322, 35.64454930520634], [138.21507289200042, 35.63933763952048], [138.21122121888425, 35.63521541346063], [138.20755344993188, 35.6330570810195], [138.20344208768222, 35.632180972274114], [138.20290510968312, 35.62613153144508], [138.20293511016723, 35.61937041391354], [138.20240455332748, 35.61821597218943], [138.20504622640226, 35.61337180186723], [138.2060553574688, 35.608396504994744], [138.20192428028133, 35.60381510758123], [138.20042980489166, 35.599562612924274], [138.195957860367, 35.5954904134519], [138.19462119261402, 35.592357639493514], [138.1946303630009, 35.58862205356496], [138.19215341065149, 35.584601224267146], [138.18892286599748, 35.5805589991985], [138.18949063588423, 35.5767809454843], [138.1843989748329, 35.573091774465865], [138.18228119282287, 35.57459761278966], [138.17840007770144, 35.57484874757171], [138.17284175124587, 35.5816018017818], [138.16738286642624, 35.58290708049742], [138.16205036333372, 35.58129489194573], [138.16086313862297, 35.57999683748409], [138.16009868970286, 35.576127918968325], [138.15597092112114, 35.572487080214614], [138.1518103632577, 35.57095986500582], [138.15095922239027, 35.56629374785825], [138.14855255475663, 35.56279986462209], [138.14613089542456, 35.557015413530564], [138.14414058422062, 35.55467541353954], [138.14817644568643, 35.55427733223314], [138.1512647733507, 35.55278066699424], [138.15421394261944, 35.55348038631081], [138.15602616107856, 35.551750945949436], [138.15617756194501, 35.54844510735586], [138.15891311344944, 35.5466342783493], [138.15942450123976, 35.544932332960855], [138.1548878082258, 35.53947980185143], [138.15148808041067, 35.536202026602325], [138.14794114077108, 35.5347531342498], [138.14696085635853, 35.529602026212615], [138.14276610896877, 35.527075359340415], [138.14213916998676, 35.525520080787146], [138.13833221835728, 35.522211747474216], [138.14633002601, 35.51864283739707], [138.14628250313513, 35.51377922463155], [138.14384167295486, 35.51046810791689], [138.14334138819459, 35.50632922461409], [138.1409413881346, 35.504365891272926], [138.13950027221983, 35.501339197745835], [138.14018082968164, 35.49973335930713], [138.14432250268146, 35.50063919784077], [138.14856000024383, 35.49997974746742], [138.1535791957234, 35.496083639748235], [138.15798891075974, 35.494294467315854], [138.16227280164856, 35.494632251777034], [138.16462364476547, 35.493871693324024], [138.16311474694805, 35.49149419789899], [138.16082391738996, 35.48983697219853], [138.15832252866187, 35.486301134689654], [138.1587655769698, 35.48286335925667], [138.15640114060022, 35.47690530573533], [138.15678391724407, 35.47279417101424], [138.16040364531204, 35.47083499973547], [138.16024780808993, 35.46779777424791], [138.15767863835856, 35.46327750465315], [138.15691306078918, 35.459980837345825], [138.15142108901216, 35.45870833262353], [138.1483291442746, 35.46023138666919], [138.1460327497117, 35.45934805366977], [138.14101910484783, 35.458994720829764], [138.1395101953393, 35.45726999921112], [138.1352704674582, 35.45443472098566], [138.13157461717492, 35.45334027843114], [138.1219279124433, 35.456393053196905], [138.11978513557563, 35.45339389151491], [138.120466809096, 35.451507504168035], [138.11934289216083, 35.44597861252299], [138.12094980528934, 35.44422750479555], [138.12296230906338, 35.43994250414329], [138.12396255482815, 35.43566083727785], [138.1202086380183, 35.431444440508585], [138.12152082982254, 35.42855666615725], [138.12899834010136, 35.427261387003455], [138.13257916979296, 35.426009440783105], [138.13688941621365, 35.42350141325966], [138.13982552462835, 35.42260363984616], [138.13862299615437, 35.419965026265004], [138.13903325607998, 35.41648002653204], [138.13770046710295, 35.414673639277055], [138.13511158243364, 35.414040864594256], [138.1343332174041, 35.41219253116043], [138.13487958522478, 35.407746134576485], [138.13939316476285, 35.4057733592532], [138.14437649797708, 35.40607477423151], [138.149751440077, 35.39937089135361], [138.15254807983013, 35.39798394520295], [138.15256583694384, 35.39477313437271], [138.15117717308817, 35.389967026956754], [138.1477735539064, 35.387548134838596], [138.14570350161534, 35.38363925135042], [138.1435848382697, 35.375644251381175], [138.1416120233763, 35.373219801452706], [138.1411436708438, 35.36949261249413], [138.1381600521447, 35.36874566617962], [138.13501586309167, 35.36674038665956], [138.1292972756488, 35.36528813443988], [138.1240181446217, 35.36804730573863], [138.11514258066563, 35.3648739453763], [138.10984255479013, 35.36100450435447], [138.10718924808543, 35.36038033258632], [138.10556422800676, 35.35752533222836], [138.10006144008344, 35.3540267203569], [138.0969914397033, 35.35426950493377], [138.09377418882787, 35.34997033276471], [138.09627335892844, 35.348328107756004], [138.09660167262916, 35.34438535939688], [138.09579357961013, 35.34271508093627], [138.0963335541503, 35.339942305592956], [138.0933283013601, 35.339835918492895], [138.08748386458876, 35.33800035992874], [138.08580228344874, 35.330048197366466], [138.08340744459792, 35.32679102648473], [138.08295961099736, 35.32481463948409], [138.08625949428028, 35.32148608041831], [138.08892221778615, 35.31771389118319], [138.0925269388672, 35.314306666619416], [138.0968450057925, 35.31192138666273], [138.09825555105294, 35.3094722242638], [138.09820610902477, 35.30446777496792], [138.1136458371857, 35.30096444075639], [138.11507167271964, 35.29810277462343], [138.1176122179296, 35.29708333282957], [138.1203305582087, 35.29447555880006], [138.12650639425476, 35.293143054008794], [138.12930888499716, 35.29070110776996], [138.13153917039642, 35.28718194549043], [138.13462167315174, 35.28607999989214], [138.13723916975198, 35.28375527848334], [138.13604250305912, 35.28212889143526], [138.1358530608701, 35.27588499919341], [138.13748888540385, 35.271776945549675], [138.13735972836878, 35.269226107598854], [138.1384619464617, 35.267442224978765], [138.143654163409, 35.26498417098276], [138.14558693868628, 35.26343472093566], [138.14603500611065, 35.26072638651357], [138.1446230606058, 35.2572555582974], [138.14574250341389, 35.25627889185745], [138.15295805377127, 35.257311945789695], [138.1576933332808, 35.2561094406982], [138.1616155510169, 35.25638805336604], [138.177797496857, 35.25994972030338], [138.17840888476223, 35.255796666383105], [138.183384162749, 35.25227083742925], [138.1833425034538, 35.24992722486161], [138.18668555059776, 35.24861417060754], [138.19018999996854, 35.24924389119269], [138.19432722402223, 35.24902583797211], [138.19771082969112, 35.24534944092403], [138.19918333284465, 35.24247972046277], [138.20263610896927, 35.23985222430076], [138.19876583697385, 35.23567917035746], [138.19870555092052, 35.23321722499497], [138.20216693895316, 35.230952774351124], [138.20165888494967, 35.22847083795887], [138.19736666723793, 35.22579889190541], [138.189927224362, 35.21947444019332], [138.18610000021488, 35.21686722464278], [138.18505416331902, 35.21362250487476], [138.1863972243525, 35.211511666530214], [138.1856869389012, 35.20845638625326], [138.18806749741714, 35.20735055828169], [138.1876499997478, 35.20449722436746], [138.18180778160388, 35.20313305354762], [138.18331916964405, 35.19805972067962], [138.18349138801716, 35.192796945622604], [138.18574722405526, 35.19333750472214], [138.18753805393806, 35.19609027824379], [138.1902847210631, 35.19530722414913], [138.18916972810052, 35.193022774381575], [138.1906977823768, 35.19084750500838], [138.19275167295143, 35.1902983322023], [138.1938066667443, 35.187021387027414], [138.1960363936647, 35.189676945634574], [138.19882639372315, 35.188881945845196], [138.19936444911013, 35.191279440393885], [138.20201639424124, 35.1934666662537], [138.19894250339394, 35.19662666628767], [138.2044144490676, 35.197922504819815], [138.20573583733903, 35.19880222434324], [138.20648527927233, 35.203173332383415], [138.20999583683852, 35.20050305367306], [138.21115805410102, 35.20352583784717], [138.21457194623838, 35.20377222420882], [138.22375027235728, 35.199497224917025], [138.22467360630196, 35.1934088920068], [138.23146083025313, 35.18752277435658], [138.2326836060637, 35.18551277429515], [138.23436277612132, 35.18029861299067], [138.23778111540616, 35.17718666643157], [138.23954194570433, 35.17473305328781], [138.238276109455, 35.172347504433844], [138.23822472129393, 35.16988444031472], [138.235992775746, 35.16710917025205], [138.2312525032005, 35.15981999959337], [138.22781693920047, 35.158492224336726], [138.2242566671116, 35.15952110721338], [138.2211094419473, 35.15912944077115], [138.2173474968895, 35.154258053366505], [138.21205693907655, 35.14948750424497], [138.20983610914914, 35.14474527837194], [138.20081749722976, 35.14361138615658], [138.19620444907616, 35.14384722436995], [138.18886055826817, 35.140214999322836], [138.18746610907374, 35.13831027839666], [138.18366083018327, 35.13641277452996], [138.18497833967865, 35.13373277414826], [138.18387639408036, 35.129333612656126], [138.18472888483018, 35.124861386643715], [138.1864938906806, 35.12368305353016], [138.18847444873688, 35.11971138657128], [138.19059250324153, 35.11780638685531], [138.19209944233546, 35.111050278547566], [138.19302944205515, 35.109726107773724], [138.1901741629074, 35.10587610739651], [138.18872805395654, 35.0935747208967], [138.1916899998937, 35.09106444057153], [138.1993791701127, 35.087609440423364], [138.20040082963465, 35.080790278848326], [138.2035594420147, 35.07835527897299], [138.2051105576062, 35.07463417033074], [138.208404162722, 35.0724194405048], [138.2095711149151, 35.07068583718171], [138.20577416284743, 35.06954277457942], [138.20357610915016, 35.067474170196874], [138.20224416283793, 35.06388444081432], [138.2002397277813, 35.061040558774835], [138.20051888543833, 35.056583053764996], [138.201419169759, 35.05374138675563], [138.19949167260268, 35.05014222438422], [138.1952388847668, 35.046238332133385], [138.19708250305519, 35.039626107259096], [138.19117749694396, 35.03585027846765], [138.1934441626181, 35.034299999245604], [138.19357527927582, 35.03067722427454], [138.1916008303141, 35.028205837829205], [138.19116472117503, 35.02328472061339], [138.18832472060944, 35.02223527833547], [138.1887619458072, 35.01543833271296], [138.19041333310895, 35.01511027891627], [138.19460000008996, 35.0112980536623], [138.1984758370903, 35.01036999917619], [138.20048527867277, 35.009119720298884], [138.2034172241257, 35.009818891928376], [138.20899444893473, 35.00876027836421], [138.2122302717097, 35.012502774683355], [138.21118972822342, 35.01393889126689], [138.21523693913355, 35.0156825049437], [138.21629500590984, 35.013996945202905], [138.21691027169175, 35.010202504941674], [138.21502972813948, 35.00376777476305], [138.22185138803115, 35.004890837342316], [138.22437888497757, 35.00646055900762], [138.22748583670204, 35.00710444031773], [138.22970972792166, 35.004368891511206], [138.2379727762227, 35.00328805390063], [138.2400052791204, 35.00265138695198], [138.2405136056185, 35.0001980534974], [138.2448863935923, 34.996807224473855], [138.24731444890278, 34.99359389194461], [138.25305610935197, 34.99241722437546], [138.25427360614208, 34.99096110776895], [138.2586274966617, 34.99262889151021], [138.26061333283906, 34.99190389135157], [138.26074555116634, 34.989668612916205], [138.26286333317637, 34.9887122243897], [138.2650263942528, 34.98142833275142], [138.2677041634165, 34.97971277432515], [138.26661555116686, 34.97585472051901], [138.26788834007493, 34.9733969453128], [138.2720752786513, 34.97301055879029], [138.27493416318111, 34.9704677742684], [138.27649555082905, 34.97118749450732], [138.28364917027307, 34.96759777501734], [138.28328055795146, 34.963008891647064], [138.28632389073505, 34.958896945737536], [138.28591360562848, 34.955843332803624], [138.28744749740417, 34.95451416179918], [138.286821387597, 34.95148027819232], [138.2920323608049, 34.94960310799706], [138.29403741909164, 34.951040197647046], [138.30418569371489, 34.954119494319286], [138.30694216614813, 34.95386146803236], [138.30965053204648, 34.95486369320491], [138.31026338494735, 34.957800972536916], [138.31250693894413, 34.960304999875916], [138.31685396943521, 34.96057274783408], [138.3248270304432, 34.962064440721406], [138.32858736661376, 34.9608564947315], [138.3320610249964, 34.96078702660003], [138.33593136174306, 34.96179586448761], [138.34088350197214, 34.962020558302186], [138.34696544699784, 34.96048877453734], [138.34797888491767, 34.96320764002064], [138.3510477170786, 34.96586035946808], [138.35448516246038, 34.969948747636636], [138.35758219196464, 34.97044808091425], [138.36020630397786, 34.96554546724957], [138.36310705644553, 34.96275341313958], [138.37102011738455, 34.95710072082164], [138.383742166268, 34.96953261244016], [138.38464900125052, 34.96863189194829], [138.39604007778746, 34.975022134463984], [138.40405474682916, 34.97853482881936], [138.4158134887016, 34.9857368281921], [138.41887169896984, 34.98712980159911], [138.42138372218108, 34.99025233227934], [138.42427542207315, 34.99210574778209], [138.4242862517092, 34.99715286451311], [138.42758795072336, 35.000937359171814], [138.4328058109395, 35.00320613465544], [138.43655834009542, 35.00635417100824], [138.43596274968127, 35.009804558533574], [138.43215094710854, 35.00894355839853], [138.4309896633423, 35.011734197875], [138.42838591377892, 35.01279963999144], [138.42761243836344, 35.01495213493314], [138.42898708178848, 35.016037747943756], [138.43001780827535, 35.02052863938525], [138.4319681446143, 35.02391489175892], [138.43526649815044, 35.03320827893896], [138.43330972806154, 35.03692027834819], [138.43275863790086, 35.041670386779], [138.43526927435755, 35.043745639849476], [138.43322591394485, 35.0515171708808], [138.43318805428532, 35.05672638681335], [138.4317086119629, 35.05761166684499], [138.43099527870925, 35.060653504955326], [138.43264027183113, 35.062628332531574], [138.43329605746715, 35.06753666678378], [138.43144944173844, 35.0697008376236], [138.4362893897436, 35.07657544060413], [138.43508503204862, 35.07923638615034], [138.4336231912573, 35.07958050453669], [138.42787888500266, 35.0835613868486], [138.42178500597333, 35.08582972076505], [138.41923250337743, 35.09100610784566], [138.41612834045065, 35.0937466667753], [138.41181861203938, 35.093221945636344], [138.40630833995795, 35.08956944087703], [138.4035613877479, 35.08952889134531], [138.4007244493739, 35.0921158379756], [138.40016444873038, 35.09617610794106], [138.39766722386332, 35.10021583739103], [138.39755527895306, 35.105034999365785], [138.39861000025132, 35.10722222432622], [138.39885082970204, 35.11170222497776], [138.40015111538173, 35.113489999863646], [138.3985580536114, 35.11772750462069], [138.39737834003847, 35.11837333296302], [138.3969480540095, 35.12182805342201], [138.40019833968165, 35.127429720904956], [138.40023722366902, 35.130097774692615], [138.3962588846399, 35.134577224959], [138.39552693901703, 35.13736194599704], [138.3967586118206, 35.13972277428667], [138.3971633328216, 35.14294750482355], [138.3956950061197, 35.14792361288448], [138.39808444903815, 35.1509788913628], [138.39901444875784, 35.15924027861604], [138.4019155771423, 35.16050389174126], [138.40300089517518, 35.16313913466337], [138.40253980466832, 35.16816830542302], [138.40074094743682, 35.17226830563783], [138.40204955903994, 35.178782197740304], [138.40105511030515, 35.1825638649305], [138.399604305994, 35.18502969356558], [138.4005081965961, 35.18714469397253], [138.39861847006637, 35.192455531497615], [138.39931542216902, 35.195284693433905], [138.3986971076854, 35.20026994580144]]]}, "properties": {"N03_001": "静岡県", "N03_002": null, "N03_003": "静岡市", "N03_004": "葵区", "N03_007": "22101"}}, {"type": "Feature", "geometry": {"type": "Polygon", "coordinates": [[[138.2920323608049, 34.94960310799706], [138.29182916978039, 34.94460861239759], [138.29469167318223, 34.94069999960533], [138.2945177820701, 34.93722027889282], [138.29900055802943, 34.93465805372625], [138.3057336059212, 34.93269694530784], [138.307141946044, 34.93378610794258], [138.3100700001305, 34.933681945765215], [138.31531834016937, 34.930436386929784], [138.31625749678608, 34.92660138634494], [138.3167511148721, 34.921318332475096], [138.31903500616068, 34.91956361217103], [138.32245389133413, 34.919108612772334], [138.32617444869197, 34.92262749446337], [138.32971111537574, 34.91830444079733], [138.33023194604755, 34.91541472031315], [138.33262138806663, 34.91226944038243], [138.33627138821407, 34.91035527837346], [138.34016027167922, 34.90947194537404], [138.34360221816792, 34.906903612911435], [138.3402525034503, 34.90440277456844], [138.34330805442323, 34.90081805351042], [138.34839277630567, 34.89854889131834], [138.35024027247061, 34.90102138662775], [138.35029666715752, 34.903129549489165], [138.35488066091386, 34.90916858516215], [138.35491949363973, 34.91229091889085], [138.3574475616557, 34.91504469335797], [138.3648078336147, 34.91909310756091], [138.3672009727468, 34.919914134629664], [138.36871311262007, 34.92506261214987], [138.37097819728604, 34.92189408024768], [138.38198758805686, 34.925640197237385], [138.388232802302, 34.928102918714785], [138.39528114081202, 34.928642161206824], [138.40214182858256, 34.9317525852137], [138.4026351876638, 34.93324161251047], [138.4069975623877, 34.93658222429025], [138.41105160814527, 34.9407887743825], [138.41622014324503, 34.94328449468372], [138.41822583735257, 34.94343938671835], [138.42756228317285, 34.94584099926277], [138.43821902728632, 34.94921438683451], [138.44844136197935, 34.95288646713681], [138.45354036329718, 34.95428274735099], [138.4697411670213, 34.95973010735861], [138.4745726847816, 34.96183396336676], [138.47265855964486, 34.96518846787353], [138.4718470815776, 34.97236953192839], [138.46549785983848, 34.97356086474218], [138.4628531128809, 34.97120719775404], [138.4589609208099, 34.97433408025364], [138.45538983077608, 34.97641105372719], [138.45438888533886, 34.98516889193087], [138.44955444927848, 34.99179833252708], [138.44826053169822, 34.99620553126033], [138.44419389093537, 34.997882494381656], [138.44165299588906, 34.997074494892104], [138.43876060981438, 34.99500010786875], [138.4368325811588, 34.99860491888194], [138.4378988848257, 35.000856224135475], [138.43659588769015, 35.002215413610486], [138.43922868985226, 35.00399963977162], [138.43655834009542, 35.00635417100824], [138.4328058109395, 35.00320613465544], [138.42758795072336, 35.000937359171814], [138.4242862517092, 34.99715286451311], [138.42427542207315, 34.99210574778209], [138.42138372218108, 34.99025233227934], [138.41887169896984, 34.98712980159911], [138.4158134887016, 34.9857368281921], [138.40405474682916, 34.97853482881936], [138.39604007778746, 34.975022134463984], [138.38464900125052, 34.96863189194829], [138.383742166268, 34.96953261244016], [138.37102011738455, 34.95710072082164], [138.36310705644553, 34.96275341313958], [138.36020630397786, 34.96554546724957], [138.35758219196464, 34.97044808091425], [138.35448516246038, 34.969948747636636], [138.3510477170786, 34.96586035946808], [138.34797888491767, 34.96320764002064], [138.34696544699784, 34.96048877453734], [138.34088350197214, 34.962020558302186], [138.33593136174306, 34.96179586448761], [138.3320610249964, 34.96078702660003], [138.32858736661376, 34.9608564947315], [138.3248270304432, 34.962064440721406], [138.31685396943521, 34.96057274783408], [138.31250693894413, 34.960304999875916], [138.31026338494735, 34.957800972536916], [138.30965053204648, 34.95486369320491], [138.30694216614813, 34.95386146803236], [138.30418569371489, 34.954119494319286], [138.29403741909164, 34.951040197647046], [138.2920323608049, 34.94960310799706]]]}, "properties": {"N03_001": "静岡県", "N03_002": null, "N03_003": "静岡市", "N03_004": "駿河区", "N03_007": "22102"}}, {"type": "Feature", "geometry": {"type": "Polygon", "coordinates": [[[138.43655834009542, 35.00635417100824], [138.43922868985226, 35.00399963977162], [138.43659588769015, 35.002215413610486], [138.4378988848257, 35.000856224135475], [138.4368325811588, 34.99860491888194], [138.43876060981438, 34.99500010786875], [138.44165299588906, 34.997074494892104], [138.44419389093537, 34.997882494381656], [138.44826053169822, 34.99620553126033], [138.44955444927848, 34.99179833252708], [138.45438888533886, 34.98516889193087], [138.45538983077608, 34.97641105372719], [138.4589609208099, 34.97433408025364], [138.4628531128809, 34.97120719775404], [138.46549785983848, 34.97356086474218], [138.4718470815776, 34.97236953192839], [138.47265855964486, 34.96518846787353], [138.4745726847816, 34.96183396336676], [138.47827175104055, 34.963263107506464], [138.49595291799278, 34.97181946789419], [138.50750900123944, 34.97759272062763], [138.51060258094446, 34.9799144409987], [138.51336274959124, 34.98302874737885], [138.51631797669336, 34.9845018647693], [138.51761080429526, 34.98705313439467], [138.5213533590703, 34.989690693970374], [138.52177197099968, 34.99155577457941], [138.52665158180514, 34.99494091898828], [138.52686099883613, 34.998551639446646], [138.52914605744468, 35.005357134923884], [138.5325848122394, 35.01024450418055], [138.53345655027965, 35.01296463950655], [138.53188978018932, 35.015733918285775], [138.52855561564922, 35.01701566624007], [138.52212046728584, 35.02058674728062], [138.5157811407871, 35.02089963940688], [138.51559868992763, 35.01930397230052], [138.5179373930963, 35.01748113464669], [138.51856555065967, 35.013340585799426], [138.51136082993844, 35.012395918137145], [138.5054253053337, 35.012880972878634], [138.50251978016377, 35.011517134808], [138.5025951100763, 35.00697217072917], [138.50539968904445, 35.006679558315], [138.50618296976836, 35.00369310765086], [138.50122477260527, 35.004612224674474], [138.5011173674726, 35.002221252009235], [138.5108592996171, 34.99642349454871], [138.51154569367884, 34.99462299965177], [138.5111360048228, 34.99058930555208], [138.5084155772172, 34.98679808036718], [138.50561817124162, 34.98568430598601], [138.50068472072337, 34.98739877443393], [138.50012399522632, 34.989509666737774], [138.50224302189804, 34.9920255858122], [138.4977087813353, 34.99621833221033], [138.49754919573888, 35.01020505362038], [138.49553533129063, 35.01031189128082], [138.49569616064935, 35.016762837135275], [138.49090564208177, 35.01930753181722], [138.4908850323185, 35.022338972865384], [138.49481386546756, 35.02183186494864], [138.49608936403297, 35.01828417077792], [138.49909555121883, 35.02668369389738], [138.4967434760307, 35.03104441386864], [138.49454007766246, 35.03225961289087], [138.49749224437164, 35.03451183725156], [138.50028472116298, 35.02973002681932], [138.50247763883203, 35.031306107590865], [138.4997835280874, 35.03575038627139], [138.5028677557424, 35.03653030532939], [138.50573328086625, 35.03124480170629], [138.50845433170207, 35.03347127847678], [138.5060941886959, 35.041675864549575], [138.50864678302264, 35.042572918505414], [138.51125791242282, 35.035412720520696], [138.5126095853641, 35.03642041357131], [138.5110169777514, 35.04310091857258], [138.51307724991523, 35.043221134547764], [138.51489380040857, 35.03825410784083], [138.51705070022967, 35.03853472060092], [138.52369092099923, 35.04266944094201], [138.51906248994203, 35.04766142293636], [138.52881180282247, 35.053563467580034], [138.53446243839085, 35.05608699941553], [138.53572871620736, 35.05925013448615], [138.53949247699632, 35.06321055902015], [138.54276277618123, 35.07004277425466], [138.54311167266565, 35.071805558779545], [138.54685555124274, 35.07700444060248], [138.54911644596723, 35.08660161247451], [138.55153194584273, 35.09255750492497], [138.55578182886836, 35.09906955881314], [138.5587947213993, 35.10164944036944], [138.56986500616517, 35.10712027897773], [138.57481819680243, 35.11073719756365], [138.57866787342368, 35.11177396389735], [138.58628630386988, 35.11226115273007], [138.59233654959212, 35.11309235023185], [138.6010064718712, 35.115155359931975], [138.61167429293437, 35.11542635084544], [138.61794002611134, 35.11478245874355], [138.62422317825713, 35.11586054083136], [138.63224465606606, 35.11517416115868], [138.63853728886488, 35.116491458414146], [138.6318061088649, 35.12869472078478], [138.62993082994387, 35.133675278691214], [138.61832693873725, 35.131732224162874], [138.61656444919004, 35.12935417025881], [138.61277250274884, 35.12959694584242], [138.60730861230263, 35.13218555891649], [138.60503027162974, 35.13435694591635], [138.59978944182933, 35.14352499997881], [138.59579277641558, 35.14313694521388], [138.5924544489137, 35.143686386917295], [138.58143639407444, 35.143413891438], [138.5774461093505, 35.14557083802379], [138.57730693926385, 35.14667861302763], [138.57214000046076, 35.149412774180234], [138.56823944199675, 35.15232750481056], [138.5652072239343, 35.15106972019146], [138.5636930605864, 35.15295472078378], [138.55865749744567, 35.15663638695975], [138.55840444890623, 35.159314999687524], [138.55600333278767, 35.15547861234813], [138.55202722407716, 35.154015558371384], [138.54767306106294, 35.154581107831916], [138.5451947210596, 35.15255722493606], [138.53858194580027, 35.15168250474386], [138.53919138847186, 35.153374440677965], [138.53762333325028, 35.156163332771655], [138.5361286123457, 35.16081555899092], [138.5330300000345, 35.16141222499425], [138.53033167326817, 35.163133612826016], [138.5290953051043, 35.165032224657466], [138.52570169897433, 35.1660749993618], [138.52606447469577, 35.17131333264422], [138.52357169877496, 35.18062833233171], [138.52193141360397, 35.18224666685023], [138.51956780820785, 35.18253722431348], [138.5193825289806, 35.18852277460644], [138.5185214137323, 35.189927504850516], [138.51978697838638, 35.19390305328335], [138.52262807972215, 35.1963730538734], [138.52242141371732, 35.19915777491144], [138.52055308745514, 35.19722861221072], [138.5173328022671, 35.1986086128972], [138.51422474707454, 35.19404389161235], [138.51419058362865, 35.19127138696501], [138.51230946810756, 35.188974720806755], [138.5062308559693, 35.18606889166608], [138.50403085613914, 35.18307805320961], [138.50113364520166, 35.17652333278562], [138.49629002616382, 35.17439083786695], [138.49566557740457, 35.17154944065419], [138.4914922437721, 35.16838444038967], [138.48782866386182, 35.16965194578074], [138.48708588770364, 35.17167025198057], [138.48425727615245, 35.17419302658698], [138.4821522834012, 35.17386219748249], [138.47816977961168, 35.17604913465988], [138.4777436709337, 35.178075531160914], [138.47221588815273, 35.17610969320782], [138.4611300783905, 35.17949135993837], [138.45683341083327, 35.17821191874509], [138.45160674445572, 35.179148305449985], [138.44910980467387, 35.17853053145893], [138.44136036279053, 35.179373864412355], [138.44054230888048, 35.17807053182963], [138.43094175106103, 35.18038691832169], [138.42748038910872, 35.182667197932915], [138.4268262258497, 35.185839134668356], [138.42472538346976, 35.18995997217502], [138.4190345778835, 35.19763580185082], [138.4183631908087, 35.1993349728308], [138.41600819732048, 35.199451918871034], [138.41365763928866, 35.20106633234542], [138.40757433179, 35.20293022494997], [138.4025412840531, 35.200811332277226], [138.3986971076854, 35.20026994580144], [138.39931542216902, 35.195284693433905], [138.39861847006637, 35.192455531497615], [138.4005081965961, 35.18714469397253], [138.399604305994, 35.18502969356558], [138.40105511030515, 35.1825638649305], [138.40204955903994, 35.178782197740304], [138.40074094743682, 35.17226830563783], [138.40253980466832, 35.16816830542302], [138.40300089517518, 35.16313913466337], [138.4019155771423, 35.16050389174126], [138.39901444875784, 35.15924027861604], [138.39808444903815, 35.1509788913628], [138.3956950061197, 35.14792361288448], [138.3971633328216, 35.14294750482355], [138.3967586118206, 35.13972277428667], [138.39552693901703, 35.13736194599704], [138.3962588846399, 35.134577224959], [138.40023722366902, 35.130097774692615], [138.40019833968165, 35.127429720904956], [138.3969480540095, 35.12182805342201], [138.39737834003847, 35.11837333296302], [138.3985580536114, 35.11772750462069], [138.40015111538173, 35.113489999863646], [138.39885082970204, 35.11170222497776], [138.39861000025132, 35.10722222432622], [138.39755527895306, 35.105034999365785], [138.39766722386332, 35.10021583739103], [138.40016444873038, 35.09617610794106], [138.4007244493739, 35.0921158379756], [138.4035613877479, 35.08952889134531], [138.40630833995795, 35.08956944087703], [138.41181861203938, 35.093221945636344], [138.41612834045065, 35.0937466667753], [138.41923250337743, 35.09100610784566], [138.42178500597333, 35.08582972076505], [138.42787888500266, 35.0835613868486], [138.4336231912573, 35.07958050453669], [138.43508503204862, 35.07923638615034], [138.4362893897436, 35.07657544060413], [138.43144944173844, 35.0697008376236], [138.43329605746715, 35.06753666678378], [138.43264027183113, 35.062628332531574], [138.43099527870925, 35.060653504955326], [138.4317086119629, 35.05761166684499], [138.43318805428532, 35.05672638681335], [138.43322591394485, 35.0515171708808], [138.43526927435755, 35.043745639849476], [138.43275863790086, 35.041670386779], [138.43330972806154, 35.03692027834819], [138.43526649815044, 35.03320827893896], [138.4319681446143, 35.02391489175892], [138.43001780827535, 35.02052863938525], [138.42898708178848, 35.016037747943756], [138.42761243836344, 35.01495213493314], [138.42838591377892, 35.01279963999144], [138.4309896633423, 35.011734197875], [138.43215094710854, 35.00894355839853], [138.43596274968127, 35.009804558533574], [138.43655834009542, 35.00635417100824]]]}, "properties": {"N03_001": "静岡県", "N03_002": null, "N03_003": "静岡市", "N03_004": "清水区", "N03_007": "22103"}}, {"type": "Feature", "geometry": {"type": "Polygon", "coordinates": [[[137.73345016938993, 34.75393927867481], [137.72088547308613, 34.762451891541616], [137.72056247707667, 34.76327416147342], [137.71405413738864, 34.76797733248793], [137.70346841813307, 34.77980425196472], [137.69876722382833, 34.78343722434846], [137.6923056416921, 34.78013182822133], [137.68594861203883, 34.77929374730866], [137.68195788574792, 34.77634835968911], [137.68080114086, 34.771824197828494], [137.6841114787618, 34.771528891944854], [137.6863937737537, 34.769497666983796], [137.69266072641142, 34.76542980134428], [137.68932319121234, 34.76187861240811], [137.68910525310503, 34.75616382819817], [137.68803286642367, 34.75355027872246], [137.702189974288, 34.7487556664409], [137.7010531907522, 34.74431063952443], [137.69884102489345, 34.74002461274574], [137.69318680912397, 34.733225386442484], [137.68893185482136, 34.73249622422145], [137.687796446349, 34.72676699959743], [137.68867963725552, 34.721748107189455], [137.6917302716348, 34.7219753056159], [137.6930950836712, 34.72016661249921], [137.6969680797132, 34.71970855900287], [137.6969455507966, 34.71731353129451], [137.69469461696303, 34.715525531578066], [137.69566377406397, 34.71337982831648], [137.6898180287791, 34.704599720200974], [137.68971552495157, 34.70168889172902], [137.6961936959824, 34.70112616164312], [137.69836306130628, 34.701745747768086], [137.70081702968218, 34.70079225146128], [137.69827905293596, 34.69632925159374], [137.70023247664756, 34.69585577472429], [137.7013510507105, 34.69707019763155], [137.71043944192672, 34.69549622487091], [137.71611552471177, 34.692723639284566], [137.71602724995773, 34.689146747724294], [137.71474518814, 34.68432669362204], [137.7251242279009, 34.68039958537264], [137.72682430629675, 34.68307155840574], [137.73187836579405, 34.681790612646694], [137.73258530486794, 34.68543735994626], [137.7318370824155, 34.690805386259626], [137.7338182753931, 34.69379505379874], [137.7360869393608, 34.69409249467293], [137.74024752330467, 34.69271046781387], [137.74305577240602, 34.69338697293051], [137.74433416319118, 34.69741725140506], [137.75197713433738, 34.693021440786936], [137.754479247919, 34.69251622414447], [137.75483413658617, 34.70175861256996], [137.7589482489626, 34.70100299948888], [137.76100046679812, 34.70346116140354], [137.7576796886667, 34.70356341342085], [137.7571331391831, 34.706379332840015], [137.7539423085907, 34.70681477468213], [137.75397097268228, 34.71048405359625], [137.75066924758778, 34.71746672091251], [137.7517250318848, 34.72117541351457], [137.7544214403972, 34.723766747937134], [137.75123533124565, 34.72434935933552], [137.75295588810377, 34.73210272046424], [137.7534318291157, 34.740842918465944], [137.7495209734143, 34.74583805348345], [137.7470150835793, 34.74578597284443], [137.74429697802316, 34.746922305819794], [137.74319596592113, 34.74887305314894], [137.7404039954481, 34.749849531630616], [137.7372322178926, 34.74822422466826], [137.7351678340284, 34.752518558484724], [137.73345016938993, 34.75393927867481]]]}, "properties": {"N03_001": "静岡県", "N03_002": null, "N03_003": "浜松市", "N03_004": "中区", "N03_007": "22131"}}, {"type": "Feature", "geometry": {"type": "Polygon", "coordinates": [[[137.7571331391831, 34.706379332840015], [137.7604967826005, 34.70935316151923], [137.76458046731477, 34.708951440656506], [137.77055472122345, 34.711354332936196], [137.7698376126158, 34.71248813431998], [137.7776584184013, 34.71636263942435], [137.77885321720225, 34.71512686481299], [137.77781705611233, 34.71165172075035], [137.78719944200066, 34.713369251389906], [137.78769941559563, 34.715117305918966], [137.80293167285845, 34.715748251380774], [137.8033672244179, 34.719132774358116], [137.8058647208802, 34.73018777424642], [137.81310639384503, 34.74755972100439], [137.8189266667323, 34.756507774814], [137.82268167262112, 34.77499055876734], [137.811283890739, 34.77814805329007], [137.81049194594664, 34.779705278875554], [137.81137749667414, 34.78480666699414], [137.8065872236216, 34.78637889147274], [137.80270888470727, 34.78639649480243], [137.8002552787582, 34.78117027898526], [137.79967749671914, 34.77789277443202], [137.79078999965884, 34.77320610777571], [137.7883063941249, 34.77321027883136], [137.78598693914603, 34.77540722456382], [137.78593583696932, 34.77977333237345], [137.78346583727864, 34.77978472048852], [137.78068583678203, 34.77849361239038], [137.77677693890462, 34.77789610731958], [137.77547610913518, 34.779576386241274], [137.7754233333202, 34.782543612997415], [137.7661236059197, 34.781233332252555], [137.76683472144532, 34.77895166678604], [137.7641011151744, 34.77588833218084], [137.75568138788583, 34.77625861274481], [137.75422583695286, 34.77756889169103], [137.74823063603515, 34.779752558933524], [137.74212444888428, 34.781075558790064], [137.73827946762344, 34.78035119715008], [137.736729882678, 34.77996955814865], [137.73660282735864, 34.774404999391265], [137.73433847024432, 34.76800986456362], [137.73415654998485, 34.7650998643673], [137.7362243836485, 34.76305169348092], [137.73257980461437, 34.75780577441702], [137.73345016938993, 34.75393927867481], [137.7351678340284, 34.752518558484724], [137.7372322178926, 34.74822422466826], [137.7404039954481, 34.749849531630616], [137.74319596592113, 34.74887305314894], [137.74429697802316, 34.746922305819794], [137.7470150835793, 34.74578597284443], [137.7495209734143, 34.74583805348345], [137.7534318291157, 34.740842918465944], [137.75295588810377, 34.73210272046424], [137.75123533124565, 34.72434935933552], [137.7544214403972, 34.723766747937134], [137.7517250318848, 34.72117541351457], [137.75066924758778, 34.71746672091251], [137.75397097268228, 34.71048405359625], [137.7539423085907, 34.70681477468213], [137.7571331391831, 34.706379332840015]]]}, "properties": {"N03_001": "静岡県", "N03_002": null, "N03_003": "浜松市", "N03_004": "東区", "N03_007": "22132"}}, {"type": "Feature", "geometry": {"type": "Polygon", "coordinates": [[[137.69876722382833, 34.78343722434846], [137.6917434503, 34.78774599947832], [137.69014527858178, 34.78786749428946], [137.68655000038223, 34.78578916194033], [137.6858211151524, 34.783591945511944], [137.68292055783752, 34.78407389129711], [137.6802047212709, 34.78839861230614], [137.6729294424399, 34.786233612291426], [137.66894693865038, 34.78447805381916], [137.6666038908569, 34.7812783325291], [137.6577636064054, 34.779416666645886], [137.6539880537058, 34.77799555884803], [137.64902167271214, 34.77758916151066], [137.63961472094263, 34.77907777421996], [137.63610666708905, 34.77842582868908], [137.62941250318454, 34.77944861236364], [137.62527834042316, 34.77802027851311], [137.62113399463817, 34.78133716168071], [137.61067761318134, 34.776658828142445], [137.60447230904992, 34.77320333246786], [137.5939847211181, 34.77057382901904], [137.5876331647388, 34.76556722494752], [137.58045814502748, 34.756001801841705], [137.5710285861004, 34.74506772029912], [137.5659066412785, 34.74049377466804], [137.5680567188425, 34.735991161463005], [137.56956338544194, 34.730678918297485], [137.57029055836267, 34.723298558181966], [137.57199328076535, 34.71991410715037], [137.57306299646018, 34.715517197560644], [137.57591736729273, 34.70806669392283], [137.5828126070163, 34.703780801143125], [137.5875269781876, 34.70140297296888], [137.58756350235376, 34.698840026546065], [137.59067416288235, 34.69484333235397], [137.59857871623478, 34.69216080128001], [137.59872219227543, 34.69071405381061], [137.5969688848063, 34.68664182825785], [137.598539104696, 34.68430163940917], [137.59777225728396, 34.67796688236581], [137.59952771683072, 34.676014413734265], [137.6087814403113, 34.67631825148618], [137.6229174446844, 34.67567869321715], [137.64599924826678, 34.673754386855535], [137.65652747116587, 34.672375134405], [137.65973654990194, 34.672249891219565], [137.67676718505766, 34.669861332334676], [137.67692194579126, 34.6802836393785], [137.67768649813343, 34.683210999188304], [137.67576691321256, 34.68454677481384], [137.67522455277094, 34.68815013432129], [137.67216827514585, 34.69221461221463], [137.6750152787322, 34.69507535924049], [137.68434158199852, 34.694547386152976], [137.68741822297272, 34.69345502642835], [137.69037691336393, 34.69528835917049], [137.70023247664756, 34.69585577472429], [137.69827905293596, 34.69632925159374], [137.70081702968218, 34.70079225146128], [137.69836306130628, 34.701745747768086], [137.6961936959824, 34.70112616164312], [137.68971552495157, 34.70168889172902], [137.6898180287791, 34.704599720200974], [137.69566377406397, 34.71337982831648], [137.69469461696303, 34.715525531578066], [137.6969455507966, 34.71731353129451], [137.6969680797132, 34.71970855900287], [137.6930950836712, 34.72016661249921], [137.6917302716348, 34.7219753056159], [137.68867963725552, 34.721748107189455], [137.687796446349, 34.72676699959743], [137.68893185482136, 34.73249622422145], [137.69318680912397, 34.733225386442484], [137.69884102489345, 34.74002461274574], [137.7010531907522, 34.74431063952443], [137.702189974288, 34.7487556664409], [137.68803286642367, 34.75355027872246], [137.68910525310503, 34.75616382819817], [137.68932319121234, 34.76187861240811], [137.69266072641142, 34.76542980134428], [137.6863937737537, 34.769497666983796], [137.6841114787618, 34.771528891944854], [137.68080114086, 34.771824197828494], [137.68195788574792, 34.77634835968911], [137.68594861203883, 34.77929374730866], [137.6923056416921, 34.78013182822133], [137.69876722382833, 34.78343722434846]]]}, "properties": {"N03_001": "静岡県", "N03_002": null, "N03_003": "浜松市", "N03_004": "西区", "N03_007": "22133"}}, {"type": "Feature", "geometry": {"type": "Polygon", "coordinates": [[[137.70023247664756, 34.69585577472429], [137.69037691336393, 34.69528835917049], [137.68741822297272, 34.69345502642835], [137.68434158199852, 34.694547386152976], [137.6750152787322, 34.69507535924049], [137.67216827514585, 34.69221461221463], [137.67522455277094, 34.68815013432129], [137.67576691321256, 34.68454677481384], [137.67768649813343, 34.683210999188304], [137.67692194579126, 34.6802836393785], [137.67676718505766, 34.669861332334676], [137.6872953827758, 34.668387891188274], [137.69552572003602, 34.66664833255453], [137.71489341080235, 34.66401727867452], [137.72759836627165, 34.661555251473715], [137.73021807970065, 34.66153999987114], [137.7437214397927, 34.65902205372487], [137.74857549906005, 34.657679422567355], [137.75188717335448, 34.65521953125642], [137.75687655001286, 34.6544946668954], [137.76398775563052, 34.652533945185496], [137.7690555252923, 34.64959833229727], [137.7774890661675, 34.64755751336861], [137.78158477301895, 34.64836533299376], [137.7916666668832, 34.6476623869097], [137.7986353956071, 34.64634000848463], [137.79701055809085, 34.648313891772716], [137.78998221780512, 34.65022972022547], [137.78977250309856, 34.65325972055973], [137.7880130613538, 34.653213332629264], [137.7872058370798, 34.65630138689954], [137.78749778219697, 34.66242749493301], [137.78826472133983, 34.66515166641631], [137.78730610878995, 34.666412774929654], [137.78756778182776, 34.66998444052956], [137.79016277559174, 34.67096027869394], [137.78972888508008, 34.67415361299891], [137.79009666732736, 34.68147222476341], [137.79181221765975, 34.68189666699766], [137.7933327760868, 34.68466916175248], [137.7953180537852, 34.69651027882634], [137.79533306077224, 34.69837527849637], [137.80041472136236, 34.697604162002506], [137.80021693886067, 34.701401945943076], [137.80293167285845, 34.715748251380774], [137.78769941559563, 34.715117305918966], [137.78719944200066, 34.713369251389906], [137.77781705611233, 34.71165172075035], [137.77885321720225, 34.71512686481299], [137.7776584184013, 34.71636263942435], [137.7698376126158, 34.71248813431998], [137.77055472122345, 34.711354332936196], [137.76458046731477, 34.708951440656506], [137.7604967826005, 34.70935316151923], [137.7571331391831, 34.706379332840015], [137.7576796886667, 34.70356341342085], [137.76100046679812, 34.70346116140354], [137.7589482489626, 34.70100299948888], [137.75483413658617, 34.70175861256996], [137.754479247919, 34.69251622414447], [137.75197713433738, 34.693021440786936], [137.74433416319118, 34.69741725140506], [137.74305577240602, 34.69338697293051], [137.74024752330467, 34.69271046781387], [137.7360869393608, 34.69409249467293], [137.7338182753931, 34.69379505379874], [137.7318370824155, 34.690805386259626], [137.73258530486794, 34.68543735994626], [137.73187836579405, 34.681790612646694], [137.72682430629675, 34.68307155840574], [137.7251242279009, 34.68039958537264], [137.71474518814, 34.68432669362204], [137.71602724995773, 34.689146747724294], [137.71611552471177, 34.692723639284566], [137.71043944192672, 34.69549622487091], [137.7013510507105, 34.69707019763155], [137.70023247664756, 34.69585577472429]]]}, "properties": {"N03_001": "静岡県", "N03_002": null, "N03_003": "浜松市", "N03_004": "南区", "N03_007": "22134"}}, {"type": "Feature", "geometry": {"type": "Polygon", "coordinates": [[[137.73345016938993, 34.75393927867481], [137.73257980461437, 34.75780577441702], [137.7362243836485, 34.76305169348092], [137.73415654998485, 34.7650998643673], [137.73433847024432, 34.76800986456362], [137.73660282735864, 34.774404999391265], [137.736729882678, 34.77996955814865], [137.73827946762344, 34.78035119715008], [137.7397061089498, 34.78373472098065], [137.73791500567302, 34.78607499976147], [137.73734527886154, 34.78883138675917], [137.7401088847173, 34.79093249443912], [137.74119888462087, 34.793473332828114], [137.74296805433232, 34.79409055823271], [137.74300805437827, 34.797297224987005], [137.7443625026275, 34.79879555846833], [137.74465610879247, 34.80331249427627], [137.74809972802007, 34.80670722455881], [137.749549442353, 34.810395829004335], [137.75250167291392, 34.8143194406897], [137.75440360594177, 34.820476386476116], [137.75780778180376, 34.82675805384116], [137.76207944191276, 34.8335419458042], [137.75941167321025, 34.83712277459642], [137.75430111470473, 34.8400608282447], [137.75148194603503, 34.840313891173196], [137.74877472137632, 34.84203110794931], [137.74463972764136, 34.84262833243167], [137.7376663943886, 34.84196889195084], [137.73363333341172, 34.84285194526109], [137.73090610872998, 34.84646472067038], [137.73184444876233, 34.851391107913344], [137.7377266669522, 34.85435861255996], [137.73821277569914, 34.855974720357096], [137.7416569390166, 34.857238053793196], [137.7391741626575, 34.85891861240407], [137.74164722364048, 34.86197389178176], [137.745321387672, 34.86420833294824], [137.74708277644902, 34.86675666628719], [137.7454661092736, 34.86999805316765], [137.74119693938735, 34.87033499946068], [137.73958610881198, 34.87191638623227], [137.74213972836583, 34.87673833250807], [137.7426638910258, 34.880248891872895], [137.74509778203708, 34.882987494777126], [137.74364277609334, 34.88621833261004], [137.7439688846564, 34.889889720434326], [137.74563221765277, 34.89445980167858], [137.74552416320967, 34.89926889124638], [137.74260527861077, 34.900464161292064], [137.73849250262697, 34.89893527874017], [137.7359869392459, 34.89963916191783], [137.73392333329525, 34.90238277494518], [137.73000944238197, 34.90302082864838], [137.72464722389032, 34.90529389120019], [137.72308805397063, 34.906628891610126], [137.71843583674456, 34.90727499964157], [137.7163408300653, 34.90866999922116], [137.71601693923037, 34.912690558722375], [137.7175102715819, 34.91782194552644], [137.7145411148806, 34.92378222486985], [137.71489639385356, 34.92679722451237], [137.7108308295792, 34.928345278811605], [137.70611861228417, 34.93190222430826], [137.70362666733695, 34.931017224865116], [137.7019255511234, 34.932962494423634], [137.7020772235851, 34.935334999510644], [137.70097167260462, 34.93778889144426], [137.70128805410047, 34.940490278603534], [137.70369055787296, 34.94160582824645], [137.70590306097756, 34.94520305347817], [137.70447194642327, 34.949050558236706], [137.70586389100583, 34.95556249431371], [137.70867778245372, 34.95685916202075], [137.7068455513812, 34.96036749466418], [137.70692693912702, 34.963032494354195], [137.70401861166965, 34.96774305329933], [137.70421972795816, 34.96995055887123], [137.69613055817877, 34.97142944091604], [137.6941872239613, 34.969592494697906], [137.69416333347112, 34.96774389146748], [137.68997138836892, 34.96364222480889], [137.68953083028362, 34.95680610741596], [137.68581778226485, 34.954588612174746], [137.68289583727312, 34.95494999934306], [137.6804458367061, 34.951696666767816], [137.68002082969758, 34.94905666643206], [137.6778277816269, 34.948364440266744], [137.67549833967666, 34.94535082827815], [137.67062082968755, 34.94827389202652], [137.66340555092552, 34.947149720583184], [137.65950610941945, 34.94457638699072], [137.65633500635556, 34.93961082887671], [137.6566616733976, 34.93820916172348], [137.65099834030127, 34.93335638668793], [137.65259167276758, 34.93053472060092], [137.65284138841946, 34.925485558811545], [137.6489913880422, 34.91994749498099], [137.64696306069675, 34.918790828334124], [137.6466900004432, 34.91624055875485], [137.64786360582082, 34.91213222452262], [137.64638306092957, 34.908416108017036], [137.64338917017415, 34.90822777469208], [137.64044055758575, 34.904639999536414], [137.64076888477632, 34.89975082893767], [137.6400516727466, 34.89846194576222], [137.64201306085408, 34.89613666677383], [137.64125167322618, 34.89308333262977], [137.6387680542024, 34.89081805371029], [137.63579250332145, 34.889555278753164], [137.6335927759859, 34.885486386987225], [137.6313630607567, 34.885093332891074], [137.62869888484568, 34.8825627746524], [137.62078639407684, 34.87910833298321], [137.61692610905277, 34.878329720640124], [137.61625277584494, 34.87534082831661], [137.6131958372182, 34.87453833267796], [137.60917861240307, 34.87514889140829], [137.59753194584266, 34.8725008286504], [137.59572778171184, 34.87029555879303], [137.59651722369097, 34.86913694601333], [137.59647389075747, 34.86368472067335], [137.5952133326292, 34.85907500001127], [137.59019722362302, 34.85310499989589], [137.5870172244654, 34.85003999974623], [137.5825827762742, 34.850162224806866], [137.57720083025413, 34.8513708282012], [137.5741350063255, 34.85045694523188], [137.5651952793387, 34.85213749484956], [137.55884333265374, 34.8514816669454], [137.55158944239895, 34.85186444089129], [137.55099861209635, 34.84942749488306], [137.54427944164297, 34.845001107315284], [137.54227360634195, 34.842049161839384], [137.53883847041914, 34.84179177497049], [137.53437944195775, 34.84418166665063], [137.52967972793715, 34.843526386433666], [137.52873167342807, 34.84190861219275], [137.52388055764163, 34.84097999922761], [137.5205625026574, 34.837159161166426], [137.51779693897765, 34.83584666629065], [137.50988083023617, 34.834438053673296], [137.50794944171344, 34.83498749447733], [137.50349027205846, 34.83329138658826], [137.4999683398671, 34.83128805320115], [137.50023221804247, 34.82959222500125], [137.4988758371502, 34.82686527821005], [137.50165778198107, 34.82335055858147], [137.50008834000494, 34.82168889202882], [137.49499944167098, 34.81938610778269], [137.49357389122213, 34.815294999164905], [137.48701389087842, 34.81174944088406], [137.48742888483525, 34.80924249434571], [137.49023472105557, 34.805764720665366], [137.4936791703575, 34.80350138697946], [137.49436055789351, 34.80176582853022], [137.49285277613478, 34.79686222471196], [137.49165167308627, 34.79584694587987], [137.492004449246, 34.792030278874336], [137.49290944241693, 34.790969440387414], [137.4929422182089, 34.78686610728505], [137.49656111530328, 34.78391082892165], [137.49667360610215, 34.782715278287526], [137.50212944222005, 34.77948082877725], [137.50403360646578, 34.77673861239708], [137.5119608299284, 34.77106389118569], [137.51662610890787, 34.7716033324279], [137.52258027196206, 34.76963527854531], [137.52534027243564, 34.76775361263918], [137.53094444902717, 34.77080889201682], [137.53386888514103, 34.77292222418134], [137.5421544488688, 34.773378612133286], [137.54821141432535, 34.769204801860155], [137.54486619981537, 34.76505427863208], [137.54507730217586, 34.76163777486346], [137.54651374791115, 34.75934969363351], [137.54814744464886, 34.75269077415993], [137.5506463548454, 34.749070864428916], [137.55474747111896, 34.746285107371875], [137.5655125286803, 34.741009278655326], [137.5659066412785, 34.74049377466804], [137.5710285861004, 34.74506772029912], [137.58045814502748, 34.756001801841705], [137.5876331647388, 34.76556722494752], [137.5939847211181, 34.77057382901904], [137.60447230904992, 34.77320333246786], [137.61067761318134, 34.776658828142445], [137.62113399463817, 34.78133716168071], [137.62527834042316, 34.77802027851311], [137.62941250318454, 34.77944861236364], [137.63610666708905, 34.77842582868908], [137.63961472094263, 34.77907777421996], [137.64902167271214, 34.77758916151066], [137.6539880537058, 34.77799555884803], [137.6577636064054, 34.779416666645886], [137.6666038908569, 34.7812783325291], [137.66894693865038, 34.78447805381916], [137.6729294424399, 34.786233612291426], [137.6802047212709, 34.78839861230614], [137.68292055783752, 34.78407389129711], [137.6858211151524, 34.783591945511944], [137.68655000038223, 34.78578916194033], [137.69014527858178, 34.78786749428946], [137.6917434503, 34.78774599947832], [137.69876722382833, 34.78343722434846], [137.70346841813307, 34.77980425196472], [137.71405413738864, 34.76797733248793], [137.72056247707667, 34.76327416147342], [137.72088547308613, 34.762451891541616], [137.73345016938993, 34.75393927867481]]]}, "properties": {"N03_001": "静岡県", "N03_002": null, "N03_003": "浜松市", "N03_004": "北区", "N03_007": "22135"}}, {"type": "Feature", "geometry": {"type": "Polygon", "coordinates": [[[137.82268167262112, 34.77499055876734], [137.82665416335897, 34.78215305362056], [137.8281900003683, 34.789720828853206], [137.8247952790789, 34.79386861274634], [137.82374111536024, 34.796110828551946], [137.8231477822444, 34.80183833277289], [137.82698194645968, 34.821275278531346], [137.8270891699293, 34.82937638681085], [137.82603833999747, 34.84124416158886], [137.8243186123142, 34.85501944069466], [137.82258778160087, 34.85557277466387], [137.81489527939368, 34.856320558247205], [137.8103019461779, 34.85453833217832], [137.81070972847124, 34.84725916198079], [137.80971111497604, 34.84568722438593], [137.81085588808878, 34.84337397293058], [137.80859888473083, 34.8402788913578], [137.80570167289397, 34.841086945706024], [137.80814778209458, 34.844511945370016], [137.80648111531127, 34.8451008286404], [137.80640693922896, 34.847622774971114], [137.8050705583596, 34.85070999916718], [137.80266639443857, 34.85218389177322], [137.80065472073886, 34.85542722478664], [137.79604749659472, 34.854482224375204], [137.7926077822234, 34.8570161074075], [137.78771693888564, 34.852484440704416], [137.78219277587596, 34.849228891300356], [137.77752666682227, 34.851174161758195], [137.7727011151644, 34.854091945586845], [137.7712741626725, 34.856126945901906], [137.76753138846288, 34.85875555902186], [137.76877527945567, 34.86050166651876], [137.7674580541459, 34.86410749466518], [137.76965805397606, 34.867284161834675], [137.7692183403542, 34.86931944093948], [137.76510167300387, 34.87319027860855], [137.7643174974546, 34.874926386543564], [137.75978055802636, 34.87452833221681], [137.75759444912455, 34.87357055873434], [137.7560730606233, 34.87695749459277], [137.7506350059009, 34.87815833234123], [137.7494155512867, 34.87978055822623], [137.749936109464, 34.88181305392936], [137.74638583693684, 34.89111333261428], [137.74563221765277, 34.89445980167858], [137.7439688846564, 34.889889720434326], [137.74364277609334, 34.88621833261004], [137.74509778203708, 34.882987494777126], [137.7426638910258, 34.880248891872895], [137.74213972836583, 34.87673833250807], [137.73958610881198, 34.87191638623227], [137.74119693938735, 34.87033499946068], [137.7454661092736, 34.86999805316765], [137.74708277644902, 34.86675666628719], [137.745321387672, 34.86420833294824], [137.74164722364048, 34.86197389178176], [137.7391741626575, 34.85891861240407], [137.7416569390166, 34.857238053793196], [137.73821277569914, 34.855974720357096], [137.7377266669522, 34.85435861255996], [137.73184444876233, 34.851391107913344], [137.73090610872998, 34.84646472067038], [137.73363333341172, 34.84285194526109], [137.7376663943886, 34.84196889195084], [137.74463972764136, 34.84262833243167], [137.74877472137632, 34.84203110794931], [137.75148194603503, 34.840313891173196], [137.75430111470473, 34.8400608282447], [137.75941167321025, 34.83712277459642], [137.76207944191276, 34.8335419458042], [137.75780778180376, 34.82675805384116], [137.75440360594177, 34.820476386476116], [137.75250167291392, 34.8143194406897], [137.749549442353, 34.810395829004335], [137.74809972802007, 34.80670722455881], [137.74465610879247, 34.80331249427627], [137.7443625026275, 34.79879555846833], [137.74300805437827, 34.797297224987005], [137.74296805433232, 34.79409055823271], [137.74119888462087, 34.793473332828114], [137.7401088847173, 34.79093249443912], [137.73734527886154, 34.78883138675917], [137.73791500567302, 34.78607499976147], [137.7397061089498, 34.78373472098065], [137.73827946762344, 34.78035119715008], [137.74212444888428, 34.781075558790064], [137.74823063603515, 34.779752558933524], [137.75422583695286, 34.77756889169103], [137.75568138788583, 34.77625861274481], [137.7641011151744, 34.77588833218084], [137.76683472144532, 34.77895166678604], [137.7661236059197, 34.781233332252555], [137.7754233333202, 34.782543612997415], [137.77547610913518, 34.779576386241274], [137.77677693890462, 34.77789610731958], [137.78068583678203, 34.77849361239038], [137.78346583727864, 34.77978472048852], [137.78593583696932, 34.77977333237345], [137.78598693914603, 34.77540722456382], [137.7883063941249, 34.77321027883136], [137.79078999965884, 34.77320610777571], [137.79967749671914, 34.77789277443202], [137.8002552787582, 34.78117027898526], [137.80270888470727, 34.78639649480243], [137.8065872236216, 34.78637889147274], [137.81137749667414, 34.78480666699414], [137.81049194594664, 34.779705278875554], [137.811283890739, 34.77814805329007], [137.82268167262112, 34.77499055876734]]]}, "properties": {"N03_001": "静岡県", "N03_002": null, "N03_003": "浜松市", "N03_004": "浜北区", "N03_007": "22136"}}, {"type": "Feature", "geometry": {"type": "Polygon", "coordinates": [[[137.74563221765277, 34.89445980167858], [137.74638583693684, 34.89111333261428], [137.749936109464, 34.88181305392936], [137.7494155512867, 34.87978055822623], [137.7506350059009, 34.87815833234123], [137.7560730606233, 34.87695749459277], [137.75759444912455, 34.87357055873434], [137.75978055802636, 34.87452833221681], [137.7643174974546, 34.874926386543564], [137.76510167300387, 34.87319027860855], [137.7692183403542, 34.86931944093948], [137.76965805397606, 34.867284161834675], [137.7674580541459, 34.86410749466518], [137.76877527945567, 34.86050166651876], [137.76753138846288, 34.85875555902186], [137.7712741626725, 34.856126945901906], [137.7727011151644, 34.854091945586845], [137.77752666682227, 34.851174161758195], [137.78219277587596, 34.849228891300356], [137.78771693888564, 34.852484440704416], [137.7926077822234, 34.8570161074075], [137.79604749659472, 34.854482224375204], [137.80065472073886, 34.85542722478664], [137.80266639443857, 34.85218389177322], [137.8050705583596, 34.85070999916718], [137.80640693922896, 34.847622774971114], [137.80648111531127, 34.8451008286404], [137.80814778209458, 34.844511945370016], [137.80570167289397, 34.841086945706024], [137.80859888473083, 34.8402788913578], [137.81085588808878, 34.84337397293058], [137.80971111497604, 34.84568722438593], [137.81070972847124, 34.84725916198079], [137.8103019461779, 34.85453833217832], [137.81489527939368, 34.856320558247205], [137.82258778160087, 34.85557277466387], [137.82580027236475, 34.85666082843454], [137.82874972761795, 34.859348332759396], [137.83564639366625, 34.86171249483584], [137.8388133328691, 34.86213361227641], [137.84106194645176, 34.864918613003624], [137.84282472108407, 34.86556110755913], [137.8440533325953, 34.868146107157145], [137.84793055814885, 34.86914889170805], [137.85249778224693, 34.8675016664688], [137.8556908296681, 34.870347774330355], [137.85391306063934, 34.873026107369014], [137.8553063937751, 34.87510582827139], [137.86038389140356, 34.87649277442205], [137.8616122178297, 34.878302774253655], [137.86712639386803, 34.87803610728059], [137.87317500642143, 34.87910694532934], [137.8757077823883, 34.88023166625845], [137.8774502719126, 34.87931499988741], [137.88329610892833, 34.88119777465761], [137.88886333327628, 34.88053277456794], [137.89210527863577, 34.88115582847877], [137.89476666664837, 34.882669440542315], [137.89762221829085, 34.88243416170724], [137.8982016730688, 34.88397249433518], [137.9035861093115, 34.88767582877654], [137.90615000002254, 34.890898612281205], [137.90918639363724, 34.89106138687356], [137.9135199999481, 34.891532494928754], [137.9169947213294, 34.89102110713844], [137.9201308299739, 34.89324833214488], [137.91996221788213, 34.89805861241507], [137.91916610922863, 34.901540828746306], [137.9148255511583, 34.902874440603], [137.9074547211585, 34.90690694579894], [137.9080086118081, 34.91063833279287], [137.9052227756107, 34.91343333218259], [137.90332778175184, 34.9174808281777], [137.90310333345212, 34.91995610778821], [137.90573722379395, 34.92125416135053], [137.90842610857817, 34.92537916181891], [137.90757722410967, 34.9288686122967], [137.91246444857552, 34.929494440616], [137.91570972772183, 34.926727494678175], [137.9176516733861, 34.92733610727561], [137.9260986123611, 34.93476361255074], [137.92841693869082, 34.939727774916946], [137.93299916977594, 34.942583891333584], [137.9358966666979, 34.94362582876903], [137.93579722416268, 34.94525277429614], [137.93821610908628, 34.94738722434096], [137.94262722436702, 34.94612889113546], [137.9478883401748, 34.94949277467185], [137.955231388318, 34.94678666697115], [137.96237221760384, 34.94792110777297], [137.96472360570988, 34.95506916131279], [137.96828555143713, 34.955485278522815], [137.9704961093081, 34.956678892017294], [137.97080999968182, 34.958881386566816], [137.97725749663618, 34.95755222455557], [137.9805902717237, 34.9577152788371], [137.98467138797423, 34.96283305350266], [137.9819630607467, 34.96345999967929], [137.9797836059288, 34.96550472076632], [137.98121055842057, 34.966985278248046], [137.98340944219206, 34.965940558310194], [137.9857263943577, 34.96656082881924], [137.98964693935488, 34.96532861282526], [137.9903280543963, 34.96769444044611], [137.9934802716972, 34.96872944051131], [137.99655583708227, 34.96832944095098], [138.00065583729713, 34.964855278947994], [138.00237639415536, 34.96456999960583], [138.0038144487778, 34.96701916200476], [138.00321722429555, 34.972361386768625], [138.00996277636114, 34.975617224855114], [138.0112822176003, 34.97728138702644], [138.01148972806857, 34.981110828901706], [138.01463306096707, 34.98402416198553], [138.0193094420772, 34.98717722464926], [138.02275221774073, 34.9881063862008], [138.0248661092836, 34.99022277426167], [138.02880583681997, 34.99114944019453], [138.0311200001879, 34.99531694532084], [138.03583444870094, 34.998876667024604], [138.03338111524636, 35.0041936127451], [138.0344133328091, 35.00512194602106], [138.03290722378938, 35.00880583801904], [138.02998972774378, 35.011297504176525], [138.0260038910668, 35.01299805381717], [138.02569250260694, 35.017404170666], [138.0207091702921, 35.01883610720063], [138.01795027238722, 35.02190166672858], [138.01604583744552, 35.02039638688382], [138.01339083012283, 35.02274222437421], [138.01428082979658, 35.02393527849034], [138.01885610912223, 35.025962774862194], [138.02075805384118, 35.02435694541674], [138.02401027215637, 35.02523138681909], [138.02632944205016, 35.026925837257636], [138.02904360587775, 35.02758472015876], [138.0324163936017, 35.03122361277957], [138.03975861167066, 35.03524555813607], [138.04300527937016, 35.0357638913905], [138.04709722435746, 35.0386949995746], [138.0484458369059, 35.04261861215929], [138.0470472238503, 35.04947944022405], [138.04337360570742, 35.05252444035068], [138.043946108726, 35.05681861228919], [138.04252055827726, 35.06017583724514], [138.04040416302178, 35.06232805339698], [138.0384350056711, 35.067465558288916], [138.040013332949, 35.06948389146845], [138.04517138824906, 35.07263999923663], [138.04583583705426, 35.07759833219734], [138.0444655508445, 35.07968417028826], [138.04402834003588, 35.0843316669729], [138.04481583678148, 35.088105558624704], [138.046902218063, 35.08912694565208], [138.0480394422665, 35.092978053994045], [138.0501194419587, 35.09645166651126], [138.04979111476814, 35.098154170378734], [138.05430722409915, 35.101925278628755], [138.05603805391308, 35.10414055883979], [138.05637277618268, 35.106363612790574], [138.05372834039065, 35.110281107287335], [138.04905027215239, 35.111650558926215], [138.0453277821515, 35.11429833300173], [138.04181250314457, 35.118132224722444], [138.0395752785763, 35.11919889171554], [138.0357691696115, 35.12541499940278], [138.03045444881377, 35.12715166671609], [138.0280119458946, 35.12938083785542], [138.0263888854388, 35.128251666181484], [138.02149306075626, 35.127160558313165], [138.01795055837158, 35.12773472058092], [138.01130639407484, 35.12780555837986], [138.01103722428854, 35.12949972013604], [138.00655221801048, 35.13547472048202], [138.00742111509248, 35.138892774681835], [138.00636917000122, 35.14292861276533], [138.0017166667908, 35.143798891205904], [137.9993163942363, 35.14638417049315], [138.00175583676253, 35.15246194536252], [137.99842999994462, 35.155854999308815], [138.00013805442768, 35.16049305401128], [137.99906472076032, 35.16349833288183], [138.0007486122587, 35.16658277457543], [138.00463250268797, 35.16817194587867], [138.00550000042472, 35.170275558170545], [138.0050144492575, 35.17271777420598], [138.00800277590747, 35.17809055883225], [138.01068111524137, 35.18016527860476], [138.0164977818472, 35.18724250423821], [138.01594861173908, 35.189719720988364], [138.02135916968996, 35.19395944077564], [138.028457223622, 35.196135558209505], [138.02732111457783, 35.201056666432066], [138.03636389128064, 35.21094972065316], [138.03504389066313, 35.212633612151535], [138.03426833961225, 35.21853555876908], [138.0329180543248, 35.22054805354986], [138.03488444895822, 35.2252319457977], [138.03643639372467, 35.22739499967952], [138.0337805581263, 35.2282608372679], [138.0302766672345, 35.231142504323145], [138.02673639426928, 35.23268972045429], [138.02010999967683, 35.23671166671011], [138.01818639388705, 35.2369752786862], [138.01692500568458, 35.23935917098902], [138.01225778237085, 35.24183389122118], [138.01412194567126, 35.24659889152565], [138.01441861222918, 35.250109720687135], [138.0158147206729, 35.25256110800876], [138.01309639388353, 35.258860837357815], [138.0075486119789, 35.25961777424095], [138.0031041633265, 35.25865972016999], [138.00043861235213, 35.26156944067719], [138.00133972764638, 35.26445527878815], [138.0075558632126, 35.268236386599995], [138.01116085588887, 35.272392224821374], [138.01434360607266, 35.27382110725836], [138.01248194558536, 35.27737944040888], [138.01364389125263, 35.28140555861967], [138.01326649795055, 35.28574994600325], [138.0122919197364, 35.28895322501137], [138.0142667832855, 35.29205010792617], [138.01828761258332, 35.29462650460954], [138.01877489044887, 35.301072026652776], [138.01557988340494, 35.303009801261396], [138.00567710841187, 35.30439508096828], [138.00148461742117, 35.30285786439896], [137.998447392833, 35.30330841395221], [137.99651016860946, 35.30205008074665], [137.99209321672868, 35.301703972160624], [137.99129513586195, 35.300406197388156], [137.9843540343113, 35.29562122493962], [137.98235761311344, 35.29239344030509], [137.9734153833134, 35.2930476125573], [137.97245119316813, 35.290076224638085], [137.9704892483802, 35.28879735991029], [137.96734063646124, 35.28420402669451], [137.96392313894182, 35.28461180179329], [137.96031894936004, 35.28293930560454], [137.95775338501073, 35.2826309721417], [137.95189033676968, 35.28308153158747], [137.94733338472804, 35.279595999455864], [137.94706616107453, 35.27805155863257], [137.94424282674515, 35.27628433235611], [137.9392350580515, 35.27581322430092], [137.93170756165466, 35.27592683745365], [137.92925255546118, 35.275470170711856], [137.92825700415744, 35.27030738677655], [137.92624450128278, 35.26890517013754], [137.92600616115544, 35.265353504560665], [137.92476335924175, 35.260306279011616], [137.9223575225817, 35.259120720744704], [137.91861308732416, 35.25437380130995], [137.9128136454334, 35.25335713482394], [137.90685255490155, 35.254243531813586], [137.89870092091087, 35.25647294576987], [137.89542593985527, 35.25798850486564], [137.89354511031866, 35.25422961300626], [137.89109955869776, 35.2541648914966], [137.88802788557848, 35.25173544043827], [137.88402038873005, 35.249944053875026], [137.88246538267128, 35.24809630589982], [137.8840986900026, 35.24395686501737], [137.88214564220766, 35.24280213461088], [137.88265535725895, 35.23973130595505], [137.8848917247733, 35.23624964000891], [137.88206533095035, 35.230658801262734], [137.88065172529696, 35.229427693233504], [137.88035557674857, 35.226349918214225], [137.8766422436447, 35.22189546730203], [137.87254613479638, 35.218880197862916], [137.86992169902726, 35.21951158579111], [137.8651122830055, 35.22247713441226], [137.8591939687267, 35.223317413268035], [137.85413011741105, 35.22185686480253], [137.8449295852322, 35.22100713497133], [137.8450459404179, 35.2190243591869], [137.8412017766408, 35.216322413548596], [137.83808847030673, 35.216603531727685], [137.83680902731487, 35.2156285317314], [137.83799900125302, 35.212319359351], [137.83551177684706, 35.211201026306355], [137.8286318031153, 35.21158102674303], [137.8277176386582, 35.208665467837136], [137.83111428000007, 35.20545102644377], [137.82891428017, 35.2043310269554], [137.82395510994047, 35.204778531404145], [137.8216584437822, 35.20318908041179], [137.8203448121634, 35.19730491878704], [137.81696814476413, 35.19300522501118], [137.81663744516197, 35.18839635960438], [137.8138143059855, 35.186280531821126], [137.80740019546272, 35.187825251434276], [137.80397282698448, 35.18468055876082], [137.8031997283848, 35.18311805325561], [137.8049841631887, 35.179243891692295], [137.81044194633887, 35.1748138915479], [137.81289639405338, 35.17402889132035], [137.81563360570635, 35.17509055898216], [137.8181441630228, 35.17467972079254], [137.82547194607355, 35.168200279019686], [137.82573693940833, 35.16592305350616], [137.82172583717772, 35.16102222499575], [137.82129082970812, 35.15844027859606], [137.8239711151749, 35.156299440666714], [137.82729500585992, 35.155481945235636], [137.82896333279166, 35.15191250455848], [137.82186082991348, 35.1480075043429], [137.81765416290932, 35.150184720748314], [137.81620138818357, 35.15260194552343], [137.81356972816047, 35.151012224734416], [137.81240555127522, 35.14764333287354], [137.8123963943782, 35.14375361213956], [137.81485778216097, 35.14047277469882], [137.80985834029025, 35.13702555818304], [137.8080147211026, 35.13348917028901], [137.80586167307786, 35.13112444074039], [137.80098749687556, 35.1308602783792], [137.7987344487359, 35.13545944100048], [137.79692722421214, 35.136463332616756], [137.79313693881875, 35.135217504484274], [137.79200306099256, 35.12905250436961], [137.79284555128118, 35.12797444026825], [137.79731083003082, 35.12710194589812], [137.79921472088267, 35.123592774187216], [137.79831472074784, 35.11831389137302], [137.8013238909848, 35.106592504640446], [137.80098722438095, 35.1057061076508], [137.79519027181368, 35.10307861238812], [137.79296778173784, 35.095551666376366], [137.78611722393077, 35.09560694590391], [137.7798299996548, 35.09772055865693], [137.77683416276648, 35.09745917070421], [137.77617111510494, 35.09437277478378], [137.77455861179055, 35.09269972101538], [137.77486082986343, 35.087167224887594], [137.77405833962075, 35.08412777447728], [137.77567472081182, 35.07798166642084], [137.7726305579539, 35.07636999947596], [137.77173693940824, 35.073979170702216], [137.76846693879827, 35.07233583772876], [137.76381000013146, 35.07219110713396], [137.76159666695264, 35.068562774352586], [137.7582325028278, 35.068423332670704], [137.7547441630128, 35.065425837432485], [137.75143583689442, 35.06409389201957], [137.7506538907645, 35.06271833218534], [137.74543639387457, 35.05977361276206], [137.7434122177997, 35.05788110732732], [137.74027610915516, 35.056512504648424], [137.73584444886228, 35.05143638658001], [137.7352991701207, 35.04807194546396], [137.73136778199762, 35.04510083723392], [137.72875250312563, 35.040336945793456], [137.72329888473575, 35.03908444019481], [137.72216167312274, 35.03634194592411], [137.71734805366975, 35.03514861301812], [137.71757416301728, 35.03223583751395], [137.71652000019787, 35.02746889197584], [137.71299527920883, 35.02538972055919], [137.7109666667783, 35.02285750486999], [137.71094416304277, 35.02089638655906], [137.70674834006388, 35.017545558480776], [137.70300167268908, 35.007478053769205], [137.70104639367617, 35.00353889190637], [137.70200472114107, 34.998473891257106], [137.70457472094665, 34.996139161293286], [137.70729917032054, 34.996313332993964], [137.70813167273855, 34.99445694523189], [137.70518500628305, 34.99152249426777], [137.69990917037194, 34.984838332622985], [137.70176805375274, 34.98046416149191], [137.70725111504703, 34.97228416198453], [137.70421972795816, 34.96995055887123], [137.70401861166965, 34.96774305329933], [137.70692693912702, 34.963032494354195], [137.7068455513812, 34.96036749466418], [137.70867778245372, 34.95685916202075], [137.70586389100583, 34.95556249431371], [137.70447194642327, 34.949050558236706], [137.70590306097756, 34.94520305347817], [137.70369055787296, 34.94160582824645], [137.70128805410047, 34.940490278603534], [137.70097167260462, 34.93778889144426], [137.7020772235851, 34.935334999510644], [137.7019255511234, 34.932962494423634], [137.70362666733695, 34.931017224865116], [137.70611861228417, 34.93190222430826], [137.7108308295792, 34.928345278811605], [137.71489639385356, 34.92679722451237], [137.7145411148806, 34.92378222486985], [137.7175102715819, 34.91782194552644], [137.71601693923037, 34.912690558722375], [137.7163408300653, 34.90866999922116], [137.71843583674456, 34.90727499964157], [137.72308805397063, 34.906628891610126], [137.72464722389032, 34.90529389120019], [137.73000944238197, 34.90302082864838], [137.73392333329525, 34.90238277494518], [137.7359869392459, 34.89963916191783], [137.73849250262697, 34.89893527874017], [137.74260527861077, 34.900464161292064], [137.74552416320967, 34.89926889124638], [137.74563221765277, 34.89445980167858]]]}, "properties": {"N03_001": "静岡県", "N03_002": null, "N03_003": "浜松市", "N03_004": "天竜区", "N03_007": "22137"}}, {"type": "Feature", "geometry": {"type": "MultiPolygon", "coordinates": [[[[139.16965936418842, 35.043110999972725], [139.1674025029232, 35.042658891894405], [139.16686167312776, 35.038029999484934], [139.16796250266748, 35.03655499981346], [139.1723533328401, 35.036672224643496], [139.17654555133618, 35.03967110753564], [139.17330167333364, 35.04235527897299], [139.16965936418842, 35.043110999972725]]], [[[139.09854333300848, 35.031432224917296], [139.0981172243305, 35.0326744404731], [139.0992811152313, 35.03688250502364], [139.10033472137036, 35.04466805378769], [139.09956083046802, 35.046087774830994], [139.0948656031651, 35.04932943150811], [139.09280040181716, 35.04998083744573], [139.08918031132237, 35.04845808017632], [139.08858888476925, 35.046199170255534], [139.08613224360818, 35.044750359741386], [139.08261639443117, 35.04554083773951], [139.07991834015934, 35.04806250438111], [139.07410277612223, 35.046783053295314], [139.07187306089315, 35.049269721020835], [139.06942693910207, 35.05337794553583], [139.07101680917845, 35.05900108073536], [139.07463888537632, 35.06089666634813], [139.07421306088406, 35.062006107795696], [139.07654888532284, 35.06729610802904], [139.0795913880322, 35.06920777441928], [139.07815082969705, 35.072929440641246], [139.07565194558094, 35.07518833257552], [139.07422111521237, 35.078866666763304], [139.07465916958506, 35.08091722445039], [139.0820397284508, 35.08585166692092], [139.0808986119814, 35.08767610716666], [139.08029286642272, 35.09240897289584], [139.07558693898613, 35.090673612297394], [139.0753097283614, 35.09358666659142], [139.07692000045768, 35.097947504373906], [139.07892861196592, 35.099906666659365], [139.08208805442018, 35.10075833273095], [139.086870829825, 35.10709417075941], [139.08670500563153, 35.11119138667323], [139.08920277638708, 35.11388499919343], [139.0971650320406, 35.11711389179271], [139.09995697823206, 35.12149610735952], [139.10427639414036, 35.12554222469396], [139.10533752310823, 35.12784472025771], [139.10857252929884, 35.12970417021131], [139.11008386517835, 35.13476786414566], [139.1096517769081, 35.138760413362434], [139.11159666695266, 35.14136693643502], [139.10851150490214, 35.141872225023235], [139.10124372192024, 35.14036944079709], [139.093252866027, 35.14071750450927], [139.0900989750877, 35.14018527852784], [139.08358644635746, 35.141111945360024], [139.07797727583068, 35.14336805389263], [139.07670810579452, 35.14467583722018], [139.07282533142393, 35.14518444070944], [139.06613197061404, 35.14412583793711], [139.0603383662227, 35.146124170194355], [139.05391389101328, 35.147307774234434], [139.05141442323713, 35.14716361291045], [139.04860055786946, 35.14962666623774], [139.04220941603182, 35.15004555875561], [139.03961577215023, 35.150668053288086], [139.0372413362187, 35.15000891857676], [139.03042795098918, 35.14975280155062], [139.03027655012272, 35.1478130808091], [139.03394600530396, 35.144823332330986], [139.03296791163984, 35.14261499938277], [139.0349231654718, 35.13799389150495], [139.03854596562383, 35.13704499972698], [139.0423443062448, 35.13165472058893], [139.04111066122812, 35.128104999346306], [139.0447781064246, 35.123718891513704], [139.04074046699907, 35.12098722418108], [139.03940230906937, 35.11865638648311], [139.0360250840904, 35.11861027824182], [139.03425002561823, 35.11721277494968], [139.03610083038905, 35.114360278304275], [139.03531360613806, 35.1103522247754], [139.0363908302727, 35.10937555833539], [139.03612749708634, 35.105096107399504], [139.0368761089453, 35.103105837564385], [139.03414805418936, 35.0998755582105], [139.03510888536687, 35.09751805381518], [139.03223917030152, 35.09361194563485], [139.0312569388567, 35.08950417078091], [139.0314372241486, 35.087306107191125], [139.0341974971169, 35.08514472065241], [139.0332300001644, 35.0839849999079], [139.02785055785705, 35.081624999893904], [139.02858610886187, 35.077153612948905], [139.03108527896256, 35.07420110719539], [139.03025722369193, 35.070570000005546], [139.031697496942, 35.06726750419199], [139.03437360595717, 35.066906945299365], [139.03933722423358, 35.06134638672643], [139.04020333341714, 35.05979055868738], [139.03775834027522, 35.05814666633563], [139.03343027198957, 35.057633891790715], [139.03245610926206, 35.052746945215404], [139.03428527904248, 35.04903805386317], [139.03376167306283, 35.045585558326934], [139.03777778181927, 35.04174250431316], [139.03666500568556, 35.03784944079911], [139.03806194600202, 35.034629440696165], [139.0429763938456, 35.032638332692954], [139.05125916967495, 35.0303705581548], [139.0577052789755, 35.02928083794035], [139.05844861181401, 35.027556107328564], [139.06278416335851, 35.02693110728484], [139.06611111533573, 35.027384170443156], [139.06767861207834, 35.02567194580371], [139.07164861169417, 35.025009440433394], [139.07559194641124, 35.02671555867613], [139.07820610922465, 35.028955837342096], [139.07958082999141, 35.0313899999486], [139.08284221779422, 35.03015889191937], [139.08492527877866, 35.03342722428704], [139.09069333343064, 35.036530278349744], [139.0931811154162, 35.03323389163086], [139.09854333300848, 35.031432224917296]]]]}, "properties": {"N03_001": "静岡県", "N03_002": null, "N03_003": null, "N03_004": "熱海市", "N03_007": "22205"}}, {"type": "Feature", "geometry": {"type": "Polygon", "coordinates": [[[138.63853728886488, 35.116491458414146], [138.64535055808187, 35.11769369370904], [138.64954383867723, 35.119906251672205], [138.65510878144516, 35.121306251482395], [138.66161797728785, 35.12433683727528], [138.66705680902453, 35.12546246741897], [138.67434664068503, 35.12805163987133], [138.68004961140048, 35.13188917024905], [138.68654085587582, 35.13330933285948], [138.69390114132466, 35.134322999207086], [138.69766571959735, 35.13439380193245], [138.6934390786506, 35.138784585340375], [138.69191588790795, 35.13929850472226], [138.68492572024581, 35.14412789198866], [138.68923852074124, 35.14364363944247], [138.69566822281035, 35.14461689115666], [138.6971049158592, 35.14342889123037], [138.70059944211062, 35.142936747133206], [138.69559002585902, 35.13996122503056], [138.69890708169658, 35.13635353169019], [138.7031743836909, 35.13586722419308], [138.70894457783004, 35.136667558760905], [138.7176522437561, 35.13573780185811], [138.7207248638614, 35.13587450420505], [138.73206516197774, 35.13417335921321], [138.738462633244, 35.13417644029056], [138.75252143981265, 35.1315101527714], [138.75336805439224, 35.13450527829599], [138.7550697281855, 35.13634444044362], [138.75612805396656, 35.140041666689626], [138.7615430608637, 35.14051722459027], [138.7656094417224, 35.13834777473005], [138.76917306108794, 35.142708891302334], [138.77175221779066, 35.14892666633261], [138.77056306133625, 35.14959222490131], [138.77335583670254, 35.15723944084755], [138.77439000039828, 35.15787166694395], [138.77631194603953, 35.163072774588954], [138.77831472094772, 35.16646277443755], [138.77431416326806, 35.166088332710444], [138.76865055767712, 35.167185837456486], [138.76767749661929, 35.16590999984669], [138.7629502723372, 35.1666447207773], [138.76500666662446, 35.16851083740528], [138.76795416315417, 35.17370499958611], [138.77008472093314, 35.179847504958445], [138.76937861193346, 35.18275666698662], [138.77233027232433, 35.18933027856957], [138.7810380542628, 35.19553555841935], [138.78328583687198, 35.19510444051758], [138.78562194639574, 35.196308332363685], [138.78765027194254, 35.19925472092871], [138.79143778202808, 35.20158277432563], [138.79330778192866, 35.20376417077989], [138.79984944239789, 35.20732972098989], [138.8019030613773, 35.20967250438264], [138.8049944494344, 35.21036110717938], [138.81015861203036, 35.216627774752055], [138.81165610914218, 35.2192430536241], [138.81183999981624, 35.221141107875894], [138.81097111532483, 35.22328222459504], [138.80615306131483, 35.22527555842032], [138.8027916733971, 35.22728333265974], [138.79972583687788, 35.22821110745667], [138.7956747211116, 35.227765278444906], [138.79501805413997, 35.23211999993811], [138.7958388851565, 35.234261107664054], [138.79395194562585, 35.23823083748323], [138.79185917016468, 35.23888694597582], [138.78932055759776, 35.24462889151016], [138.7893861091817, 35.25018250461892], [138.78680666739388, 35.252883053610105], [138.78271000006646, 35.25390610798053], [138.77814944174338, 35.26145999947943], [138.76623306130682, 35.2830444408483], [138.75864805416438, 35.29653694522392], [138.75874888525288, 35.30770805388363], [138.7494705581198, 35.330999999350524], [138.74611861218432, 35.33584889201279], [138.74166277631616, 35.339722224401214], [138.73863583727416, 35.344280837490714], [138.7373908302227, 35.35182305399081], [138.73214447498765, 35.359116666401064], [138.73413138765352, 35.353265558458816], [138.735742503314, 35.35223333280214], [138.73725167272653, 35.34467417037672], [138.74036027200896, 35.33742277484123], [138.74221027188662, 35.32819305336676], [138.7397836060287, 35.323281945605345], [138.73576416258607, 35.31944250416831], [138.73527027200555, 35.31720861248755], [138.73230055772467, 35.31268027867196], [138.7296072239942, 35.306732774198224], [138.72931416281847, 35.30256194517767], [138.72730722404924, 35.30121666641605], [138.72581306072425, 35.29710777460417], [138.72850666694922, 35.29535222422584], [138.72411194630934, 35.289198612226244], [138.72020778246326, 35.290454999298845], [138.71576277623126, 35.28436972048627], [138.7191891698444, 35.28326194548242], [138.7188216726821, 35.279726666452575], [138.71745277592493, 35.27763083779297], [138.71772693874732, 35.275221386757664], [138.71479250307164, 35.275630000024535], [138.71163277643154, 35.27839222452161], [138.7042000002299, 35.274635837274104], [138.70310861177313, 35.27035750419549], [138.6999916730773, 35.270337774868494], [138.69339472138938, 35.2665544403352], [138.69163583722423, 35.26456417050014], [138.68370861196297, 35.26118333294448], [138.68047416335207, 35.25824305347419], [138.67784250332897, 35.257307774734045], [138.67332722407218, 35.25261861245906], [138.67343250320755, 35.25118472079828], [138.67023416327606, 35.24780361254676], [138.66600861230768, 35.24659833214736], [138.65902972843924, 35.24108527846289], [138.65996138830747, 35.23645194520117], [138.66238555135214, 35.234086107687745], [138.6644252794032, 35.23008444024475], [138.6658569389466, 35.2240172243155], [138.66533333296695, 35.22075194514622], [138.6663158369064, 35.21717194552889], [138.6642188849936, 35.21002889132035], [138.66126138800269, 35.20950194525864], [138.6589769391345, 35.211752504974186], [138.65371138787032, 35.209325278838605], [138.6523038913116, 35.210684721023085], [138.65348000040171, 35.21684083763461], [138.64823805364335, 35.217063891985106], [138.64294527900154, 35.21177944056876], [138.6405047213159, 35.20846166617298], [138.6379855511923, 35.210907774474265], [138.6344741626525, 35.20696110776896], [138.6315880538457, 35.20549083763211], [138.63337944220757, 35.20374527872167], [138.6347905576382, 35.196723053825906], [138.63679306095105, 35.19567250448256], [138.64069555115884, 35.19513222417288], [138.6398425028293, 35.19369222431675], [138.6410494415785, 35.19013972057172], [138.64473138834296, 35.18535777434187], [138.6414169387408, 35.18392917069474], [138.63885027182266, 35.185101107829894], [138.63684805359492, 35.18807666680476], [138.6343325032425, 35.189513612563246], [138.6328397284708, 35.193005278970475], [138.62808389135853, 35.1905533322705], [138.62481693945028, 35.187001107315325], [138.62163027181964, 35.18599527855929], [138.62142778226644, 35.183327504460806], [138.61635194568578, 35.18174527862175], [138.6154047212509, 35.17933166642331], [138.61006167270807, 35.18228583772128], [138.60829250299673, 35.18417889174253], [138.60611833978965, 35.18971222423983], [138.6015074967736, 35.192605837889175], [138.59711167266562, 35.19020861223771], [138.59398610947142, 35.18942138618809], [138.59137277583295, 35.19254944050431], [138.58783389142104, 35.195354440355175], [138.57633888473185, 35.19587499943174], [138.5667555507282, 35.19058333275467], [138.56415500634853, 35.19141055885024], [138.5627172242206, 35.1884480535349], [138.56362972762986, 35.18712444034071], [138.55837749712384, 35.18466194549245], [138.56094778201464, 35.17746166652273], [138.55901083028562, 35.17413944048286], [138.55981221795957, 35.16765750488997], [138.55940167294887, 35.16292833267647], [138.55776138777787, 35.16051666661093], [138.55840444890623, 35.159314999687524], [138.55865749744567, 35.15663638695975], [138.5636930605864, 35.15295472078378], [138.5652072239343, 35.15106972019146], [138.56823944199675, 35.15232750481056], [138.57214000046076, 35.149412774180234], [138.57730693926385, 35.14667861302763], [138.5774461093505, 35.14557083802379], [138.58143639407444, 35.143413891438], [138.5924544489137, 35.143686386917295], [138.59579277641558, 35.14313694521388], [138.59978944182933, 35.14352499997881], [138.60503027162974, 35.13435694591635], [138.60730861230263, 35.13218555891649], [138.61277250274884, 35.12959694584242], [138.61656444919004, 35.12935417025881], [138.61832693873725, 35.131732224162874], [138.62993082994387, 35.133675278691214], [138.6318061088649, 35.12869472078478], [138.63853728886488, 35.116491458414146]]]}, "properties": {"N03_001": "静岡県", "N03_002": null, "N03_003": null, "N03_004": "富士市", "N03_007": "22210"}}, {"type": "Feature", "geometry": {"type": "Polygon", "coordinates": [[[136.0162994160853, 35.231278945866734], [135.9937288842807, 35.264387775675345], [135.9835141623488, 35.27233333361653], [135.9565322175879, 35.27764722523932], [135.9369697273711, 35.26051444148834], [135.91030444829175, 35.26414333364801], [135.90614778179474, 35.27510055924347], [135.88298722368154, 35.284641667379105], [135.86075527853336, 35.28295999990411], [135.8446672237135, 35.261307505037394], [135.83086416275103, 35.222761387628], [135.8310869383116, 35.21041722487507], [135.8419080533141, 35.189839721126305], [135.846813060974, 35.162386946200684], [135.85615306091506, 35.15943694595836], [135.8487100000665, 35.141852225000264], [135.85229416264553, 35.134266946262585], [135.83983972772137, 35.08613694626314], [135.83189194575675, 35.07145555972636], [135.8348525031406, 35.05555389209849], [135.81590138733918, 35.047369171150365], [135.83451778177027, 35.022080558970686], [135.83268167282097, 35.009425279353195], [135.84230027194008, 34.98994194656365], [135.85675999987416, 34.980002225622286], [135.8522752786812, 34.97134749559052], [135.87542666640763, 34.95366527912938], [135.87992444845463, 34.93452499992884], [135.8707133330539, 34.926003892066035], [135.86752055812735, 34.893336667153505], [135.89966944169146, 34.87140444086231], [135.91265555041343, 34.883516386971735], [135.9360261083183, 34.89164055926443], [135.94323500549115, 34.87817749509537], [135.96430610844027, 34.88001582896737], [135.96745749656623, 34.891217775380085], [135.98749306075626, 34.88983749500443], [135.9927363933699, 34.908655000328054], [136.0115747206969, 34.92018361288348], [136.04179972777524, 34.923477494990436], [136.03310888456747, 34.93822638733798], [136.04107389034777, 34.94527138756456], [136.01693749676815, 34.943800279259506], [136.01010834012789, 34.95455082895762], [136.01025221816542, 34.97554416213342], [135.98941277607878, 34.97999666691271], [135.966987781561, 34.983097495153345], [135.9501094420972, 34.97217777488447], [135.93978972791365, 34.992416108316775], [135.91892111451784, 34.99631889260286], [135.90290658826848, 34.99235302717051], [135.88795535655447, 35.0353251355466], [135.92324111498556, 35.08812250544929], [135.9355808036113, 35.11552144156133], [135.9402545524057, 35.13752444090028], [135.95931133584952, 35.14721325189009], [135.97256389031133, 35.18097977569613], [135.99584724995066, 35.190206864854986], [136.0162994160853, 35.231278945866734]]]}, "properties": {"N03_001": "滋賀県", "N03_002": null, "N03_003": null, "N03_004": "大津市", "N03_007": "25201"}}, {"type": "Feature", "geometry": {"type": "Polygon", "coordinates": [[[136.35152527906848, 35.27413027888929], [136.3462399993765, 35.286260559477284], [136.30081527880213, 35.29900972112176], [136.2440801688648, 35.2955823607374], [136.2159925804932, 35.30368500056238], [136.20978036237386, 35.33865364005351], [136.14854593974337, 35.356008838736955], [136.1457561087575, 35.34994305452841], [136.152848469981, 35.26871558585566], [136.12222666672733, 35.25589005468231], [136.0836997534409, 35.258851387281766], [136.08523319105893, 35.25184310817298], [136.11211666635108, 35.21643805467255], [136.13974888480323, 35.20721138729573], [136.16699333267627, 35.204440000505656], [136.19162999932507, 35.19016361286049], [136.19522693857243, 35.19855166692594], [136.2160550060338, 35.19361889269777], [136.2257588851645, 35.21855000008247], [136.23755749668123, 35.21283361328068], [136.25768693840155, 35.228375279595525], [136.2745805573469, 35.2402897210938], [136.28812527905848, 35.24148638688729], [136.30063805390319, 35.257221387656955], [136.32110666683923, 35.267691667236704], [136.3387494417334, 35.26401666773506], [136.35152527906848, 35.27413027888929]]]}, "properties": {"N03_001": "滋賀県", "N03_002": null, "N03_003": null, "N03_004": "彦根市", "N03_007": "25202"}}, {"type": "Feature", "geometry": {"type": "Polygon", "coordinates": [[[136.35152527906848, 35.27413027888929], [136.37771861192448, 35.28728494664301], [136.39172858530605, 35.287111333421365], [136.41226416266102, 35.315562693963216], [136.41117391634327, 35.32794213532134], [136.42232505735558, 35.34838961329007], [136.41191177680707, 35.36989597372025], [136.43689344947313, 35.3791323600704], [136.44414294384183, 35.388655387336314], [136.41180807957926, 35.418598054056986], [136.4261690529595, 35.448160973050506], [136.42036391656154, 35.466234775014925], [136.40176724965886, 35.46994061316883], [136.38783374742957, 35.49683274803294], [136.40228999948397, 35.51325238738781], [136.40040450066726, 35.53008183790655], [136.3842527756451, 35.53309133369817], [136.37356418833667, 35.5593941716038], [136.36251610873148, 35.55848138760598], [136.35666214004584, 35.539914468478], [136.34588208808793, 35.53610866708135], [136.3477459141427, 35.52350172152728], [136.33744500568253, 35.49637110804025], [136.3330791694682, 35.46874722540417], [136.34256306093653, 35.4613597210743], [136.3587216729669, 35.43417055902415], [136.36262389068008, 35.41655110804726], [136.35669555075913, 35.40074889194784], [136.33213610889436, 35.399701387708944], [136.3374613877329, 35.37923833348236], [136.325045836796, 35.347058613064576], [136.31110167310385, 35.34262222503571], [136.29639888450095, 35.35461500018215], [136.27752333243586, 35.35080889211673], [136.25042705596388, 35.352659640230286], [136.22574136187438, 35.34794791936105], [136.20978036237386, 35.33865364005351], [136.2159925804932, 35.30368500056238], [136.2440801688648, 35.2955823607374], [136.30081527880213, 35.29900972112176], [136.3462399993765, 35.286260559477284], [136.35152527906848, 35.27413027888929]]]}, "properties": {"N03_001": "滋賀県", "N03_002": null, "N03_003": null, "N03_004": "米原市", "N03_007": "25214"}}, {"type": "Feature", "geometry": {"type": "Polygon", "coordinates": [[[135.92324111498556, 35.08812250544929], [135.94088055789155, 35.08084089269312], [135.9501299996998, 35.06154027966022], [135.96283583650472, 35.05068500031257], [135.99492138801168, 35.036892505484786], [136.01596333314137, 35.05067055899917], [135.9968852789325, 35.062977505107824], [136.0097230606708, 35.07593722502298], [136.00160250275337, 35.0903977749374], [136.00388319065678, 35.101039865497455], [135.98858333315434, 35.12019138712287], [135.96759367101117, 35.13086919785525], [135.95931133584952, 35.14721325189009], [135.9402545524057, 35.13752444090028], [135.9355808036113, 35.11552144156133], [135.92324111498556, 35.08812250544929]]]}, "properties": {"N03_001": "滋賀県", "N03_002": null, "N03_003": null, "N03_004": "守山市", "N03_007": "25207"}}, {"type": "Feature", "geometry": {"type": "Polygon", "coordinates": [[[136.08523319105893, 35.25184310817298], [136.090539973541, 35.22166244126868], [136.09953508347735, 35.20972027906765], [136.10589500535025, 35.18896027949336], [136.12974527872166, 35.18325389225339], [136.14001138791525, 35.16078333358405], [136.168277223715, 35.14425000013745], [136.17579861191643, 35.13052972086996], [136.159983890744, 35.106696667717074], [136.13962444830975, 35.10973055941781], [136.12550833963826, 35.09574722485462], [136.14576722347863, 35.07644638699122], [136.14608360587374, 35.06186694670225], [136.15647360567243, 35.028440279395454], [136.16354944185332, 35.030629999974565], [136.18067527834148, 35.01643277515251], [136.21740444865645, 35.038782505408335], [136.22081972754847, 35.06388222488482], [136.24902693834258, 35.068477225443644], [136.26689527849442, 35.057759441644976], [136.29545833933093, 35.05740777524869], [136.30746999934104, 35.04525222550984], [136.32764778142007, 35.036146108656055], [136.34248444849857, 35.01657389227137], [136.36386639401894, 35.01680361329619], [136.38791083012075, 35.022452505079116], [136.4045780537342, 35.0137727756931], [136.41816666685827, 35.01812277484623], [136.42382778132708, 35.02977138753954], [136.41785306067027, 35.04950250513656], [136.44159833999151, 35.06671944114936], [136.43526666672335, 35.08248722490555], [136.44802306071574, 35.12384138727026], [136.43563888442702, 35.130655279717416], [136.45465306069025, 35.16141777560989], [136.42446082940387, 35.18451027932599], [136.40865333248541, 35.18718277486522], [136.38908472058347, 35.19679583865707], [136.37453861186748, 35.176983054524385], [136.39010389078203, 35.15538194602004], [136.38671277577407, 35.14465777523617], [136.35472360551, 35.131103892130966], [136.33568250264545, 35.14295417149788], [136.32162639404294, 35.14587027899023], [136.30337972799214, 35.15772333366499], [136.2817013875091, 35.15245250517904], [136.2636222174914, 35.156573054003275], [136.2468347203461, 35.151002775557686], [136.23666778209258, 35.15871222548884], [136.22698444887328, 35.14351110815119], [136.20426167263815, 35.14804917173194], [136.19162999932507, 35.19016361286049], [136.16699333267627, 35.204440000505656], [136.13974888480323, 35.20721138729573], [136.11211666635108, 35.21643805467255], [136.08523319105893, 35.25184310817298]]]}, "properties": {"N03_001": "滋賀県", "N03_002": null, "N03_003": null, "N03_004": "東近江市", "N03_007": "25213"}}, {"type": "Feature", "geometry": {"type": "Polygon", "coordinates": [[[136.04107389034777, 34.94527138756456], [136.04882972731014, 34.958365829519494], [136.06123917005175, 34.964170279734674], [136.04262055789252, 34.98748666697617], [136.0362894413047, 35.01194444138292], [136.03888639379215, 35.02617000024537], [136.01596333314137, 35.05067055899917], [135.99492138801168, 35.036892505484786], [135.96283583650472, 35.05068500031257], [135.9610138909784, 35.03766417146437], [135.97249221794152, 35.03137277523342], [135.97046861203683, 35.01558555892643], [135.99014444830766, 35.007978613722116], [135.9991850054837, 34.99690777497386], [135.98941277607878, 34.97999666691271], [136.01025221816542, 34.97554416213342], [136.01010834012789, 34.95455082895762], [136.01693749676815, 34.943800279259506], [136.04107389034777, 34.94527138756456]]]}, "properties": {"N03_001": "滋賀県", "N03_002": null, "N03_003": null, "N03_004": "栗東市", "N03_007": "25208"}}, {"type": "Feature", "geometry": {"type": "Polygon", "coordinates": [[[136.19162999932507, 35.19016361286049], [136.20426167263815, 35.14804917173194], [136.22698444887328, 35.14351110815119], [136.23666778209258, 35.15871222548884], [136.2468347203461, 35.151002775557686], [136.2636222174914, 35.156573054003275], [136.2817013875091, 35.15245250517904], [136.30337972799214, 35.15772333366499], [136.32162639404294, 35.14587027899023], [136.33568250264545, 35.14295417149788], [136.32687000005058, 35.154619171637535], [136.31084111432608, 35.15613999986118], [136.29047082966508, 35.182584171622295], [136.25623167255367, 35.18840638704518], [136.2160550060338, 35.19361889269777], [136.19522693857243, 35.19855166692594], [136.19162999932507, 35.19016361286049]]]}, "properties": {"N03_001": "滋賀県", "N03_002": null, "N03_003": "愛知郡", "N03_004": "愛荘町", "N03_007": "25425"}}, {"type": "Feature", "geometry": {"type": "Polygon", "coordinates": [[[139.37043824862633, 35.351164413906645], [139.37479491535316, 35.35020805415843], [139.3948376903072, 35.352069468231434], [139.39672710747004, 35.35623872163973], [139.39396719782803, 35.36316750517625], [139.400725278349, 35.368306108140416], [139.40500700367033, 35.377298586660515], [139.4017720226608, 35.37991941434956], [139.3996425809404, 35.3845160813521], [139.403140972478, 35.39008299993054], [139.39548569410954, 35.39077494640668], [139.3959082225865, 35.39518353189453], [139.3939826715631, 35.397642414166114], [139.39549269802967, 35.40128464057375], [139.3886057194784, 35.39991241452634], [139.38422824873476, 35.4011076944646], [139.3718063036181, 35.40067738775127], [139.3734690268742, 35.394500468022216], [139.3746537217919, 35.388531027285126], [139.37089610876842, 35.36784605455182], [139.36864027183117, 35.36323164032797], [139.37194691261993, 35.36063774823356], [139.37211355339787, 35.35535580232846], [139.37043824862633, 35.351164413906645]]]}, "properties": {"N03_001": "神奈川県", "N03_002": null, "N03_003": "高座郡", "N03_004": "寒川町", "N03_007": "14321"}}, {"type": "Feature", "geometry": {"type": "Polygon", "coordinates": [[[139.4069482748431, 35.40767908112474], [139.40643968844097, 35.410947108622224], [139.40924641948675, 35.42244346789181], [139.41026619942568, 35.4295851083661], [139.40695403410143, 35.439665360068375], [139.4069529432238, 35.44301174819367], [139.40291241157854, 35.44853144157281], [139.40701574558022, 35.44917950562973], [139.40648522651202, 35.45273255975985], [139.40874664104467, 35.456287837913465], [139.41594442259714, 35.4575845056205], [139.4144408298805, 35.46070419804033], [139.42117033624208, 35.467924468039826], [139.4222050314371, 35.46589836022122], [139.43648949409499, 35.46732808172567], [139.4349003884422, 35.47730194632783], [139.42059588798986, 35.468662252061335], [139.41410922196303, 35.471384721128004], [139.40871477266865, 35.47147110820515], [139.40320702948088, 35.47372944166045], [139.3974233850812, 35.473623586059716], [139.39581616078726, 35.47165917173345], [139.3875622433029, 35.47035802720126], [139.3795522435413, 35.470208306268376], [139.3797291698654, 35.46294361335714], [139.37846910456562, 35.458275559069875], [139.37120683442788, 35.44975113540664], [139.370682671768, 35.44532919858369], [139.37315177663322, 35.439056441701496], [139.3752353826069, 35.43720117089737], [139.37336202283916, 35.43368091953886], [139.37412533051963, 35.42877119853205], [139.37026444834567, 35.41633069410631], [139.3692335536856, 35.40690544113323], [139.3718063036181, 35.40067738775127], [139.38422824873476, 35.4011076944646], [139.3886057194784, 35.39991241452634], [139.39549269802967, 35.40128464057375], [139.40126464224954, 35.4006824140622], [139.4069482748431, 35.40767908112474]]]}, "properties": {"N03_001": "神奈川県", "N03_002": null, "N03_003": null, "N03_004": "海老名市", "N03_007": "14215"}}, {"type": "Feature", "geometry": {"type": "MultiPolygon", "coordinates": [[[[139.69474936369227, 35.465281333566736], [139.69239697733872, 35.472012054013135], [139.67258571935554, 35.46522638768772], [139.6731092740738, 35.46061700067412], [139.67719817035936, 35.45816002766321], [139.69548822240358, 35.44982519817438], [139.70224785965104, 35.45512069416475], [139.6980736707634, 35.46091697313983], [139.68842697772288, 35.45700117116718], [139.68469286578318, 35.45886046823608], [139.69486785926438, 35.46376691930794], [139.69474936369227, 35.465281333566736]]], [[[139.72532833943137, 35.46979643205975], [139.7144968480511, 35.48619182029631], [139.70218700342753, 35.480537251992644], [139.7002663285283, 35.47868505417199], [139.70594557692687, 35.47453533313916], [139.7127073923324, 35.464253865323656], [139.72532833943137, 35.46979643205975]]], [[[139.6779262255979, 35.53972191908741], [139.67488258060837, 35.537184414529754], [139.6664528016555, 35.53299944097148], [139.65554255484506, 35.538832225227054], [139.64996919532211, 35.536895278894065], [139.64672649723013, 35.5334347209357], [139.64743124465633, 35.52328117088939], [139.64157297001657, 35.522709360348756], [139.6406307772886, 35.51811402704078], [139.6354207519662, 35.51548830614047], [139.63933902707447, 35.50626772087867], [139.64468119248306, 35.50513094633618], [139.64418243746957, 35.50240605449585], [139.65281060962195, 35.500104748735225], [139.6575804150042, 35.49771664041066], [139.65756752232335, 35.49459669438198], [139.6672489615704, 35.483517495536034], [139.6731400515722, 35.47513213494011], [139.66790469504565, 35.47356286563377], [139.6684178598964, 35.46782941419616], [139.68177438408065, 35.47289041466098], [139.6817719837901, 35.478356360058], [139.68948905277762, 35.47891461331881], [139.69280077743394, 35.48140638739494], [139.688330194483, 35.48976186531786], [139.69321373442642, 35.492413036132746], [139.69630099909193, 35.48404436065874], [139.71145665390156, 35.49080085657431], [139.7047451357795, 35.500993000126925], [139.70340294349114, 35.50444244156546], [139.69887513577896, 35.502755531942285], [139.69661350181173, 35.505875802626235], [139.69164496784106, 35.51947525258089], [139.6882411148356, 35.52266053255761], [139.6886950314506, 35.526391919551486], [139.68363338437325, 35.531397748407414], [139.6849143058506, 35.53998608149254], [139.6779262255979, 35.53972191908741]]]]}, "properties": {"N03_001": "神奈川県", "N03_002": null, "N03_003": "横浜市", "N03_004": "鶴見区", "N03_007": "14101"}}, {"type": "Feature", "geometry": {"type": "MultiPolygon", "coordinates": [[[[139.64570038876195, 35.47471097343271], [139.64204588750772, 35.47169061293147], [139.65291552453186, 35.463611467894964], [139.6522790005755, 35.46697302758321], [139.65596116677455, 35.4702240812764], [139.65039221752693, 35.47444605474169], [139.64570038876195, 35.47471097343271]]], [[[139.63933902707447, 35.50626772087867], [139.6366405573159, 35.5005864139319], [139.63678358009815, 35.49561253259236], [139.63516855958142, 35.49309586528199], [139.63087827451284, 35.49375338750889], [139.62530352733597, 35.489390892275935], [139.62207992185097, 35.49063727888739], [139.6190942275166, 35.494877585931874], [139.61332228239746, 35.49204033369449], [139.60900374782477, 35.49929369424865], [139.6033716077136, 35.49788780208047], [139.5914338387007, 35.5020015862043], [139.59065671833298, 35.503721892151646], [139.582857612289, 35.50419658670319], [139.57333377383463, 35.50410172171712], [139.56782260692785, 35.49726310870557], [139.57287036307685, 35.49141838684915], [139.57984108829567, 35.4750359191724], [139.58281552491655, 35.47361146769515], [139.59209574602198, 35.48190669373895], [139.60130639377508, 35.480195559077856], [139.60201444890777, 35.474350080891554], [139.59927328023775, 35.468047721025584], [139.60460968908592, 35.467793414334665], [139.61102963710812, 35.47212455920112], [139.61639138795226, 35.46867286496081], [139.62333752300833, 35.46800646822396], [139.6269297273251, 35.46570758613626], [139.6321869778468, 35.46709508087332], [139.63347451383777, 35.46497233370627], [139.63812250245155, 35.465178559043295], [139.64197124467728, 35.473437946204285], [139.6446565492604, 35.47597861372208], [139.65156525273426, 35.47639755929998], [139.64832352770873, 35.48038446796886], [139.65145182843924, 35.481516198214024], [139.65388452694947, 35.47665180213903], [139.66914955910488, 35.477486559157455], [139.6672489615704, 35.483517495536034], [139.65756752232335, 35.49459669438198], [139.6575804150042, 35.49771664041066], [139.65281060962195, 35.500104748735225], [139.64418243746957, 35.50240605449585], [139.64468119248306, 35.50513094633618], [139.63933902707447, 35.50626772087867]]]]}, "properties": {"N03_001": "神奈川県", "N03_002": null, "N03_003": "横浜市", "N03_004": "神奈川区", "N03_007": "14102"}}, {"type": "Feature", "geometry": {"type": "Polygon", "coordinates": [[[139.60460968908592, 35.467793414334665], [139.60604822304708, 35.45776205427546], [139.60455085633703, 35.45100446838154], [139.60439644549584, 35.44346872157284], [139.6065568607106, 35.44312061292601], [139.61484119236718, 35.44432622517519], [139.62174785977595, 35.442265108547986], [139.62556319038902, 35.44362730625522], [139.63038966295267, 35.45475313494927], [139.63551168601555, 35.45543257725171], [139.6380740856506, 35.457380279476354], [139.6383878600118, 35.46378397315192], [139.63347451383777, 35.46497233370627], [139.6321869778468, 35.46709508087332], [139.6269297273251, 35.46570758613626], [139.62333752300833, 35.46800646822396], [139.61639138795226, 35.46867286496081], [139.61102963710812, 35.47212455920112], [139.60460968908592, 35.467793414334665]]]}, "properties": {"N03_001": "神奈川県", "N03_002": null, "N03_003": "横浜市", "N03_004": "西区", "N03_007": "14103"}}, {"type": "Feature", "geometry": {"type": "MultiPolygon", "coordinates": [[[[139.69213811827956, 35.41008125214813], [139.68887761271174, 35.41279391950383], [139.68417275007243, 35.40897677495826], [139.68018891078964, 35.410188441443495], [139.6711553827148, 35.40291336046329], [139.67638191958997, 35.399762252026335], [139.682250441105, 35.40450202724679], [139.68537309948897, 35.40190943197473], [139.6792783912848, 35.395155973069734], [139.682371893648, 35.3931590545468], [139.68921206158745, 35.39883242317785], [139.68543644593535, 35.4046824861079], [139.69213811827956, 35.41008125214813]]], [[[139.62174785977595, 35.442265108547986], [139.62394286567076, 35.43974705448301], [139.63045980467632, 35.4399945596013], [139.63632885859, 35.43318061319479], [139.63424208790207, 35.42848199994438], [139.6277534109912, 35.42763800059328], [139.62815425411554, 35.42394533301075], [139.63243858567228, 35.419132198292345], [139.6383330607223, 35.41907430623428], [139.64239228297754, 35.41160052364529], [139.65257868975482, 35.41301919787776], [139.66319844385316, 35.40661927955614], [139.6688684697042, 35.40644891918231], [139.66955455260063, 35.40287694601432], [139.6794462776237, 35.41085517092944], [139.68126219139708, 35.41495661365684], [139.67800581101937, 35.41619100061422], [139.68121763898296, 35.42642191933618], [139.68539383875475, 35.42665713521865], [139.69061389061858, 35.4392239737075], [139.68534869009, 35.44200413518274], [139.67830619987126, 35.43037953258943], [139.67534610833627, 35.43158835991494], [139.6814994676264, 35.44157572154239], [139.67528108825172, 35.445709054229496], [139.6711509985198, 35.43884280235352], [139.66854588738283, 35.440225278873584], [139.67431577125592, 35.449712441176246], [139.67035758783243, 35.45130227887711], [139.66406686069718, 35.44284138692052], [139.66028077783574, 35.44125880225198], [139.65697714707778, 35.444339784253714], [139.66362705534436, 35.44675753243422], [139.6571441116115, 35.45133413556198], [139.6518557715267, 35.44512519816942], [139.64668464278213, 35.44811736042789], [139.64413433183404, 35.453850559156024], [139.63850238687576, 35.456801532464794], [139.63551168601555, 35.45543257725171], [139.63038966295267, 35.45475313494927], [139.62556319038902, 35.44362730625522], [139.62174785977595, 35.442265108547986]]]]}, "properties": {"N03_001": "神奈川県", "N03_002": null, "N03_003": "横浜市", "N03_004": "中区", "N03_007": "14104"}}, {"type": "Feature", "geometry": {"type": "Polygon", "coordinates": [[[139.6065568607106, 35.44312061292601], [139.60101666638616, 35.439882081392966], [139.58699108886776, 35.4404959730108], [139.58268325622737, 35.43467819844017], [139.57758272426338, 35.43368933269659], [139.57513092077554, 35.43102366721629], [139.57337191947852, 35.42193044153669], [139.57700386483657, 35.42240550570955], [139.58143163376292, 35.41286246852815], [139.58570819697582, 35.411345640488946], [139.59141027196654, 35.412759081566435], [139.59316958510828, 35.41544130597157], [139.5983286638368, 35.41584744160622], [139.59729817027437, 35.41235519873351], [139.60288788576736, 35.40890897327057], [139.60636097308054, 35.40847625187757], [139.60572586285832, 35.41272572121511], [139.6074873280778, 35.419961468547], [139.61320119228128, 35.4222546669194], [139.61634883293232, 35.425260946735364], [139.6277534109912, 35.42763800059328], [139.63424208790207, 35.42848199994438], [139.63632885859, 35.43318061319479], [139.63045980467632, 35.4399945596013], [139.62394286567076, 35.43974705448301], [139.62174785977595, 35.442265108547986], [139.61484119236718, 35.44432622517519], [139.6065568607106, 35.44312061292601]]]}, "properties": {"N03_001": "神奈川県", "N03_002": null, "N03_003": "横浜市", "N03_004": "南区", "N03_007": "14105"}}, {"type": "Feature", "geometry": {"type": "Polygon", "coordinates": [[[139.56782260692785, 35.49726310870557], [139.56364569399364, 35.49308041402992], [139.55330763903635, 35.49799169446118], [139.55005255458184, 35.492757838003854], [139.55653810634863, 35.484803919065655], [139.56458936340846, 35.484371586179805], [139.566826303791, 35.48111261305672], [139.56204422805877, 35.48025961329057], [139.5625876910691, 35.47757153250029], [139.5581209985853, 35.47172508124754], [139.55950739255218, 35.46759761303946], [139.56403224329347, 35.46548430605594], [139.56886233472903, 35.46035372144712], [139.56170369526933, 35.45345846823375], [139.55169756209284, 35.453723198067166], [139.54518169867652, 35.45066627922546], [139.5468663932695, 35.44743569410207], [139.55176927403284, 35.44295455940545], [139.55816077739803, 35.441412080902865], [139.55846464302897, 35.43809294673218], [139.56195630404022, 35.43549961311669], [139.57198021959243, 35.437804306424646], [139.57513092077554, 35.43102366721629], [139.57758272426338, 35.43368933269659], [139.58268325622737, 35.43467819844017], [139.58699108886776, 35.4404959730108], [139.60101666638616, 35.439882081392966], [139.6065568607106, 35.44312061292601], [139.60439644549584, 35.44346872157284], [139.60455085633703, 35.45100446838154], [139.60604822304708, 35.45776205427546], [139.60460968908592, 35.467793414334665], [139.59927328023775, 35.468047721025584], [139.60201444890777, 35.474350080891554], [139.60130639377508, 35.480195559077856], [139.59209574602198, 35.48190669373895], [139.58281552491655, 35.47361146769515], [139.57984108829567, 35.4750359191724], [139.57287036307685, 35.49141838684915], [139.56782260692785, 35.49726310870557]]]}, "properties": {"N03_001": "神奈川県", "N03_002": null, "N03_003": "横浜市", "N03_004": "保土ケ谷区", "N03_007": "14106"}}, {"type": "Feature", "geometry": {"type": "Polygon", "coordinates": [[[139.6277534109912, 35.42763800059328], [139.61634883293232, 35.425260946735364], [139.61320119228128, 35.4222546669194], [139.6074873280778, 35.419961468547], [139.60572586285832, 35.41272572121511], [139.60636097308054, 35.40847625187757], [139.60902311292637, 35.40366746807922], [139.59741586275197, 35.40155222575464], [139.6036339165721, 35.39504080229125], [139.60311085558158, 35.386153360089565], [139.597741387655, 35.388273387706704], [139.5923991440054, 35.38513674846223], [139.5879478856864, 35.38526933371281], [139.59161189367398, 35.378689171468125], [139.5888173277575, 35.37780741408096], [139.59660111474966, 35.36746646870262], [139.59136367089673, 35.36291836059394], [139.5926911664642, 35.36169797338283], [139.59026316511302, 35.354736504885864], [139.5982198566611, 35.356389305921766], [139.6006265494757, 35.35526733332085], [139.6049870554084, 35.35744808136394], [139.60756858542197, 35.36130689239923], [139.61288296987323, 35.363359585976184], [139.6163401949441, 35.3665718024468], [139.6202281709934, 35.37262864019965], [139.6235244749746, 35.38074572133803], [139.62930090771079, 35.383981613360845], [139.62742933849324, 35.38620708109198], [139.63653002524052, 35.39029480196359], [139.63130233453512, 35.39455861368913], [139.6246195326654, 35.39166517091098], [139.62217910448214, 35.396085505142025], [139.62602330693016, 35.40163680249651], [139.6321003362616, 35.40039619852581], [139.64536403332352, 35.4028274680133], [139.64176136179742, 35.40692289247755], [139.6312990007483, 35.404807441510286], [139.6277168607446, 35.40914066740794], [139.63104658892905, 35.411027360524315], [139.63381250244515, 35.40838505432686], [139.64239228297754, 35.41160052364529], [139.6383330607223, 35.41907430623428], [139.63243858567228, 35.419132198292345], [139.62815425411554, 35.42394533301075], [139.6277534109912, 35.42763800059328]]]}, "properties": {"N03_001": "神奈川県", "N03_002": null, "N03_003": "横浜市", "N03_004": "磯子区", "N03_007": "14107"}}, {"type": "Feature", "geometry": {"type": "MultiPolygon", "coordinates": [[[[139.63430175072529, 35.330393108055546], [139.62954238647205, 35.328801865613684], [139.63357632878456, 35.323093775057714], [139.63810050593372, 35.32701953252547], [139.63430175072529, 35.330393108055546]]], [[[139.59026316511302, 35.354736504885864], [139.58878549895167, 35.34982380262642], [139.58923717265748, 35.342304865077494], [139.587858520954, 35.33651853260426], [139.58870988305478, 35.33004746801629], [139.59295902683766, 35.324027505165304], [139.5931604147214, 35.32041474864178], [139.59622233469304, 35.31642144129654], [139.60216871591354, 35.31699199998087], [139.60943399428345, 35.312501747957356], [139.61406625195605, 35.31658922511269], [139.62460544658416, 35.318735306089536], [139.631602723387, 35.32520484722596], [139.62346900029422, 35.33011010849475], [139.62979360579038, 35.32959658661321], [139.63495005130392, 35.33267044148772], [139.63380306046292, 35.33596608086998], [139.6390168863203, 35.340642387336345], [139.6457894935903, 35.33968046797929], [139.65695333302995, 35.34193486510202], [139.65692741906525, 35.35349394668833], [139.65483525244497, 35.35366908156294], [139.65097797655244, 35.35983810794238], [139.65093605645393, 35.36641650571721], [139.65651364458904, 35.3665399736409], [139.6565051361032, 35.37268472102312], [139.6504750576778, 35.37323561333295], [139.64589321689846, 35.37809333374042], [139.65106914352623, 35.38276810866131], [139.65320557657617, 35.38738727939949], [139.64568069990446, 35.390539225105215], [139.63968330643945, 35.38537441409801], [139.63381280191936, 35.38284569407358], [139.62930090771079, 35.383981613360845], [139.6235244749746, 35.38074572133803], [139.6202281709934, 35.37262864019965], [139.6163401949441, 35.3665718024468], [139.61288296987323, 35.363359585976184], [139.60756858542197, 35.36130689239923], [139.6049870554084, 35.35744808136394], [139.6006265494757, 35.35526733332085], [139.5982198566611, 35.356389305921766], [139.59026316511302, 35.354736504885864]]]]}, "properties": {"N03_001": "神奈川県", "N03_002": null, "N03_003": "横浜市", "N03_004": "金沢区", "N03_007": "14108"}}, {"type": "Feature", "geometry": {"type": "Polygon", "coordinates": [[[139.65554255484506, 35.538832225227054], [139.65443730243965, 35.542831108369], [139.65825350179773, 35.55474277545875], [139.65231544650067, 35.55682472128393], [139.6483348897434, 35.55979333299598], [139.64293430527403, 35.558361387468096], [139.633333449779, 35.56139861295566], [139.6264101170333, 35.5625013877289], [139.61352060988827, 35.560952505154034], [139.61075511006038, 35.55746705396143], [139.61086581030895, 35.55281941428461], [139.6067229960695, 35.55238717133096], [139.60280372181433, 35.54622783874379], [139.60221814445185, 35.540976775557795], [139.59858980447598, 35.54107691956426], [139.59632128350052, 35.53655717157625], [139.59898708178844, 35.53282308122027], [139.59956841794815, 35.52849541403219], [139.60376403408293, 35.523292279315285], [139.60224496763124, 35.516290946569995], [139.59664914394295, 35.51745083818571], [139.5921258364383, 35.51369086534123], [139.58528413695342, 35.513131414183476], [139.5869739684739, 35.508345667418666], [139.582857612289, 35.50419658670319], [139.59065671833298, 35.503721892151646], [139.5914338387007, 35.5020015862043], [139.6033716077136, 35.49788780208047], [139.60900374782477, 35.49929369424865], [139.61332228239746, 35.49204033369449], [139.6190942275166, 35.494877585931874], [139.62207992185097, 35.49063727888739], [139.62530352733597, 35.489390892275935], [139.63087827451284, 35.49375338750889], [139.63516855958142, 35.49309586528199], [139.63678358009815, 35.49561253259236], [139.6366405573159, 35.5005864139319], [139.63933902707447, 35.50626772087867], [139.6354207519662, 35.51548830614047], [139.6406307772886, 35.51811402704078], [139.64157297001657, 35.522709360348756], [139.64743124465633, 35.52328117088939], [139.64672649723013, 35.5334347209357], [139.64996919532211, 35.536895278894065], [139.65554255484506, 35.538832225227054]]]}, "properties": {"N03_001": "神奈川県", "N03_002": null, "N03_003": "横浜市", "N03_004": "港北区", "N03_007": "14109"}}, {"type": "Feature", "geometry": {"type": "Polygon", "coordinates": [[[139.57513092077554, 35.43102366721629], [139.57198021959243, 35.437804306424646], [139.56195630404022, 35.43549961311669], [139.55846464302897, 35.43809294673218], [139.55816077739803, 35.441412080902865], [139.55176927403284, 35.44295455940545], [139.5468663932695, 35.44743569410207], [139.53651661474998, 35.44328291897159], [139.5341816338754, 35.44732764055823], [139.53091082927142, 35.44846458597192], [139.52681464308137, 35.4465649192357], [139.5303905058173, 35.44304322536459], [139.52952105025634, 35.44013797358866], [139.52575046631102, 35.43771794652605], [139.52950038833228, 35.42939208147942], [139.52729194566678, 35.421839440937504], [139.51954099831846, 35.41169913520696], [139.51909549845857, 35.4050916128877], [139.51316243799613, 35.40532969401022], [139.51048686048034, 35.40393694633303], [139.50574577135035, 35.39452553212766], [139.50192875450853, 35.393255558996884], [139.49720413646185, 35.3952960811493], [139.49241258097595, 35.390420775398525], [139.48426980440797, 35.387366973607016], [139.48601450086858, 35.382278640047275], [139.49151418882877, 35.37959783836959], [139.49363833983762, 35.375093667538806], [139.48991944172894, 35.37184338726257], [139.48861661456522, 35.36585508144691], [139.48588019431554, 35.359423171542176], [139.49539128398067, 35.3577115053817], [139.50259105033672, 35.36754758665188], [139.51401130987415, 35.362406774952774], [139.5187238383345, 35.36156691967767], [139.51951557628286, 35.36457769430518], [139.5166349677296, 35.373622414442934], [139.5258924117055, 35.37925717068191], [139.53156941541093, 35.3768461710354], [139.532363165128, 35.38317594581332], [139.5356676130096, 35.38301838696049], [139.541805446764, 35.378737559490844], [139.5482946947444, 35.3785197481879], [139.5530519707719, 35.38419336053522], [139.5560253309044, 35.3899708382836], [139.55894916986836, 35.392491838527576], [139.56079552479366, 35.39717546817337], [139.55745875491766, 35.399700802250265], [139.55682547301728, 35.40850166761794], [139.5537553566245, 35.41114772129038], [139.55400422781292, 35.41450450557852], [139.55845955826203, 35.415846775208536], [139.56205143972227, 35.419684918923906], [139.56638447496357, 35.417439640027396], [139.57337191947852, 35.42193044153669], [139.57513092077554, 35.43102366721629]]]}, "properties": {"N03_001": "神奈川県", "N03_002": null, "N03_003": "横浜市", "N03_004": "戸塚区", "N03_007": "14110"}}, {"type": "Feature", "geometry": {"type": "Polygon", "coordinates": [[[139.57337191947852, 35.42193044153669], [139.56638447496357, 35.417439640027396], [139.56205143972227, 35.419684918923906], [139.55845955826203, 35.415846775208536], [139.55400422781292, 35.41450450557852], [139.5537553566245, 35.41114772129038], [139.55682547301728, 35.40850166761794], [139.55745875491766, 35.399700802250265], [139.56079552479366, 35.39717546817337], [139.55894916986836, 35.392491838527576], [139.5560253309044, 35.3899708382836], [139.5530519707719, 35.38419336053522], [139.56059683487604, 35.37966317141826], [139.55910941556715, 35.37599280252584], [139.5630680801279, 35.37325222471043], [139.56820077764894, 35.372958197602436], [139.58119182864004, 35.36609105455858], [139.59136367089673, 35.36291836059394], [139.59660111474966, 35.36746646870262], [139.5888173277575, 35.37780741408096], [139.59161189367398, 35.378689171468125], [139.5879478856864, 35.38526933371281], [139.5923991440054, 35.38513674846223], [139.597741387655, 35.388273387706704], [139.60311085558158, 35.386153360089565], [139.6036339165721, 35.39504080229125], [139.59741586275197, 35.40155222575464], [139.60902311292637, 35.40366746807922], [139.60636097308054, 35.40847625187757], [139.60288788576736, 35.40890897327057], [139.59729817027437, 35.41235519873351], [139.5983286638368, 35.41584744160622], [139.59316958510828, 35.41544130597157], [139.59141027196654, 35.412759081566435], [139.58570819697582, 35.411345640488946], [139.58143163376292, 35.41286246852815], [139.57700386483657, 35.42240550570955], [139.57337191947852, 35.42193044153669]]]}, "properties": {"N03_001": "神奈川県", "N03_002": null, "N03_003": "横浜市", "N03_004": "港南区", "N03_007": "14111"}}, {"type": "Feature", "geometry": {"type": "Polygon", "coordinates": [[[139.55330763903635, 35.49799169446118], [139.54716422804677, 35.498980586285086], [139.54301839208517, 35.497476000716915], [139.53932280170602, 35.5005407211774], [139.53408396840052, 35.49966700013198], [139.53000841805408, 35.50302641403783], [139.52557185465741, 35.50441030609079], [139.51375405970214, 35.49873066738644], [139.5060058624806, 35.50210133360969], [139.50573230849932, 35.505840586074214], [139.50282557643925, 35.50906686524371], [139.4906881444424, 35.50663500040497], [139.48837505756296, 35.50259417108418], [139.4872711406507, 35.499015027621454], [139.4885143832323, 35.48936966737631], [139.5023393390893, 35.47868089210954], [139.5010737474555, 35.475158414029636], [139.5027407775649, 35.468852838187956], [139.505302750022, 35.467034864967104], [139.50488577126134, 35.460882775519735], [139.50797891029856, 35.45737344103151], [139.50687997383181, 35.452815919718944], [139.51078929978644, 35.44582953190741], [139.51596664104773, 35.44889374874754], [139.52385941597936, 35.44785819829724], [139.53091082927142, 35.44846458597192], [139.5341816338754, 35.44732764055823], [139.53651661474998, 35.44328291897159], [139.5468663932695, 35.44743569410207], [139.54518169867652, 35.45066627922546], [139.55169756209284, 35.453723198067166], [139.56170369526933, 35.45345846823375], [139.56886233472903, 35.46035372144712], [139.56403224329347, 35.46548430605594], [139.55950739255218, 35.46759761303946], [139.5581209985853, 35.47172508124754], [139.5625876910691, 35.47757153250029], [139.56204422805877, 35.48025961329057], [139.566826303791, 35.48111261305672], [139.56458936340846, 35.484371586179805], [139.55653810634863, 35.484803919065655], [139.55005255458184, 35.492757838003854], [139.55330763903635, 35.49799169446118]]]}, "properties": {"N03_001": "神奈川県", "N03_002": null, "N03_003": "横浜市", "N03_004": "旭区", "N03_007": "14112"}}, {"type": "Feature", "geometry": {"type": "Polygon", "coordinates": [[[139.582857612289, 35.50419658670319], [139.5869739684739, 35.508345667418666], [139.58528413695342, 35.513131414183476], [139.57470966282074, 35.51607964006337], [139.56912919595572, 35.51312191914133], [139.56392953262184, 35.51273383829607], [139.55818518769627, 35.51070141363937], [139.5525280032648, 35.51206580209515], [139.55125608310186, 35.518657972987114], [139.5476774711384, 35.521976134990666], [139.54486503209557, 35.532281108386485], [139.54131866352554, 35.53643917153062], [139.53822447497964, 35.535231945897635], [139.53365335861565, 35.53661638743637], [139.52406389033638, 35.53181389259714], [139.5222696888951, 35.52745110868176], [139.51782219154097, 35.530557505524484], [139.51250442294088, 35.53000417155533], [139.50798027187216, 35.53521941474423], [139.50154027166627, 35.53475691949632], [139.495443332244, 35.53876080196949], [139.4868163543913, 35.53552550529787], [139.4857730221073, 35.53135244146205], [139.48779771709098, 35.52788246850116], [139.4864709985378, 35.520301081130015], [139.48328321664724, 35.51915302729043], [139.4769867824141, 35.511214135124305], [139.48113089437538, 35.50531138721078], [139.48486422750216, 35.50404750518828], [139.48837505756296, 35.50259417108418], [139.4906881444424, 35.50663500040497], [139.50282557643925, 35.50906686524371], [139.50573230849932, 35.505840586074214], [139.5060058624806, 35.50210133360969], [139.51375405970214, 35.49873066738644], [139.52557185465741, 35.50441030609079], [139.53000841805408, 35.50302641403783], [139.53408396840052, 35.49966700013198], [139.53932280170602, 35.5005407211774], [139.54301839208517, 35.497476000716915], [139.54716422804677, 35.498980586285086], [139.55330763903635, 35.49799169446118], [139.56364569399364, 35.49308041402992], [139.56782260692785, 35.49726310870557], [139.57333377383463, 35.50410172171712], [139.582857612289, 35.50419658670319]]]}, "properties": {"N03_001": "神奈川県", "N03_002": null, "N03_003": "横浜市", "N03_004": "緑区", "N03_007": "14113"}}, {"type": "Feature", "geometry": {"type": "Polygon", "coordinates": [[[139.48837505756296, 35.50259417108418], [139.48486422750216, 35.50404750518828], [139.47638308641035, 35.5013536129789], [139.4677225287718, 35.50237330658291], [139.4649952789091, 35.49812583823689], [139.4662294419353, 35.49531638764125], [139.4705755245409, 35.4926272249665], [139.4694996367989, 35.48532308149504], [139.47008763873362, 35.47805058606576], [139.4718745529683, 35.47210727962732], [139.47451038854365, 35.469769775254974], [139.4721583915965, 35.46226453258214], [139.47419917005573, 35.45692927936278], [139.48066522631916, 35.448617613711974], [139.48421878047236, 35.447946667304905], [139.4846378078886, 35.442683441687564], [139.49459508359632, 35.44331669391033], [139.49518177701748, 35.4383702257054], [139.5041824375695, 35.43500836024771], [139.5055971080202, 35.43726694641248], [139.51026791153492, 35.43773530613953], [139.5092130868146, 35.44103655908998], [139.51078929978644, 35.44582953190741], [139.50687997383181, 35.452815919718944], [139.50797891029856, 35.45737344103151], [139.50488577126134, 35.460882775519735], [139.505302750022, 35.467034864967104], [139.5027407775649, 35.468852838187956], [139.5010737474555, 35.475158414029636], [139.5023393390893, 35.47868089210954], [139.4885143832323, 35.48936966737631], [139.4872711406507, 35.499015027621454], [139.48837505756296, 35.50259417108418]]]}, "properties": {"N03_001": "神奈川県", "N03_002": null, "N03_003": "横浜市", "N03_004": "瀬谷区", "N03_007": "14114"}}, {"type": "Feature", "geometry": {"type": "Polygon", "coordinates": [[[139.59136367089673, 35.36291836059394], [139.58119182864004, 35.36609105455858], [139.56820077764894, 35.372958197602436], [139.5630680801279, 35.37325222471043], [139.55910941556715, 35.37599280252584], [139.56059683487604, 35.37966317141826], [139.5530519707719, 35.38419336053522], [139.5482946947444, 35.3785197481879], [139.541805446764, 35.378737559490844], [139.5356676130096, 35.38301838696049], [139.532363165128, 35.38317594581332], [139.53156941541093, 35.3768461710354], [139.5258924117055, 35.37925717068191], [139.5166349677296, 35.373622414442934], [139.51951557628286, 35.36457769430518], [139.5187238383345, 35.36156691967767], [139.5215532170074, 35.36149594608111], [139.5256162523882, 35.356866801861486], [139.53085983051687, 35.35696569401165], [139.5363203889748, 35.354927359909766], [139.54209844408797, 35.35701289223124], [139.54421542210412, 35.36299564023665], [139.54900593977231, 35.35964538772453], [139.5484767436069, 35.35543650569025], [139.55416228276317, 35.3517704139735], [139.55762863775146, 35.34711377568027], [139.56116749698242, 35.34618017147778], [139.5695936058603, 35.34753569441682], [139.57293802896697, 35.34235822455247], [139.57362325570875, 35.33691491958791], [139.587858520954, 35.33651853260426], [139.58923717265748, 35.342304865077494], [139.58878549895167, 35.34982380262642], [139.59026316511302, 35.354736504885864], [139.5926911664642, 35.36169797338283], [139.59136367089673, 35.36291836059394]]]}, "properties": {"N03_001": "神奈川県", "N03_002": null, "N03_003": "横浜市", "N03_004": "栄区", "N03_007": "14115"}}, {"type": "Feature", "geometry": {"type": "Polygon", "coordinates": [[[139.53091082927142, 35.44846458597192], [139.52385941597936, 35.44785819829724], [139.51596664104773, 35.44889374874754], [139.51078929978644, 35.44582953190741], [139.5092130868146, 35.44103655908998], [139.51026791153492, 35.43773530613953], [139.5055971080202, 35.43726694641248], [139.5041824375695, 35.43500836024771], [139.49518177701748, 35.4383702257054], [139.49459508359632, 35.44331669391033], [139.4846378078886, 35.442683441687564], [139.48421878047236, 35.447946667304905], [139.48066522631916, 35.448617613711974], [139.47315374774735, 35.435772108595984], [139.47396622586075, 35.43080850560813], [139.4727756161019, 35.424147135481974], [139.47803807999344, 35.4199346399717], [139.47566858583662, 35.410274108163605], [139.4787670812359, 35.39178027963624], [139.48426980440797, 35.387366973607016], [139.49241258097595, 35.390420775398525], [139.49720413646185, 35.3952960811493], [139.50192875450853, 35.393255558996884], [139.50574577135035, 35.39452553212766], [139.51048686048034, 35.40393694633303], [139.51316243799613, 35.40532969401022], [139.51909549845857, 35.4050916128877], [139.51954099831846, 35.41169913520696], [139.52729194566678, 35.421839440937504], [139.52950038833228, 35.42939208147942], [139.52575046631102, 35.43771794652605], [139.52952105025634, 35.44013797358866], [139.5303905058173, 35.44304322536459], [139.52681464308137, 35.4465649192357], [139.53091082927142, 35.44846458597192]]]}, "properties": {"N03_001": "神奈川県", "N03_002": null, "N03_003": "横浜市", "N03_004": "泉区", "N03_007": "14116"}}, {"type": "Feature", "geometry": {"type": "Polygon", "coordinates": [[[139.54131866352554, 35.53643917153062], [139.5516950835613, 35.539679999932105], [139.55210408533537, 35.5476790270655], [139.5576890532427, 35.55327166685568], [139.56170530505585, 35.55239586507719], [139.56355741834022, 35.555881667005394], [139.56173477224206, 35.56097102759088], [139.5678606095795, 35.571440639873686], [139.56514394293868, 35.5788371985779], [139.55588177662275, 35.587344387633436], [139.53656564129142, 35.59129855918121], [139.52657036293192, 35.592504387267695], [139.5282972752991, 35.587762721672334], [139.52660255506396, 35.586007171294], [139.52909586248416, 35.582247441266475], [139.5248825027254, 35.578957171736135], [139.52428747079023, 35.57356994669573], [139.5217710507934, 35.57110217102843], [139.5129105055155, 35.569576892059956], [139.50701330641903, 35.57582189226656], [139.50657494178017, 35.57171577486315], [139.5006018542922, 35.5704427215544], [139.49626710764096, 35.564640225565995], [139.4910309723016, 35.56142577517943], [139.48641350128207, 35.56894605451686], [139.48286795109516, 35.57138383869324], [139.47541128350395, 35.57137355944229], [139.4699262517952, 35.569893251972076], [139.46829177624454, 35.56329602689016], [139.4704098307492, 35.56040519844123], [139.4797276129391, 35.55938855893493], [139.4819903629649, 35.555629387386375], [139.4823933842473, 35.54741633329718], [139.48033252842356, 35.543146333336665], [139.4816372234792, 35.53994577567704], [139.4868163543913, 35.53552550529787], [139.495443332244, 35.53876080196949], [139.50154027166627, 35.53475691949632], [139.50798027187216, 35.53521941474423], [139.51250442294088, 35.53000417155533], [139.51782219154097, 35.530557505524484], [139.5222696888951, 35.52745110868176], [139.52406389033638, 35.53181389259714], [139.53365335861565, 35.53661638743637], [139.53822447497964, 35.535231945897635], [139.54131866352554, 35.53643917153062]]]}, "properties": {"N03_001": "神奈川県", "N03_002": null, "N03_003": "横浜市", "N03_004": "青葉区", "N03_007": "14117"}}, {"type": "Feature", "geometry": {"type": "Polygon", "coordinates": [[[139.61352060988827, 35.560952505154034], [139.61010727538138, 35.5645900003367], [139.600711166687, 35.56554027966024], [139.58007836632362, 35.569223026821305], [139.57491780821033, 35.56915413515526], [139.57179197072298, 35.57160830587867], [139.5678606095795, 35.571440639873686], [139.56173477224206, 35.56097102759088], [139.56355741834022, 35.555881667005394], [139.56170530505585, 35.55239586507719], [139.5576890532427, 35.55327166685568], [139.55210408533537, 35.5476790270655], [139.5516950835613, 35.539679999932105], [139.54131866352554, 35.53643917153062], [139.54486503209557, 35.532281108386485], [139.5476774711384, 35.521976134990666], [139.55125608310186, 35.518657972987114], [139.5525280032648, 35.51206580209515], [139.55818518769627, 35.51070141363937], [139.56392953262184, 35.51273383829607], [139.56912919595572, 35.51312191914133], [139.57470966282074, 35.51607964006337], [139.58528413695342, 35.513131414183476], [139.5921258364383, 35.51369086534123], [139.59664914394295, 35.51745083818571], [139.60224496763124, 35.516290946569995], [139.60376403408293, 35.523292279315285], [139.59956841794815, 35.52849541403219], [139.59898708178844, 35.53282308122027], [139.59632128350052, 35.53655717157625], [139.59858980447598, 35.54107691956426], [139.60221814445185, 35.540976775557795], [139.60280372181433, 35.54622783874379], [139.6067229960695, 35.55238717133096], [139.61086581030895, 35.55281941428461], [139.61075511006038, 35.55746705396143], [139.61352060988827, 35.560952505154034]]]}, "properties": {"N03_001": "神奈川県", "N03_002": null, "N03_003": "横浜市", "N03_004": "都筑区", "N03_007": "14118"}}, {"type": "Feature", "geometry": {"type": "Polygon", "coordinates": [[[139.37436073885704, 35.31533260421634], [139.38292900087276, 35.31517969428751], [139.38431849480276, 35.31620119822679], [139.39711274935394, 35.316101306030475], [139.40332610871303, 35.318209171216324], [139.4147403364974, 35.31612172154024], [139.42347530494146, 35.3183589461085], [139.4380448373994, 35.31914555072666], [139.44350092083084, 35.33191486527886], [139.4439656940616, 35.34161400048578], [139.44261238705212, 35.34729483798645], [139.43984046696403, 35.35259230619005], [139.43733075141313, 35.354078135497616], [139.43569855924113, 35.3592242253178], [139.43651469489737, 35.36337561369368], [139.43996024586875, 35.36517310845227], [139.4392316727036, 35.369628360660386], [139.43177836587893, 35.37269419807882], [139.43248338490037, 35.379516946150204], [139.42822452664063, 35.38397333330272], [139.41592647122968, 35.38468802723071], [139.40637783396994, 35.379701081439805], [139.40500700367033, 35.377298586660515], [139.400725278349, 35.368306108140416], [139.39396719782803, 35.36316750517625], [139.39672710747004, 35.35623872163973], [139.3948376903072, 35.352069468231434], [139.37479491535316, 35.35020805415843], [139.37043824862633, 35.351164413906645], [139.36876666704813, 35.344308027593456], [139.3695250059743, 35.34011536033569], [139.37482089496837, 35.33982717168669], [139.37125819650862, 35.33523944124727], [139.3693523343428, 35.32978280203474], [139.36943785986944, 35.32326558603802], [139.37350005168605, 35.319334505483084], [139.37436073885704, 35.31533260421634]]]}, "properties": {"N03_001": "神奈川県", "N03_002": null, "N03_003": null, "N03_004": "茅ヶ崎市", "N03_007": "14207"}}, {"type": "Feature", "geometry": {"type": "Polygon", "coordinates": [[[135.75551360626798, 34.72753194584266], [135.75705778179122, 34.73591916173996], [135.7463555508681, 34.746833053502655], [135.73335333348962, 34.7547836125737], [135.72916250264745, 34.7774552785383], [135.70661500607775, 34.77233749487954], [135.7101947215093, 34.75590527850585], [135.69692055813732, 34.7414130535696], [135.70169167293238, 34.721680828907154], [135.68307888478273, 34.71129222485632], [135.67340360589174, 34.70225472087873], [135.67309805403204, 34.6901461076568], [135.6787047208462, 34.67775944024601], [135.67110416297064, 34.66155749447424], [135.6859183403592, 34.660227494203525], [135.68887693899487, 34.65486527852349], [135.70695277614982, 34.647841107381225], [135.72015194595565, 34.64648972042431], [135.72158472065837, 34.646734999720536], [135.72957416281747, 34.658595278649216], [135.72712055776753, 34.66514527853184], [135.7156841634934, 34.69749749431395], [135.7193491697285, 34.706480558730846], [135.7291227759954, 34.70985833229628], [135.74202583682302, 34.72555777477152], [135.75551360626798, 34.72753194584266]]]}, "properties": {"N03_001": "奈良県", "N03_002": null, "N03_003": null, "N03_004": "生駒市", "N03_007": "29209"}}, {"type": "Feature", "geometry": {"type": "Polygon", "coordinates": [[[135.7538669395077, 34.47670610790061], [135.7540900001535, 34.46787999946247], [135.76359805370726, 34.46537416178819], [135.7745252788186, 34.47116638661947], [135.7884369392134, 34.46726082882424], [135.80825138799128, 34.470769720845965], [135.81050805410348, 34.48972638726303], [135.82655194591564, 34.486310558885236], [135.82625833975067, 34.51126889144621], [135.81883277611178, 34.511230558743364], [135.81846194606203, 34.53499749463873], [135.79558360599867, 34.53684972033835], [135.76985583687747, 34.53531889165356], [135.7644727756981, 34.52949166700688], [135.757771115045, 34.49762944054629], [135.76106639379907, 34.483559441015416], [135.7538669395077, 34.47670610790061]]]}, "properties": {"N03_001": "奈良県", "N03_002": null, "N03_003": null, "N03_004": "橿原市", "N03_007": "29205"}}, {"type": "Feature", "geometry": {"type": "Polygon", "coordinates": [[[135.7051230604809, 34.96345361269414], [135.6928674971374, 34.96836249463348], [135.68312221771623, 34.964230278904324], [135.69496749685254, 34.946678054049016], [135.6989697272711, 34.94139082912352], [135.70027000036032, 34.929175559004875], [135.71460416225239, 34.929062225541315], [135.7138441622783, 34.93561749545108], [135.71833250234317, 34.942118613583204], [135.7174416725952, 34.9505761079011], [135.70955944131526, 34.955723892044034], [135.7099799993425, 34.9625230535961], [135.7051230604809, 34.96345361269414]]]}, "properties": {"N03_001": "京都府", "N03_002": null, "N03_003": null, "N03_004": "向日市", "N03_007": "26208"}}, {"type": "Feature", "geometry": {"type": "Polygon", "coordinates": [[[135.74465500572398, 35.150096667227444], [135.74164167252525, 35.15836389198006], [135.73439555061418, 35.1618402789058], [135.73086639326948, 35.16987417095629], [135.72407306022365, 35.17149333285107], [135.72026666707313, 35.168235000045286], [135.71364389045323, 35.16882250555426], [135.70579306080117, 35.165920838475984], [135.68965666652196, 35.1662261079486], [135.6746441630977, 35.164151387276775], [135.67293194565286, 35.158631108438954], [135.67258722382144, 35.141691946026526], [135.67549082983794, 35.1377261084732], [135.67428583632238, 35.129762225046704], [135.6704047203017, 35.12319638720356], [135.65979917009565, 35.11610777525368], [135.64973833925296, 35.11442305458036], [135.64922639388305, 35.10986417079488], [135.6544266669572, 35.10575472140334], [135.6501627760913, 35.10160666681429], [135.6556680533381, 35.09150305432257], [135.6609750057919, 35.09370000005504], [135.66353111466924, 35.098044721087035], [135.67299749633742, 35.09429333317087], [135.66747639372068, 35.08689333276112], [135.6684377815784, 35.083242225548304], [135.67723111422458, 35.083323053915876], [135.67658693883618, 35.07898305432457], [135.68520389104685, 35.07691972086849], [135.68988610875692, 35.080298891980306], [135.69430583684493, 35.07153333309691], [135.70041583622196, 35.06895972071459], [135.7036727759779, 35.063452224840375], [135.71069999930558, 35.0594336132707], [135.71398639365725, 35.047402224832865], [135.71084250227977, 35.042146666835265], [135.72221861139985, 35.03590666685926], [135.7222608300733, 35.027679720942444], [135.72681333226956, 35.022544440973206], [135.73313722370392, 35.02242694634657], [135.73563416258662, 35.03460166693344], [135.74704389106273, 35.035458612924685], [135.75215555033844, 35.037563612870485], [135.76428888502414, 35.0374455588655], [135.7698122179596, 35.0326327748827], [135.75836472065544, 35.050106945778964], [135.76754167261015, 35.051208332898284], [135.77183138750854, 35.06205055948578], [135.7647874970454, 35.07764472102713], [135.75979749625753, 35.08401194629431], [135.7481555502385, 35.08812750478057], [135.74107527860133, 35.089161667576946], [135.74346250289227, 35.096286387306975], [135.74033444857605, 35.121856945941374], [135.74174778173483, 35.12411583787565], [135.7381458368609, 35.131854171332975], [135.7447008297795, 35.1378936134995], [135.74465500572398, 35.150096667227444]]]}, "properties": {"N03_001": "京都府", "N03_002": null, "N03_003": "京都市", "N03_004": "北区", "N03_007": "26101"}}, {"type": "Feature", "geometry": {"type": "Polygon", "coordinates": [[[135.73313722370392, 35.02242694634657], [135.74540277581752, 35.016130000399244], [135.7530755504963, 35.01761027909117], [135.7716280534919, 35.01669222506621], [135.77153221723813, 35.02919527913889], [135.7698122179596, 35.0326327748827], [135.76428888502414, 35.0374455588655], [135.75215555033844, 35.037563612870485], [135.74704389106273, 35.035458612924685], [135.73563416258662, 35.03460166693344], [135.73313722370392, 35.02242694634657]]]}, "properties": {"N03_001": "京都府", "N03_002": null, "N03_003": "京都市", "N03_004": "上京区", "N03_007": "26102"}}, {"type": "Feature", "geometry": {"type": "Polygon", "coordinates": [[[135.7698122179596, 35.0326327748827], [135.77153221723813, 35.02919527913889], [135.7716280534919, 35.01669222506621], [135.7717925026219, 35.00959138683311], [135.7844777818242, 35.01085389199358], [135.79070555102044, 35.00772833329597], [135.80072778206159, 35.00760110800479], [135.80458666684126, 35.0146208381812], [135.81514917009815, 35.01520694614368], [135.8202394416969, 35.012961946037024], [135.83546416264107, 35.01232861287525], [135.83451778177027, 35.022080558970686], [135.8264213877369, 35.02361361347755], [135.8281122175049, 35.02838055901566], [135.82461666692575, 35.035638333442364], [135.81541693874078, 35.042150837890915], [135.81590138733918, 35.047369171150365], [135.82698306111945, 35.05385305377547], [135.83485250224123, 35.05555389209849], [135.8358466667903, 35.06232972074008], [135.83189194575675, 35.07145555882704], [135.8383174965553, 35.07907861268785], [135.83983972772137, 35.08613694626314], [135.8350461082913, 35.091326946381514], [135.83789472076478, 35.09744389212199], [135.84293834003245, 35.10251500006723], [135.8432625024626, 35.10990333357205], [135.84981250234512, 35.120539721530974], [135.84960555035593, 35.12693889251591], [135.85229416264553, 35.134266946262585], [135.8487100000665, 35.141852225000264], [135.8526141630133, 35.14618027889679], [135.85615306091506, 35.15943694595836], [135.846813060974, 35.162386946200684], [135.84063027136995, 35.18006555907834], [135.8419080533141, 35.189839721126305], [135.83524055790554, 35.20221000019143], [135.8354941622258, 35.20669694630709], [135.8310869383116, 35.21041722487507], [135.83086416275103, 35.22276138672868], [135.8373519457358, 35.22595694595634], [135.83753221753784, 35.2375466674448], [135.84236027200905, 35.25319861312556], [135.84608916967954, 35.257112225249045], [135.8446672237135, 35.261307505037394], [135.84753472105058, 35.266665279079405], [135.85247861179857, 35.26895861324948], [135.854532217288, 35.275327504960444], [135.86075527853336, 35.28295999990411], [135.8585372239138, 35.28709666727741], [135.85168111459188, 35.28596777529265], [135.8496158368015, 35.280281946554624], [135.8417833326348, 35.27812444148981], [135.8346086114983, 35.27407944111337], [135.82962333305045, 35.27673527940965], [135.82005333239545, 35.291069999780746], [135.82140250252348, 35.29683500033502], [135.81496749625296, 35.30125750552952], [135.81124888502814, 35.313530279199085], [135.79518972722417, 35.32123889186141], [135.787693332981, 35.30797250492719], [135.77748250241564, 35.305116386711916], [135.7776791697579, 35.294490000113456], [135.78145472065887, 35.29003610857961], [135.7747561087075, 35.28408472083328], [135.77195416295433, 35.287965558963435], [135.76609639373362, 35.28953972148099], [135.7483299998297, 35.28667138687507], [135.73605610830282, 35.28773110840399], [135.7292022176083, 35.28358638670244], [135.73150722407922, 35.27794638741591], [135.72566555092453, 35.27170944153755], [135.7273488848432, 35.267766387408926], [135.7322388846169, 35.2661341709553], [135.7310305573144, 35.25826805372776], [135.7329708293404, 35.25533417113513], [135.72865527871818, 35.25112638717309], [135.73314833932443, 35.245713892082506], [135.7421927752764, 35.24312555869761], [135.7550038903173, 35.24440305375799], [135.76119555083403, 35.233172775103526], [135.7606552786183, 35.226594441180566], [135.7631980532476, 35.220923053755996], [135.76255555059822, 35.2149947210296], [135.75420444877636, 35.207409441392656], [135.75351194561983, 35.202412774829725], [135.75664778176974, 35.19602610801854], [135.77523333305191, 35.1787922251811], [135.77082027163829, 35.17279000055811], [135.77081111474126, 35.16221527911188], [135.77320306047295, 35.15715083784096], [135.76600444884627, 35.150900559513275], [135.7620527756152, 35.15132944080108], [135.7531688848362, 35.14693138727375], [135.74465500572398, 35.150096667227444], [135.7447008297795, 35.1378936134995], [135.7381458368609, 35.131854171332975], [135.74174778173483, 35.12411583787565], [135.74033444857605, 35.121856945941374], [135.74346250289227, 35.096286387306975], [135.74107527860133, 35.089161667576946], [135.7481555502385, 35.08812750478057], [135.75979749625753, 35.08401194629431], [135.7647874970454, 35.07764472102713], [135.77183138750854, 35.06205055948578], [135.76754167261015, 35.051208332898284], [135.75836472065544, 35.050106945778964], [135.7698122179596, 35.0326327748827]]]}, "properties": {"N03_001": "京都府", "N03_002": null, "N03_003": "京都市", "N03_004": "左京区", "N03_007": "26103"}}, {"type": "Feature", "geometry": {"type": "Polygon", "coordinates": [[[135.72681333226956, 35.022544440973206], [135.724032502598, 35.016042505357404], [135.72409027144897, 35.008533892025525], [135.73287916953814, 35.008272774768784], [135.73289055765315, 34.99640277506808], [135.7360999997153, 34.99852082957267], [135.74828167296096, 34.99859805435676], [135.74800111505942, 35.00380555887949], [135.77156888439652, 35.004000558878715], [135.7717925026219, 35.00959138683311], [135.7716280534919, 35.01669222506621], [135.7530755504963, 35.01761027909117], [135.74540277581752, 35.016130000399244], [135.73313722370392, 35.02242694634657], [135.72681333226956, 35.022544440973206]]]}, "properties": {"N03_001": "京都府", "N03_002": null, "N03_003": "京都市", "N03_004": "中京区", "N03_007": "26104"}}, {"type": "Feature", "geometry": {"type": "Polygon", "coordinates": [[[135.7717925026219, 35.00959138683311], [135.77156888439652, 35.004000558878715], [135.76804389091285, 34.99623082918947], [135.76780389063708, 34.98189527874416], [135.76464360551802, 34.97299055876732], [135.7810927759109, 34.97409582915924], [135.78783138790834, 34.971650279336984], [135.78727055808986, 34.984994999919365], [135.79054888462338, 34.99065194603054], [135.7908652787097, 34.998101107879904], [135.7868150056081, 35.00526638703417], [135.79070555102044, 35.00772833329597], [135.7844777818242, 35.01085389199358], [135.7717925026219, 35.00959138683311]]]}, "properties": {"N03_001": "京都府", "N03_002": null, "N03_003": "京都市", "N03_004": "東山区", "N03_007": "26105"}}, {"type": "Feature", "geometry": {"type": "Polygon", "coordinates": [[[135.73289055765315, 34.99640277506808], [135.72905250297072, 34.99379389217444], [135.72729083000786, 34.985768054452194], [135.73431111506602, 34.981467495528534], [135.74576916951162, 34.98498666680126], [135.7668094419023, 34.983920559186515], [135.76780389063708, 34.98189527874416], [135.76804389091285, 34.99623082918947], [135.77156888439652, 35.004000558878715], [135.74800111505942, 35.00380555887949], [135.74828167296096, 34.99859805435676], [135.7360999997153, 34.99852082957267], [135.73289055765315, 34.99640277506808]]]}, "properties": {"N03_001": "京都府", "N03_002": null, "N03_003": "京都市", "N03_004": "下京区", "N03_007": "26106"}}, {"type": "Feature", "geometry": {"type": "Polygon", "coordinates": [[[135.76780389063708, 34.98189527874416], [135.7668094419023, 34.983920559186515], [135.74576916951162, 34.98498666680126], [135.73431111506602, 34.981467495528534], [135.72729083000786, 34.985768054452194], [135.7185605578236, 34.98402027871293], [135.71536055774357, 34.98004861355275], [135.72192082968263, 34.97326694651241], [135.72202944170544, 34.96866805368779], [135.70493138797326, 34.96854916241398], [135.7051230604809, 34.96345361269414], [135.7099799993425, 34.9625230535961], [135.70955944131526, 34.955723892044034], [135.7174416725952, 34.9505761079011], [135.71833250234317, 34.942118613583204], [135.72487138750455, 34.94303389230032], [135.72403472032613, 34.94955305443], [135.73272167306686, 34.95133055905808], [135.73673500561608, 34.944924440810325], [135.7404155503374, 34.946231108079246], [135.74234666636562, 34.95288166745502], [135.75266888426165, 34.96166944139168], [135.7524938905807, 34.96721110790634], [135.7596536056294, 34.96707972145202], [135.76464360551802, 34.97299055876732], [135.76780389063708, 34.98189527874416]]]}, "properties": {"N03_001": "京都府", "N03_002": null, "N03_003": "京都市", "N03_004": "南区", "N03_007": "26107"}}, {"type": "Feature", "geometry": {"type": "Polygon", "coordinates": [[[135.74465500572398, 35.150096667227444], [135.7531688848362, 35.14693138727375], [135.7620527756152, 35.15132944080108], [135.76600444884627, 35.150900559513275], [135.77320306047295, 35.15715083784096], [135.77081111474126, 35.16221527911188], [135.77082027163829, 35.17279000055811], [135.77523333305191, 35.1787922251811], [135.75664778176974, 35.19602610801854], [135.75351194561983, 35.202412774829725], [135.75420444877636, 35.207409441392656], [135.76255555059822, 35.2149947210296], [135.7631980532476, 35.220923053755996], [135.7606552786183, 35.226594441180566], [135.76119555083403, 35.233172775103526], [135.7550038903173, 35.24440305375799], [135.7421927752764, 35.24312555869761], [135.73314833932443, 35.245713892082506], [135.72865527871818, 35.25112638717309], [135.7329708293404, 35.25533417113513], [135.7310305573144, 35.25826805372776], [135.7322388846169, 35.2661341709553], [135.7273488848432, 35.267766387408926], [135.7175733324434, 35.26532500054839], [135.7120102719565, 35.2610350005649], [135.70722055738293, 35.26137472126641], [135.6894172238259, 35.25521277524945], [135.65480693898905, 35.26317110806025], [135.65192306050085, 35.25999250554975], [135.6400130607542, 35.25803944156701], [135.62887194538405, 35.24536666743779], [135.62970944173742, 35.23599610853364], [135.62017500567208, 35.2331661084292], [135.61919749656727, 35.22549777550199], [135.60866861176703, 35.228333613105804], [135.59909944208562, 35.225040838064274], [135.58990221761337, 35.216405278880586], [135.59668250239565, 35.21211666745029], [135.59654167305985, 35.20254722527426], [135.59121167278056, 35.19517722534874], [135.58423055769413, 35.18970499998579], [135.5829522172711, 35.18529110849789], [135.57351333237443, 35.17130972096692], [135.57389722327832, 35.16902305437054], [135.56162999932508, 35.156561666787525], [135.56237805360433, 35.14823222513712], [135.55901333279917, 35.13693083798785], [135.56144944153857, 35.13260305388786], [135.56791555086204, 35.127591667221736], [135.57528722352663, 35.1325158385352], [135.57761306099405, 35.127690278783405], [135.59096610839924, 35.12417389181172], [135.59226416286094, 35.11677861284278], [135.59730944137766, 35.11006027875891], [135.60390027138044, 35.11226166714226], [135.61201778149552, 35.104908613142015], [135.61647778122472, 35.103879721272165], [135.61456333233195, 35.09738389205302], [135.60516416239625, 35.09266194589213], [135.59792277541578, 35.09434638687628], [135.5919413880847, 35.08407389249618], [135.5900958362539, 35.07710333275264], [135.59614972782776, 35.07123361334061], [135.5995886112255, 35.07067444097271], [135.6025274967467, 35.062939441302206], [135.60841722337625, 35.06651277514453], [135.6188150059079, 35.068184171462406], [135.62199666701258, 35.06459083849643], [135.61744221778417, 35.05547166708379], [135.61757888505758, 35.0420352795046], [135.62177639336596, 35.038033333271756], [135.62620194546344, 35.0395402795603], [135.63504306088862, 35.030933054417005], [135.63987277550825, 35.023440838423994], [135.6534308296691, 35.02912777512677], [135.6558661083343, 35.02146861348575], [135.6592647209901, 35.017497505005906], [135.66810221754338, 35.016190000468214], [135.67826972776584, 35.01137027911511], [135.6830541624197, 35.01296472134487], [135.68891722325134, 35.00830333283261], [135.6914850053288, 34.9981452789815], [135.7041091693028, 34.99884889236256], [135.70821722384585, 34.996969999965586], [135.71078194553047, 34.988041108010805], [135.71536055774357, 34.98004861355275], [135.7185605578236, 34.98402027871293], [135.72729083000786, 34.985768054452194], [135.72905250297072, 34.99379389217444], [135.73289055765315, 34.99640277506808], [135.73287916953814, 35.008272774768784], [135.72409027144897, 35.008533892025525], [135.724032502598, 35.016042505357404], [135.72681333226956, 35.022544440973206], [135.7222608300733, 35.027679720942444], [135.72221861139985, 35.03590666685926], [135.71084250227977, 35.042146666835265], [135.71398639365725, 35.047402224832865], [135.71069999930558, 35.0594336132707], [135.7036727759779, 35.063452224840375], [135.70041583622196, 35.06895972071459], [135.69430583684493, 35.07153333309691], [135.68988610875692, 35.080298891980306], [135.68520389104685, 35.07691972086849], [135.67658693883618, 35.07898305432457], [135.67723111422458, 35.083323053915876], [135.6684377815784, 35.083242225548304], [135.66747639372068, 35.08689333276112], [135.67299749633742, 35.09429333317087], [135.66353111466924, 35.098044721087035], [135.6609750057919, 35.09370000005504], [135.6556680533381, 35.09150305432257], [135.6501627760913, 35.10160666681429], [135.6544266669572, 35.10575472140334], [135.64922639388305, 35.10986417079488], [135.64973833925296, 35.11442305458036], [135.65979917009565, 35.11610777525368], [135.6704047203017, 35.12319638720356], [135.67428583632238, 35.129762225046704], [135.67549082983794, 35.1377261084732], [135.67258722382144, 35.141691946026526], [135.67293194565286, 35.158631108438954], [135.6746441630977, 35.164151387276775], [135.68965666652196, 35.1662261079486], [135.70579306080117, 35.165920838475984], [135.71364389045323, 35.16882250555426], [135.72026666707313, 35.168235000045286], [135.72407306022365, 35.17149333285107], [135.73086639326948, 35.16987417095629], [135.73439555061418, 35.1618402789058], [135.74164167252525, 35.15836389198006], [135.74465500572398, 35.150096667227444]]]}, "properties": {"N03_001": "京都府", "N03_002": null, "N03_003": "京都市", "N03_004": "右京区", "N03_007": "26108"}}, {"type": "Feature", "geometry": {"type": "Polygon", "coordinates": [[[135.76464360551802, 34.97299055876732], [135.7596536056294, 34.96707972145202], [135.7524938905807, 34.96721110790634], [135.75266888426165, 34.96166944139168], [135.74234666636562, 34.95288166745502], [135.7404155503374, 34.946231108079246], [135.73673500561608, 34.944924440810325], [135.73272167306686, 34.95133055905808], [135.72403472032613, 34.94955305443], [135.72487138750455, 34.94303389230032], [135.71833250234317, 34.942118613583204], [135.7138441622783, 34.93561749545108], [135.71460416225239, 34.929062225541315], [135.71419111442844, 34.91600749495001], [135.70652610899276, 34.90810722506842], [135.70317416305727, 34.898693333230824], [135.705489727569, 34.8946824954009], [135.71194527885166, 34.89320361335615], [135.7119419459641, 34.88725722494104], [135.71544167299487, 34.88278444134892], [135.7237397274066, 34.88039889249495], [135.732472217319, 34.87491555870611], [135.73270833971822, 34.878259999799184], [135.72871250258004, 34.88515472151323], [135.72258138802067, 34.88797555932467], [135.7214594415001, 34.889290279123145], [135.72009834006644, 34.89286000038874], [135.71595111465228, 34.89922972127465], [135.7195730604484, 34.89810222503769], [135.73196055793346, 34.90441305381944], [135.7402841629838, 34.90478861340381], [135.74771306040952, 34.91138500031758], [135.75306583691895, 34.90416722503744], [135.7609163940764, 34.9080847213329], [135.77612805326714, 34.91613610789511], [135.78983749660324, 34.91699333357553], [135.7922091698174, 34.93037694623911], [135.7976894414146, 34.93451305423412], [135.80749639364376, 34.93758777515575], [135.81083834001743, 34.93653144137295], [135.81431277541435, 34.929254162449695], [135.81813693826916, 34.926648053964584], [135.8294127756791, 34.92739222497124], [135.83014666653548, 34.93531055953474], [135.8446941629054, 34.93550389219092], [135.8499099996468, 34.93940722506346], [135.84711083010075, 34.94844694586993], [135.85191722350112, 34.95692555896744], [135.85946527839997, 34.957089441524545], [135.86262722366746, 34.950840279255544], [135.87844194573927, 34.9474341617572], [135.87542666640763, 34.95366527912938], [135.8648608293638, 34.95716527955403], [135.8634105574513, 34.96005416187012], [135.84651221796457, 34.9656616668525], [135.8407658369739, 34.96585749512735], [135.8360458369459, 34.969856945741526], [135.82902861138132, 34.965663612985395], [135.82073639356975, 34.96433722538268], [135.8176797274375, 34.95754861287821], [135.80481666665594, 34.95296500043446], [135.80178082972157, 34.95543389216044], [135.7935699996558, 34.950348892387524], [135.79051250254997, 34.95870444135693], [135.79128944125478, 34.96505833327552], [135.78783138790834, 34.971650279336984], [135.7810927759109, 34.97409582915924], [135.76464360551802, 34.97299055876732]]]}, "properties": {"N03_001": "京都府", "N03_002": null, "N03_003": "京都市", "N03_004": "伏見区", "N03_007": "26109"}}, {"type": "Feature", "geometry": {"type": "Polygon", "coordinates": [[[135.79070555102044, 35.00772833329597], [135.7868150056081, 35.00526638703417], [135.7908652787097, 34.998101107879904], [135.79054888462338, 34.99065194603054], [135.78727055808986, 34.984994999919365], [135.78783138790834, 34.971650279336984], [135.79128944125478, 34.96505833327552], [135.79051250254997, 34.95870444135693], [135.7935699996558, 34.950348892387524], [135.80178082972157, 34.95543389216044], [135.80481666665594, 34.95296500043446], [135.8176797274375, 34.95754861287821], [135.82073639356975, 34.96433722538268], [135.82902861138132, 34.965663612985395], [135.8360458369459, 34.969856945741526], [135.8407658369739, 34.96585749512735], [135.84651221796457, 34.9656616668525], [135.8634105574513, 34.96005416187012], [135.8522752786812, 34.9713474946912], [135.85675999987416, 34.980002224722966], [135.8550263938531, 34.984741667194214], [135.84911778146056, 34.98481249510064], [135.84926722360353, 34.99173389250518], [135.84230027194008, 34.98994194656365], [135.82747527896106, 34.99111916181994], [135.83257194563885, 34.99910082933985], [135.83655888488465, 35.00122638688828], [135.83268167282097, 35.009425279353195], [135.82409749640237, 35.00882417069897], [135.8202394416969, 35.012961946037024], [135.81514917009815, 35.01520694614368], [135.80458666684126, 35.0146208381812], [135.80072778206159, 35.00760110800479], [135.79070555102044, 35.00772833329597]]]}, "properties": {"N03_001": "京都府", "N03_002": null, "N03_003": "京都市", "N03_004": "山科区", "N03_007": "26110"}}, {"type": "Feature", "geometry": {"type": "Polygon", "coordinates": [[[135.71536055774357, 34.98004861355275], [135.71078194553047, 34.988041108010805], [135.70821722384585, 34.996969999965586], [135.7041091693028, 34.99884889236256], [135.6914850053288, 34.9981452789815], [135.68891722325134, 35.00830333283261], [135.6830541624197, 35.01296472134487], [135.67826972776584, 35.01137027911511], [135.66810221754338, 35.016190000468214], [135.6592647209901, 35.017497505005906], [135.6558661083343, 35.02146861348575], [135.6534308296691, 35.02912777512677], [135.63987277550825, 35.023440838423994], [135.63644972737313, 35.01912055916654], [135.64674500607725, 35.007476945804456], [135.64608944167446, 35.00141944075466], [135.6389969383581, 34.997882225484375], [135.6381858371068, 34.98077610843069], [135.64129416299534, 34.97564082936083], [135.6239674971024, 34.97438777517573], [135.6132636060306, 34.971195279038966], [135.61566666648355, 34.962804161882616], [135.61879250307163, 34.958816387166564], [135.61152306084068, 34.94389833324152], [135.61080138727425, 34.939740000300844], [135.60344805358488, 34.935820000292836], [135.60111111488607, 34.92971694638004], [135.61519944170095, 34.927624721303914], [135.62375027125813, 34.93490805446322], [135.63297306075822, 34.93462222473596], [135.64315972743952, 34.92971361349254], [135.65404389031335, 34.93411305377447], [135.65927500563703, 34.93293833323753], [135.67461250246504, 34.94569082956821], [135.67990138753908, 34.944486108547096], [135.69496749685254, 34.946678054049016], [135.68312221771623, 34.964230278904324], [135.6928674971374, 34.96836249463348], [135.7051230604809, 34.96345361269414], [135.70493138797326, 34.96854916241398], [135.72202944170544, 34.96866805368779], [135.72192082968263, 34.97326694651241], [135.71536055774357, 34.98004861355275]]]}, "properties": {"N03_001": "京都府", "N03_002": null, "N03_003": "京都市", "N03_004": "西京区", "N03_007": "26111"}}, {"type": "Feature", "geometry": {"type": "Polygon", "coordinates": [[[136.81521786011626, 35.531725225738626], [136.81207924775913, 35.51258441413944], [136.7995853047181, 35.484982775334856], [136.77835946801508, 35.489798306746536], [136.747317860331, 35.510406586195074], [136.73682228282212, 35.507934919161244], [136.71776927383303, 35.520536532634935], [136.6967751879247, 35.54300005410926], [136.68321433237566, 35.53774786497206], [136.68971622572326, 35.5263103870148], [136.68286535675088, 35.51562572164977], [136.69674338519917, 35.50904797318549], [136.692269300288, 35.49832258651821], [136.69806136234206, 35.48275746858235], [136.68307939000192, 35.47546055925744], [136.6980841115925, 35.46290780235324], [136.69843325628983, 35.44726117166579], [136.69887155617744, 35.42158397322186], [136.69321430609546, 35.41160372163449], [136.7058620493941, 35.39035455921561], [136.69058477296892, 35.366790694734846], [136.68841919558952, 35.352340135389], [136.7110378339289, 35.351284333105525], [136.72898338537505, 35.356574613028044], [136.7447003628315, 35.36355155975673], [136.76284260680097, 35.37850322494393], [136.76890457788397, 35.3931568026444], [136.78605610890236, 35.39998522543783], [136.80360702974065, 35.387114747947294], [136.81295211354927, 35.387406802781754], [136.81762632909192, 35.418516468460325], [136.8227299736095, 35.42676480205404], [136.86021282706042, 35.434306441189335], [136.8817870818084, 35.44465972166887], [136.8854579507239, 35.45736166710731], [136.85092063597858, 35.46924974857711], [136.83760033738577, 35.46335419793792], [136.84357007759706, 35.4997044685864], [136.840440920712, 35.51237305457289], [136.82627481153338, 35.53058858609444], [136.81521786011626, 35.531725225738626]]]}, "properties": {"N03_001": "岐阜県", "N03_002": null, "N03_003": null, "N03_004": "岐阜市", "N03_007": "21201"}}, {"type": "Feature", "geometry": {"type": "Polygon", "coordinates": [[[137.38514722406524, 34.990747224704705], [137.37511472096764, 34.9979013873392], [137.37656834015684, 35.00144027894578], [137.37075944189485, 35.0154625046909], [137.35487167328915, 35.01431250471836], [137.3475827760244, 35.01531110832104], [137.3457547214033, 35.00930305429256], [137.3285522177107, 35.017420279322494], [137.31955778226586, 35.01551917097299], [137.31534639382107, 35.02040722461379], [137.30880693938877, 35.01619833268694], [137.3000258375224, 35.016727775266645], [137.296036394564, 35.01881333276913], [137.28911082970114, 35.01795527881313], [137.28237610907024, 35.020879440633735], [137.27331944233845, 35.028429440766104], [137.2703061091397, 35.028078054058994], [137.2664905581928, 35.0195038915914], [137.26151944226854, 35.01679999982019], [137.25560693940884, 35.028171945978556], [137.24259277633564, 35.02893583821839], [137.23702722382734, 35.03927417106621], [137.22544277596342, 35.04012472107905], [137.21762834007586, 35.03767500020115], [137.21246527914934, 35.04148555901139], [137.20776917051091, 35.0330297212447], [137.1991130609191, 35.034290278473634], [137.19276472141485, 35.03825805406598], [137.18575833987552, 35.03132138707241], [137.17727527873114, 35.03490138668968], [137.17050416343648, 35.03485889192439], [137.15975250307565, 35.026223053950844], [137.16039500572504, 35.01674250526247], [137.1661013884684, 35.0029511076076], [137.16020555094553, 34.996538053788186], [137.14788221828985, 34.992497774852495], [137.14274083012526, 34.99248416181467], [137.14086194582217, 34.997893612700125], [137.1297813881007, 34.998988891624094], [137.12296082987848, 34.99060999985164], [137.11636749706236, 34.991346945705004], [137.11910250357778, 34.98173222446263], [137.1250161090063, 34.97731694622013], [137.1153797284917, 34.96975749511239], [137.11995277570009, 34.96451305363456], [137.11667722447442, 34.96135027919206], [137.11646250324202, 34.95635333294001], [137.10576319151812, 34.943853720572804], [137.10859610902332, 34.93543194552791], [137.11162055784257, 34.93668916177546], [137.11510583726465, 34.929776666759835], [137.11922834031577, 34.927094161766206], [137.11089027236824, 34.91977805371425], [137.1054855510174, 34.91171527903697], [137.10798805400555, 34.90410472125592], [137.11478693946572, 34.89996861326097], [137.112896394553, 34.895846107511886], [137.11521250315457, 34.89076249449357], [137.11284610896087, 34.88784249473542], [137.10633500655535, 34.88718555886652], [137.10309138845685, 34.878852224950265], [137.11729111519287, 34.879888332980215], [137.12856194607707, 34.88950222504769], [137.13781834054407, 34.89051555864614], [137.1535866674908, 34.88682110770799], [137.1581602722788, 34.889163892000056], [137.1617986118165, 34.9003669454782], [137.1671208302622, 34.90565694571154], [137.17699472082973, 34.9097136129929], [137.1929230614502, 34.90540361298639], [137.19579639448807, 34.90085444097974], [137.20313221837728, 34.89903472127543], [137.20826194593212, 34.89239166674207], [137.20235610884743, 34.890670558599425], [137.20066917044596, 34.8846416672792], [137.20370749670371, 34.880697774982366], [137.2108125032945, 34.87786638722406], [137.20971167285552, 34.87208749484205], [137.21214194589413, 34.867636946088226], [137.22562555147806, 34.87010582882101], [137.23233555154457, 34.864604999621065], [137.23877500586184, 34.86675889210926], [137.2563497281575, 34.8609788917625], [137.25615666709655, 34.86931944093948], [137.2627452793712, 34.87555555854226], [137.26306138837242, 34.88177138654032], [137.26827416292235, 34.885251386942], [137.27435167339104, 34.88502889196985], [137.27852000049768, 34.88134110770602], [137.29145333340466, 34.8823588920493], [137.29684250277933, 34.88628749497195], [137.30347360622204, 34.877739721311116], [137.31282944232498, 34.88382138664775], [137.33557221858314, 34.89110222508765], [137.35002555143808, 34.89828166676557], [137.35208972845828, 34.89159555898789], [137.35850610886985, 34.89116999979569], [137.36094555139618, 34.88576749527374], [137.3668105583606, 34.889578054083984], [137.37722888500514, 34.8934469456201], [137.38228639430167, 34.88789333251134], [137.38851138819007, 34.886952774750796], [137.39401221828928, 34.88333833289778], [137.40450444942087, 34.89404444079838], [137.4036613880627, 34.90210082849052], [137.41164639386602, 34.90731194558987], [137.42054610911566, 34.909745828507255], [137.42105749690597, 34.915709161948314], [137.41712333347516, 34.92349666673783], [137.41116500655983, 34.92765722460126], [137.41241555073714, 34.9305274945483], [137.4096230613552, 34.93765138690202], [137.41263027196953, 34.94220333331725], [137.40342917051987, 34.94858444051954], [137.40208749714031, 34.95148472084327], [137.40804333293352, 34.95821305358959], [137.40245805379618, 34.95922805363182], [137.39178250306009, 34.965945000061765], [137.40024693924488, 34.97577916217864], [137.40555944231448, 34.97878749514683], [137.40035111491204, 34.982022495042145], [137.39060555130516, 34.982888892008816], [137.38514722406524, 34.990747224704705]]]}, "properties": {"N03_001": "愛知県", "N03_002": null, "N03_003": null, "N03_004": "岡崎市", "N03_007": "23202"}}, {"type": "Feature", "geometry": {"type": "Polygon", "coordinates": [[[136.85786666671333, 35.23056083811224], [136.85084722431998, 35.237879171086945], [136.84363888472683, 35.237306945958835], [136.83918999971877, 35.246102505326405], [136.84318416321867, 35.25176944110689], [136.83677194576876, 35.25064055901464], [136.8290352787552, 35.24320917046691], [136.82980055774965, 35.23661527917187], [136.83844444915212, 35.22947110800527], [136.8349633326917, 35.222355278973], [136.82615472146324, 35.22196166729714], [136.82274027174617, 35.21534361301735], [136.82297917035248, 35.2041244409902], [136.83663861228217, 35.20465138705191], [136.8377350063655, 35.197462505190515], [136.84380000007002, 35.19389333251132], [136.84597000031533, 35.18895499957364], [136.84439610939296, 35.18257166654922], [136.84798055795648, 35.18055805391111], [136.85630055852403, 35.18817166668913], [136.8659297282744, 35.19166110817366], [136.8698408303901, 35.19400166664366], [136.8789713881191, 35.20721277494965], [136.8785416731597, 35.2093363872645], [136.86837333286303, 35.21191222456957], [136.86568555154702, 35.20689444102567], [136.86018972797365, 35.207972224538594], [136.86464221836377, 35.21332861272538], [136.86035722400675, 35.21522694576697], [136.85636527913437, 35.221095559012895], [136.85786666671333, 35.23056083811224]]]}, "properties": {"N03_001": "愛知県", "N03_002": null, "N03_003": null, "N03_004": "清須市", "N03_007": "23233"}}, {"type": "Feature", "geometry": {"type": "Polygon", "coordinates": [[[137.11636749706236, 34.991346945705004], [137.11210693908401, 35.00206305406675], [137.10072221805603, 35.0087802792865], [137.09437527879618, 35.00743194552791], [137.08505610895236, 35.0098305588333], [137.0847919456918, 35.00556333328126], [137.07888138806572, 35.00053610775524], [137.07006666684322, 34.99729472087472], [137.07239111485808, 34.986008332618496], [137.06401221768976, 34.9846766668947], [137.06041055790104, 34.9798722250232], [137.0458294421751, 34.980620279302514], [137.04819944175085, 34.97376194595711], [137.0425436063025, 34.968347225044454], [137.04683972797113, 34.96051638732149], [137.0424627761363, 34.95907166692393], [137.03582472093422, 34.96283666697866], [137.0292677818827, 34.960337495079386], [137.01052167283694, 34.947389999648806], [137.012353606234, 34.94420777466911], [137.0120947210945, 34.93565249526648], [137.0168522183552, 34.931104720806275], [137.0242122178197, 34.931734721080545], [137.03181666740534, 34.9371858285632], [137.03368277593938, 34.933731666583185], [137.0325388850615, 34.92766166725221], [137.03486167292795, 34.92119694558261], [137.01882360602463, 34.911226946266595], [137.01331972812307, 34.90492361333412], [137.01634250330392, 34.89432833248662], [137.02222027254766, 34.89451555874609], [137.02813500572597, 34.89069805357235], [137.03655749753057, 34.89016222490682], [137.04043416280638, 34.8961288921347], [137.04628027231672, 34.89459361270514], [137.04839555151352, 34.90060277469837], [137.06010555103046, 34.9078338923203], [137.06304888549778, 34.913840828491516], [137.06751306077922, 34.91270055918352], [137.06677527945567, 34.90607777446979], [137.0628986123811, 34.90014749471118], [137.0647258369279, 34.88889944095649], [137.08949277577108, 34.89034555890049], [137.0978072239243, 34.89409333334072], [137.10591277575406, 34.900428891680065], [137.10798805400555, 34.90410472125592], [137.1054855510174, 34.91171527903697], [137.11089027236824, 34.91977805371425], [137.11922834031577, 34.927094161766206], [137.11510583726465, 34.929776666759835], [137.11162055784257, 34.93668916177546], [137.10859610902332, 34.93543194552791], [137.10576319151812, 34.943853720572804], [137.11646250324202, 34.95635333294001], [137.11667722447442, 34.96135027919206], [137.11995277570009, 34.96451305363456], [137.1153797284917, 34.96975749511239], [137.1250161090063, 34.97731694622013], [137.11910250357778, 34.98173222446263], [137.11636749706236, 34.991346945705004]]]}, "properties": {"N03_001": "愛知県", "N03_002": null, "N03_003": null, "N03_004": "安城市", "N03_007": "23212"}}, {"type": "Feature", "geometry": {"type": "Polygon", "coordinates": [[[137.13781834054407, 34.89051555864614], [137.13967944255228, 34.882419440704666], [137.13476416283595, 34.88243749459474], [137.13707444922647, 34.87480389168633], [137.13268111534126, 34.869606946103715], [137.12262000031285, 34.87071194579971], [137.11517583689545, 34.86988889165906], [137.11200306109242, 34.86485361270411], [137.11517306068822, 34.859910559225], [137.12234027248564, 34.85900110811468], [137.12700055842913, 34.85347166698392], [137.12139944223054, 34.84594610772672], [137.1131391701366, 34.85362444111513], [137.10468250319502, 34.85178555865667], [137.10171000011644, 34.84268805371079], [137.11722722375748, 34.83871333265421], [137.12398749682563, 34.844395000229156], [137.12793221829725, 34.84247555919973], [137.1350416729349, 34.83432861247553], [137.14635167289146, 34.82827249507966], [137.1477069395237, 34.82337361270214], [137.15540111536927, 34.82498582913274], [137.16369416325506, 34.81495833256105], [137.1704266670571, 34.82151472122746], [137.179000830424, 34.82608999965379], [137.1800313878383, 34.82292916235099], [137.1869269387273, 34.822925828564166], [137.19959972814502, 34.82517082867088], [137.191746108796, 34.83273500032004], [137.19158888481923, 34.83532666659244], [137.19799555075417, 34.8414988918604], [137.19295444868897, 34.8481811082716], [137.1970905584825, 34.85310861247257], [137.2055055508406, 34.85641666699564], [137.20439805372723, 34.86109305350169], [137.21214194589413, 34.867636946088226], [137.20971167285552, 34.87208749484205], [137.2108125032945, 34.87786638722406], [137.20370749670371, 34.880697774982366], [137.20066917044596, 34.8846416672792], [137.20235610884743, 34.890670558599425], [137.20826194593212, 34.89239166674207], [137.20313221837728, 34.89903472127543], [137.19579639448807, 34.90085444097974], [137.1929230614502, 34.90540361298639], [137.17699472082973, 34.9097136129929], [137.1671208302622, 34.90565694571154], [137.1617986118165, 34.9003669454782], [137.1581602722788, 34.889163892000056], [137.1535866674908, 34.88682110770799], [137.13781834054407, 34.89051555864614]]]}, "properties": {"N03_001": "愛知県", "N03_002": null, "N03_003": "額田郡", "N03_004": "幸田町", "N03_007": "23501"}}, {"type": "Feature", "geometry": {"type": "Polygon", "coordinates": [[[135.44469666651798, 34.768529162790685], [135.44321583654164, 34.77262027950235], [135.43634666636558, 34.77157638694075], [135.42172610907278, 34.76775249568118], [135.41622360533518, 34.76245889276373], [135.41694722323587, 34.75800610829532], [135.405748339914, 34.7637950002391], [135.39851082991095, 34.76094082905604], [135.39205389097435, 34.76524110829058], [135.38962444890922, 34.770824162505164], [135.38399916972594, 34.76873527930974], [135.38283500543128, 34.77384666699015], [135.37889444871985, 34.778830278994235], [135.3734499998177, 34.78122972147452], [135.37431333279415, 34.76656833316207], [135.37335194583568, 34.757299162026754], [135.376727496277, 34.74547527956054], [135.3800716729694, 34.739810279121116], [135.37961722395573, 34.730875000181186], [135.38391888454896, 34.72377361336163], [135.38417916993285, 34.72116416209644], [135.37848749650084, 34.70629889208027], [135.37243413642636, 34.69360619796771], [135.37375452645028, 34.69301789206213], [135.36850374745006, 34.683160153318454], [135.37123083003883, 34.68077194606849], [135.37672099867518, 34.685679666983106], [135.37532066072004, 34.687441946088995], [135.37760817088042, 34.69266094664545], [135.38165680901454, 34.69111380246005], [135.38930671843036, 34.69191569465363], [135.39602795102917, 34.700320198218606], [135.40013182822133, 34.69755074856823], [135.39266177691957, 34.68820653260542], [135.3820022440084, 34.68227174814274], [135.3755908296531, 34.679908054613065], [135.37618111496658, 34.676569441126844], [135.39196795086036, 34.68003691037518], [135.406353449652, 34.697598387455685], [135.4128647202307, 34.70199666761215], [135.42456583624437, 34.70589666759719], [135.42957888485773, 34.71134722559401], [135.44581277553925, 34.718086387077165], [135.44810610880995, 34.721688892228656], [135.4456355506402, 34.730033613360604], [135.4489869389961, 34.734097225206824], [135.45933444852608, 34.733487495651445], [135.4601683394974, 34.7478850003925], [135.459352217331, 34.752031946117484], [135.4500694412518, 34.76003277549222], [135.45040888496214, 34.76632249538693], [135.44469666651798, 34.768529162790685]]]}, "properties": {"N03_001": "兵庫県", "N03_002": null, "N03_003": null, "N03_004": "尼崎市", "N03_007": "28202"}}]}