{"type": "FeatureCollection", "features": [{"type": "Feature", "geometry": {"type": "Polygon", "coordinates": [[[135.557074163342, 34.66427166720371], [135.56114333299843, 34.643550828607886], [135.57468416334348, 34.632181387061394], [135.5888741630123, 34.632433891510914], [135.58520834019282, 34.63934722469469], [135.59591666762014, 34.64172138723228], [135.59449500673918, 34.650621107877896], [135.62553221853716, 34.650305559154276], [135.62548194643477, 34.644656946161206], [135.66428722417606, 34.64327582851672], [135.6642636061805, 34.64997694597935], [135.67115472161322, 34.66106222514162], [135.6710536063389, 34.666919720968394], [135.6787047217456, 34.67775944114533], [135.67309805403204, 34.6901461076568], [135.67313555126475, 34.70008055857096], [135.66337250303866, 34.69887833316858], [135.65279111491805, 34.702584999598116], [135.6178358375539, 34.700983612803554], [135.6078694427207, 34.69820110769501], [135.59499389125517, 34.703499441046404], [135.58483666719113, 34.69861944077071], [135.57952027214287, 34.689664721249926], [135.56563778215798, 34.6877516672057], [135.56340138767644, 34.678022224986115], [135.56220277663692, 34.6679138918127], [135.557074163342, 34.66427166720371]]]}, "properties": {"N03_001": "大阪府", "N03_002": null, "N03_003": null, "N03_004": "東大阪市", "N03_007": "27227"}}, {"type": "Feature", "geometry": {"type": "Polygon", "coordinates": [[[135.57683444955023, 34.593072494599994], [135.5846950062696, 34.58843777458367], [135.60115610976675, 34.583486945566165], [135.60843693921345, 34.58871610756239], [135.61896917039098, 34.59292166660168], [135.62517333328276, 34.599811666874984], [135.6409905581678, 34.599578891752515], [135.6517925032215, 34.606809999481925], [135.65679583735812, 34.61173666641406], [135.6631961091132, 34.62952082912301], [135.66428722417606, 34.64327582851672], [135.62548194643477, 34.644656946161206], [135.62553221853716, 34.650305559154276], [135.59449500673918, 34.650621107877896], [135.59591666762014, 34.64172138723228], [135.58520834019282, 34.63934722469469], [135.5888741630123, 34.632433891510914], [135.57468416334348, 34.632181387061394], [135.5751819461899, 34.61823582942003], [135.58692972802464, 34.60913972112127], [135.57683444955023, 34.593072494599994]]]}, "properties": {"N03_001": "大阪府", "N03_002": null, "N03_003": null, "N03_004": "八尾市", "N03_007": "27212"}}, {"type": "Feature", "geometry": {"type": "Polygon", "coordinates": [[[138.3986971076854, 35.20026994580144], [138.39684627773363, 35.20505272030687], [138.39429325622882, 35.20781327836016], [138.39305379979305, 35.213629107697216], [138.3906732808473, 35.21990105339097], [138.39179691269737, 35.22482494591458], [138.39089274960077, 35.228832440964425], [138.38899805431686, 35.23277963916905], [138.38820167316874, 35.237312134147714], [138.38671197138046, 35.2395193600305], [138.38561839217516, 35.24464519801751], [138.38615228280162, 35.24624353161374], [138.38250978030214, 35.24955325168128], [138.38092647167935, 35.252990440756264], [138.37821396889956, 35.25393710761148], [138.37731399484505, 35.256389891580284], [138.3745307001318, 35.2600185049501], [138.37355569384022, 35.26332294599723], [138.371341284173, 35.26527655856637], [138.36898185522853, 35.268683197671464], [138.36703185523595, 35.27018819782711], [138.3692660571828, 35.276678467437364], [138.36670442287084, 35.28051235915808], [138.36769447482027, 35.286457612628794], [138.3667645011808, 35.290320386976305], [138.36944230901543, 35.29577677437868], [138.37081119318213, 35.296261224775776], [138.37247869003954, 35.29941094555875], [138.37059486396186, 35.30476508094381], [138.368214059931, 35.30644008084511], [138.36759852075522, 35.309543693386786], [138.36467077783425, 35.312025918461416], [138.35946605671325, 35.31337783781703], [138.35761500642752, 35.31775699928613], [138.355832192202, 35.31642922492881], [138.35272389059514, 35.316537837851], [138.34999469459956, 35.31525033243696], [138.34337333261328, 35.3179945048426], [138.34021335865964, 35.321832531646066], [138.33528505765935, 35.326534467891406], [138.33243061038445, 35.32628808063049], [138.32803949422737, 35.3276722514733], [138.32446199742333, 35.32720808078835], [138.3189555510579, 35.32412450424255], [138.31346219162685, 35.32261089127968], [138.31127966292615, 35.31958810800484], [138.30898075206017, 35.31849397301852], [138.30514905288658, 35.31798953159165], [138.3029315297664, 35.31663341330142], [138.2964523353071, 35.316508134143135], [138.2940714791156, 35.311971504981045], [138.28985224408586, 35.30946927898407], [138.2852671981227, 35.30427486499309], [138.2816896887282, 35.304867918419745], [138.27640744514758, 35.30741874737737], [138.27554608258572, 35.30996569396166], [138.26979022004264, 35.31439735965046], [138.2618471343378, 35.31509905387827], [138.25791655020873, 35.31647127902636], [138.25480350198006, 35.319817386563216], [138.25502325581863, 35.32418433254094], [138.25153603116303, 35.325943774285804], [138.25203522684433, 35.32926125190528], [138.24873741919657, 35.33160238684076], [138.25034328101765, 35.33383819767471], [138.25256053164333, 35.33429041367168], [138.2569794683278, 35.33859097259534], [138.25392143972272, 35.345420945820024], [138.25514119291176, 35.348469558523334], [138.25396289217383, 35.352555107532226], [138.2510023608703, 35.358352612283284], [138.25125571967578, 35.36352899936389], [138.24675988286242, 35.36714761227256], [138.24272875542783, 35.36585122425464], [138.23729263334837, 35.37001538660087], [138.2320170816231, 35.37122483715655], [138.23286766491083, 35.37285538626713], [138.2328546427276, 35.37665594551555], [138.2342932810102, 35.37992455847166], [138.23619664126204, 35.38167758535235], [138.23685442339297, 35.384270918967786], [138.2401175226056, 35.388135918238106], [138.2459370301699, 35.39106980173], [138.24743983058374, 35.394803386667036], [138.24644569391376, 35.399798666475306], [138.25081655014378, 35.40261255882257], [138.25205571969582, 35.40434117090837], [138.25809771683623, 35.40739422446393], [138.25821581131072, 35.4124395047794], [138.25761552463678, 35.41478505358742], [138.25926778158293, 35.4218875312846], [138.25944367098873, 35.4310833600091], [138.25730172509464, 35.43705780187611], [138.25523258111878, 35.441210585999784], [138.2553342539727, 35.444576972349466], [138.24830538308697, 35.4471847472783], [138.2456084700549, 35.453052251660154], [138.24433930001874, 35.4541233595055], [138.2440684700839, 35.45897558595459], [138.24628544731559, 35.46347808044908], [138.2534826721876, 35.46596169317763], [138.25520516168888, 35.468908080843335], [138.25550878090553, 35.47278225139985], [138.25788075179537, 35.476017531883656], [138.25859130974118, 35.47981613420728], [138.25858797685373, 35.48513172015282], [138.2597929703694, 35.489168945890185], [138.25890994763608, 35.493223945828504], [138.25936077777772, 35.499905053375585], [138.2602488331172, 35.505899774954685], [138.26173355446008, 35.50683338635173], [138.2668952268333, 35.51297033301449], [138.26897632909436, 35.51412533231826], [138.264680532081, 35.519953666728384], [138.26314024612554, 35.523470053700066], [138.26259163359703, 35.52713394567513], [138.26105858628478, 35.52941866613861], [138.25734830098338, 35.53084866643286], [138.25820691341835, 35.5330056130187], [138.25758136209026, 35.53512061252627], [138.26007527925083, 35.54289561224277], [138.26020138758406, 35.54612838631601], [138.25948221773024, 35.55297866623249], [138.25669111510297, 35.554625891471744], [138.25204749719433, 35.55569366642959], [138.25034111545017, 35.55845202653984], [138.24639224360726, 35.56082008088208], [138.24444891118833, 35.56346174766156], [138.24515391671991, 35.569315639904914], [138.24183280224213, 35.57312646761244], [138.24046085588384, 35.5763167478197], [138.24117058375555, 35.580005639148965], [138.24051335920421, 35.582666467783326], [138.2387908562131, 35.58347535940038], [138.23943335886247, 35.58660591832853], [138.24357807966476, 35.59152425124324], [138.24173810632863, 35.59897230602718], [138.2406356157411, 35.6051078641367], [138.23567561633672, 35.606186467831265], [138.23509311285693, 35.60832953158268], [138.23625422844998, 35.61272897276393], [138.2340875619915, 35.61497008060479], [138.2365970041485, 35.618975080935286], [138.23608005225265, 35.62227146765417], [138.23307866384937, 35.62294063969881], [138.23147282720925, 35.62459897246464], [138.22888369612576, 35.625203134317246], [138.22832452735508, 35.627210386949855], [138.2306086902389, 35.63560122441703], [138.23199092124412, 35.63713677454257], [138.23231535706816, 35.64009733282569], [138.23079955875266, 35.643465386518415], [138.22809871568325, 35.64593983785329], [138.218670661322, 35.64454930520634], [138.21507289200042, 35.63933763952048], [138.21122121888425, 35.63521541346063], [138.20755344993188, 35.6330570810195], [138.20344208768222, 35.632180972274114], [138.20290510968312, 35.62613153144508], [138.20293511016723, 35.61937041391354], [138.20240455332748, 35.61821597218943], [138.20504622640226, 35.61337180186723], [138.2060553574688, 35.608396504994744], [138.20192428028133, 35.60381510758123], [138.20042980489166, 35.599562612924274], [138.195957860367, 35.5954904134519], [138.19462119261402, 35.592357639493514], [138.1946303630009, 35.58862205356496], [138.19215341065149, 35.584601224267146], [138.18892286599748, 35.5805589991985], [138.18949063588423, 35.5767809454843], [138.1843989748329, 35.573091774465865], [138.18228119282287, 35.57459761278966], [138.17840007770144, 35.57484874757171], [138.17284175124587, 35.5816018017818], [138.16738286642624, 35.58290708049742], [138.16205036333372, 35.58129489194573], [138.16086313862297, 35.57999683748409], [138.16009868970286, 35.576127918968325], [138.15597092112114, 35.572487080214614], [138.1518103632577, 35.57095986500582], [138.15095922239027, 35.56629374785825], [138.14855255475663, 35.56279986462209], [138.14613089542456, 35.557015413530564], [138.14414058422062, 35.55467541353954], [138.14817644568643, 35.55427733223314], [138.1512647733507, 35.55278066699424], [138.15421394261944, 35.55348038631081], [138.15602616107856, 35.551750945949436], [138.15617756194501, 35.54844510735586], [138.15891311344944, 35.5466342783493], [138.15942450123976, 35.544932332960855], [138.1548878082258, 35.53947980185143], [138.15148808041067, 35.536202026602325], [138.14794114077108, 35.5347531342498], [138.14696085635853, 35.529602026212615], [138.14276610896877, 35.527075359340415], [138.14213916998676, 35.525520080787146], [138.13833221835728, 35.522211747474216], [138.14633002601, 35.51864283739707], [138.14628250313513, 35.51377922463155], [138.14384167295486, 35.51046810791689], [138.14334138819459, 35.50632922461409], [138.1409413881346, 35.504365891272926], [138.13950027221983, 35.501339197745835], [138.14018082968164, 35.49973335930713], [138.14432250268146, 35.50063919784077], [138.14856000024383, 35.49997974746742], [138.1535791957234, 35.496083639748235], [138.15798891075974, 35.494294467315854], [138.16227280164856, 35.494632251777034], [138.16462364476547, 35.493871693324024], [138.16311474694805, 35.49149419789899], [138.16082391738996, 35.48983697219853], [138.15832252866187, 35.486301134689654], [138.1587655769698, 35.48286335925667], [138.15640114060022, 35.47690530573533], [138.15678391724407, 35.47279417101424], [138.16040364531204, 35.47083499973547], [138.16024780808993, 35.46779777424791], [138.15767863835856, 35.46327750465315], [138.15691306078918, 35.459980837345825], [138.15142108901216, 35.45870833262353], [138.1483291442746, 35.46023138666919], [138.1460327497117, 35.45934805366977], [138.14101910484783, 35.458994720829764], [138.1395101953393, 35.45726999921112], [138.1352704674582, 35.45443472098566], [138.13157461717492, 35.45334027843114], [138.1219279124433, 35.456393053196905], [138.11978513557563, 35.45339389151491], [138.120466809096, 35.451507504168035], [138.11934289216083, 35.44597861252299], [138.12094980528934, 35.44422750479555], [138.12296230906338, 35.43994250414329], [138.12396255482815, 35.43566083727785], [138.1202086380183, 35.431444440508585], [138.12152082982254, 35.42855666615725], [138.12899834010136, 35.427261387003455], [138.13257916979296, 35.426009440783105], [138.13688941621365, 35.42350141325966], [138.13982552462835, 35.42260363984616], [138.13862299615437, 35.419965026265004], [138.13903325607998, 35.41648002653204], [138.13770046710295, 35.414673639277055], [138.13511158243364, 35.414040864594256], [138.1343332174041, 35.41219253116043], [138.13487958522478, 35.407746134576485], [138.13939316476285, 35.4057733592532], [138.14437649797708, 35.40607477423151], [138.149751440077, 35.39937089135361], [138.15254807983013, 35.39798394520295], [138.15256583694384, 35.39477313437271], [138.15117717308817, 35.389967026956754], [138.1477735539064, 35.387548134838596], [138.14570350161534, 35.38363925135042], [138.1435848382697, 35.375644251381175], [138.1416120233763, 35.373219801452706], [138.1411436708438, 35.36949261249413], [138.1381600521447, 35.36874566617962], [138.13501586309167, 35.36674038665956], [138.1292972756488, 35.36528813443988], [138.1240181446217, 35.36804730573863], [138.11514258066563, 35.3648739453763], [138.10984255479013, 35.36100450435447], [138.10718924808543, 35.36038033258632], [138.10556422800676, 35.35752533222836], [138.10006144008344, 35.3540267203569], [138.0969914397033, 35.35426950493377], [138.09377418882787, 35.34997033276471], [138.09627335892844, 35.348328107756004], [138.09660167262916, 35.34438535939688], [138.09579357961013, 35.34271508093627], [138.0963335541503, 35.339942305592956], [138.0933283013601, 35.339835918492895], [138.08748386458876, 35.33800035992874], [138.08580228344874, 35.330048197366466], [138.08340744459792, 35.32679102648473], [138.08295961099736, 35.32481463948409], [138.08625949428028, 35.32148608041831], [138.08892221778615, 35.31771389118319], [138.0925269388672, 35.314306666619416], [138.0968450057925, 35.31192138666273], [138.09825555105294, 35.3094722242638], [138.09820610902477, 35.30446777496792], [138.1136458371857, 35.30096444075639], [138.11507167271964, 35.29810277462343], [138.1176122179296, 35.29708333282957], [138.1203305582087, 35.29447555880006], [138.12650639425476, 35.293143054008794], [138.12930888499716, 35.29070110776996], [138.13153917039642, 35.28718194549043], [138.13462167315174, 35.28607999989214], [138.13723916975198, 35.28375527848334], [138.13604250305912, 35.28212889143526], [138.1358530608701, 35.27588499919341], [138.13748888540385, 35.271776945549675], [138.13735972836878, 35.269226107598854], [138.1384619464617, 35.267442224978765], [138.143654163409, 35.26498417098276], [138.14558693868628, 35.26343472093566], [138.14603500611065, 35.26072638651357], [138.1446230606058, 35.2572555582974], [138.14574250341389, 35.25627889185745], [138.15295805377127, 35.257311945789695], [138.1576933332808, 35.2561094406982], [138.1616155510169, 35.25638805336604], [138.177797496857, 35.25994972030338], [138.17840888476223, 35.255796666383105], [138.183384162749, 35.25227083742925], [138.1833425034538, 35.24992722486161], [138.18668555059776, 35.24861417060754], [138.19018999996854, 35.24924389119269], [138.19432722402223, 35.24902583797211], [138.19771082969112, 35.24534944092403], [138.19918333284465, 35.24247972046277], [138.20263610896927, 35.23985222430076], [138.19876583697385, 35.23567917035746], [138.19870555092052, 35.23321722499497], [138.20216693895316, 35.230952774351124], [138.20165888494967, 35.22847083795887], [138.19736666723793, 35.22579889190541], [138.189927224362, 35.21947444019332], [138.18610000021488, 35.21686722464278], [138.18505416331902, 35.21362250487476], [138.1863972243525, 35.211511666530214], [138.1856869389012, 35.20845638625326], [138.18806749741714, 35.20735055828169], [138.1876499997478, 35.20449722436746], [138.18180778160388, 35.20313305354762], [138.18331916964405, 35.19805972067962], [138.18349138801716, 35.192796945622604], [138.18574722405526, 35.19333750472214], [138.18753805393806, 35.19609027824379], [138.1902847210631, 35.19530722414913], [138.18916972810052, 35.193022774381575], [138.1906977823768, 35.19084750500838], [138.19275167295143, 35.1902983322023], [138.1938066667443, 35.187021387027414], [138.1960363936647, 35.189676945634574], [138.19882639372315, 35.188881945845196], [138.19936444911013, 35.191279440393885], [138.20201639424124, 35.1934666662537], [138.19894250339394, 35.19662666628767], [138.2044144490676, 35.197922504819815], [138.20573583733903, 35.19880222434324], [138.20648527927233, 35.203173332383415], [138.20999583683852, 35.20050305367306], [138.21115805410102, 35.20352583784717], [138.21457194623838, 35.20377222420882], [138.22375027235728, 35.199497224917025], [138.22467360630196, 35.1934088920068], [138.23146083025313, 35.18752277435658], [138.2326836060637, 35.18551277429515], [138.23436277612132, 35.18029861299067], [138.23778111540616, 35.17718666643157], [138.23954194570433, 35.17473305328781], [138.238276109455, 35.172347504433844], [138.23822472129393, 35.16988444031472], [138.235992775746, 35.16710917025205], [138.2312525032005, 35.15981999959337], [138.22781693920047, 35.158492224336726], [138.2242566671116, 35.15952110721338], [138.2211094419473, 35.15912944077115], [138.2173474968895, 35.154258053366505], [138.21205693907655, 35.14948750424497], [138.20983610914914, 35.14474527837194], [138.20081749722976, 35.14361138615658], [138.19620444907616, 35.14384722436995], [138.18886055826817, 35.140214999322836], [138.18746610907374, 35.13831027839666], [138.18366083018327, 35.13641277452996], [138.18497833967865, 35.13373277414826], [138.18387639408036, 35.129333612656126], [138.18472888483018, 35.124861386643715], [138.1864938906806, 35.12368305353016], [138.18847444873688, 35.11971138657128], [138.19059250324153, 35.11780638685531], [138.19209944233546, 35.111050278547566], [138.19302944205515, 35.109726107773724], [138.1901741629074, 35.10587610739651], [138.18872805395654, 35.0935747208967], [138.1916899998937, 35.09106444057153], [138.1993791701127, 35.087609440423364], [138.20040082963465, 35.080790278848326], [138.2035594420147, 35.07835527897299], [138.2051105576062, 35.07463417033074], [138.208404162722, 35.0724194405048], [138.2095711149151, 35.07068583718171], [138.20577416284743, 35.06954277457942], [138.20357610915016, 35.067474170196874], [138.20224416283793, 35.06388444081432], [138.2002397277813, 35.061040558774835], [138.20051888543833, 35.056583053764996], [138.201419169759, 35.05374138675563], [138.19949167260268, 35.05014222438422], [138.1952388847668, 35.046238332133385], [138.19708250305519, 35.039626107259096], [138.19117749694396, 35.03585027846765], [138.1934441626181, 35.034299999245604], [138.19357527927582, 35.03067722427454], [138.1916008303141, 35.028205837829205], [138.19116472117503, 35.02328472061339], [138.18832472060944, 35.02223527833547], [138.1887619458072, 35.01543833271296], [138.19041333310895, 35.01511027891627], [138.19460000008996, 35.0112980536623], [138.1984758370903, 35.01036999917619], [138.20048527867277, 35.009119720298884], [138.2034172241257, 35.009818891928376], [138.20899444893473, 35.00876027836421], [138.2122302717097, 35.012502774683355], [138.21118972822342, 35.01393889126689], [138.21523693913355, 35.0156825049437], [138.21629500590984, 35.013996945202905], [138.21691027169175, 35.010202504941674], [138.21502972813948, 35.00376777476305], [138.22185138803115, 35.004890837342316], [138.22437888497757, 35.00646055900762], [138.22748583670204, 35.00710444031773], [138.22970972792166, 35.004368891511206], [138.2379727762227, 35.00328805390063], [138.2400052791204, 35.00265138695198], [138.2405136056185, 35.0001980534974], [138.2448863935923, 34.996807224473855], [138.24731444890278, 34.99359389194461], [138.25305610935197, 34.99241722437546], [138.25427360614208, 34.99096110776895], [138.2586274966617, 34.99262889151021], [138.26061333283906, 34.99190389135157], [138.26074555116634, 34.989668612916205], [138.26286333317637, 34.9887122243897], [138.2650263942528, 34.98142833275142], [138.2677041634165, 34.97971277432515], [138.26661555116686, 34.97585472051901], [138.26788834007493, 34.9733969453128], [138.2720752786513, 34.97301055879029], [138.27493416318111, 34.9704677742684], [138.27649555082905, 34.97118749450732], [138.28364917027307, 34.96759777501734], [138.28328055795146, 34.963008891647064], [138.28632389073505, 34.958896945737536], [138.28591360562848, 34.955843332803624], [138.28744749740417, 34.95451416179918], [138.286821387597, 34.95148027819232], [138.2920323608049, 34.94960310799706], [138.29403741909164, 34.951040197647046], [138.30418569371489, 34.954119494319286], [138.30694216614813, 34.95386146803236], [138.30965053204648, 34.95486369320491], [138.31026338494735, 34.957800972536916], [138.31250693894413, 34.960304999875916], [138.31685396943521, 34.96057274783408], [138.3248270304432, 34.962064440721406], [138.32858736661376, 34.9608564947315], [138.3320610249964, 34.96078702660003], [138.33593136174306, 34.96179586448761], [138.34088350197214, 34.962020558302186], [138.34696544699784, 34.96048877453734], [138.34797888491767, 34.96320764002064], [138.3510477170786, 34.96586035946808], [138.35448516246038, 34.969948747636636], [138.35758219196464, 34.97044808091425], [138.36020630397786, 34.96554546724957], [138.36310705644553, 34.96275341313958], [138.37102011738455, 34.95710072082164], [138.383742166268, 34.96953261244016], [138.38464900125052, 34.96863189194829], [138.39604007778746, 34.975022134463984], [138.40405474682916, 34.97853482881936], [138.4158134887016, 34.9857368281921], [138.41887169896984, 34.98712980159911], [138.42138372218108, 34.99025233227934], [138.42427542207315, 34.99210574778209], [138.4242862517092, 34.99715286451311], [138.42758795072336, 35.000937359171814], [138.4328058109395, 35.00320613465544], [138.43655834009542, 35.00635417100824], [138.43596274968127, 35.009804558533574], [138.43215094710854, 35.00894355839853], [138.4309896633423, 35.011734197875], [138.42838591377892, 35.01279963999144], [138.42761243836344, 35.01495213493314], [138.42898708178848, 35.016037747943756], [138.43001780827535, 35.02052863938525], [138.4319681446143, 35.02391489175892], [138.43526649815044, 35.03320827893896], [138.43330972806154, 35.03692027834819], [138.43275863790086, 35.041670386779], [138.43526927435755, 35.043745639849476], [138.43322591394485, 35.0515171708808], [138.43318805428532, 35.05672638681335], [138.4317086119629, 35.05761166684499], [138.43099527870925, 35.060653504955326], [138.43264027183113, 35.062628332531574], [138.43329605746715, 35.06753666678378], [138.43144944173844, 35.0697008376236], [138.4362893897436, 35.07657544060413], [138.43508503204862, 35.07923638615034], [138.4336231912573, 35.07958050453669], [138.42787888500266, 35.0835613868486], [138.42178500597333, 35.08582972076505], [138.41923250337743, 35.09100610784566], [138.41612834045065, 35.0937466667753], [138.41181861203938, 35.093221945636344], [138.40630833995795, 35.08956944087703], [138.4035613877479, 35.08952889134531], [138.4007244493739, 35.0921158379756], [138.40016444873038, 35.09617610794106], [138.39766722386332, 35.10021583739103], [138.39755527895306, 35.105034999365785], [138.39861000025132, 35.10722222432622], [138.39885082970204, 35.11170222497776], [138.40015111538173, 35.113489999863646], [138.3985580536114, 35.11772750462069], [138.39737834003847, 35.11837333296302], [138.3969480540095, 35.12182805342201], [138.40019833968165, 35.127429720904956], [138.40023722366902, 35.130097774692615], [138.3962588846399, 35.134577224959], [138.39552693901703, 35.13736194599704], [138.3967586118206, 35.13972277428667], [138.3971633328216, 35.14294750482355], [138.3956950061197, 35.14792361288448], [138.39808444903815, 35.1509788913628], [138.39901444875784, 35.15924027861604], [138.4019155771423, 35.16050389174126], [138.40300089517518, 35.16313913466337], [138.40253980466832, 35.16816830542302], [138.40074094743682, 35.17226830563783], [138.40204955903994, 35.178782197740304], [138.40105511030515, 35.1825638649305], [138.399604305994, 35.18502969356558], [138.4005081965961, 35.18714469397253], [138.39861847006637, 35.192455531497615], [138.39931542216902, 35.195284693433905], [138.3986971076854, 35.20026994580144]]]}, "properties": {"N03_001": "静岡県", "N03_002": null, "N03_003": "静岡市", "N03_004": "葵区", "N03_007": "22101"}}, {"type": "Feature", "geometry": {"type": "Polygon", "coordinates": [[[138.2920323608049, 34.94960310799706], [138.29182916978039, 34.94460861239759], [138.29469167318223, 34.94069999960533], [138.2945177820701, 34.93722027889282], [138.29900055802943, 34.93465805372625], [138.3057336059212, 34.93269694530784], [138.307141946044, 34.93378610794258], [138.3100700001305, 34.933681945765215], [138.31531834016937, 34.930436386929784], [138.31625749678608, 34.92660138634494], [138.3167511148721, 34.921318332475096], [138.31903500616068, 34.91956361217103], [138.32245389133413, 34.919108612772334], [138.32617444869197, 34.92262749446337], [138.32971111537574, 34.91830444079733], [138.33023194604755, 34.91541472031315], [138.33262138806663, 34.91226944038243], [138.33627138821407, 34.91035527837346], [138.34016027167922, 34.90947194537404], [138.34360221816792, 34.906903612911435], [138.3402525034503, 34.90440277456844], [138.34330805442323, 34.90081805351042], [138.34839277630567, 34.89854889131834], [138.35024027247061, 34.90102138662775], [138.35029666715752, 34.903129549489165], [138.35488066091386, 34.90916858516215], [138.35491949363973, 34.91229091889085], [138.3574475616557, 34.91504469335797], [138.3648078336147, 34.91909310756091], [138.3672009727468, 34.919914134629664], [138.36871311262007, 34.92506261214987], [138.37097819728604, 34.92189408024768], [138.38198758805686, 34.925640197237385], [138.388232802302, 34.928102918714785], [138.39528114081202, 34.928642161206824], [138.40214182858256, 34.9317525852137], [138.4026351876638, 34.93324161251047], [138.4069975623877, 34.93658222429025], [138.41105160814527, 34.9407887743825], [138.41622014324503, 34.94328449468372], [138.41822583735257, 34.94343938671835], [138.42756228317285, 34.94584099926277], [138.43821902728632, 34.94921438683451], [138.44844136197935, 34.95288646713681], [138.45354036329718, 34.95428274735099], [138.4697411670213, 34.95973010735861], [138.4745726847816, 34.96183396336676], [138.47265855964486, 34.96518846787353], [138.4718470815776, 34.97236953192839], [138.46549785983848, 34.97356086474218], [138.4628531128809, 34.97120719775404], [138.4589609208099, 34.97433408025364], [138.45538983077608, 34.97641105372719], [138.45438888533886, 34.98516889193087], [138.44955444927848, 34.99179833252708], [138.44826053169822, 34.99620553126033], [138.44419389093537, 34.997882494381656], [138.44165299588906, 34.997074494892104], [138.43876060981438, 34.99500010786875], [138.4368325811588, 34.99860491888194], [138.4378988848257, 35.000856224135475], [138.43659588769015, 35.002215413610486], [138.43922868985226, 35.00399963977162], [138.43655834009542, 35.00635417100824], [138.4328058109395, 35.00320613465544], [138.42758795072336, 35.000937359171814], [138.4242862517092, 34.99715286451311], [138.42427542207315, 34.99210574778209], [138.42138372218108, 34.99025233227934], [138.41887169896984, 34.98712980159911], [138.4158134887016, 34.9857368281921], [138.40405474682916, 34.97853482881936], [138.39604007778746, 34.975022134463984], [138.38464900125052, 34.96863189194829], [138.383742166268, 34.96953261244016], [138.37102011738455, 34.95710072082164], [138.36310705644553, 34.96275341313958], [138.36020630397786, 34.96554546724957], [138.35758219196464, 34.97044808091425], [138.35448516246038, 34.969948747636636], [138.3510477170786, 34.96586035946808], [138.34797888491767, 34.96320764002064], [138.34696544699784, 34.96048877453734], [138.34088350197214, 34.962020558302186], [138.33593136174306, 34.96179586448761], [138.3320610249964, 34.96078702660003], [138.32858736661376, 34.9608564947315], [138.3248270304432, 34.962064440721406], [138.31685396943521, 34.96057274783408], [138.31250693894413, 34.960304999875916], [138.31026338494735, 34.957800972536916], [138.30965053204648, 34.95486369320491], [138.30694216614813, 34.95386146803236], [138.30418569371489, 34.954119494319286], [138.29403741909164, 34.951040197647046], [138.2920323608049, 34.94960310799706]]]}, "properties": {"N03_001": "静岡県", "N03_002": null, "N03_003": "静岡市", "N03_004": "駿河区", "N03_007": "22102"}}, {"type": "Feature", "geometry": {"type": "Polygon", "coordinates": [[[138.43655834009542, 35.00635417100824], [138.43922868985226, 35.00399963977162], [138.43659588769015, 35.002215413610486], [138.4378988848257, 35.000856224135475], [138.4368325811588, 34.99860491888194], [138.43876060981438, 34.99500010786875], [138.44165299588906, 34.997074494892104], [138.44419389093537, 34.997882494381656], [138.44826053169822, 34.99620553126033], [138.44955444927848, 34.99179833252708], [138.45438888533886, 34.98516889193087], [138.45538983077608, 34.97641105372719], [138.4589609208099, 34.97433408025364], [138.4628531128809, 34.97120719775404], [138.46549785983848, 34.97356086474218], [138.4718470815776, 34.97236953192839], [138.47265855964486, 34.96518846787353], [138.4745726847816, 34.96183396336676], [138.47827175104055, 34.963263107506464], [138.49595291799278, 34.97181946789419], [138.50750900123944, 34.97759272062763], [138.51060258094446, 34.9799144409987], [138.51336274959124, 34.98302874737885], [138.51631797669336, 34.9845018647693], [138.51761080429526, 34.98705313439467], [138.5213533590703, 34.989690693970374], [138.52177197099968, 34.99155577457941], [138.52665158180514, 34.99494091898828], [138.52686099883613, 34.998551639446646], [138.52914605744468, 35.005357134923884], [138.5325848122394, 35.01024450418055], [138.53345655027965, 35.01296463950655], [138.53188978018932, 35.015733918285775], [138.52855561564922, 35.01701566624007], [138.52212046728584, 35.02058674728062], [138.5157811407871, 35.02089963940688], [138.51559868992763, 35.01930397230052], [138.5179373930963, 35.01748113464669], [138.51856555065967, 35.013340585799426], [138.51136082993844, 35.012395918137145], [138.5054253053337, 35.012880972878634], [138.50251978016377, 35.011517134808], [138.5025951100763, 35.00697217072917], [138.50539968904445, 35.006679558315], [138.50618296976836, 35.00369310765086], [138.50122477260527, 35.004612224674474], [138.5011173674726, 35.002221252009235], [138.5108592996171, 34.99642349454871], [138.51154569367884, 34.99462299965177], [138.5111360048228, 34.99058930555208], [138.5084155772172, 34.98679808036718], [138.50561817124162, 34.98568430598601], [138.50068472072337, 34.98739877443393], [138.50012399522632, 34.989509666737774], [138.50224302189804, 34.9920255858122], [138.4977087813353, 34.99621833221033], [138.49754919573888, 35.01020505362038], [138.49553533129063, 35.01031189128082], [138.49569616064935, 35.016762837135275], [138.49090564208177, 35.01930753181722], [138.4908850323185, 35.022338972865384], [138.49481386546756, 35.02183186494864], [138.49608936403297, 35.01828417077792], [138.49909555121883, 35.02668369389738], [138.4967434760307, 35.03104441386864], [138.49454007766246, 35.03225961289087], [138.49749224437164, 35.03451183725156], [138.50028472116298, 35.02973002681932], [138.50247763883203, 35.031306107590865], [138.4997835280874, 35.03575038627139], [138.5028677557424, 35.03653030532939], [138.50573328086625, 35.03124480170629], [138.50845433170207, 35.03347127847678], [138.5060941886959, 35.041675864549575], [138.50864678302264, 35.042572918505414], [138.51125791242282, 35.035412720520696], [138.5126095853641, 35.03642041357131], [138.5110169777514, 35.04310091857258], [138.51307724991523, 35.043221134547764], [138.51489380040857, 35.03825410784083], [138.51705070022967, 35.03853472060092], [138.52369092099923, 35.04266944094201], [138.51906248994203, 35.04766142293636], [138.52881180282247, 35.053563467580034], [138.53446243839085, 35.05608699941553], [138.53572871620736, 35.05925013448615], [138.53949247699632, 35.06321055902015], [138.54276277618123, 35.07004277425466], [138.54311167266565, 35.071805558779545], [138.54685555124274, 35.07700444060248], [138.54911644596723, 35.08660161247451], [138.55153194584273, 35.09255750492497], [138.55578182886836, 35.09906955881314], [138.5587947213993, 35.10164944036944], [138.56986500616517, 35.10712027897773], [138.57481819680243, 35.11073719756365], [138.57866787342368, 35.11177396389735], [138.58628630386988, 35.11226115273007], [138.59233654959212, 35.11309235023185], [138.6010064718712, 35.115155359931975], [138.61167429293437, 35.11542635084544], [138.61794002611134, 35.11478245874355], [138.62422317825713, 35.11586054083136], [138.63224465606606, 35.11517416115868], [138.63853728886488, 35.116491458414146], [138.6318061088649, 35.12869472078478], [138.62993082994387, 35.133675278691214], [138.61832693873725, 35.131732224162874], [138.61656444919004, 35.12935417025881], [138.61277250274884, 35.12959694584242], [138.60730861230263, 35.13218555891649], [138.60503027162974, 35.13435694591635], [138.59978944182933, 35.14352499997881], [138.59579277641558, 35.14313694521388], [138.5924544489137, 35.143686386917295], [138.58143639407444, 35.143413891438], [138.5774461093505, 35.14557083802379], [138.57730693926385, 35.14667861302763], [138.57214000046076, 35.149412774180234], [138.56823944199675, 35.15232750481056], [138.5652072239343, 35.15106972019146], [138.5636930605864, 35.15295472078378], [138.55865749744567, 35.15663638695975], [138.55840444890623, 35.159314999687524], [138.55600333278767, 35.15547861234813], [138.55202722407716, 35.154015558371384], [138.54767306106294, 35.154581107831916], [138.5451947210596, 35.15255722493606], [138.53858194580027, 35.15168250474386], [138.53919138847186, 35.153374440677965], [138.53762333325028, 35.156163332771655], [138.5361286123457, 35.16081555899092], [138.5330300000345, 35.16141222499425], [138.53033167326817, 35.163133612826016], [138.5290953051043, 35.165032224657466], [138.52570169897433, 35.1660749993618], [138.52606447469577, 35.17131333264422], [138.52357169877496, 35.18062833233171], [138.52193141360397, 35.18224666685023], [138.51956780820785, 35.18253722431348], [138.5193825289806, 35.18852277460644], [138.5185214137323, 35.189927504850516], [138.51978697838638, 35.19390305328335], [138.52262807972215, 35.1963730538734], [138.52242141371732, 35.19915777491144], [138.52055308745514, 35.19722861221072], [138.5173328022671, 35.1986086128972], [138.51422474707454, 35.19404389161235], [138.51419058362865, 35.19127138696501], [138.51230946810756, 35.188974720806755], [138.5062308559693, 35.18606889166608], [138.50403085613914, 35.18307805320961], [138.50113364520166, 35.17652333278562], [138.49629002616382, 35.17439083786695], [138.49566557740457, 35.17154944065419], [138.4914922437721, 35.16838444038967], [138.48782866386182, 35.16965194578074], [138.48708588770364, 35.17167025198057], [138.48425727615245, 35.17419302658698], [138.4821522834012, 35.17386219748249], [138.47816977961168, 35.17604913465988], [138.4777436709337, 35.178075531160914], [138.47221588815273, 35.17610969320782], [138.4611300783905, 35.17949135993837], [138.45683341083327, 35.17821191874509], [138.45160674445572, 35.179148305449985], [138.44910980467387, 35.17853053145893], [138.44136036279053, 35.179373864412355], [138.44054230888048, 35.17807053182963], [138.43094175106103, 35.18038691832169], [138.42748038910872, 35.182667197932915], [138.4268262258497, 35.185839134668356], [138.42472538346976, 35.18995997217502], [138.4190345778835, 35.19763580185082], [138.4183631908087, 35.1993349728308], [138.41600819732048, 35.199451918871034], [138.41365763928866, 35.20106633234542], [138.40757433179, 35.20293022494997], [138.4025412840531, 35.200811332277226], [138.3986971076854, 35.20026994580144], [138.39931542216902, 35.195284693433905], [138.39861847006637, 35.192455531497615], [138.4005081965961, 35.18714469397253], [138.399604305994, 35.18502969356558], [138.40105511030515, 35.1825638649305], [138.40204955903994, 35.178782197740304], [138.40074094743682, 35.17226830563783], [138.40253980466832, 35.16816830542302], [138.40300089517518, 35.16313913466337], [138.4019155771423, 35.16050389174126], [138.39901444875784, 35.15924027861604], [138.39808444903815, 35.1509788913628], [138.3956950061197, 35.14792361288448], [138.3971633328216, 35.14294750482355], [138.3967586118206, 35.13972277428667], [138.39552693901703, 35.13736194599704], [138.3962588846399, 35.134577224959], [138.40023722366902, 35.130097774692615], [138.40019833968165, 35.127429720904956], [138.3969480540095, 35.12182805342201], [138.39737834003847, 35.11837333296302], [138.3985580536114, 35.11772750462069], [138.40015111538173, 35.113489999863646], [138.39885082970204, 35.11170222497776], [138.39861000025132, 35.10722222432622], [138.39755527895306, 35.105034999365785], [138.39766722386332, 35.10021583739103], [138.40016444873038, 35.09617610794106], [138.4007244493739, 35.0921158379756], [138.4035613877479, 35.08952889134531], [138.40630833995795, 35.08956944087703], [138.41181861203938, 35.093221945636344], [138.41612834045065, 35.0937466667753], [138.41923250337743, 35.09100610784566], [138.42178500597333, 35.08582972076505], [138.42787888500266, 35.0835613868486], [138.4336231912573, 35.07958050453669], [138.43508503204862, 35.07923638615034], [138.4362893897436, 35.07657544060413], [138.43144944173844, 35.0697008376236], [138.43329605746715, 35.06753666678378], [138.43264027183113, 35.062628332531574], [138.43099527870925, 35.060653504955326], [138.4317086119629, 35.05761166684499], [138.43318805428532, 35.05672638681335], [138.43322591394485, 35.0515171708808], [138.43526927435755, 35.043745639849476], [138.43275863790086, 35.041670386779], [138.43330972806154, 35.03692027834819], [138.43526649815044, 35.03320827893896], [138.4319681446143, 35.02391489175892], [138.43001780827535, 35.02052863938525], [138.42898708178848, 35.016037747943756], [138.42761243836344, 35.01495213493314], [138.42838591377892, 35.01279963999144], [138.4309896633423, 35.011734197875], [138.43215094710854, 35.00894355839853], [138.43596274968127, 35.009804558533574], [138.43655834009542, 35.00635417100824]]]}, "properties": {"N03_001": "静岡県", "N03_002": null, "N03_003": "静岡市", "N03_004": "清水区", "N03_007": "22103"}}, {"type": "Feature", "geometry": {"type": "Polygon", "coordinates": [[[137.73345016938993, 34.75393927867481], [137.72088547308613, 34.762451891541616], [137.72056247707667, 34.76327416147342], [137.71405413738864, 34.76797733248793], [137.70346841813307, 34.77980425196472], [137.69876722382833, 34.78343722434846], [137.6923056416921, 34.78013182822133], [137.68594861203883, 34.77929374730866], [137.68195788574792, 34.77634835968911], [137.68080114086, 34.771824197828494], [137.6841114787618, 34.771528891944854], [137.6863937737537, 34.769497666983796], [137.69266072641142, 34.76542980134428], [137.68932319121234, 34.76187861240811], [137.68910525310503, 34.75616382819817], [137.68803286642367, 34.75355027872246], [137.702189974288, 34.7487556664409], [137.7010531907522, 34.74431063952443], [137.69884102489345, 34.74002461274574], [137.69318680912397, 34.733225386442484], [137.68893185482136, 34.73249622422145], [137.687796446349, 34.72676699959743], [137.68867963725552, 34.721748107189455], [137.6917302716348, 34.7219753056159], [137.6930950836712, 34.72016661249921], [137.6969680797132, 34.71970855900287], [137.6969455507966, 34.71731353129451], [137.69469461696303, 34.715525531578066], [137.69566377406397, 34.71337982831648], [137.6898180287791, 34.704599720200974], [137.68971552495157, 34.70168889172902], [137.6961936959824, 34.70112616164312], [137.69836306130628, 34.701745747768086], [137.70081702968218, 34.70079225146128], [137.69827905293596, 34.69632925159374], [137.70023247664756, 34.69585577472429], [137.7013510507105, 34.69707019763155], [137.71043944192672, 34.69549622487091], [137.71611552471177, 34.692723639284566], [137.71602724995773, 34.689146747724294], [137.71474518814, 34.68432669362204], [137.7251242279009, 34.68039958537264], [137.72682430629675, 34.68307155840574], [137.73187836579405, 34.681790612646694], [137.73258530486794, 34.68543735994626], [137.7318370824155, 34.690805386259626], [137.7338182753931, 34.69379505379874], [137.7360869393608, 34.69409249467293], [137.74024752330467, 34.69271046781387], [137.74305577240602, 34.69338697293051], [137.74433416319118, 34.69741725140506], [137.75197713433738, 34.693021440786936], [137.754479247919, 34.69251622414447], [137.75483413658617, 34.70175861256996], [137.7589482489626, 34.70100299948888], [137.76100046679812, 34.70346116140354], [137.7576796886667, 34.70356341342085], [137.7571331391831, 34.706379332840015], [137.7539423085907, 34.70681477468213], [137.75397097268228, 34.71048405359625], [137.75066924758778, 34.71746672091251], [137.7517250318848, 34.72117541351457], [137.7544214403972, 34.723766747937134], [137.75123533124565, 34.72434935933552], [137.75295588810377, 34.73210272046424], [137.7534318291157, 34.740842918465944], [137.7495209734143, 34.74583805348345], [137.7470150835793, 34.74578597284443], [137.74429697802316, 34.746922305819794], [137.74319596592113, 34.74887305314894], [137.7404039954481, 34.749849531630616], [137.7372322178926, 34.74822422466826], [137.7351678340284, 34.752518558484724], [137.73345016938993, 34.75393927867481]]]}, "properties": {"N03_001": "静岡県", "N03_002": null, "N03_003": "浜松市", "N03_004": "中区", "N03_007": "22131"}}, {"type": "Feature", "geometry": {"type": "Polygon", "coordinates": [[[137.7571331391831, 34.706379332840015], [137.7604967826005, 34.70935316151923], [137.76458046731477, 34.708951440656506], [137.77055472122345, 34.711354332936196], [137.7698376126158, 34.71248813431998], [137.7776584184013, 34.71636263942435], [137.77885321720225, 34.71512686481299], [137.77781705611233, 34.71165172075035], [137.78719944200066, 34.713369251389906], [137.78769941559563, 34.715117305918966], [137.80293167285845, 34.715748251380774], [137.8033672244179, 34.719132774358116], [137.8058647208802, 34.73018777424642], [137.81310639384503, 34.74755972100439], [137.8189266667323, 34.756507774814], [137.82268167262112, 34.77499055876734], [137.811283890739, 34.77814805329007], [137.81049194594664, 34.779705278875554], [137.81137749667414, 34.78480666699414], [137.8065872236216, 34.78637889147274], [137.80270888470727, 34.78639649480243], [137.8002552787582, 34.78117027898526], [137.79967749671914, 34.77789277443202], [137.79078999965884, 34.77320610777571], [137.7883063941249, 34.77321027883136], [137.78598693914603, 34.77540722456382], [137.78593583696932, 34.77977333237345], [137.78346583727864, 34.77978472048852], [137.78068583678203, 34.77849361239038], [137.77677693890462, 34.77789610731958], [137.77547610913518, 34.779576386241274], [137.7754233333202, 34.782543612997415], [137.7661236059197, 34.781233332252555], [137.76683472144532, 34.77895166678604], [137.7641011151744, 34.77588833218084], [137.75568138788583, 34.77625861274481], [137.75422583695286, 34.77756889169103], [137.74823063603515, 34.779752558933524], [137.74212444888428, 34.781075558790064], [137.73827946762344, 34.78035119715008], [137.736729882678, 34.77996955814865], [137.73660282735864, 34.774404999391265], [137.73433847024432, 34.76800986456362], [137.73415654998485, 34.7650998643673], [137.7362243836485, 34.76305169348092], [137.73257980461437, 34.75780577441702], [137.73345016938993, 34.75393927867481], [137.7351678340284, 34.752518558484724], [137.7372322178926, 34.74822422466826], [137.7404039954481, 34.749849531630616], [137.74319596592113, 34.74887305314894], [137.74429697802316, 34.746922305819794], [137.7470150835793, 34.74578597284443], [137.7495209734143, 34.74583805348345], [137.7534318291157, 34.740842918465944], [137.75295588810377, 34.73210272046424], [137.75123533124565, 34.72434935933552], [137.7544214403972, 34.723766747937134], [137.7517250318848, 34.72117541351457], [137.75066924758778, 34.71746672091251], [137.75397097268228, 34.71048405359625], [137.7539423085907, 34.70681477468213], [137.7571331391831, 34.706379332840015]]]}, "properties": {"N03_001": "静岡県", "N03_002": null, "N03_003": "浜松市", "N03_004": "東区", "N03_007": "22132"}}, {"type": "Feature", "geometry": {"type": "Polygon", "coordinates": [[[137.69876722382833, 34.78343722434846], [137.6917434503, 34.78774599947832], [137.69014527858178, 34.78786749428946], [137.68655000038223, 34.78578916194033], [137.6858211151524, 34.783591945511944], [137.68292055783752, 34.78407389129711], [137.6802047212709, 34.78839861230614], [137.6729294424399, 34.786233612291426], [137.66894693865038, 34.78447805381916], [137.6666038908569, 34.7812783325291], [137.6577636064054, 34.779416666645886], [137.6539880537058, 34.77799555884803], [137.64902167271214, 34.77758916151066], [137.63961472094263, 34.77907777421996], [137.63610666708905, 34.77842582868908], [137.62941250318454, 34.77944861236364], [137.62527834042316, 34.77802027851311], [137.62113399463817, 34.78133716168071], [137.61067761318134, 34.776658828142445], [137.60447230904992, 34.77320333246786], [137.5939847211181, 34.77057382901904], [137.5876331647388, 34.76556722494752], [137.58045814502748, 34.756001801841705], [137.5710285861004, 34.74506772029912], [137.5659066412785, 34.74049377466804], [137.5680567188425, 34.735991161463005], [137.56956338544194, 34.730678918297485], [137.57029055836267, 34.723298558181966], [137.57199328076535, 34.71991410715037], [137.57306299646018, 34.715517197560644], [137.57591736729273, 34.70806669392283], [137.5828126070163, 34.703780801143125], [137.5875269781876, 34.70140297296888], [137.58756350235376, 34.698840026546065], [137.59067416288235, 34.69484333235397], [137.59857871623478, 34.69216080128001], [137.59872219227543, 34.69071405381061], [137.5969688848063, 34.68664182825785], [137.598539104696, 34.68430163940917], [137.59777225728396, 34.67796688236581], [137.59952771683072, 34.676014413734265], [137.6087814403113, 34.67631825148618], [137.6229174446844, 34.67567869321715], [137.64599924826678, 34.673754386855535], [137.65652747116587, 34.672375134405], [137.65973654990194, 34.672249891219565], [137.67676718505766, 34.669861332334676], [137.67692194579126, 34.6802836393785], [137.67768649813343, 34.683210999188304], [137.67576691321256, 34.68454677481384], [137.67522455277094, 34.68815013432129], [137.67216827514585, 34.69221461221463], [137.6750152787322, 34.69507535924049], [137.68434158199852, 34.694547386152976], [137.68741822297272, 34.69345502642835], [137.69037691336393, 34.69528835917049], [137.70023247664756, 34.69585577472429], [137.69827905293596, 34.69632925159374], [137.70081702968218, 34.70079225146128], [137.69836306130628, 34.701745747768086], [137.6961936959824, 34.70112616164312], [137.68971552495157, 34.70168889172902], [137.6898180287791, 34.704599720200974], [137.69566377406397, 34.71337982831648], [137.69469461696303, 34.715525531578066], [137.6969455507966, 34.71731353129451], [137.6969680797132, 34.71970855900287], [137.6930950836712, 34.72016661249921], [137.6917302716348, 34.7219753056159], [137.68867963725552, 34.721748107189455], [137.687796446349, 34.72676699959743], [137.68893185482136, 34.73249622422145], [137.69318680912397, 34.733225386442484], [137.69884102489345, 34.74002461274574], [137.7010531907522, 34.74431063952443], [137.702189974288, 34.7487556664409], [137.68803286642367, 34.75355027872246], [137.68910525310503, 34.75616382819817], [137.68932319121234, 34.76187861240811], [137.69266072641142, 34.76542980134428], [137.6863937737537, 34.769497666983796], [137.6841114787618, 34.771528891944854], [137.68080114086, 34.771824197828494], [137.68195788574792, 34.77634835968911], [137.68594861203883, 34.77929374730866], [137.6923056416921, 34.78013182822133], [137.69876722382833, 34.78343722434846]]]}, "properties": {"N03_001": "静岡県", "N03_002": null, "N03_003": "浜松市", "N03_004": "西区", "N03_007": "22133"}}, {"type": "Feature", "geometry": {"type": "Polygon", "coordinates": [[[137.70023247664756, 34.69585577472429], [137.69037691336393, 34.69528835917049], [137.68741822297272, 34.69345502642835], [137.68434158199852, 34.694547386152976], [137.6750152787322, 34.69507535924049], [137.67216827514585, 34.69221461221463], [137.67522455277094, 34.68815013432129], [137.67576691321256, 34.68454677481384], [137.67768649813343, 34.683210999188304], [137.67692194579126, 34.6802836393785], [137.67676718505766, 34.669861332334676], [137.6872953827758, 34.668387891188274], [137.69552572003602, 34.66664833255453], [137.71489341080235, 34.66401727867452], [137.72759836627165, 34.661555251473715], [137.73021807970065, 34.66153999987114], [137.7437214397927, 34.65902205372487], [137.74857549906005, 34.657679422567355], [137.75188717335448, 34.65521953125642], [137.75687655001286, 34.6544946668954], [137.76398775563052, 34.652533945185496], [137.7690555252923, 34.64959833229727], [137.7774890661675, 34.64755751336861], [137.78158477301895, 34.64836533299376], [137.7916666668832, 34.6476623869097], [137.7986353956071, 34.64634000848463], [137.79701055809085, 34.648313891772716], [137.78998221780512, 34.65022972022547], [137.78977250309856, 34.65325972055973], [137.7880130613538, 34.653213332629264], [137.7872058370798, 34.65630138689954], [137.78749778219697, 34.66242749493301], [137.78826472133983, 34.66515166641631], [137.78730610878995, 34.666412774929654], [137.78756778182776, 34.66998444052956], [137.79016277559174, 34.67096027869394], [137.78972888508008, 34.67415361299891], [137.79009666732736, 34.68147222476341], [137.79181221765975, 34.68189666699766], [137.7933327760868, 34.68466916175248], [137.7953180537852, 34.69651027882634], [137.79533306077224, 34.69837527849637], [137.80041472136236, 34.697604162002506], [137.80021693886067, 34.701401945943076], [137.80293167285845, 34.715748251380774], [137.78769941559563, 34.715117305918966], [137.78719944200066, 34.713369251389906], [137.77781705611233, 34.71165172075035], [137.77885321720225, 34.71512686481299], [137.7776584184013, 34.71636263942435], [137.7698376126158, 34.71248813431998], [137.77055472122345, 34.711354332936196], [137.76458046731477, 34.708951440656506], [137.7604967826005, 34.70935316151923], [137.7571331391831, 34.706379332840015], [137.7576796886667, 34.70356341342085], [137.76100046679812, 34.70346116140354], [137.7589482489626, 34.70100299948888], [137.75483413658617, 34.70175861256996], [137.754479247919, 34.69251622414447], [137.75197713433738, 34.693021440786936], [137.74433416319118, 34.69741725140506], [137.74305577240602, 34.69338697293051], [137.74024752330467, 34.69271046781387], [137.7360869393608, 34.69409249467293], [137.7338182753931, 34.69379505379874], [137.7318370824155, 34.690805386259626], [137.73258530486794, 34.68543735994626], [137.73187836579405, 34.681790612646694], [137.72682430629675, 34.68307155840574], [137.7251242279009, 34.68039958537264], [137.71474518814, 34.68432669362204], [137.71602724995773, 34.689146747724294], [137.71611552471177, 34.692723639284566], [137.71043944192672, 34.69549622487091], [137.7013510507105, 34.69707019763155], [137.70023247664756, 34.69585577472429]]]}, "properties": {"N03_001": "静岡県", "N03_002": null, "N03_003": "浜松市", "N03_004": "南区", "N03_007": "22134"}}, {"type": "Feature", "geometry": {"type": "Polygon", "coordinates": [[[137.73345016938993, 34.75393927867481], [137.73257980461437, 34.75780577441702], [137.7362243836485, 34.76305169348092], [137.73415654998485, 34.7650998643673], [137.73433847024432, 34.76800986456362], [137.73660282735864, 34.774404999391265], [137.736729882678, 34.77996955814865], [137.73827946762344, 34.78035119715008], [137.7397061089498, 34.78373472098065], [137.73791500567302, 34.78607499976147], [137.73734527886154, 34.78883138675917], [137.7401088847173, 34.79093249443912], [137.74119888462087, 34.793473332828114], [137.74296805433232, 34.79409055823271], [137.74300805437827, 34.797297224987005], [137.7443625026275, 34.79879555846833], [137.74465610879247, 34.80331249427627], [137.74809972802007, 34.80670722455881], [137.749549442353, 34.810395829004335], [137.75250167291392, 34.8143194406897], [137.75440360594177, 34.820476386476116], [137.75780778180376, 34.82675805384116], [137.76207944191276, 34.8335419458042], [137.75941167321025, 34.83712277459642], [137.75430111470473, 34.8400608282447], [137.75148194603503, 34.840313891173196], [137.74877472137632, 34.84203110794931], [137.74463972764136, 34.84262833243167], [137.7376663943886, 34.84196889195084], [137.73363333341172, 34.84285194526109], [137.73090610872998, 34.84646472067038], [137.73184444876233, 34.851391107913344], [137.7377266669522, 34.85435861255996], [137.73821277569914, 34.855974720357096], [137.7416569390166, 34.857238053793196], [137.7391741626575, 34.85891861240407], [137.74164722364048, 34.86197389178176], [137.745321387672, 34.86420833294824], [137.74708277644902, 34.86675666628719], [137.7454661092736, 34.86999805316765], [137.74119693938735, 34.87033499946068], [137.73958610881198, 34.87191638623227], [137.74213972836583, 34.87673833250807], [137.7426638910258, 34.880248891872895], [137.74509778203708, 34.882987494777126], [137.74364277609334, 34.88621833261004], [137.7439688846564, 34.889889720434326], [137.74563221765277, 34.89445980167858], [137.74552416320967, 34.89926889124638], [137.74260527861077, 34.900464161292064], [137.73849250262697, 34.89893527874017], [137.7359869392459, 34.89963916191783], [137.73392333329525, 34.90238277494518], [137.73000944238197, 34.90302082864838], [137.72464722389032, 34.90529389120019], [137.72308805397063, 34.906628891610126], [137.71843583674456, 34.90727499964157], [137.7163408300653, 34.90866999922116], [137.71601693923037, 34.912690558722375], [137.7175102715819, 34.91782194552644], [137.7145411148806, 34.92378222486985], [137.71489639385356, 34.92679722451237], [137.7108308295792, 34.928345278811605], [137.70611861228417, 34.93190222430826], [137.70362666733695, 34.931017224865116], [137.7019255511234, 34.932962494423634], [137.7020772235851, 34.935334999510644], [137.70097167260462, 34.93778889144426], [137.70128805410047, 34.940490278603534], [137.70369055787296, 34.94160582824645], [137.70590306097756, 34.94520305347817], [137.70447194642327, 34.949050558236706], [137.70586389100583, 34.95556249431371], [137.70867778245372, 34.95685916202075], [137.7068455513812, 34.96036749466418], [137.70692693912702, 34.963032494354195], [137.70401861166965, 34.96774305329933], [137.70421972795816, 34.96995055887123], [137.69613055817877, 34.97142944091604], [137.6941872239613, 34.969592494697906], [137.69416333347112, 34.96774389146748], [137.68997138836892, 34.96364222480889], [137.68953083028362, 34.95680610741596], [137.68581778226485, 34.954588612174746], [137.68289583727312, 34.95494999934306], [137.6804458367061, 34.951696666767816], [137.68002082969758, 34.94905666643206], [137.6778277816269, 34.948364440266744], [137.67549833967666, 34.94535082827815], [137.67062082968755, 34.94827389202652], [137.66340555092552, 34.947149720583184], [137.65950610941945, 34.94457638699072], [137.65633500635556, 34.93961082887671], [137.6566616733976, 34.93820916172348], [137.65099834030127, 34.93335638668793], [137.65259167276758, 34.93053472060092], [137.65284138841946, 34.925485558811545], [137.6489913880422, 34.91994749498099], [137.64696306069675, 34.918790828334124], [137.6466900004432, 34.91624055875485], [137.64786360582082, 34.91213222452262], [137.64638306092957, 34.908416108017036], [137.64338917017415, 34.90822777469208], [137.64044055758575, 34.904639999536414], [137.64076888477632, 34.89975082893767], [137.6400516727466, 34.89846194576222], [137.64201306085408, 34.89613666677383], [137.64125167322618, 34.89308333262977], [137.6387680542024, 34.89081805371029], [137.63579250332145, 34.889555278753164], [137.6335927759859, 34.885486386987225], [137.6313630607567, 34.885093332891074], [137.62869888484568, 34.8825627746524], [137.62078639407684, 34.87910833298321], [137.61692610905277, 34.878329720640124], [137.61625277584494, 34.87534082831661], [137.6131958372182, 34.87453833267796], [137.60917861240307, 34.87514889140829], [137.59753194584266, 34.8725008286504], [137.59572778171184, 34.87029555879303], [137.59651722369097, 34.86913694601333], [137.59647389075747, 34.86368472067335], [137.5952133326292, 34.85907500001127], [137.59019722362302, 34.85310499989589], [137.5870172244654, 34.85003999974623], [137.5825827762742, 34.850162224806866], [137.57720083025413, 34.8513708282012], [137.5741350063255, 34.85045694523188], [137.5651952793387, 34.85213749484956], [137.55884333265374, 34.8514816669454], [137.55158944239895, 34.85186444089129], [137.55099861209635, 34.84942749488306], [137.54427944164297, 34.845001107315284], [137.54227360634195, 34.842049161839384], [137.53883847041914, 34.84179177497049], [137.53437944195775, 34.84418166665063], [137.52967972793715, 34.843526386433666], [137.52873167342807, 34.84190861219275], [137.52388055764163, 34.84097999922761], [137.5205625026574, 34.837159161166426], [137.51779693897765, 34.83584666629065], [137.50988083023617, 34.834438053673296], [137.50794944171344, 34.83498749447733], [137.50349027205846, 34.83329138658826], [137.4999683398671, 34.83128805320115], [137.50023221804247, 34.82959222500125], [137.4988758371502, 34.82686527821005], [137.50165778198107, 34.82335055858147], [137.50008834000494, 34.82168889202882], [137.49499944167098, 34.81938610778269], [137.49357389122213, 34.815294999164905], [137.48701389087842, 34.81174944088406], [137.48742888483525, 34.80924249434571], [137.49023472105557, 34.805764720665366], [137.4936791703575, 34.80350138697946], [137.49436055789351, 34.80176582853022], [137.49285277613478, 34.79686222471196], [137.49165167308627, 34.79584694587987], [137.492004449246, 34.792030278874336], [137.49290944241693, 34.790969440387414], [137.4929422182089, 34.78686610728505], [137.49656111530328, 34.78391082892165], [137.49667360610215, 34.782715278287526], [137.50212944222005, 34.77948082877725], [137.50403360646578, 34.77673861239708], [137.5119608299284, 34.77106389118569], [137.51662610890787, 34.7716033324279], [137.52258027196206, 34.76963527854531], [137.52534027243564, 34.76775361263918], [137.53094444902717, 34.77080889201682], [137.53386888514103, 34.77292222418134], [137.5421544488688, 34.773378612133286], [137.54821141432535, 34.769204801860155], [137.54486619981537, 34.76505427863208], [137.54507730217586, 34.76163777486346], [137.54651374791115, 34.75934969363351], [137.54814744464886, 34.75269077415993], [137.5506463548454, 34.749070864428916], [137.55474747111896, 34.746285107371875], [137.5655125286803, 34.741009278655326], [137.5659066412785, 34.74049377466804], [137.5710285861004, 34.74506772029912], [137.58045814502748, 34.756001801841705], [137.5876331647388, 34.76556722494752], [137.5939847211181, 34.77057382901904], [137.60447230904992, 34.77320333246786], [137.61067761318134, 34.776658828142445], [137.62113399463817, 34.78133716168071], [137.62527834042316, 34.77802027851311], [137.62941250318454, 34.77944861236364], [137.63610666708905, 34.77842582868908], [137.63961472094263, 34.77907777421996], [137.64902167271214, 34.77758916151066], [137.6539880537058, 34.77799555884803], [137.6577636064054, 34.779416666645886], [137.6666038908569, 34.7812783325291], [137.66894693865038, 34.78447805381916], [137.6729294424399, 34.786233612291426], [137.6802047212709, 34.78839861230614], [137.68292055783752, 34.78407389129711], [137.6858211151524, 34.783591945511944], [137.68655000038223, 34.78578916194033], [137.69014527858178, 34.78786749428946], [137.6917434503, 34.78774599947832], [137.69876722382833, 34.78343722434846], [137.70346841813307, 34.77980425196472], [137.71405413738864, 34.76797733248793], [137.72056247707667, 34.76327416147342], [137.72088547308613, 34.762451891541616], [137.73345016938993, 34.75393927867481]]]}, "properties": {"N03_001": "静岡県", "N03_002": null, "N03_003": "浜松市", "N03_004": "北区", "N03_007": "22135"}}, {"type": "Feature", "geometry": {"type": "Polygon", "coordinates": [[[137.82268167262112, 34.77499055876734], [137.82665416335897, 34.78215305362056], [137.8281900003683, 34.789720828853206], [137.8247952790789, 34.79386861274634], [137.82374111536024, 34.796110828551946], [137.8231477822444, 34.80183833277289], [137.82698194645968, 34.821275278531346], [137.8270891699293, 34.82937638681085], [137.82603833999747, 34.84124416158886], [137.8243186123142, 34.85501944069466], [137.82258778160087, 34.85557277466387], [137.81489527939368, 34.856320558247205], [137.8103019461779, 34.85453833217832], [137.81070972847124, 34.84725916198079], [137.80971111497604, 34.84568722438593], [137.81085588808878, 34.84337397293058], [137.80859888473083, 34.8402788913578], [137.80570167289397, 34.841086945706024], [137.80814778209458, 34.844511945370016], [137.80648111531127, 34.8451008286404], [137.80640693922896, 34.847622774971114], [137.8050705583596, 34.85070999916718], [137.80266639443857, 34.85218389177322], [137.80065472073886, 34.85542722478664], [137.79604749659472, 34.854482224375204], [137.7926077822234, 34.8570161074075], [137.78771693888564, 34.852484440704416], [137.78219277587596, 34.849228891300356], [137.77752666682227, 34.851174161758195], [137.7727011151644, 34.854091945586845], [137.7712741626725, 34.856126945901906], [137.76753138846288, 34.85875555902186], [137.76877527945567, 34.86050166651876], [137.7674580541459, 34.86410749466518], [137.76965805397606, 34.867284161834675], [137.7692183403542, 34.86931944093948], [137.76510167300387, 34.87319027860855], [137.7643174974546, 34.874926386543564], [137.75978055802636, 34.87452833221681], [137.75759444912455, 34.87357055873434], [137.7560730606233, 34.87695749459277], [137.7506350059009, 34.87815833234123], [137.7494155512867, 34.87978055822623], [137.749936109464, 34.88181305392936], [137.74638583693684, 34.89111333261428], [137.74563221765277, 34.89445980167858], [137.7439688846564, 34.889889720434326], [137.74364277609334, 34.88621833261004], [137.74509778203708, 34.882987494777126], [137.7426638910258, 34.880248891872895], [137.74213972836583, 34.87673833250807], [137.73958610881198, 34.87191638623227], [137.74119693938735, 34.87033499946068], [137.7454661092736, 34.86999805316765], [137.74708277644902, 34.86675666628719], [137.745321387672, 34.86420833294824], [137.74164722364048, 34.86197389178176], [137.7391741626575, 34.85891861240407], [137.7416569390166, 34.857238053793196], [137.73821277569914, 34.855974720357096], [137.7377266669522, 34.85435861255996], [137.73184444876233, 34.851391107913344], [137.73090610872998, 34.84646472067038], [137.73363333341172, 34.84285194526109], [137.7376663943886, 34.84196889195084], [137.74463972764136, 34.84262833243167], [137.74877472137632, 34.84203110794931], [137.75148194603503, 34.840313891173196], [137.75430111470473, 34.8400608282447], [137.75941167321025, 34.83712277459642], [137.76207944191276, 34.8335419458042], [137.75780778180376, 34.82675805384116], [137.75440360594177, 34.820476386476116], [137.75250167291392, 34.8143194406897], [137.749549442353, 34.810395829004335], [137.74809972802007, 34.80670722455881], [137.74465610879247, 34.80331249427627], [137.7443625026275, 34.79879555846833], [137.74300805437827, 34.797297224987005], [137.74296805433232, 34.79409055823271], [137.74119888462087, 34.793473332828114], [137.7401088847173, 34.79093249443912], [137.73734527886154, 34.78883138675917], [137.73791500567302, 34.78607499976147], [137.7397061089498, 34.78373472098065], [137.73827946762344, 34.78035119715008], [137.74212444888428, 34.781075558790064], [137.74823063603515, 34.779752558933524], [137.75422583695286, 34.77756889169103], [137.75568138788583, 34.77625861274481], [137.7641011151744, 34.77588833218084], [137.76683472144532, 34.77895166678604], [137.7661236059197, 34.781233332252555], [137.7754233333202, 34.782543612997415], [137.77547610913518, 34.779576386241274], [137.77677693890462, 34.77789610731958], [137.78068583678203, 34.77849361239038], [137.78346583727864, 34.77978472048852], [137.78593583696932, 34.77977333237345], [137.78598693914603, 34.77540722456382], [137.7883063941249, 34.77321027883136], [137.79078999965884, 34.77320610777571], [137.79967749671914, 34.77789277443202], [137.8002552787582, 34.78117027898526], [137.80270888470727, 34.78639649480243], [137.8065872236216, 34.78637889147274], [137.81137749667414, 34.78480666699414], [137.81049194594664, 34.779705278875554], [137.811283890739, 34.77814805329007], [137.82268167262112, 34.77499055876734]]]}, "properties": {"N03_001": "静岡県", "N03_002": null, "N03_003": "浜松市", "N03_004": "浜北区", "N03_007": "22136"}}, {"type": "Feature", "geometry": {"type": "Polygon", "coordinates": [[[137.74563221765277, 34.89445980167858], [137.74638583693684, 34.89111333261428], [137.749936109464, 34.88181305392936], [137.7494155512867, 34.87978055822623], [137.7506350059009, 34.87815833234123], [137.7560730606233, 34.87695749459277], [137.75759444912455, 34.87357055873434], [137.75978055802636, 34.87452833221681], [137.7643174974546, 34.874926386543564], [137.76510167300387, 34.87319027860855], [137.7692183403542, 34.86931944093948], [137.76965805397606, 34.867284161834675], [137.7674580541459, 34.86410749466518], [137.76877527945567, 34.86050166651876], [137.76753138846288, 34.85875555902186], [137.7712741626725, 34.856126945901906], [137.7727011151644, 34.854091945586845], [137.77752666682227, 34.851174161758195], [137.78219277587596, 34.849228891300356], [137.78771693888564, 34.852484440704416], [137.7926077822234, 34.8570161074075], [137.79604749659472, 34.854482224375204], [137.80065472073886, 34.85542722478664], [137.80266639443857, 34.85218389177322], [137.8050705583596, 34.85070999916718], [137.80640693922896, 34.847622774971114], [137.80648111531127, 34.8451008286404], [137.80814778209458, 34.844511945370016], [137.80570167289397, 34.841086945706024], [137.80859888473083, 34.8402788913578], [137.81085588808878, 34.84337397293058], [137.80971111497604, 34.84568722438593], [137.81070972847124, 34.84725916198079], [137.8103019461779, 34.85453833217832], [137.81489527939368, 34.856320558247205], [137.82258778160087, 34.85557277466387], [137.82580027236475, 34.85666082843454], [137.82874972761795, 34.859348332759396], [137.83564639366625, 34.86171249483584], [137.8388133328691, 34.86213361227641], [137.84106194645176, 34.864918613003624], [137.84282472108407, 34.86556110755913], [137.8440533325953, 34.868146107157145], [137.84793055814885, 34.86914889170805], [137.85249778224693, 34.8675016664688], [137.8556908296681, 34.870347774330355], [137.85391306063934, 34.873026107369014], [137.8553063937751, 34.87510582827139], [137.86038389140356, 34.87649277442205], [137.8616122178297, 34.878302774253655], [137.86712639386803, 34.87803610728059], [137.87317500642143, 34.87910694532934], [137.8757077823883, 34.88023166625845], [137.8774502719126, 34.87931499988741], [137.88329610892833, 34.88119777465761], [137.88886333327628, 34.88053277456794], [137.89210527863577, 34.88115582847877], [137.89476666664837, 34.882669440542315], [137.89762221829085, 34.88243416170724], [137.8982016730688, 34.88397249433518], [137.9035861093115, 34.88767582877654], [137.90615000002254, 34.890898612281205], [137.90918639363724, 34.89106138687356], [137.9135199999481, 34.891532494928754], [137.9169947213294, 34.89102110713844], [137.9201308299739, 34.89324833214488], [137.91996221788213, 34.89805861241507], [137.91916610922863, 34.901540828746306], [137.9148255511583, 34.902874440603], [137.9074547211585, 34.90690694579894], [137.9080086118081, 34.91063833279287], [137.9052227756107, 34.91343333218259], [137.90332778175184, 34.9174808281777], [137.90310333345212, 34.91995610778821], [137.90573722379395, 34.92125416135053], [137.90842610857817, 34.92537916181891], [137.90757722410967, 34.9288686122967], [137.91246444857552, 34.929494440616], [137.91570972772183, 34.926727494678175], [137.9176516733861, 34.92733610727561], [137.9260986123611, 34.93476361255074], [137.92841693869082, 34.939727774916946], [137.93299916977594, 34.942583891333584], [137.9358966666979, 34.94362582876903], [137.93579722416268, 34.94525277429614], [137.93821610908628, 34.94738722434096], [137.94262722436702, 34.94612889113546], [137.9478883401748, 34.94949277467185], [137.955231388318, 34.94678666697115], [137.96237221760384, 34.94792110777297], [137.96472360570988, 34.95506916131279], [137.96828555143713, 34.955485278522815], [137.9704961093081, 34.956678892017294], [137.97080999968182, 34.958881386566816], [137.97725749663618, 34.95755222455557], [137.9805902717237, 34.9577152788371], [137.98467138797423, 34.96283305350266], [137.9819630607467, 34.96345999967929], [137.9797836059288, 34.96550472076632], [137.98121055842057, 34.966985278248046], [137.98340944219206, 34.965940558310194], [137.9857263943577, 34.96656082881924], [137.98964693935488, 34.96532861282526], [137.9903280543963, 34.96769444044611], [137.9934802716972, 34.96872944051131], [137.99655583708227, 34.96832944095098], [138.00065583729713, 34.964855278947994], [138.00237639415536, 34.96456999960583], [138.0038144487778, 34.96701916200476], [138.00321722429555, 34.972361386768625], [138.00996277636114, 34.975617224855114], [138.0112822176003, 34.97728138702644], [138.01148972806857, 34.981110828901706], [138.01463306096707, 34.98402416198553], [138.0193094420772, 34.98717722464926], [138.02275221774073, 34.9881063862008], [138.0248661092836, 34.99022277426167], [138.02880583681997, 34.99114944019453], [138.0311200001879, 34.99531694532084], [138.03583444870094, 34.998876667024604], [138.03338111524636, 35.0041936127451], [138.0344133328091, 35.00512194602106], [138.03290722378938, 35.00880583801904], [138.02998972774378, 35.011297504176525], [138.0260038910668, 35.01299805381717], [138.02569250260694, 35.017404170666], [138.0207091702921, 35.01883610720063], [138.01795027238722, 35.02190166672858], [138.01604583744552, 35.02039638688382], [138.01339083012283, 35.02274222437421], [138.01428082979658, 35.02393527849034], [138.01885610912223, 35.025962774862194], [138.02075805384118, 35.02435694541674], [138.02401027215637, 35.02523138681909], [138.02632944205016, 35.026925837257636], [138.02904360587775, 35.02758472015876], [138.0324163936017, 35.03122361277957], [138.03975861167066, 35.03524555813607], [138.04300527937016, 35.0357638913905], [138.04709722435746, 35.0386949995746], [138.0484458369059, 35.04261861215929], [138.0470472238503, 35.04947944022405], [138.04337360570742, 35.05252444035068], [138.043946108726, 35.05681861228919], [138.04252055827726, 35.06017583724514], [138.04040416302178, 35.06232805339698], [138.0384350056711, 35.067465558288916], [138.040013332949, 35.06948389146845], [138.04517138824906, 35.07263999923663], [138.04583583705426, 35.07759833219734], [138.0444655508445, 35.07968417028826], [138.04402834003588, 35.0843316669729], [138.04481583678148, 35.088105558624704], [138.046902218063, 35.08912694565208], [138.0480394422665, 35.092978053994045], [138.0501194419587, 35.09645166651126], [138.04979111476814, 35.098154170378734], [138.05430722409915, 35.101925278628755], [138.05603805391308, 35.10414055883979], [138.05637277618268, 35.106363612790574], [138.05372834039065, 35.110281107287335], [138.04905027215239, 35.111650558926215], [138.0453277821515, 35.11429833300173], [138.04181250314457, 35.118132224722444], [138.0395752785763, 35.11919889171554], [138.0357691696115, 35.12541499940278], [138.03045444881377, 35.12715166671609], [138.0280119458946, 35.12938083785542], [138.0263888854388, 35.128251666181484], [138.02149306075626, 35.127160558313165], [138.01795055837158, 35.12773472058092], [138.01130639407484, 35.12780555837986], [138.01103722428854, 35.12949972013604], [138.00655221801048, 35.13547472048202], [138.00742111509248, 35.138892774681835], [138.00636917000122, 35.14292861276533], [138.0017166667908, 35.143798891205904], [137.9993163942363, 35.14638417049315], [138.00175583676253, 35.15246194536252], [137.99842999994462, 35.155854999308815], [138.00013805442768, 35.16049305401128], [137.99906472076032, 35.16349833288183], [138.0007486122587, 35.16658277457543], [138.00463250268797, 35.16817194587867], [138.00550000042472, 35.170275558170545], [138.0050144492575, 35.17271777420598], [138.00800277590747, 35.17809055883225], [138.01068111524137, 35.18016527860476], [138.0164977818472, 35.18724250423821], [138.01594861173908, 35.189719720988364], [138.02135916968996, 35.19395944077564], [138.028457223622, 35.196135558209505], [138.02732111457783, 35.201056666432066], [138.03636389128064, 35.21094972065316], [138.03504389066313, 35.212633612151535], [138.03426833961225, 35.21853555876908], [138.0329180543248, 35.22054805354986], [138.03488444895822, 35.2252319457977], [138.03643639372467, 35.22739499967952], [138.0337805581263, 35.2282608372679], [138.0302766672345, 35.231142504323145], [138.02673639426928, 35.23268972045429], [138.02010999967683, 35.23671166671011], [138.01818639388705, 35.2369752786862], [138.01692500568458, 35.23935917098902], [138.01225778237085, 35.24183389122118], [138.01412194567126, 35.24659889152565], [138.01441861222918, 35.250109720687135], [138.0158147206729, 35.25256110800876], [138.01309639388353, 35.258860837357815], [138.0075486119789, 35.25961777424095], [138.0031041633265, 35.25865972016999], [138.00043861235213, 35.26156944067719], [138.00133972764638, 35.26445527878815], [138.0075558632126, 35.268236386599995], [138.01116085588887, 35.272392224821374], [138.01434360607266, 35.27382110725836], [138.01248194558536, 35.27737944040888], [138.01364389125263, 35.28140555861967], [138.01326649795055, 35.28574994600325], [138.0122919197364, 35.28895322501137], [138.0142667832855, 35.29205010792617], [138.01828761258332, 35.29462650460954], [138.01877489044887, 35.301072026652776], [138.01557988340494, 35.303009801261396], [138.00567710841187, 35.30439508096828], [138.00148461742117, 35.30285786439896], [137.998447392833, 35.30330841395221], [137.99651016860946, 35.30205008074665], [137.99209321672868, 35.301703972160624], [137.99129513586195, 35.300406197388156], [137.9843540343113, 35.29562122493962], [137.98235761311344, 35.29239344030509], [137.9734153833134, 35.2930476125573], [137.97245119316813, 35.290076224638085], [137.9704892483802, 35.28879735991029], [137.96734063646124, 35.28420402669451], [137.96392313894182, 35.28461180179329], [137.96031894936004, 35.28293930560454], [137.95775338501073, 35.2826309721417], [137.95189033676968, 35.28308153158747], [137.94733338472804, 35.279595999455864], [137.94706616107453, 35.27805155863257], [137.94424282674515, 35.27628433235611], [137.9392350580515, 35.27581322430092], [137.93170756165466, 35.27592683745365], [137.92925255546118, 35.275470170711856], [137.92825700415744, 35.27030738677655], [137.92624450128278, 35.26890517013754], [137.92600616115544, 35.265353504560665], [137.92476335924175, 35.260306279011616], [137.9223575225817, 35.259120720744704], [137.91861308732416, 35.25437380130995], [137.9128136454334, 35.25335713482394], [137.90685255490155, 35.254243531813586], [137.89870092091087, 35.25647294576987], [137.89542593985527, 35.25798850486564], [137.89354511031866, 35.25422961300626], [137.89109955869776, 35.2541648914966], [137.88802788557848, 35.25173544043827], [137.88402038873005, 35.249944053875026], [137.88246538267128, 35.24809630589982], [137.8840986900026, 35.24395686501737], [137.88214564220766, 35.24280213461088], [137.88265535725895, 35.23973130595505], [137.8848917247733, 35.23624964000891], [137.88206533095035, 35.230658801262734], [137.88065172529696, 35.229427693233504], [137.88035557674857, 35.226349918214225], [137.8766422436447, 35.22189546730203], [137.87254613479638, 35.218880197862916], [137.86992169902726, 35.21951158579111], [137.8651122830055, 35.22247713441226], [137.8591939687267, 35.223317413268035], [137.85413011741105, 35.22185686480253], [137.8449295852322, 35.22100713497133], [137.8450459404179, 35.2190243591869], [137.8412017766408, 35.216322413548596], [137.83808847030673, 35.216603531727685], [137.83680902731487, 35.2156285317314], [137.83799900125302, 35.212319359351], [137.83551177684706, 35.211201026306355], [137.8286318031153, 35.21158102674303], [137.8277176386582, 35.208665467837136], [137.83111428000007, 35.20545102644377], [137.82891428017, 35.2043310269554], [137.82395510994047, 35.204778531404145], [137.8216584437822, 35.20318908041179], [137.8203448121634, 35.19730491878704], [137.81696814476413, 35.19300522501118], [137.81663744516197, 35.18839635960438], [137.8138143059855, 35.186280531821126], [137.80740019546272, 35.187825251434276], [137.80397282698448, 35.18468055876082], [137.8031997283848, 35.18311805325561], [137.8049841631887, 35.179243891692295], [137.81044194633887, 35.1748138915479], [137.81289639405338, 35.17402889132035], [137.81563360570635, 35.17509055898216], [137.8181441630228, 35.17467972079254], [137.82547194607355, 35.168200279019686], [137.82573693940833, 35.16592305350616], [137.82172583717772, 35.16102222499575], [137.82129082970812, 35.15844027859606], [137.8239711151749, 35.156299440666714], [137.82729500585992, 35.155481945235636], [137.82896333279166, 35.15191250455848], [137.82186082991348, 35.1480075043429], [137.81765416290932, 35.150184720748314], [137.81620138818357, 35.15260194552343], [137.81356972816047, 35.151012224734416], [137.81240555127522, 35.14764333287354], [137.8123963943782, 35.14375361213956], [137.81485778216097, 35.14047277469882], [137.80985834029025, 35.13702555818304], [137.8080147211026, 35.13348917028901], [137.80586167307786, 35.13112444074039], [137.80098749687556, 35.1308602783792], [137.7987344487359, 35.13545944100048], [137.79692722421214, 35.136463332616756], [137.79313693881875, 35.135217504484274], [137.79200306099256, 35.12905250436961], [137.79284555128118, 35.12797444026825], [137.79731083003082, 35.12710194589812], [137.79921472088267, 35.123592774187216], [137.79831472074784, 35.11831389137302], [137.8013238909848, 35.106592504640446], [137.80098722438095, 35.1057061076508], [137.79519027181368, 35.10307861238812], [137.79296778173784, 35.095551666376366], [137.78611722393077, 35.09560694590391], [137.7798299996548, 35.09772055865693], [137.77683416276648, 35.09745917070421], [137.77617111510494, 35.09437277478378], [137.77455861179055, 35.09269972101538], [137.77486082986343, 35.087167224887594], [137.77405833962075, 35.08412777447728], [137.77567472081182, 35.07798166642084], [137.7726305579539, 35.07636999947596], [137.77173693940824, 35.073979170702216], [137.76846693879827, 35.07233583772876], [137.76381000013146, 35.07219110713396], [137.76159666695264, 35.068562774352586], [137.7582325028278, 35.068423332670704], [137.7547441630128, 35.065425837432485], [137.75143583689442, 35.06409389201957], [137.7506538907645, 35.06271833218534], [137.74543639387457, 35.05977361276206], [137.7434122177997, 35.05788110732732], [137.74027610915516, 35.056512504648424], [137.73584444886228, 35.05143638658001], [137.7352991701207, 35.04807194546396], [137.73136778199762, 35.04510083723392], [137.72875250312563, 35.040336945793456], [137.72329888473575, 35.03908444019481], [137.72216167312274, 35.03634194592411], [137.71734805366975, 35.03514861301812], [137.71757416301728, 35.03223583751395], [137.71652000019787, 35.02746889197584], [137.71299527920883, 35.02538972055919], [137.7109666667783, 35.02285750486999], [137.71094416304277, 35.02089638655906], [137.70674834006388, 35.017545558480776], [137.70300167268908, 35.007478053769205], [137.70104639367617, 35.00353889190637], [137.70200472114107, 34.998473891257106], [137.70457472094665, 34.996139161293286], [137.70729917032054, 34.996313332993964], [137.70813167273855, 34.99445694523189], [137.70518500628305, 34.99152249426777], [137.69990917037194, 34.984838332622985], [137.70176805375274, 34.98046416149191], [137.70725111504703, 34.97228416198453], [137.70421972795816, 34.96995055887123], [137.70401861166965, 34.96774305329933], [137.70692693912702, 34.963032494354195], [137.7068455513812, 34.96036749466418], [137.70867778245372, 34.95685916202075], [137.70586389100583, 34.95556249431371], [137.70447194642327, 34.949050558236706], [137.70590306097756, 34.94520305347817], [137.70369055787296, 34.94160582824645], [137.70128805410047, 34.940490278603534], [137.70097167260462, 34.93778889144426], [137.7020772235851, 34.935334999510644], [137.7019255511234, 34.932962494423634], [137.70362666733695, 34.931017224865116], [137.70611861228417, 34.93190222430826], [137.7108308295792, 34.928345278811605], [137.71489639385356, 34.92679722451237], [137.7145411148806, 34.92378222486985], [137.7175102715819, 34.91782194552644], [137.71601693923037, 34.912690558722375], [137.7163408300653, 34.90866999922116], [137.71843583674456, 34.90727499964157], [137.72308805397063, 34.906628891610126], [137.72464722389032, 34.90529389120019], [137.73000944238197, 34.90302082864838], [137.73392333329525, 34.90238277494518], [137.7359869392459, 34.89963916191783], [137.73849250262697, 34.89893527874017], [137.74260527861077, 34.900464161292064], [137.74552416320967, 34.89926889124638], [137.74563221765277, 34.89445980167858]]]}, "properties": {"N03_001": "静岡県", "N03_002": null, "N03_003": "浜松市", "N03_004": "天竜区", "N03_007": "22137"}}, {"type": "Feature", "geometry": {"type": "MultiPolygon", "coordinates": [[[[139.16965936418842, 35.043110999972725], [139.1674025029232, 35.042658891894405], [139.16686167312776, 35.038029999484934], [139.16796250266748, 35.03655499981346], [139.1723533328401, 35.036672224643496], [139.17654555133618, 35.03967110753564], [139.17330167333364, 35.04235527897299], [139.16965936418842, 35.043110999972725]]], [[[139.09854333300848, 35.031432224917296], [139.0981172243305, 35.0326744404731], [139.0992811152313, 35.03688250502364], [139.10033472137036, 35.04466805378769], [139.09956083046802, 35.046087774830994], [139.0948656031651, 35.04932943150811], [139.09280040181716, 35.04998083744573], [139.08918031132237, 35.04845808017632], [139.08858888476925, 35.046199170255534], [139.08613224360818, 35.044750359741386], [139.08261639443117, 35.04554083773951], [139.07991834015934, 35.04806250438111], [139.07410277612223, 35.046783053295314], [139.07187306089315, 35.049269721020835], [139.06942693910207, 35.05337794553583], [139.07101680917845, 35.05900108073536], [139.07463888537632, 35.06089666634813], [139.07421306088406, 35.062006107795696], [139.07654888532284, 35.06729610802904], [139.0795913880322, 35.06920777441928], [139.07815082969705, 35.072929440641246], [139.07565194558094, 35.07518833257552], [139.07422111521237, 35.078866666763304], [139.07465916958506, 35.08091722445039], [139.0820397284508, 35.08585166692092], [139.0808986119814, 35.08767610716666], [139.08029286642272, 35.09240897289584], [139.07558693898613, 35.090673612297394], [139.0753097283614, 35.09358666659142], [139.07692000045768, 35.097947504373906], [139.07892861196592, 35.099906666659365], [139.08208805442018, 35.10075833273095], [139.086870829825, 35.10709417075941], [139.08670500563153, 35.11119138667323], [139.08920277638708, 35.11388499919343], [139.0971650320406, 35.11711389179271], [139.09995697823206, 35.12149610735952], [139.10427639414036, 35.12554222469396], [139.10533752310823, 35.12784472025771], [139.10857252929884, 35.12970417021131], [139.11008386517835, 35.13476786414566], [139.1096517769081, 35.138760413362434], [139.11159666695266, 35.14136693643502], [139.10851150490214, 35.141872225023235], [139.10124372192024, 35.14036944079709], [139.093252866027, 35.14071750450927], [139.0900989750877, 35.14018527852784], [139.08358644635746, 35.141111945360024], [139.07797727583068, 35.14336805389263], [139.07670810579452, 35.14467583722018], [139.07282533142393, 35.14518444070944], [139.06613197061404, 35.14412583793711], [139.0603383662227, 35.146124170194355], [139.05391389101328, 35.147307774234434], [139.05141442323713, 35.14716361291045], [139.04860055786946, 35.14962666623774], [139.04220941603182, 35.15004555875561], [139.03961577215023, 35.150668053288086], [139.0372413362187, 35.15000891857676], [139.03042795098918, 35.14975280155062], [139.03027655012272, 35.1478130808091], [139.03394600530396, 35.144823332330986], [139.03296791163984, 35.14261499938277], [139.0349231654718, 35.13799389150495], [139.03854596562383, 35.13704499972698], [139.0423443062448, 35.13165472058893], [139.04111066122812, 35.128104999346306], [139.0447781064246, 35.123718891513704], [139.04074046699907, 35.12098722418108], [139.03940230906937, 35.11865638648311], [139.0360250840904, 35.11861027824182], [139.03425002561823, 35.11721277494968], [139.03610083038905, 35.114360278304275], [139.03531360613806, 35.1103522247754], [139.0363908302727, 35.10937555833539], [139.03612749708634, 35.105096107399504], [139.0368761089453, 35.103105837564385], [139.03414805418936, 35.0998755582105], [139.03510888536687, 35.09751805381518], [139.03223917030152, 35.09361194563485], [139.0312569388567, 35.08950417078091], [139.0314372241486, 35.087306107191125], [139.0341974971169, 35.08514472065241], [139.0332300001644, 35.0839849999079], [139.02785055785705, 35.081624999893904], [139.02858610886187, 35.077153612948905], [139.03108527896256, 35.07420110719539], [139.03025722369193, 35.070570000005546], [139.031697496942, 35.06726750419199], [139.03437360595717, 35.066906945299365], [139.03933722423358, 35.06134638672643], [139.04020333341714, 35.05979055868738], [139.03775834027522, 35.05814666633563], [139.03343027198957, 35.057633891790715], [139.03245610926206, 35.052746945215404], [139.03428527904248, 35.04903805386317], [139.03376167306283, 35.045585558326934], [139.03777778181927, 35.04174250431316], [139.03666500568556, 35.03784944079911], [139.03806194600202, 35.034629440696165], [139.0429763938456, 35.032638332692954], [139.05125916967495, 35.0303705581548], [139.0577052789755, 35.02928083794035], [139.05844861181401, 35.027556107328564], [139.06278416335851, 35.02693110728484], [139.06611111533573, 35.027384170443156], [139.06767861207834, 35.02567194580371], [139.07164861169417, 35.025009440433394], [139.07559194641124, 35.02671555867613], [139.07820610922465, 35.028955837342096], [139.07958082999141, 35.0313899999486], [139.08284221779422, 35.03015889191937], [139.08492527877866, 35.03342722428704], [139.09069333343064, 35.036530278349744], [139.0931811154162, 35.03323389163086], [139.09854333300848, 35.031432224917296]]]]}, "properties": {"N03_001": "静岡県", "N03_002": null, "N03_003": null, "N03_004": "熱海市", "N03_007": "22205"}}, {"type": "Feature", "geometry": {"type": "Polygon", "coordinates": [[[138.63853728886488, 35.116491458414146], [138.64535055808187, 35.11769369370904], [138.64954383867723, 35.119906251672205], [138.65510878144516, 35.121306251482395], [138.66161797728785, 35.12433683727528], [138.66705680902453, 35.12546246741897], [138.67434664068503, 35.12805163987133], [138.68004961140048, 35.13188917024905], [138.68654085587582, 35.13330933285948], [138.69390114132466, 35.134322999207086], [138.69766571959735, 35.13439380193245], [138.6934390786506, 35.138784585340375], [138.69191588790795, 35.13929850472226], [138.68492572024581, 35.14412789198866], [138.68923852074124, 35.14364363944247], [138.69566822281035, 35.14461689115666], [138.6971049158592, 35.14342889123037], [138.70059944211062, 35.142936747133206], [138.69559002585902, 35.13996122503056], [138.69890708169658, 35.13635353169019], [138.7031743836909, 35.13586722419308], [138.70894457783004, 35.136667558760905], [138.7176522437561, 35.13573780185811], [138.7207248638614, 35.13587450420505], [138.73206516197774, 35.13417335921321], [138.738462633244, 35.13417644029056], [138.75252143981265, 35.1315101527714], [138.75336805439224, 35.13450527829599], [138.7550697281855, 35.13634444044362], [138.75612805396656, 35.140041666689626], [138.7615430608637, 35.14051722459027], [138.7656094417224, 35.13834777473005], [138.76917306108794, 35.142708891302334], [138.77175221779066, 35.14892666633261], [138.77056306133625, 35.14959222490131], [138.77335583670254, 35.15723944084755], [138.77439000039828, 35.15787166694395], [138.77631194603953, 35.163072774588954], [138.77831472094772, 35.16646277443755], [138.77431416326806, 35.166088332710444], [138.76865055767712, 35.167185837456486], [138.76767749661929, 35.16590999984669], [138.7629502723372, 35.1666447207773], [138.76500666662446, 35.16851083740528], [138.76795416315417, 35.17370499958611], [138.77008472093314, 35.179847504958445], [138.76937861193346, 35.18275666698662], [138.77233027232433, 35.18933027856957], [138.7810380542628, 35.19553555841935], [138.78328583687198, 35.19510444051758], [138.78562194639574, 35.196308332363685], [138.78765027194254, 35.19925472092871], [138.79143778202808, 35.20158277432563], [138.79330778192866, 35.20376417077989], [138.79984944239789, 35.20732972098989], [138.8019030613773, 35.20967250438264], [138.8049944494344, 35.21036110717938], [138.81015861203036, 35.216627774752055], [138.81165610914218, 35.2192430536241], [138.81183999981624, 35.221141107875894], [138.81097111532483, 35.22328222459504], [138.80615306131483, 35.22527555842032], [138.8027916733971, 35.22728333265974], [138.79972583687788, 35.22821110745667], [138.7956747211116, 35.227765278444906], [138.79501805413997, 35.23211999993811], [138.7958388851565, 35.234261107664054], [138.79395194562585, 35.23823083748323], [138.79185917016468, 35.23888694597582], [138.78932055759776, 35.24462889151016], [138.7893861091817, 35.25018250461892], [138.78680666739388, 35.252883053610105], [138.78271000006646, 35.25390610798053], [138.77814944174338, 35.26145999947943], [138.76623306130682, 35.2830444408483], [138.75864805416438, 35.29653694522392], [138.75874888525288, 35.30770805388363], [138.7494705581198, 35.330999999350524], [138.74611861218432, 35.33584889201279], [138.74166277631616, 35.339722224401214], [138.73863583727416, 35.344280837490714], [138.7373908302227, 35.35182305399081], [138.73214447498765, 35.359116666401064], [138.73413138765352, 35.353265558458816], [138.735742503314, 35.35223333280214], [138.73725167272653, 35.34467417037672], [138.74036027200896, 35.33742277484123], [138.74221027188662, 35.32819305336676], [138.7397836060287, 35.323281945605345], [138.73576416258607, 35.31944250416831], [138.73527027200555, 35.31720861248755], [138.73230055772467, 35.31268027867196], [138.7296072239942, 35.306732774198224], [138.72931416281847, 35.30256194517767], [138.72730722404924, 35.30121666641605], [138.72581306072425, 35.29710777460417], [138.72850666694922, 35.29535222422584], [138.72411194630934, 35.289198612226244], [138.72020778246326, 35.290454999298845], [138.71576277623126, 35.28436972048627], [138.7191891698444, 35.28326194548242], [138.7188216726821, 35.279726666452575], [138.71745277592493, 35.27763083779297], [138.71772693874732, 35.275221386757664], [138.71479250307164, 35.275630000024535], [138.71163277643154, 35.27839222452161], [138.7042000002299, 35.274635837274104], [138.70310861177313, 35.27035750419549], [138.6999916730773, 35.270337774868494], [138.69339472138938, 35.2665544403352], [138.69163583722423, 35.26456417050014], [138.68370861196297, 35.26118333294448], [138.68047416335207, 35.25824305347419], [138.67784250332897, 35.257307774734045], [138.67332722407218, 35.25261861245906], [138.67343250320755, 35.25118472079828], [138.67023416327606, 35.24780361254676], [138.66600861230768, 35.24659833214736], [138.65902972843924, 35.24108527846289], [138.65996138830747, 35.23645194520117], [138.66238555135214, 35.234086107687745], [138.6644252794032, 35.23008444024475], [138.6658569389466, 35.2240172243155], [138.66533333296695, 35.22075194514622], [138.6663158369064, 35.21717194552889], [138.6642188849936, 35.21002889132035], [138.66126138800269, 35.20950194525864], [138.6589769391345, 35.211752504974186], [138.65371138787032, 35.209325278838605], [138.6523038913116, 35.210684721023085], [138.65348000040171, 35.21684083763461], [138.64823805364335, 35.217063891985106], [138.64294527900154, 35.21177944056876], [138.6405047213159, 35.20846166617298], [138.6379855511923, 35.210907774474265], [138.6344741626525, 35.20696110776896], [138.6315880538457, 35.20549083763211], [138.63337944220757, 35.20374527872167], [138.6347905576382, 35.196723053825906], [138.63679306095105, 35.19567250448256], [138.64069555115884, 35.19513222417288], [138.6398425028293, 35.19369222431675], [138.6410494415785, 35.19013972057172], [138.64473138834296, 35.18535777434187], [138.6414169387408, 35.18392917069474], [138.63885027182266, 35.185101107829894], [138.63684805359492, 35.18807666680476], [138.6343325032425, 35.189513612563246], [138.6328397284708, 35.193005278970475], [138.62808389135853, 35.1905533322705], [138.62481693945028, 35.187001107315325], [138.62163027181964, 35.18599527855929], [138.62142778226644, 35.183327504460806], [138.61635194568578, 35.18174527862175], [138.6154047212509, 35.17933166642331], [138.61006167270807, 35.18228583772128], [138.60829250299673, 35.18417889174253], [138.60611833978965, 35.18971222423983], [138.6015074967736, 35.192605837889175], [138.59711167266562, 35.19020861223771], [138.59398610947142, 35.18942138618809], [138.59137277583295, 35.19254944050431], [138.58783389142104, 35.195354440355175], [138.57633888473185, 35.19587499943174], [138.5667555507282, 35.19058333275467], [138.56415500634853, 35.19141055885024], [138.5627172242206, 35.1884480535349], [138.56362972762986, 35.18712444034071], [138.55837749712384, 35.18466194549245], [138.56094778201464, 35.17746166652273], [138.55901083028562, 35.17413944048286], [138.55981221795957, 35.16765750488997], [138.55940167294887, 35.16292833267647], [138.55776138777787, 35.16051666661093], [138.55840444890623, 35.159314999687524], [138.55865749744567, 35.15663638695975], [138.5636930605864, 35.15295472078378], [138.5652072239343, 35.15106972019146], [138.56823944199675, 35.15232750481056], [138.57214000046076, 35.149412774180234], [138.57730693926385, 35.14667861302763], [138.5774461093505, 35.14557083802379], [138.58143639407444, 35.143413891438], [138.5924544489137, 35.143686386917295], [138.59579277641558, 35.14313694521388], [138.59978944182933, 35.14352499997881], [138.60503027162974, 35.13435694591635], [138.60730861230263, 35.13218555891649], [138.61277250274884, 35.12959694584242], [138.61656444919004, 35.12935417025881], [138.61832693873725, 35.131732224162874], [138.62993082994387, 35.133675278691214], [138.6318061088649, 35.12869472078478], [138.63853728886488, 35.116491458414146]]]}, "properties": {"N03_001": "静岡県", "N03_002": null, "N03_003": null, "N03_004": "富士市", "N03_007": "22210"}}, {"type": "Feature", "geometry": {"type": "Polygon", "coordinates": [[[136.0162994160853, 35.231278945866734], [135.9937288842807, 35.264387775675345], [135.9835141623488, 35.27233333361653], [135.9565322175879, 35.27764722523932], [135.9369697273711, 35.26051444148834], [135.91030444829175, 35.26414333364801], [135.90614778179474, 35.27510055924347], [135.88298722368154, 35.284641667379105], [135.86075527853336, 35.28295999990411], [135.8446672237135, 35.261307505037394], [135.83086416275103, 35.222761387628], [135.8310869383116, 35.21041722487507], [135.8419080533141, 35.189839721126305], [135.846813060974, 35.162386946200684], [135.85615306091506, 35.15943694595836], [135.8487100000665, 35.141852225000264], [135.85229416264553, 35.134266946262585], [135.83983972772137, 35.08613694626314], [135.83189194575675, 35.07145555972636], [135.8348525031406, 35.05555389209849], [135.81590138733918, 35.047369171150365], [135.83451778177027, 35.022080558970686], [135.83268167282097, 35.009425279353195], [135.84230027194008, 34.98994194656365], [135.85675999987416, 34.980002225622286], [135.8522752786812, 34.97134749559052], [135.87542666640763, 34.95366527912938], [135.87992444845463, 34.93452499992884], [135.8707133330539, 34.926003892066035], [135.86752055812735, 34.893336667153505], [135.89966944169146, 34.87140444086231], [135.91265555041343, 34.883516386971735], [135.9360261083183, 34.89164055926443], [135.94323500549115, 34.87817749509537], [135.96430610844027, 34.88001582896737], [135.96745749656623, 34.891217775380085], [135.98749306075626, 34.88983749500443], [135.9927363933699, 34.908655000328054], [136.0115747206969, 34.92018361288348], [136.04179972777524, 34.923477494990436], [136.03310888456747, 34.93822638733798], [136.04107389034777, 34.94527138756456], [136.01693749676815, 34.943800279259506], [136.01010834012789, 34.95455082895762], [136.01025221816542, 34.97554416213342], [135.98941277607878, 34.97999666691271], [135.966987781561, 34.983097495153345], [135.9501094420972, 34.97217777488447], [135.93978972791365, 34.992416108316775], [135.91892111451784, 34.99631889260286], [135.90290658826848, 34.99235302717051], [135.88795535655447, 35.0353251355466], [135.92324111498556, 35.08812250544929], [135.9355808036113, 35.11552144156133], [135.9402545524057, 35.13752444090028], [135.95931133584952, 35.14721325189009], [135.97256389031133, 35.18097977569613], [135.99584724995066, 35.190206864854986], [136.0162994160853, 35.231278945866734]]]}, "properties": {"N03_001": "滋賀県", "N03_002": null, "N03_003": null, "N03_004": "大津市", "N03_007": "25201"}}, {"type": "Feature", "geometry": {"type": "Polygon", "coordinates": [[[136.35152527906848, 35.27413027888929], [136.3462399993765, 35.286260559477284], [136.30081527880213, 35.29900972112176], [136.2440801688648, 35.2955823607374], [136.2159925804932, 35.30368500056238], [136.20978036237386, 35.33865364005351], [136.14854593974337, 35.356008838736955], [136.1457561087575, 35.34994305452841], [136.152848469981, 35.26871558585566], [136.12222666672733, 35.25589005468231], [136.0836997534409, 35.258851387281766], [136.08523319105893, 35.25184310817298], [136.11211666635108, 35.21643805467255], [136.13974888480323, 35.20721138729573], [136.16699333267627, 35.204440000505656], [136.19162999932507, 35.19016361286049], [136.19522693857243, 35.19855166692594], [136.2160550060338, 35.19361889269777], [136.2257588851645, 35.21855000008247], [136.23755749668123, 35.21283361328068], [136.25768693840155, 35.228375279595525], [136.2745805573469, 35.2402897210938], [136.28812527905848, 35.24148638688729], [136.30063805390319, 35.257221387656955], [136.32110666683923, 35.267691667236704], [136.3387494417334, 35.26401666773506], [136.35152527906848, 35.27413027888929]]]}, "properties": {"N03_001": "滋賀県", "N03_002": null, "N03_003": null, "N03_004": "彦根市", "N03_007": "25202"}}, {"type": "Feature", "geometry": {"type": "Polygon", "coordinates": [[[136.35152527906848, 35.27413027888929], [136.37771861192448, 35.28728494664301], [136.39172858530605, 35.287111333421365], [136.41226416266102, 35.315562693963216], [136.41117391634327, 35.32794213532134], [136.42232505735558, 35.34838961329007], [136.41191177680707, 35.36989597372025], [136.43689344947313, 35.3791323600704], [136.44414294384183, 35.388655387336314], [136.41180807957926, 35.418598054056986], [136.4261690529595, 35.448160973050506], [136.42036391656154, 35.466234775014925], [136.40176724965886, 35.46994061316883], [136.38783374742957, 35.49683274803294], [136.40228999948397, 35.51325238738781], [136.40040450066726, 35.53008183790655], [136.3842527756451, 35.53309133369817], [136.37356418833667, 35.5593941716038], [136.36251610873148, 35.55848138760598], [136.35666214004584, 35.539914468478], [136.34588208808793, 35.53610866708135], [136.3477459141427, 35.52350172152728], [136.33744500568253, 35.49637110804025], [136.3330791694682, 35.46874722540417], [136.34256306093653, 35.4613597210743], [136.3587216729669, 35.43417055902415], [136.36262389068008, 35.41655110804726], [136.35669555075913, 35.40074889194784], [136.33213610889436, 35.399701387708944], [136.3374613877329, 35.37923833348236], [136.325045836796, 35.347058613064576], [136.31110167310385, 35.34262222503571], [136.29639888450095, 35.35461500018215], [136.27752333243586, 35.35080889211673], [136.25042705596388, 35.352659640230286], [136.22574136187438, 35.34794791936105], [136.20978036237386, 35.33865364005351], [136.2159925804932, 35.30368500056238], [136.2440801688648, 35.2955823607374], [136.30081527880213, 35.29900972112176], [136.3462399993765, 35.286260559477284], [136.35152527906848, 35.27413027888929]]]}, "properties": {"N03_001": "滋賀県", "N03_002": null, "N03_003": null, "N03_004": "米原市", "N03_007": "25214"}}, {"type": "Feature", "geometry": {"type": "Polygon", "coordinates": [[[135.92324111498556, 35.08812250544929], [135.94088055789155, 35.08084089269312], [135.9501299996998, 35.06154027966022], [135.96283583650472, 35.05068500031257], [135.99492138801168, 35.036892505484786], [136.01596333314137, 35.05067055899917], [135.9968852789325, 35.062977505107824], [136.0097230606708, 35.07593722502298], [136.00160250275337, 35.0903977749374], [136.00388319065678, 35.101039865497455], [135.98858333315434, 35.12019138712287], [135.96759367101117, 35.13086919785525], [135.95931133584952, 35.14721325189009], [135.9402545524057, 35.13752444090028], [135.9355808036113, 35.11552144156133], [135.92324111498556, 35.08812250544929]]]}, "properties": {"N03_001": "滋賀県", "N03_002": null, "N03_003": null, "N03_004": "守山市", "N03_007": "25207"}}, {"type": "Feature", "geometry": {"type": "Polygon", "coordinates": [[[136.08523319105893, 35.25184310817298], [136.090539973541, 35.22166244126868], [136.09953508347735, 35.20972027906765], [136.10589500535025, 35.18896027949336], [136.12974527872166, 35.18325389225339], [136.14001138791525, 35.16078333358405], [136.168277223715, 35.14425000013745], [136.17579861191643, 35.13052972086996], [136.159983890744, 35.106696667717074], [136.13962444830975, 35.10973055941781], [136.12550833963826, 35.09574722485462], [136.14576722347863, 35.07644638699122], [136.14608360587374, 35.06186694670225], [136.15647360567243, 35.028440279395454], [136.16354944185332, 35.030629999974565], [136.18067527834148, 35.01643277515251], [136.21740444865645, 35.038782505408335], [136.22081972754847, 35.06388222488482], [136.24902693834258, 35.068477225443644], [136.26689527849442, 35.057759441644976], [136.29545833933093, 35.05740777524869], [136.30746999934104, 35.04525222550984], [136.32764778142007, 35.036146108656055], [136.34248444849857, 35.01657389227137], [136.36386639401894, 35.01680361329619], [136.38791083012075, 35.022452505079116], [136.4045780537342, 35.0137727756931], [136.41816666685827, 35.01812277484623], [136.42382778132708, 35.02977138753954], [136.41785306067027, 35.04950250513656], [136.44159833999151, 35.06671944114936], [136.43526666672335, 35.08248722490555], [136.44802306071574, 35.12384138727026], [136.43563888442702, 35.130655279717416], [136.45465306069025, 35.16141777560989], [136.42446082940387, 35.18451027932599], [136.40865333248541, 35.18718277486522], [136.38908472058347, 35.19679583865707], [136.37453861186748, 35.176983054524385], [136.39010389078203, 35.15538194602004], [136.38671277577407, 35.14465777523617], [136.35472360551, 35.131103892130966], [136.33568250264545, 35.14295417149788], [136.32162639404294, 35.14587027899023], [136.30337972799214, 35.15772333366499], [136.2817013875091, 35.15245250517904], [136.2636222174914, 35.156573054003275], [136.2468347203461, 35.151002775557686], [136.23666778209258, 35.15871222548884], [136.22698444887328, 35.14351110815119], [136.20426167263815, 35.14804917173194], [136.19162999932507, 35.19016361286049], [136.16699333267627, 35.204440000505656], [136.13974888480323, 35.20721138729573], [136.11211666635108, 35.21643805467255], [136.08523319105893, 35.25184310817298]]]}, "properties": {"N03_001": "滋賀県", "N03_002": null, "N03_003": null, "N03_004": "東近江市", "N03_007": "25213"}}, {"type": "Feature", "geometry": {"type": "Polygon", "coordinates": [[[136.04107389034777, 34.94527138756456], [136.04882972731014, 34.958365829519494], [136.06123917005175, 34.964170279734674], [136.04262055789252, 34.98748666697617], [136.0362894413047, 35.01194444138292], [136.03888639379215, 35.02617000024537], [136.01596333314137, 35.05067055899917], [135.99492138801168, 35.036892505484786], [135.96283583650472, 35.05068500031257], [135.9610138909784, 35.03766417146437], [135.97249221794152, 35.03137277523342], [135.97046861203683, 35.01558555892643], [135.99014444830766, 35.007978613722116], [135.9991850054837, 34.99690777497386], [135.98941277607878, 34.97999666691271], [136.01025221816542, 34.97554416213342], [136.01010834012789, 34.95455082895762], [136.01693749676815, 34.943800279259506], [136.04107389034777, 34.94527138756456]]]}, "properties": {"N03_001": "滋賀県", "N03_002": null, "N03_003": null, "N03_004": "栗東市", "N03_007": "25208"}}, {"type": "Feature", "geometry": {"type": "Polygon", "coordinates": [[[136.19162999932507, 35.19016361286049], [136.20426167263815, 35.14804917173194], [136.22698444887328, 35.14351110815119], [136.23666778209258, 35.15871222548884], [136.2468347203461, 35.151002775557686], [136.2636222174914, 35.156573054003275], [136.2817013875091, 35.15245250517904], [136.30337972799214, 35.15772333366499], [136.32162639404294, 35.14587027899023], [136.33568250264545, 35.14295417149788], [136.32687000005058, 35.154619171637535], [136.31084111432608, 35.15613999986118], [136.29047082966508, 35.182584171622295], [136.25623167255367, 35.18840638704518], [136.2160550060338, 35.19361889269777], [136.19522693857243, 35.19855166692594], [136.19162999932507, 35.19016361286049]]]}, "properties": {"N03_001": "滋賀県", "N03_002": null, "N03_003": "愛知郡", "N03_004": "愛荘町", "N03_007": "25425"}}, {"type": "Feature", "geometry": {"type": "Polygon", "coordinates": [[[139.37043824862633, 35.351164413906645], [139.37479491535316, 35.35020805415843], [139.3948376903072, 35.352069468231434], [139.39672710747004, 35.35623872163973], [139.39396719782803, 35.36316750517625], [139.400725278349, 35.368306108140416], [139.40500700367033, 35.377298586660515], [139.4017720226608, 35.37991941434956], [139.3996425809404, 35.3845160813521], [139.403140972478, 35.39008299993054], [139.39548569410954, 35.39077494640668], [139.3959082225865, 35.39518353189453], [139.3939826715631, 35.397642414166114], [139.39549269802967, 35.40128464057375], [139.3886057194784, 35.39991241452634], [139.38422824873476, 35.4011076944646], [139.3718063036181, 35.40067738775127], [139.3734690268742, 35.394500468022216], [139.3746537217919, 35.388531027285126], [139.37089610876842, 35.36784605455182], [139.36864027183117, 35.36323164032797], [139.37194691261993, 35.36063774823356], [139.37211355339787, 35.35535580232846], [139.37043824862633, 35.351164413906645]]]}, "properties": {"N03_001": "神奈川県", "N03_002": null, "N03_003": "高座郡", "N03_004": "寒川町", "N03_007": "14321"}}, {"type": "Feature", "geometry": {"type": "Polygon", "coordinates": [[[139.4069482748431, 35.40767908112474], [139.40643968844097, 35.410947108622224], [139.40924641948675, 35.42244346789181], [139.41026619942568, 35.4295851083661], [139.40695403410143, 35.439665360068375], [139.4069529432238, 35.44301174819367], [139.40291241157854, 35.44853144157281], [139.40701574558022, 35.44917950562973], [139.40648522651202, 35.45273255975985], [139.40874664104467, 35.456287837913465], [139.41594442259714, 35.4575845056205], [139.4144408298805, 35.46070419804033], [139.42117033624208, 35.467924468039826], [139.4222050314371, 35.46589836022122], [139.43648949409499, 35.46732808172567], [139.4349003884422, 35.47730194632783], [139.42059588798986, 35.468662252061335], [139.41410922196303, 35.471384721128004], [139.40871477266865, 35.47147110820515], [139.40320702948088, 35.47372944166045], [139.3974233850812, 35.473623586059716], [139.39581616078726, 35.47165917173345], [139.3875622433029, 35.47035802720126], [139.3795522435413, 35.470208306268376], [139.3797291698654, 35.46294361335714], [139.37846910456562, 35.458275559069875], [139.37120683442788, 35.44975113540664], [139.370682671768, 35.44532919858369], [139.37315177663322, 35.439056441701496], [139.3752353826069, 35.43720117089737], [139.37336202283916, 35.43368091953886], [139.37412533051963, 35.42877119853205], [139.37026444834567, 35.41633069410631], [139.3692335536856, 35.40690544113323], [139.3718063036181, 35.40067738775127], [139.38422824873476, 35.4011076944646], [139.3886057194784, 35.39991241452634], [139.39549269802967, 35.40128464057375], [139.40126464224954, 35.4006824140622], [139.4069482748431, 35.40767908112474]]]}, "properties": {"N03_001": "神奈川県", "N03_002": null, "N03_003": null, "N03_004": "海老名市", "N03_007": "14215"}}, {"type": "Feature", "geometry": {"type": "MultiPolygon", "coordinates": [[[[139.69474936369227, 35.465281333566736], [139.69239697733872, 35.472012054013135], [139.67258571935554, 35.46522638768772], [139.6731092740738, 35.46061700067412], [139.67719817035936, 35.45816002766321], [139.69548822240358, 35.44982519817438], [139.70224785965104, 35.45512069416475], [139.6980736707634, 35.46091697313983], [139.68842697772288, 35.45700117116718], [139.68469286578318, 35.45886046823608], [139.69486785926438, 35.46376691930794], [139.69474936369227, 35.465281333566736]]], [[[139.72532833943137, 35.46979643205975], [139.7144968480511, 35.48619182029631], [139.70218700342753, 35.480537251992644], [139.7002663285283, 35.47868505417199], [139.70594557692687, 35.47453533313916], [139.7127073923324, 35.464253865323656], [139.72532833943137, 35.46979643205975]]], [[[139.6779262255979, 35.53972191908741], [139.67488258060837, 35.537184414529754], [139.6664528016555, 35.53299944097148], [139.65554255484506, 35.538832225227054], [139.64996919532211, 35.536895278894065], [139.64672649723013, 35.5334347209357], [139.64743124465633, 35.52328117088939], [139.64157297001657, 35.522709360348756], [139.6406307772886, 35.51811402704078], [139.6354207519662, 35.51548830614047], [139.63933902707447, 35.50626772087867], [139.64468119248306, 35.50513094633618], [139.64418243746957, 35.50240605449585], [139.65281060962195, 35.500104748735225], [139.6575804150042, 35.49771664041066], [139.65756752232335, 35.49459669438198], [139.6672489615704, 35.483517495536034], [139.6731400515722, 35.47513213494011], [139.66790469504565, 35.47356286563377], [139.6684178598964, 35.46782941419616], [139.68177438408065, 35.47289041466098], [139.6817719837901, 35.478356360058], [139.68948905277762, 35.47891461331881], [139.69280077743394, 35.48140638739494], [139.688330194483, 35.48976186531786], [139.69321373442642, 35.492413036132746], [139.69630099909193, 35.48404436065874], [139.71145665390156, 35.49080085657431], [139.7047451357795, 35.500993000126925], [139.70340294349114, 35.50444244156546], [139.69887513577896, 35.502755531942285], [139.69661350181173, 35.505875802626235], [139.69164496784106, 35.51947525258089], [139.6882411148356, 35.52266053255761], [139.6886950314506, 35.526391919551486], [139.68363338437325, 35.531397748407414], [139.6849143058506, 35.53998608149254], [139.6779262255979, 35.53972191908741]]]]}, "properties": {"N03_001": "神奈川県", "N03_002": null, "N03_003": "横浜市", "N03_004": "鶴見区", "N03_007": "14101"}}, {"type": "Feature", "geometry": {"type": "MultiPolygon", "coordinates": [[[[139.64570038876195, 35.47471097343271], [139.64204588750772, 35.47169061293147], [139.65291552453186, 35.463611467894964], [139.6522790005755, 35.46697302758321], [139.65596116677455, 35.4702240812764], [139.65039221752693, 35.47444605474169], [139.64570038876195, 35.47471097343271]]], [[[139.63933902707447, 35.50626772087867], [139.6366405573159, 35.5005864139319], [139.63678358009815, 35.49561253259236], [139.63516855958142, 35.49309586528199], [139.63087827451284, 35.49375338750889], [139.62530352733597, 35.489390892275935], [139.62207992185097, 35.49063727888739], [139.6190942275166, 35.494877585931874], [139.61332228239746, 35.49204033369449], [139.60900374782477, 35.49929369424865], [139.6033716077136, 35.49788780208047], [139.5914338387007, 35.5020015862043], [139.59065671833298, 35.503721892151646], [139.582857612289, 35.50419658670319], [139.57333377383463, 35.50410172171712], [139.56782260692785, 35.49726310870557], [139.57287036307685, 35.49141838684915], [139.57984108829567, 35.4750359191724], [139.58281552491655, 35.47361146769515], [139.59209574602198, 35.48190669373895], [139.60130639377508, 35.480195559077856], [139.60201444890777, 35.474350080891554], [139.59927328023775, 35.468047721025584], [139.60460968908592, 35.467793414334665], [139.61102963710812, 35.47212455920112], [139.61639138795226, 35.46867286496081], [139.62333752300833, 35.46800646822396], [139.6269297273251, 35.46570758613626], [139.6321869778468, 35.46709508087332], [139.63347451383777, 35.46497233370627], [139.63812250245155, 35.465178559043295], [139.64197124467728, 35.473437946204285], [139.6446565492604, 35.47597861372208], [139.65156525273426, 35.47639755929998], [139.64832352770873, 35.48038446796886], [139.65145182843924, 35.481516198214024], [139.65388452694947, 35.47665180213903], [139.66914955910488, 35.477486559157455], [139.6672489615704, 35.483517495536034], [139.65756752232335, 35.49459669438198], [139.6575804150042, 35.49771664041066], [139.65281060962195, 35.500104748735225], [139.64418243746957, 35.50240605449585], [139.64468119248306, 35.50513094633618], [139.63933902707447, 35.50626772087867]]]]}, "properties": {"N03_001": "神奈川県", "N03_002": null, "N03_003": "横浜市", "N03_004": "神奈川区", "N03_007": "14102"}}, {"type": "Feature", "geometry": {"type": "Polygon", "coordinates": [[[139.60460968908592, 35.467793414334665], [139.60604822304708, 35.45776205427546], [139.60455085633703, 35.45100446838154], [139.60439644549584, 35.44346872157284], [139.6065568607106, 35.44312061292601], [139.61484119236718, 35.44432622517519], [139.62174785977595, 35.442265108547986], [139.62556319038902, 35.44362730625522], [139.63038966295267, 35.45475313494927], [139.63551168601555, 35.45543257725171], [139.6380740856506, 35.457380279476354], [139.6383878600118, 35.46378397315192], [139.63347451383777, 35.46497233370627], [139.6321869778468, 35.46709508087332], [139.6269297273251, 35.46570758613626], [139.62333752300833, 35.46800646822396], [139.61639138795226, 35.46867286496081], [139.61102963710812, 35.47212455920112], [139.60460968908592, 35.467793414334665]]]}, "properties": {"N03_001": "神奈川県", "N03_002": null, "N03_003": "横浜市", "N03_004": "西区", "N03_007": "14103"}}, {"type": "Feature", "geometry": {"type": "MultiPolygon", "coordinates": [[[[139.69213811827956, 35.41008125214813], [139.68887761271174, 35.41279391950383], [139.68417275007243, 35.40897677495826], [139.68018891078964, 35.410188441443495], [139.6711553827148, 35.40291336046329], [139.67638191958997, 35.399762252026335], [139.682250441105, 35.40450202724679], [139.68537309948897, 35.40190943197473], [139.6792783912848, 35.395155973069734], [139.682371893648, 35.3931590545468], [139.68921206158745, 35.39883242317785], [139.68543644593535, 35.4046824861079], [139.69213811827956, 35.41008125214813]]], [[[139.62174785977595, 35.442265108547986], [139.62394286567076, 35.43974705448301], [139.63045980467632, 35.4399945596013], [139.63632885859, 35.43318061319479], [139.63424208790207, 35.42848199994438], [139.6277534109912, 35.42763800059328], [139.62815425411554, 35.42394533301075], [139.63243858567228, 35.419132198292345], [139.6383330607223, 35.41907430623428], [139.64239228297754, 35.41160052364529], [139.65257868975482, 35.41301919787776], [139.66319844385316, 35.40661927955614], [139.6688684697042, 35.40644891918231], [139.66955455260063, 35.40287694601432], [139.6794462776237, 35.41085517092944], [139.68126219139708, 35.41495661365684], [139.67800581101937, 35.41619100061422], [139.68121763898296, 35.42642191933618], [139.68539383875475, 35.42665713521865], [139.69061389061858, 35.4392239737075], [139.68534869009, 35.44200413518274], [139.67830619987126, 35.43037953258943], [139.67534610833627, 35.43158835991494], [139.6814994676264, 35.44157572154239], [139.67528108825172, 35.445709054229496], [139.6711509985198, 35.43884280235352], [139.66854588738283, 35.440225278873584], [139.67431577125592, 35.449712441176246], [139.67035758783243, 35.45130227887711], [139.66406686069718, 35.44284138692052], [139.66028077783574, 35.44125880225198], [139.65697714707778, 35.444339784253714], [139.66362705534436, 35.44675753243422], [139.6571441116115, 35.45133413556198], [139.6518557715267, 35.44512519816942], [139.64668464278213, 35.44811736042789], [139.64413433183404, 35.453850559156024], [139.63850238687576, 35.456801532464794], [139.63551168601555, 35.45543257725171], [139.63038966295267, 35.45475313494927], [139.62556319038902, 35.44362730625522], [139.62174785977595, 35.442265108547986]]]]}, "properties": {"N03_001": "神奈川県", "N03_002": null, "N03_003": "横浜市", "N03_004": "中区", "N03_007": "14104"}}, {"type": "Feature", "geometry": {"type": "Polygon", "coordinates": [[[139.6065568607106, 35.44312061292601], [139.60101666638616, 35.439882081392966], [139.58699108886776, 35.4404959730108], [139.58268325622737, 35.43467819844017], [139.57758272426338, 35.43368933269659], [139.57513092077554, 35.43102366721629], [139.57337191947852, 35.42193044153669], [139.57700386483657, 35.42240550570955], [139.58143163376292, 35.41286246852815], [139.58570819697582, 35.411345640488946], [139.59141027196654, 35.412759081566435], [139.59316958510828, 35.41544130597157], [139.5983286638368, 35.41584744160622], [139.59729817027437, 35.41235519873351], [139.60288788576736, 35.40890897327057], [139.60636097308054, 35.40847625187757], [139.60572586285832, 35.41272572121511], [139.6074873280778, 35.419961468547], [139.61320119228128, 35.4222546669194], [139.61634883293232, 35.425260946735364], [139.6277534109912, 35.42763800059328], [139.63424208790207, 35.42848199994438], [139.63632885859, 35.43318061319479], [139.63045980467632, 35.4399945596013], [139.62394286567076, 35.43974705448301], [139.62174785977595, 35.442265108547986], [139.61484119236718, 35.44432622517519], [139.6065568607106, 35.44312061292601]]]}, "properties": {"N03_001": "神奈川県", "N03_002": null, "N03_003": "横浜市", "N03_004": "南区", "N03_007": "14105"}}, {"type": "Feature", "geometry": {"type": "Polygon", "coordinates": [[[139.56782260692785, 35.49726310870557], [139.56364569399364, 35.49308041402992], [139.55330763903635, 35.49799169446118], [139.55005255458184, 35.492757838003854], [139.55653810634863, 35.484803919065655], [139.56458936340846, 35.484371586179805], [139.566826303791, 35.48111261305672], [139.56204422805877, 35.48025961329057], [139.5625876910691, 35.47757153250029], [139.5581209985853, 35.47172508124754], [139.55950739255218, 35.46759761303946], [139.56403224329347, 35.46548430605594], [139.56886233472903, 35.46035372144712], [139.56170369526933, 35.45345846823375], [139.55169756209284, 35.453723198067166], [139.54518169867652, 35.45066627922546], [139.5468663932695, 35.44743569410207], [139.55176927403284, 35.44295455940545], [139.55816077739803, 35.441412080902865], [139.55846464302897, 35.43809294673218], [139.56195630404022, 35.43549961311669], [139.57198021959243, 35.437804306424646], [139.57513092077554, 35.43102366721629], [139.57758272426338, 35.43368933269659], [139.58268325622737, 35.43467819844017], [139.58699108886776, 35.4404959730108], [139.60101666638616, 35.439882081392966], [139.6065568607106, 35.44312061292601], [139.60439644549584, 35.44346872157284], [139.60455085633703, 35.45100446838154], [139.60604822304708, 35.45776205427546], [139.60460968908592, 35.467793414334665], [139.59927328023775, 35.468047721025584], [139.60201444890777, 35.474350080891554], [139.60130639377508, 35.480195559077856], [139.59209574602198, 35.48190669373895], [139.58281552491655, 35.47361146769515], [139.57984108829567, 35.4750359191724], [139.57287036307685, 35.49141838684915], [139.56782260692785, 35.49726310870557]]]}, "properties": {"N03_001": "神奈川県", "N03_002": null, "N03_003": "横浜市", "N03_004": "保土ケ谷区", "N03_007": "14106"}}, {"type": "Feature", "geometry": {"type": "Polygon", "coordinates": [[[139.6277534109912, 35.42763800059328], [139.61634883293232, 35.425260946735364], [139.61320119228128, 35.4222546669194], [139.6074873280778, 35.419961468547], [139.60572586285832, 35.41272572121511], [139.60636097308054, 35.40847625187757], [139.60902311292637, 35.40366746807922], [139.59741586275197, 35.40155222575464], [139.6036339165721, 35.39504080229125], [139.60311085558158, 35.386153360089565], [139.597741387655, 35.388273387706704], [139.5923991440054, 35.38513674846223], [139.5879478856864, 35.38526933371281], [139.59161189367398, 35.378689171468125], [139.5888173277575, 35.37780741408096], [139.59660111474966, 35.36746646870262], [139.59136367089673, 35.36291836059394], [139.5926911664642, 35.36169797338283], [139.59026316511302, 35.354736504885864], [139.5982198566611, 35.356389305921766], [139.6006265494757, 35.35526733332085], [139.6049870554084, 35.35744808136394], [139.60756858542197, 35.36130689239923], [139.61288296987323, 35.363359585976184], [139.6163401949441, 35.3665718024468], [139.6202281709934, 35.37262864019965], [139.6235244749746, 35.38074572133803], [139.62930090771079, 35.383981613360845], [139.62742933849324, 35.38620708109198], [139.63653002524052, 35.39029480196359], [139.63130233453512, 35.39455861368913], [139.6246195326654, 35.39166517091098], [139.62217910448214, 35.396085505142025], [139.62602330693016, 35.40163680249651], [139.6321003362616, 35.40039619852581], [139.64536403332352, 35.4028274680133], [139.64176136179742, 35.40692289247755], [139.6312990007483, 35.404807441510286], [139.6277168607446, 35.40914066740794], [139.63104658892905, 35.411027360524315], [139.63381250244515, 35.40838505432686], [139.64239228297754, 35.41160052364529], [139.6383330607223, 35.41907430623428], [139.63243858567228, 35.419132198292345], [139.62815425411554, 35.42394533301075], [139.6277534109912, 35.42763800059328]]]}, "properties": {"N03_001": "神奈川県", "N03_002": null, "N03_003": "横浜市", "N03_004": "磯子区", "N03_007": "14107"}}, {"type": "Feature", "geometry": {"type": "MultiPolygon", "coordinates": [[[[139.63430175072529, 35.330393108055546], [139.62954238647205, 35.328801865613684], [139.63357632878456, 35.323093775057714], [139.63810050593372, 35.32701953252547], [139.63430175072529, 35.330393108055546]]], [[[139.59026316511302, 35.354736504885864], [139.58878549895167, 35.34982380262642], [139.58923717265748, 35.342304865077494], [139.587858520954, 35.33651853260426], [139.58870988305478, 35.33004746801629], [139.59295902683766, 35.324027505165304], [139.5931604147214, 35.32041474864178], [139.59622233469304, 35.31642144129654], [139.60216871591354, 35.31699199998087], [139.60943399428345, 35.312501747957356], [139.61406625195605, 35.31658922511269], [139.62460544658416, 35.318735306089536], [139.631602723387, 35.32520484722596], [139.62346900029422, 35.33011010849475], [139.62979360579038, 35.32959658661321], [139.63495005130392, 35.33267044148772], [139.63380306046292, 35.33596608086998], [139.6390168863203, 35.340642387336345], [139.6457894935903, 35.33968046797929], [139.65695333302995, 35.34193486510202], [139.65692741906525, 35.35349394668833], [139.65483525244497, 35.35366908156294], [139.65097797655244, 35.35983810794238], [139.65093605645393, 35.36641650571721], [139.65651364458904, 35.3665399736409], [139.6565051361032, 35.37268472102312], [139.6504750576778, 35.37323561333295], [139.64589321689846, 35.37809333374042], [139.65106914352623, 35.38276810866131], [139.65320557657617, 35.38738727939949], [139.64568069990446, 35.390539225105215], [139.63968330643945, 35.38537441409801], [139.63381280191936, 35.38284569407358], [139.62930090771079, 35.383981613360845], [139.6235244749746, 35.38074572133803], [139.6202281709934, 35.37262864019965], [139.6163401949441, 35.3665718024468], [139.61288296987323, 35.363359585976184], [139.60756858542197, 35.36130689239923], [139.6049870554084, 35.35744808136394], [139.6006265494757, 35.35526733332085], [139.5982198566611, 35.356389305921766], [139.59026316511302, 35.354736504885864]]]]}, "properties": {"N03_001": "神奈川県", "N03_002": null, "N03_003": "横浜市", "N03_004": "金沢区", "N03_007": "14108"}}, {"type": "Feature", "geometry": {"type": "Polygon", "coordinates": [[[139.65554255484506, 35.538832225227054], [139.65443730243965, 35.542831108369], [139.65825350179773, 35.55474277545875], [139.65231544650067, 35.55682472128393], [139.6483348897434, 35.55979333299598], [139.64293430527403, 35.558361387468096], [139.633333449779, 35.56139861295566], [139.6264101170333, 35.5625013877289], [139.61352060988827, 35.560952505154034], [139.61075511006038, 35.55746705396143], [139.61086581030895, 35.55281941428461], [139.6067229960695, 35.55238717133096], [139.60280372181433, 35.54622783874379], [139.60221814445185, 35.540976775557795], [139.59858980447598, 35.54107691956426], [139.59632128350052, 35.53655717157625], [139.59898708178844, 35.53282308122027], [139.59956841794815, 35.52849541403219], [139.60376403408293, 35.523292279315285], [139.60224496763124, 35.516290946569995], [139.59664914394295, 35.51745083818571], [139.5921258364383, 35.51369086534123], [139.58528413695342, 35.513131414183476], [139.5869739684739, 35.508345667418666], [139.582857612289, 35.50419658670319], [139.59065671833298, 35.503721892151646], [139.5914338387007, 35.5020015862043], [139.6033716077136, 35.49788780208047], [139.60900374782477, 35.49929369424865], [139.61332228239746, 35.49204033369449], [139.6190942275166, 35.494877585931874], [139.62207992185097, 35.49063727888739], [139.62530352733597, 35.489390892275935], [139.63087827451284, 35.49375338750889], [139.63516855958142, 35.49309586528199], [139.63678358009815, 35.49561253259236], [139.6366405573159, 35.5005864139319], [139.63933902707447, 35.50626772087867], [139.6354207519662, 35.51548830614047], [139.6406307772886, 35.51811402704078], [139.64157297001657, 35.522709360348756], [139.64743124465633, 35.52328117088939], [139.64672649723013, 35.5334347209357], [139.64996919532211, 35.536895278894065], [139.65554255484506, 35.538832225227054]]]}, "properties": {"N03_001": "神奈川県", "N03_002": null, "N03_003": "横浜市", "N03_004": "港北区", "N03_007": "14109"}}, {"type": "Feature", "geometry": {"type": "Polygon", "coordinates": [[[139.57513092077554, 35.43102366721629], [139.57198021959243, 35.437804306424646], [139.56195630404022, 35.43549961311669], [139.55846464302897, 35.43809294673218], [139.55816077739803, 35.441412080902865], [139.55176927403284, 35.44295455940545], [139.5468663932695, 35.44743569410207], [139.53651661474998, 35.44328291897159], [139.5341816338754, 35.44732764055823], [139.53091082927142, 35.44846458597192], [139.52681464308137, 35.4465649192357], [139.5303905058173, 35.44304322536459], [139.52952105025634, 35.44013797358866], [139.52575046631102, 35.43771794652605], [139.52950038833228, 35.42939208147942], [139.52729194566678, 35.421839440937504], [139.51954099831846, 35.41169913520696], [139.51909549845857, 35.4050916128877], [139.51316243799613, 35.40532969401022], [139.51048686048034, 35.40393694633303], [139.50574577135035, 35.39452553212766], [139.50192875450853, 35.393255558996884], [139.49720413646185, 35.3952960811493], [139.49241258097595, 35.390420775398525], [139.48426980440797, 35.387366973607016], [139.48601450086858, 35.382278640047275], [139.49151418882877, 35.37959783836959], [139.49363833983762, 35.375093667538806], [139.48991944172894, 35.37184338726257], [139.48861661456522, 35.36585508144691], [139.48588019431554, 35.359423171542176], [139.49539128398067, 35.3577115053817], [139.50259105033672, 35.36754758665188], [139.51401130987415, 35.362406774952774], [139.5187238383345, 35.36156691967767], [139.51951557628286, 35.36457769430518], [139.5166349677296, 35.373622414442934], [139.5258924117055, 35.37925717068191], [139.53156941541093, 35.3768461710354], [139.532363165128, 35.38317594581332], [139.5356676130096, 35.38301838696049], [139.541805446764, 35.378737559490844], [139.5482946947444, 35.3785197481879], [139.5530519707719, 35.38419336053522], [139.5560253309044, 35.3899708382836], [139.55894916986836, 35.392491838527576], [139.56079552479366, 35.39717546817337], [139.55745875491766, 35.399700802250265], [139.55682547301728, 35.40850166761794], [139.5537553566245, 35.41114772129038], [139.55400422781292, 35.41450450557852], [139.55845955826203, 35.415846775208536], [139.56205143972227, 35.419684918923906], [139.56638447496357, 35.417439640027396], [139.57337191947852, 35.42193044153669], [139.57513092077554, 35.43102366721629]]]}, "properties": {"N03_001": "神奈川県", "N03_002": null, "N03_003": "横浜市", "N03_004": "戸塚区", "N03_007": "14110"}}, {"type": "Feature", "geometry": {"type": "Polygon", "coordinates": [[[139.57337191947852, 35.42193044153669], [139.56638447496357, 35.417439640027396], [139.56205143972227, 35.419684918923906], [139.55845955826203, 35.415846775208536], [139.55400422781292, 35.41450450557852], [139.5537553566245, 35.41114772129038], [139.55682547301728, 35.40850166761794], [139.55745875491766, 35.399700802250265], [139.56079552479366, 35.39717546817337], [139.55894916986836, 35.392491838527576], [139.5560253309044, 35.3899708382836], [139.5530519707719, 35.38419336053522], [139.56059683487604, 35.37966317141826], [139.55910941556715, 35.37599280252584], [139.5630680801279, 35.37325222471043], [139.56820077764894, 35.372958197602436], [139.58119182864004, 35.36609105455858], [139.59136367089673, 35.36291836059394], [139.59660111474966, 35.36746646870262], [139.5888173277575, 35.37780741408096], [139.59161189367398, 35.378689171468125], [139.5879478856864, 35.38526933371281], [139.5923991440054, 35.38513674846223], [139.597741387655, 35.388273387706704], [139.60311085558158, 35.386153360089565], [139.6036339165721, 35.39504080229125], [139.59741586275197, 35.40155222575464], [139.60902311292637, 35.40366746807922], [139.60636097308054, 35.40847625187757], [139.60288788576736, 35.40890897327057], [139.59729817027437, 35.41235519873351], [139.5983286638368, 35.41584744160622], [139.59316958510828, 35.41544130597157], [139.59141027196654, 35.412759081566435], [139.58570819697582, 35.411345640488946], [139.58143163376292, 35.41286246852815], [139.57700386483657, 35.42240550570955], [139.57337191947852, 35.42193044153669]]]}, "properties": {"N03_001": "神奈川県", "N03_002": null, "N03_003": "横浜市", "N03_004": "港南区", "N03_007": "14111"}}, {"type": "Feature", "geometry": {"type": "Polygon", "coordinates": [[[139.55330763903635, 35.49799169446118], [139.54716422804677, 35.498980586285086], [139.54301839208517, 35.497476000716915], [139.53932280170602, 35.5005407211774], [139.53408396840052, 35.49966700013198], [139.53000841805408, 35.50302641403783], [139.52557185465741, 35.50441030609079], [139.51375405970214, 35.49873066738644], [139.5060058624806, 35.50210133360969], [139.50573230849932, 35.505840586074214], [139.50282557643925, 35.50906686524371], [139.4906881444424, 35.50663500040497], [139.48837505756296, 35.50259417108418], [139.4872711406507, 35.499015027621454], [139.4885143832323, 35.48936966737631], [139.5023393390893, 35.47868089210954], [139.5010737474555, 35.475158414029636], [139.5027407775649, 35.468852838187956], [139.505302750022, 35.467034864967104], [139.50488577126134, 35.460882775519735], [139.50797891029856, 35.45737344103151], [139.50687997383181, 35.452815919718944], [139.51078929978644, 35.44582953190741], [139.51596664104773, 35.44889374874754], [139.52385941597936, 35.44785819829724], [139.53091082927142, 35.44846458597192], [139.5341816338754, 35.44732764055823], [139.53651661474998, 35.44328291897159], [139.5468663932695, 35.44743569410207], [139.54518169867652, 35.45066627922546], [139.55169756209284, 35.453723198067166], [139.56170369526933, 35.45345846823375], [139.56886233472903, 35.46035372144712], [139.56403224329347, 35.46548430605594], [139.55950739255218, 35.46759761303946], [139.5581209985853, 35.47172508124754], [139.5625876910691, 35.47757153250029], [139.56204422805877, 35.48025961329057], [139.566826303791, 35.48111261305672], [139.56458936340846, 35.484371586179805], [139.55653810634863, 35.484803919065655], [139.55005255458184, 35.492757838003854], [139.55330763903635, 35.49799169446118]]]}, "properties": {"N03_001": "神奈川県", "N03_002": null, "N03_003": "横浜市", "N03_004": "旭区", "N03_007": "14112"}}, {"type": "Feature", "geometry": {"type": "Polygon", "coordinates": [[[139.582857612289, 35.50419658670319], [139.5869739684739, 35.508345667418666], [139.58528413695342, 35.513131414183476], [139.57470966282074, 35.51607964006337], [139.56912919595572, 35.51312191914133], [139.56392953262184, 35.51273383829607], [139.55818518769627, 35.51070141363937], [139.5525280032648, 35.51206580209515], [139.55125608310186, 35.518657972987114], [139.5476774711384, 35.521976134990666], [139.54486503209557, 35.532281108386485], [139.54131866352554, 35.53643917153062], [139.53822447497964, 35.535231945897635], [139.53365335861565, 35.53661638743637], [139.52406389033638, 35.53181389259714], [139.5222696888951, 35.52745110868176], [139.51782219154097, 35.530557505524484], [139.51250442294088, 35.53000417155533], [139.50798027187216, 35.53521941474423], [139.50154027166627, 35.53475691949632], [139.495443332244, 35.53876080196949], [139.4868163543913, 35.53552550529787], [139.4857730221073, 35.53135244146205], [139.48779771709098, 35.52788246850116], [139.4864709985378, 35.520301081130015], [139.48328321664724, 35.51915302729043], [139.4769867824141, 35.511214135124305], [139.48113089437538, 35.50531138721078], [139.48486422750216, 35.50404750518828], [139.48837505756296, 35.50259417108418], [139.4906881444424, 35.50663500040497], [139.50282557643925, 35.50906686524371], [139.50573230849932, 35.505840586074214], [139.5060058624806, 35.50210133360969], [139.51375405970214, 35.49873066738644], [139.52557185465741, 35.50441030609079], [139.53000841805408, 35.50302641403783], [139.53408396840052, 35.49966700013198], [139.53932280170602, 35.5005407211774], [139.54301839208517, 35.497476000716915], [139.54716422804677, 35.498980586285086], [139.55330763903635, 35.49799169446118], [139.56364569399364, 35.49308041402992], [139.56782260692785, 35.49726310870557], [139.57333377383463, 35.50410172171712], [139.582857612289, 35.50419658670319]]]}, "properties": {"N03_001": "神奈川県", "N03_002": null, "N03_003": "横浜市", "N03_004": "緑区", "N03_007": "14113"}}, {"type": "Feature", "geometry": {"type": "Polygon", "coordinates": [[[139.48837505756296, 35.50259417108418], [139.48486422750216, 35.50404750518828], [139.47638308641035, 35.5013536129789], [139.4677225287718, 35.50237330658291], [139.4649952789091, 35.49812583823689], [139.4662294419353, 35.49531638764125], [139.4705755245409, 35.4926272249665], [139.4694996367989, 35.48532308149504], [139.47008763873362, 35.47805058606576], [139.4718745529683, 35.47210727962732], [139.47451038854365, 35.469769775254974], [139.4721583915965, 35.46226453258214], [139.47419917005573, 35.45692927936278], [139.48066522631916, 35.448617613711974], [139.48421878047236, 35.447946667304905], [139.4846378078886, 35.442683441687564], [139.49459508359632, 35.44331669391033], [139.49518177701748, 35.4383702257054], [139.5041824375695, 35.43500836024771], [139.5055971080202, 35.43726694641248], [139.51026791153492, 35.43773530613953], [139.5092130868146, 35.44103655908998], [139.51078929978644, 35.44582953190741], [139.50687997383181, 35.452815919718944], [139.50797891029856, 35.45737344103151], [139.50488577126134, 35.460882775519735], [139.505302750022, 35.467034864967104], [139.5027407775649, 35.468852838187956], [139.5010737474555, 35.475158414029636], [139.5023393390893, 35.47868089210954], [139.4885143832323, 35.48936966737631], [139.4872711406507, 35.499015027621454], [139.48837505756296, 35.50259417108418]]]}, "properties": {"N03_001": "神奈川県", "N03_002": null, "N03_003": "横浜市", "N03_004": "瀬谷区", "N03_007": "14114"}}, {"type": "Feature", "geometry": {"type": "Polygon", "coordinates": [[[139.59136367089673, 35.36291836059394], [139.58119182864004, 35.36609105455858], [139.56820077764894, 35.372958197602436], [139.5630680801279, 35.37325222471043], [139.55910941556715, 35.37599280252584], [139.56059683487604, 35.37966317141826], [139.5530519707719, 35.38419336053522], [139.5482946947444, 35.3785197481879], [139.541805446764, 35.378737559490844], [139.5356676130096, 35.38301838696049], [139.532363165128, 35.38317594581332], [139.53156941541093, 35.3768461710354], [139.5258924117055, 35.37925717068191], [139.5166349677296, 35.373622414442934], [139.51951557628286, 35.36457769430518], [139.5187238383345, 35.36156691967767], [139.5215532170074, 35.36149594608111], [139.5256162523882, 35.356866801861486], [139.53085983051687, 35.35696569401165], [139.5363203889748, 35.354927359909766], [139.54209844408797, 35.35701289223124], [139.54421542210412, 35.36299564023665], [139.54900593977231, 35.35964538772453], [139.5484767436069, 35.35543650569025], [139.55416228276317, 35.3517704139735], [139.55762863775146, 35.34711377568027], [139.56116749698242, 35.34618017147778], [139.5695936058603, 35.34753569441682], [139.57293802896697, 35.34235822455247], [139.57362325570875, 35.33691491958791], [139.587858520954, 35.33651853260426], [139.58923717265748, 35.342304865077494], [139.58878549895167, 35.34982380262642], [139.59026316511302, 35.354736504885864], [139.5926911664642, 35.36169797338283], [139.59136367089673, 35.36291836059394]]]}, "properties": {"N03_001": "神奈川県", "N03_002": null, "N03_003": "横浜市", "N03_004": "栄区", "N03_007": "14115"}}, {"type": "Feature", "geometry": {"type": "Polygon", "coordinates": [[[139.53091082927142, 35.44846458597192], [139.52385941597936, 35.44785819829724], [139.51596664104773, 35.44889374874754], [139.51078929978644, 35.44582953190741], [139.5092130868146, 35.44103655908998], [139.51026791153492, 35.43773530613953], [139.5055971080202, 35.43726694641248], [139.5041824375695, 35.43500836024771], [139.49518177701748, 35.4383702257054], [139.49459508359632, 35.44331669391033], [139.4846378078886, 35.442683441687564], [139.48421878047236, 35.447946667304905], [139.48066522631916, 35.448617613711974], [139.47315374774735, 35.435772108595984], [139.47396622586075, 35.43080850560813], [139.4727756161019, 35.424147135481974], [139.47803807999344, 35.4199346399717], [139.47566858583662, 35.410274108163605], [139.4787670812359, 35.39178027963624], [139.48426980440797, 35.387366973607016], [139.49241258097595, 35.390420775398525], [139.49720413646185, 35.3952960811493], [139.50192875450853, 35.393255558996884], [139.50574577135035, 35.39452553212766], [139.51048686048034, 35.40393694633303], [139.51316243799613, 35.40532969401022], [139.51909549845857, 35.4050916128877], [139.51954099831846, 35.41169913520696], [139.52729194566678, 35.421839440937504], [139.52950038833228, 35.42939208147942], [139.52575046631102, 35.43771794652605], [139.52952105025634, 35.44013797358866], [139.5303905058173, 35.44304322536459], [139.52681464308137, 35.4465649192357], [139.53091082927142, 35.44846458597192]]]}, "properties": {"N03_001": "神奈川県", "N03_002": null, "N03_003": "横浜市", "N03_004": "泉区", "N03_007": "14116"}}, {"type": "Feature", "geometry": {"type": "Polygon", "coordinates": [[[139.54131866352554, 35.53643917153062], [139.5516950835613, 35.539679999932105], [139.55210408533537, 35.5476790270655], [139.5576890532427, 35.55327166685568], [139.56170530505585, 35.55239586507719], [139.56355741834022, 35.555881667005394], [139.56173477224206, 35.56097102759088], [139.5678606095795, 35.571440639873686], [139.56514394293868, 35.5788371985779], [139.55588177662275, 35.587344387633436], [139.53656564129142, 35.59129855918121], [139.52657036293192, 35.592504387267695], [139.5282972752991, 35.587762721672334], [139.52660255506396, 35.586007171294], [139.52909586248416, 35.582247441266475], [139.5248825027254, 35.578957171736135], [139.52428747079023, 35.57356994669573], [139.5217710507934, 35.57110217102843], [139.5129105055155, 35.569576892059956], [139.50701330641903, 35.57582189226656], [139.50657494178017, 35.57171577486315], [139.5006018542922, 35.5704427215544], [139.49626710764096, 35.564640225565995], [139.4910309723016, 35.56142577517943], [139.48641350128207, 35.56894605451686], [139.48286795109516, 35.57138383869324], [139.47541128350395, 35.57137355944229], [139.4699262517952, 35.569893251972076], [139.46829177624454, 35.56329602689016], [139.4704098307492, 35.56040519844123], [139.4797276129391, 35.55938855893493], [139.4819903629649, 35.555629387386375], [139.4823933842473, 35.54741633329718], [139.48033252842356, 35.543146333336665], [139.4816372234792, 35.53994577567704], [139.4868163543913, 35.53552550529787], [139.495443332244, 35.53876080196949], [139.50154027166627, 35.53475691949632], [139.50798027187216, 35.53521941474423], [139.51250442294088, 35.53000417155533], [139.51782219154097, 35.530557505524484], [139.5222696888951, 35.52745110868176], [139.52406389033638, 35.53181389259714], [139.53365335861565, 35.53661638743637], [139.53822447497964, 35.535231945897635], [139.54131866352554, 35.53643917153062]]]}, "properties": {"N03_001": "神奈川県", "N03_002": null, "N03_003": "横浜市", "N03_004": "青葉区", "N03_007": "14117"}}, {"type": "Feature", "geometry": {"type": "Polygon", "coordinates": [[[139.61352060988827, 35.560952505154034], [139.61010727538138, 35.5645900003367], [139.600711166687, 35.56554027966024], [139.58007836632362, 35.569223026821305], [139.57491780821033, 35.56915413515526], [139.57179197072298, 35.57160830587867], [139.5678606095795, 35.571440639873686], [139.56173477224206, 35.56097102759088], [139.56355741834022, 35.555881667005394], [139.56170530505585, 35.55239586507719], [139.5576890532427, 35.55327166685568], [139.55210408533537, 35.5476790270655], [139.5516950835613, 35.539679999932105], [139.54131866352554, 35.53643917153062], [139.54486503209557, 35.532281108386485], [139.5476774711384, 35.521976134990666], [139.55125608310186, 35.518657972987114], [139.5525280032648, 35.51206580209515], [139.55818518769627, 35.51070141363937], [139.56392953262184, 35.51273383829607], [139.56912919595572, 35.51312191914133], [139.57470966282074, 35.51607964006337], [139.58528413695342, 35.513131414183476], [139.5921258364383, 35.51369086534123], [139.59664914394295, 35.51745083818571], [139.60224496763124, 35.516290946569995], [139.60376403408293, 35.523292279315285], [139.59956841794815, 35.52849541403219], [139.59898708178844, 35.53282308122027], [139.59632128350052, 35.53655717157625], [139.59858980447598, 35.54107691956426], [139.60221814445185, 35.540976775557795], [139.60280372181433, 35.54622783874379], [139.6067229960695, 35.55238717133096], [139.61086581030895, 35.55281941428461], [139.61075511006038, 35.55746705396143], [139.61352060988827, 35.560952505154034]]]}, "properties": {"N03_001": "神奈川県", "N03_002": null, "N03_003": "横浜市", "N03_004": "都筑区", "N03_007": "14118"}}, {"type": "Feature", "geometry": {"type": "Polygon", "coordinates": [[[139.37436073885704, 35.31533260421634], [139.38292900087276, 35.31517969428751], [139.38431849480276, 35.31620119822679], [139.39711274935394, 35.316101306030475], [139.40332610871303, 35.318209171216324], [139.4147403364974, 35.31612172154024], [139.42347530494146, 35.3183589461085], [139.4380448373994, 35.31914555072666], [139.44350092083084, 35.33191486527886], [139.4439656940616, 35.34161400048578], [139.44261238705212, 35.34729483798645], [139.43984046696403, 35.35259230619005], [139.43733075141313, 35.354078135497616], [139.43569855924113, 35.3592242253178], [139.43651469489737, 35.36337561369368], [139.43996024586875, 35.36517310845227], [139.4392316727036, 35.369628360660386], [139.43177836587893, 35.37269419807882], [139.43248338490037, 35.379516946150204], [139.42822452664063, 35.38397333330272], [139.41592647122968, 35.38468802723071], [139.40637783396994, 35.379701081439805], [139.40500700367033, 35.377298586660515], [139.400725278349, 35.368306108140416], [139.39396719782803, 35.36316750517625], [139.39672710747004, 35.35623872163973], [139.3948376903072, 35.352069468231434], [139.37479491535316, 35.35020805415843], [139.37043824862633, 35.351164413906645], [139.36876666704813, 35.344308027593456], [139.3695250059743, 35.34011536033569], [139.37482089496837, 35.33982717168669], [139.37125819650862, 35.33523944124727], [139.3693523343428, 35.32978280203474], [139.36943785986944, 35.32326558603802], [139.37350005168605, 35.319334505483084], [139.37436073885704, 35.31533260421634]]]}, "properties": {"N03_001": "神奈川県", "N03_002": null, "N03_003": null, "N03_004": "茅ヶ崎市", "N03_007": "14207"}}, {"type": "Feature", "geometry": {"type": "Polygon", "coordinates": [[[135.75551360626798, 34.72753194584266], [135.75705778179122, 34.73591916173996], [135.7463555508681, 34.746833053502655], [135.73335333348962, 34.7547836125737], [135.72916250264745, 34.7774552785383], [135.70661500607775, 34.77233749487954], [135.7101947215093, 34.75590527850585], [135.69692055813732, 34.7414130535696], [135.70169167293238, 34.721680828907154], [135.68307888478273, 34.71129222485632], [135.67340360589174, 34.70225472087873], [135.67309805403204, 34.6901461076568], [135.6787047208462, 34.67775944024601], [135.67110416297064, 34.66155749447424], [135.6859183403592, 34.660227494203525], [135.68887693899487, 34.65486527852349], [135.70695277614982, 34.647841107381225], [135.72015194595565, 34.64648972042431], [135.72158472065837, 34.646734999720536], [135.72957416281747, 34.658595278649216], [135.72712055776753, 34.66514527853184], [135.7156841634934, 34.69749749431395], [135.7193491697285, 34.706480558730846], [135.7291227759954, 34.70985833229628], [135.74202583682302, 34.72555777477152], [135.75551360626798, 34.72753194584266]]]}, "properties": {"N03_001": "奈良県", "N03_002": null, "N03_003": null, "N03_004": "生駒市", "N03_007": "29209"}}, {"type": "Feature", "geometry": {"type": "Polygon", "coordinates": [[[135.7538669395077, 34.47670610790061], [135.7540900001535, 34.46787999946247], [135.76359805370726, 34.46537416178819], [135.7745252788186, 34.47116638661947], [135.7884369392134, 34.46726082882424], [135.80825138799128, 34.470769720845965], [135.81050805410348, 34.48972638726303], [135.82655194591564, 34.486310558885236], [135.82625833975067, 34.51126889144621], [135.81883277611178, 34.511230558743364], [135.81846194606203, 34.53499749463873], [135.79558360599867, 34.53684972033835], [135.76985583687747, 34.53531889165356], [135.7644727756981, 34.52949166700688], [135.757771115045, 34.49762944054629], [135.76106639379907, 34.483559441015416], [135.7538669395077, 34.47670610790061]]]}, "properties": {"N03_001": "奈良県", "N03_002": null, "N03_003": null, "N03_004": "橿原市", "N03_007": "29205"}}, {"type": "Feature", "geometry": {"type": "Polygon", "coordinates": [[[135.7051230604809, 34.96345361269414], [135.6928674971374, 34.96836249463348], [135.68312221771623, 34.964230278904324], [135.69496749685254, 34.946678054049016], [135.6989697272711, 34.94139082912352], [135.70027000036032, 34.929175559004875], [135.71460416225239, 34.929062225541315], [135.7138441622783, 34.93561749545108], [135.71833250234317, 34.942118613583204], [135.7174416725952, 34.9505761079011], [135.70955944131526, 34.955723892044034], [135.7099799993425, 34.9625230535961], [135.7051230604809, 34.96345361269414]]]}, "properties": {"N03_001": "京都府", "N03_002": null, "N03_003": null, "N03_004": "向日市", "N03_007": "26208"}}, {"type": "Feature", "geometry": {"type": "Polygon", "coordinates": [[[135.74465500572398, 35.150096667227444], [135.74164167252525, 35.15836389198006], [135.73439555061418, 35.1618402789058], [135.73086639326948, 35.16987417095629], [135.72407306022365, 35.17149333285107], [135.72026666707313, 35.168235000045286], [135.71364389045323, 35.16882250555426], [135.70579306080117, 35.165920838475984], [135.68965666652196, 35.1662261079486], [135.6746441630977, 35.164151387276775], [135.67293194565286, 35.158631108438954], [135.67258722382144, 35.141691946026526], [135.67549082983794, 35.1377261084732], [135.67428583632238, 35.129762225046704], [135.6704047203017, 35.12319638720356], [135.65979917009565, 35.11610777525368], [135.64973833925296, 35.11442305458036], [135.64922639388305, 35.10986417079488], [135.6544266669572, 35.10575472140334], [135.6501627760913, 35.10160666681429], [135.6556680533381, 35.09150305432257], [135.6609750057919, 35.09370000005504], [135.66353111466924, 35.098044721087035], [135.67299749633742, 35.09429333317087], [135.66747639372068, 35.08689333276112], [135.6684377815784, 35.083242225548304], [135.67723111422458, 35.083323053915876], [135.67658693883618, 35.07898305432457], [135.68520389104685, 35.07691972086849], [135.68988610875692, 35.080298891980306], [135.69430583684493, 35.07153333309691], [135.70041583622196, 35.06895972071459], [135.7036727759779, 35.063452224840375], [135.71069999930558, 35.0594336132707], [135.71398639365725, 35.047402224832865], [135.71084250227977, 35.042146666835265], [135.72221861139985, 35.03590666685926], [135.7222608300733, 35.027679720942444], [135.72681333226956, 35.022544440973206], [135.73313722370392, 35.02242694634657], [135.73563416258662, 35.03460166693344], [135.74704389106273, 35.035458612924685], [135.75215555033844, 35.037563612870485], [135.76428888502414, 35.0374455588655], [135.7698122179596, 35.0326327748827], [135.75836472065544, 35.050106945778964], [135.76754167261015, 35.051208332898284], [135.77183138750854, 35.06205055948578], [135.7647874970454, 35.07764472102713], [135.75979749625753, 35.08401194629431], [135.7481555502385, 35.08812750478057], [135.74107527860133, 35.089161667576946], [135.74346250289227, 35.096286387306975], [135.74033444857605, 35.121856945941374], [135.74174778173483, 35.12411583787565], [135.7381458368609, 35.131854171332975], [135.7447008297795, 35.1378936134995], [135.74465500572398, 35.150096667227444]]]}, "properties": {"N03_001": "京都府", "N03_002": null, "N03_003": "京都市", "N03_004": "北区", "N03_007": "26101"}}, {"type": "Feature", "geometry": {"type": "Polygon", "coordinates": [[[135.73313722370392, 35.02242694634657], [135.74540277581752, 35.016130000399244], [135.7530755504963, 35.01761027909117], [135.7716280534919, 35.01669222506621], [135.77153221723813, 35.02919527913889], [135.7698122179596, 35.0326327748827], [135.76428888502414, 35.0374455588655], [135.75215555033844, 35.037563612870485], [135.74704389106273, 35.035458612924685], [135.73563416258662, 35.03460166693344], [135.73313722370392, 35.02242694634657]]]}, "properties": {"N03_001": "京都府", "N03_002": null, "N03_003": "京都市", "N03_004": "上京区", "N03_007": "26102"}}, {"type": "Feature", "geometry": {"type": "Polygon", "coordinates": [[[135.7698122179596, 35.0326327748827], [135.77153221723813, 35.02919527913889], [135.7716280534919, 35.01669222506621], [135.7717925026219, 35.00959138683311], [135.7844777818242, 35.01085389199358], [135.79070555102044, 35.00772833329597], [135.80072778206159, 35.00760110800479], [135.80458666684126, 35.0146208381812], [135.81514917009815, 35.01520694614368], [135.8202394416969, 35.012961946037024], [135.83546416264107, 35.01232861287525], [135.83451778177027, 35.022080558970686], [135.8264213877369, 35.02361361347755], [135.8281122175049, 35.02838055901566], [135.82461666692575, 35.035638333442364], [135.81541693874078, 35.042150837890915], [135.81590138733918, 35.047369171150365], [135.82698306111945, 35.05385305377547], [135.83485250224123, 35.05555389209849], [135.8358466667903, 35.06232972074008], [135.83189194575675, 35.07145555882704], [135.8383174965553, 35.07907861268785], [135.83983972772137, 35.08613694626314], [135.8350461082913, 35.091326946381514], [135.83789472076478, 35.09744389212199], [135.84293834003245, 35.10251500006723], [135.8432625024626, 35.10990333357205], [135.84981250234512, 35.120539721530974], [135.84960555035593, 35.12693889251591], [135.85229416264553, 35.134266946262585], [135.8487100000665, 35.141852225000264], [135.8526141630133, 35.14618027889679], [135.85615306091506, 35.15943694595836], [135.846813060974, 35.162386946200684], [135.84063027136995, 35.18006555907834], [135.8419080533141, 35.189839721126305], [135.83524055790554, 35.20221000019143], [135.8354941622258, 35.20669694630709], [135.8310869383116, 35.21041722487507], [135.83086416275103, 35.22276138672868], [135.8373519457358, 35.22595694595634], [135.83753221753784, 35.2375466674448], [135.84236027200905, 35.25319861312556], [135.84608916967954, 35.257112225249045], [135.8446672237135, 35.261307505037394], [135.84753472105058, 35.266665279079405], [135.85247861179857, 35.26895861324948], [135.854532217288, 35.275327504960444], [135.86075527853336, 35.28295999990411], [135.8585372239138, 35.28709666727741], [135.85168111459188, 35.28596777529265], [135.8496158368015, 35.280281946554624], [135.8417833326348, 35.27812444148981], [135.8346086114983, 35.27407944111337], [135.82962333305045, 35.27673527940965], [135.82005333239545, 35.291069999780746], [135.82140250252348, 35.29683500033502], [135.81496749625296, 35.30125750552952], [135.81124888502814, 35.313530279199085], [135.79518972722417, 35.32123889186141], [135.787693332981, 35.30797250492719], [135.77748250241564, 35.305116386711916], [135.7776791697579, 35.294490000113456], [135.78145472065887, 35.29003610857961], [135.7747561087075, 35.28408472083328], [135.77195416295433, 35.287965558963435], [135.76609639373362, 35.28953972148099], [135.7483299998297, 35.28667138687507], [135.73605610830282, 35.28773110840399], [135.7292022176083, 35.28358638670244], [135.73150722407922, 35.27794638741591], [135.72566555092453, 35.27170944153755], [135.7273488848432, 35.267766387408926], [135.7322388846169, 35.2661341709553], [135.7310305573144, 35.25826805372776], [135.7329708293404, 35.25533417113513], [135.72865527871818, 35.25112638717309], [135.73314833932443, 35.245713892082506], [135.7421927752764, 35.24312555869761], [135.7550038903173, 35.24440305375799], [135.76119555083403, 35.233172775103526], [135.7606552786183, 35.226594441180566], [135.7631980532476, 35.220923053755996], [135.76255555059822, 35.2149947210296], [135.75420444877636, 35.207409441392656], [135.75351194561983, 35.202412774829725], [135.75664778176974, 35.19602610801854], [135.77523333305191, 35.1787922251811], [135.77082027163829, 35.17279000055811], [135.77081111474126, 35.16221527911188], [135.77320306047295, 35.15715083784096], [135.76600444884627, 35.150900559513275], [135.7620527756152, 35.15132944080108], [135.7531688848362, 35.14693138727375], [135.74465500572398, 35.150096667227444], [135.7447008297795, 35.1378936134995], [135.7381458368609, 35.131854171332975], [135.74174778173483, 35.12411583787565], [135.74033444857605, 35.121856945941374], [135.74346250289227, 35.096286387306975], [135.74107527860133, 35.089161667576946], [135.7481555502385, 35.08812750478057], [135.75979749625753, 35.08401194629431], [135.7647874970454, 35.07764472102713], [135.77183138750854, 35.06205055948578], [135.76754167261015, 35.051208332898284], [135.75836472065544, 35.050106945778964], [135.7698122179596, 35.0326327748827]]]}, "properties": {"N03_001": "京都府", "N03_002": null, "N03_003": "京都市", "N03_004": "左京区", "N03_007": "26103"}}, {"type": "Feature", "geometry": {"type": "Polygon", "coordinates": [[[135.72681333226956, 35.022544440973206], [135.724032502598, 35.016042505357404], [135.72409027144897, 35.008533892025525], [135.73287916953814, 35.008272774768784], [135.73289055765315, 34.99640277506808], [135.7360999997153, 34.99852082957267], [135.74828167296096, 34.99859805435676], [135.74800111505942, 35.00380555887949], [135.77156888439652, 35.004000558878715], [135.7717925026219, 35.00959138683311], [135.7716280534919, 35.01669222506621], [135.7530755504963, 35.01761027909117], [135.74540277581752, 35.016130000399244], [135.73313722370392, 35.02242694634657], [135.72681333226956, 35.022544440973206]]]}, "properties": {"N03_001": "京都府", "N03_002": null, "N03_003": "京都市", "N03_004": "中京区", "N03_007": "26104"}}, {"type": "Feature", "geometry": {"type": "Polygon", "coordinates": [[[135.7717925026219, 35.00959138683311], [135.77156888439652, 35.004000558878715], [135.76804389091285, 34.99623082918947], [135.76780389063708, 34.98189527874416], [135.76464360551802, 34.97299055876732], [135.7810927759109, 34.97409582915924], [135.78783138790834, 34.971650279336984], [135.78727055808986, 34.984994999919365], [135.79054888462338, 34.99065194603054], [135.7908652787097, 34.998101107879904], [135.7868150056081, 35.00526638703417], [135.79070555102044, 35.00772833329597], [135.7844777818242, 35.01085389199358], [135.7717925026219, 35.00959138683311]]]}, "properties": {"N03_001": "京都府", "N03_002": null, "N03_003": "京都市", "N03_004": "東山区", "N03_007": "26105"}}, {"type": "Feature", "geometry": {"type": "Polygon", "coordinates": [[[135.73289055765315, 34.99640277506808], [135.72905250297072, 34.99379389217444], [135.72729083000786, 34.985768054452194], [135.73431111506602, 34.981467495528534], [135.74576916951162, 34.98498666680126], [135.7668094419023, 34.983920559186515], [135.76780389063708, 34.98189527874416], [135.76804389091285, 34.99623082918947], [135.77156888439652, 35.004000558878715], [135.74800111505942, 35.00380555887949], [135.74828167296096, 34.99859805435676], [135.7360999997153, 34.99852082957267], [135.73289055765315, 34.99640277506808]]]}, "properties": {"N03_001": "京都府", "N03_002": null, "N03_003": "京都市", "N03_004": "下京区", "N03_007": "26106"}}, {"type": "Feature", "geometry": {"type": "Polygon", "coordinates": [[[135.76780389063708, 34.98189527874416], [135.7668094419023, 34.983920559186515], [135.74576916951162, 34.98498666680126], [135.73431111506602, 34.981467495528534], [135.72729083000786, 34.985768054452194], [135.7185605578236, 34.98402027871293], [135.71536055774357, 34.98004861355275], [135.72192082968263, 34.97326694651241], [135.72202944170544, 34.96866805368779], [135.70493138797326, 34.96854916241398], [135.7051230604809, 34.96345361269414], [135.7099799993425, 34.9625230535961], [135.70955944131526, 34.955723892044034], [135.7174416725952, 34.9505761079011], [135.71833250234317, 34.942118613583204], [135.72487138750455, 34.94303389230032], [135.72403472032613, 34.94955305443], [135.73272167306686, 34.95133055905808], [135.73673500561608, 34.944924440810325], [135.7404155503374, 34.946231108079246], [135.74234666636562, 34.95288166745502], [135.75266888426165, 34.96166944139168], [135.7524938905807, 34.96721110790634], [135.7596536056294, 34.96707972145202], [135.76464360551802, 34.97299055876732], [135.76780389063708, 34.98189527874416]]]}, "properties": {"N03_001": "京都府", "N03_002": null, "N03_003": "京都市", "N03_004": "南区", "N03_007": "26107"}}, {"type": "Feature", "geometry": {"type": "Polygon", "coordinates": [[[135.74465500572398, 35.150096667227444], [135.7531688848362, 35.14693138727375], [135.7620527756152, 35.15132944080108], [135.76600444884627, 35.150900559513275], [135.77320306047295, 35.15715083784096], [135.77081111474126, 35.16221527911188], [135.77082027163829, 35.17279000055811], [135.77523333305191, 35.1787922251811], [135.75664778176974, 35.19602610801854], [135.75351194561983, 35.202412774829725], [135.75420444877636, 35.207409441392656], [135.76255555059822, 35.2149947210296], [135.7631980532476, 35.220923053755996], [135.7606552786183, 35.226594441180566], [135.76119555083403, 35.233172775103526], [135.7550038903173, 35.24440305375799], [135.7421927752764, 35.24312555869761], [135.73314833932443, 35.245713892082506], [135.72865527871818, 35.25112638717309], [135.7329708293404, 35.25533417113513], [135.7310305573144, 35.25826805372776], [135.7322388846169, 35.2661341709553], [135.7273488848432, 35.267766387408926], [135.7175733324434, 35.26532500054839], [135.7120102719565, 35.2610350005649], [135.70722055738293, 35.26137472126641], [135.6894172238259, 35.25521277524945], [135.65480693898905, 35.26317110806025], [135.65192306050085, 35.25999250554975], [135.6400130607542, 35.25803944156701], [135.62887194538405, 35.24536666743779], [135.62970944173742, 35.23599610853364], [135.62017500567208, 35.2331661084292], [135.61919749656727, 35.22549777550199], [135.60866861176703, 35.228333613105804], [135.59909944208562, 35.225040838064274], [135.58990221761337, 35.216405278880586], [135.59668250239565, 35.21211666745029], [135.59654167305985, 35.20254722527426], [135.59121167278056, 35.19517722534874], [135.58423055769413, 35.18970499998579], [135.5829522172711, 35.18529110849789], [135.57351333237443, 35.17130972096692], [135.57389722327832, 35.16902305437054], [135.56162999932508, 35.156561666787525], [135.56237805360433, 35.14823222513712], [135.55901333279917, 35.13693083798785], [135.56144944153857, 35.13260305388786], [135.56791555086204, 35.127591667221736], [135.57528722352663, 35.1325158385352], [135.57761306099405, 35.127690278783405], [135.59096610839924, 35.12417389181172], [135.59226416286094, 35.11677861284278], [135.59730944137766, 35.11006027875891], [135.60390027138044, 35.11226166714226], [135.61201778149552, 35.104908613142015], [135.61647778122472, 35.103879721272165], [135.61456333233195, 35.09738389205302], [135.60516416239625, 35.09266194589213], [135.59792277541578, 35.09434638687628], [135.5919413880847, 35.08407389249618], [135.5900958362539, 35.07710333275264], [135.59614972782776, 35.07123361334061], [135.5995886112255, 35.07067444097271], [135.6025274967467, 35.062939441302206], [135.60841722337625, 35.06651277514453], [135.6188150059079, 35.068184171462406], [135.62199666701258, 35.06459083849643], [135.61744221778417, 35.05547166708379], [135.61757888505758, 35.0420352795046], [135.62177639336596, 35.038033333271756], [135.62620194546344, 35.0395402795603], [135.63504306088862, 35.030933054417005], [135.63987277550825, 35.023440838423994], [135.6534308296691, 35.02912777512677], [135.6558661083343, 35.02146861348575], [135.6592647209901, 35.017497505005906], [135.66810221754338, 35.016190000468214], [135.67826972776584, 35.01137027911511], [135.6830541624197, 35.01296472134487], [135.68891722325134, 35.00830333283261], [135.6914850053288, 34.9981452789815], [135.7041091693028, 34.99884889236256], [135.70821722384585, 34.996969999965586], [135.71078194553047, 34.988041108010805], [135.71536055774357, 34.98004861355275], [135.7185605578236, 34.98402027871293], [135.72729083000786, 34.985768054452194], [135.72905250297072, 34.99379389217444], [135.73289055765315, 34.99640277506808], [135.73287916953814, 35.008272774768784], [135.72409027144897, 35.008533892025525], [135.724032502598, 35.016042505357404], [135.72681333226956, 35.022544440973206], [135.7222608300733, 35.027679720942444], [135.72221861139985, 35.03590666685926], [135.71084250227977, 35.042146666835265], [135.71398639365725, 35.047402224832865], [135.71069999930558, 35.0594336132707], [135.7036727759779, 35.063452224840375], [135.70041583622196, 35.06895972071459], [135.69430583684493, 35.07153333309691], [135.68988610875692, 35.080298891980306], [135.68520389104685, 35.07691972086849], [135.67658693883618, 35.07898305432457], [135.67723111422458, 35.083323053915876], [135.6684377815784, 35.083242225548304], [135.66747639372068, 35.08689333276112], [135.67299749633742, 35.09429333317087], [135.66353111466924, 35.098044721087035], [135.6609750057919, 35.09370000005504], [135.6556680533381, 35.09150305432257], [135.6501627760913, 35.10160666681429], [135.6544266669572, 35.10575472140334], [135.64922639388305, 35.10986417079488], [135.64973833925296, 35.11442305458036], [135.65979917009565, 35.11610777525368], [135.6704047203017, 35.12319638720356], [135.67428583632238, 35.129762225046704], [135.67549082983794, 35.1377261084732], [135.67258722382144, 35.141691946026526], [135.67293194565286, 35.158631108438954], [135.6746441630977, 35.164151387276775], [135.68965666652196, 35.1662261079486], [135.70579306080117, 35.165920838475984], [135.71364389045323, 35.16882250555426], [135.72026666707313, 35.168235000045286], [135.72407306022365, 35.17149333285107], [135.73086639326948, 35.16987417095629], [135.73439555061418, 35.1618402789058], [135.74164167252525, 35.15836389198006], [135.74465500572398, 35.150096667227444]]]}, "properties": {"N03_001": "京都府", "N03_002": null, "N03_003": "京都市", "N03_004": "右京区", "N03_007": "26108"}}, {"type": "Feature", "geometry": {"type": "Polygon", "coordinates": [[[135.76464360551802, 34.97299055876732], [135.7596536056294, 34.96707972145202], [135.7524938905807, 34.96721110790634], [135.75266888426165, 34.96166944139168], [135.74234666636562, 34.95288166745502], [135.7404155503374, 34.946231108079246], [135.73673500561608, 34.944924440810325], [135.73272167306686, 34.95133055905808], [135.72403472032613, 34.94955305443], [135.72487138750455, 34.94303389230032], [135.71833250234317, 34.942118613583204], [135.7138441622783, 34.93561749545108], [135.71460416225239, 34.929062225541315], [135.71419111442844, 34.91600749495001], [135.70652610899276, 34.90810722506842], [135.70317416305727, 34.898693333230824], [135.705489727569, 34.8946824954009], [135.71194527885166, 34.89320361335615], [135.7119419459641, 34.88725722494104], [135.71544167299487, 34.88278444134892], [135.7237397274066, 34.88039889249495], [135.732472217319, 34.87491555870611], [135.73270833971822, 34.878259999799184], [135.72871250258004, 34.88515472151323], [135.72258138802067, 34.88797555932467], [135.7214594415001, 34.889290279123145], [135.72009834006644, 34.89286000038874], [135.71595111465228, 34.89922972127465], [135.7195730604484, 34.89810222503769], [135.73196055793346, 34.90441305381944], [135.7402841629838, 34.90478861340381], [135.74771306040952, 34.91138500031758], [135.75306583691895, 34.90416722503744], [135.7609163940764, 34.9080847213329], [135.77612805326714, 34.91613610789511], [135.78983749660324, 34.91699333357553], [135.7922091698174, 34.93037694623911], [135.7976894414146, 34.93451305423412], [135.80749639364376, 34.93758777515575], [135.81083834001743, 34.93653144137295], [135.81431277541435, 34.929254162449695], [135.81813693826916, 34.926648053964584], [135.8294127756791, 34.92739222497124], [135.83014666653548, 34.93531055953474], [135.8446941629054, 34.93550389219092], [135.8499099996468, 34.93940722506346], [135.84711083010075, 34.94844694586993], [135.85191722350112, 34.95692555896744], [135.85946527839997, 34.957089441524545], [135.86262722366746, 34.950840279255544], [135.87844194573927, 34.9474341617572], [135.87542666640763, 34.95366527912938], [135.8648608293638, 34.95716527955403], [135.8634105574513, 34.96005416187012], [135.84651221796457, 34.9656616668525], [135.8407658369739, 34.96585749512735], [135.8360458369459, 34.969856945741526], [135.82902861138132, 34.965663612985395], [135.82073639356975, 34.96433722538268], [135.8176797274375, 34.95754861287821], [135.80481666665594, 34.95296500043446], [135.80178082972157, 34.95543389216044], [135.7935699996558, 34.950348892387524], [135.79051250254997, 34.95870444135693], [135.79128944125478, 34.96505833327552], [135.78783138790834, 34.971650279336984], [135.7810927759109, 34.97409582915924], [135.76464360551802, 34.97299055876732]]]}, "properties": {"N03_001": "京都府", "N03_002": null, "N03_003": "京都市", "N03_004": "伏見区", "N03_007": "26109"}}, {"type": "Feature", "geometry": {"type": "Polygon", "coordinates": [[[135.79070555102044, 35.00772833329597], [135.7868150056081, 35.00526638703417], [135.7908652787097, 34.998101107879904], [135.79054888462338, 34.99065194603054], [135.78727055808986, 34.984994999919365], [135.78783138790834, 34.971650279336984], [135.79128944125478, 34.96505833327552], [135.79051250254997, 34.95870444135693], [135.7935699996558, 34.950348892387524], [135.80178082972157, 34.95543389216044], [135.80481666665594, 34.95296500043446], [135.8176797274375, 34.95754861287821], [135.82073639356975, 34.96433722538268], [135.82902861138132, 34.965663612985395], [135.8360458369459, 34.969856945741526], [135.8407658369739, 34.96585749512735], [135.84651221796457, 34.9656616668525], [135.8634105574513, 34.96005416187012], [135.8522752786812, 34.9713474946912], [135.85675999987416, 34.980002224722966], [135.8550263938531, 34.984741667194214], [135.84911778146056, 34.98481249510064], [135.84926722360353, 34.99173389250518], [135.84230027194008, 34.98994194656365], [135.82747527896106, 34.99111916181994], [135.83257194563885, 34.99910082933985], [135.83655888488465, 35.00122638688828], [135.83268167282097, 35.009425279353195], [135.82409749640237, 35.00882417069897], [135.8202394416969, 35.012961946037024], [135.81514917009815, 35.01520694614368], [135.80458666684126, 35.0146208381812], [135.80072778206159, 35.00760110800479], [135.79070555102044, 35.00772833329597]]]}, "properties": {"N03_001": "京都府", "N03_002": null, "N03_003": "京都市", "N03_004": "山科区", "N03_007": "26110"}}, {"type": "Feature", "geometry": {"type": "Polygon", "coordinates": [[[135.71536055774357, 34.98004861355275], [135.71078194553047, 34.988041108010805], [135.70821722384585, 34.996969999965586], [135.7041091693028, 34.99884889236256], [135.6914850053288, 34.9981452789815], [135.68891722325134, 35.00830333283261], [135.6830541624197, 35.01296472134487], [135.67826972776584, 35.01137027911511], [135.66810221754338, 35.016190000468214], [135.6592647209901, 35.017497505005906], [135.6558661083343, 35.02146861348575], [135.6534308296691, 35.02912777512677], [135.63987277550825, 35.023440838423994], [135.63644972737313, 35.01912055916654], [135.64674500607725, 35.007476945804456], [135.64608944167446, 35.00141944075466], [135.6389969383581, 34.997882225484375], [135.6381858371068, 34.98077610843069], [135.64129416299534, 34.97564082936083], [135.6239674971024, 34.97438777517573], [135.6132636060306, 34.971195279038966], [135.61566666648355, 34.962804161882616], [135.61879250307163, 34.958816387166564], [135.61152306084068, 34.94389833324152], [135.61080138727425, 34.939740000300844], [135.60344805358488, 34.935820000292836], [135.60111111488607, 34.92971694638004], [135.61519944170095, 34.927624721303914], [135.62375027125813, 34.93490805446322], [135.63297306075822, 34.93462222473596], [135.64315972743952, 34.92971361349254], [135.65404389031335, 34.93411305377447], [135.65927500563703, 34.93293833323753], [135.67461250246504, 34.94569082956821], [135.67990138753908, 34.944486108547096], [135.69496749685254, 34.946678054049016], [135.68312221771623, 34.964230278904324], [135.6928674971374, 34.96836249463348], [135.7051230604809, 34.96345361269414], [135.70493138797326, 34.96854916241398], [135.72202944170544, 34.96866805368779], [135.72192082968263, 34.97326694651241], [135.71536055774357, 34.98004861355275]]]}, "properties": {"N03_001": "京都府", "N03_002": null, "N03_003": "京都市", "N03_004": "西京区", "N03_007": "26111"}}, {"type": "Feature", "geometry": {"type": "Polygon", "coordinates": [[[136.81521786011626, 35.531725225738626], [136.81207924775913, 35.51258441413944], [136.7995853047181, 35.484982775334856], [136.77835946801508, 35.489798306746536], [136.747317860331, 35.510406586195074], [136.73682228282212, 35.507934919161244], [136.71776927383303, 35.520536532634935], [136.6967751879247, 35.54300005410926], [136.68321433237566, 35.53774786497206], [136.68971622572326, 35.5263103870148], [136.68286535675088, 35.51562572164977], [136.69674338519917, 35.50904797318549], [136.692269300288, 35.49832258651821], [136.69806136234206, 35.48275746858235], [136.68307939000192, 35.47546055925744], [136.6980841115925, 35.46290780235324], [136.69843325628983, 35.44726117166579], [136.69887155617744, 35.42158397322186], [136.69321430609546, 35.41160372163449], [136.7058620493941, 35.39035455921561], [136.69058477296892, 35.366790694734846], [136.68841919558952, 35.352340135389], [136.7110378339289, 35.351284333105525], [136.72898338537505, 35.356574613028044], [136.7447003628315, 35.36355155975673], [136.76284260680097, 35.37850322494393], [136.76890457788397, 35.3931568026444], [136.78605610890236, 35.39998522543783], [136.80360702974065, 35.387114747947294], [136.81295211354927, 35.387406802781754], [136.81762632909192, 35.418516468460325], [136.8227299736095, 35.42676480205404], [136.86021282706042, 35.434306441189335], [136.8817870818084, 35.44465972166887], [136.8854579507239, 35.45736166710731], [136.85092063597858, 35.46924974857711], [136.83760033738577, 35.46335419793792], [136.84357007759706, 35.4997044685864], [136.840440920712, 35.51237305457289], [136.82627481153338, 35.53058858609444], [136.81521786011626, 35.531725225738626]]]}, "properties": {"N03_001": "岐阜県", "N03_002": null, "N03_003": null, "N03_004": "岐阜市", "N03_007": "21201"}}, {"type": "Feature", "geometry": {"type": "Polygon", "coordinates": [[[137.38514722406524, 34.990747224704705], [137.37511472096764, 34.9979013873392], [137.37656834015684, 35.00144027894578], [137.37075944189485, 35.0154625046909], [137.35487167328915, 35.01431250471836], [137.3475827760244, 35.01531110832104], [137.3457547214033, 35.00930305429256], [137.3285522177107, 35.017420279322494], [137.31955778226586, 35.01551917097299], [137.31534639382107, 35.02040722461379], [137.30880693938877, 35.01619833268694], [137.3000258375224, 35.016727775266645], [137.296036394564, 35.01881333276913], [137.28911082970114, 35.01795527881313], [137.28237610907024, 35.020879440633735], [137.27331944233845, 35.028429440766104], [137.2703061091397, 35.028078054058994], [137.2664905581928, 35.0195038915914], [137.26151944226854, 35.01679999982019], [137.25560693940884, 35.028171945978556], [137.24259277633564, 35.02893583821839], [137.23702722382734, 35.03927417106621], [137.22544277596342, 35.04012472107905], [137.21762834007586, 35.03767500020115], [137.21246527914934, 35.04148555901139], [137.20776917051091, 35.0330297212447], [137.1991130609191, 35.034290278473634], [137.19276472141485, 35.03825805406598], [137.18575833987552, 35.03132138707241], [137.17727527873114, 35.03490138668968], [137.17050416343648, 35.03485889192439], [137.15975250307565, 35.026223053950844], [137.16039500572504, 35.01674250526247], [137.1661013884684, 35.0029511076076], [137.16020555094553, 34.996538053788186], [137.14788221828985, 34.992497774852495], [137.14274083012526, 34.99248416181467], [137.14086194582217, 34.997893612700125], [137.1297813881007, 34.998988891624094], [137.12296082987848, 34.99060999985164], [137.11636749706236, 34.991346945705004], [137.11910250357778, 34.98173222446263], [137.1250161090063, 34.97731694622013], [137.1153797284917, 34.96975749511239], [137.11995277570009, 34.96451305363456], [137.11667722447442, 34.96135027919206], [137.11646250324202, 34.95635333294001], [137.10576319151812, 34.943853720572804], [137.10859610902332, 34.93543194552791], [137.11162055784257, 34.93668916177546], [137.11510583726465, 34.929776666759835], [137.11922834031577, 34.927094161766206], [137.11089027236824, 34.91977805371425], [137.1054855510174, 34.91171527903697], [137.10798805400555, 34.90410472125592], [137.11478693946572, 34.89996861326097], [137.112896394553, 34.895846107511886], [137.11521250315457, 34.89076249449357], [137.11284610896087, 34.88784249473542], [137.10633500655535, 34.88718555886652], [137.10309138845685, 34.878852224950265], [137.11729111519287, 34.879888332980215], [137.12856194607707, 34.88950222504769], [137.13781834054407, 34.89051555864614], [137.1535866674908, 34.88682110770799], [137.1581602722788, 34.889163892000056], [137.1617986118165, 34.9003669454782], [137.1671208302622, 34.90565694571154], [137.17699472082973, 34.9097136129929], [137.1929230614502, 34.90540361298639], [137.19579639448807, 34.90085444097974], [137.20313221837728, 34.89903472127543], [137.20826194593212, 34.89239166674207], [137.20235610884743, 34.890670558599425], [137.20066917044596, 34.8846416672792], [137.20370749670371, 34.880697774982366], [137.2108125032945, 34.87786638722406], [137.20971167285552, 34.87208749484205], [137.21214194589413, 34.867636946088226], [137.22562555147806, 34.87010582882101], [137.23233555154457, 34.864604999621065], [137.23877500586184, 34.86675889210926], [137.2563497281575, 34.8609788917625], [137.25615666709655, 34.86931944093948], [137.2627452793712, 34.87555555854226], [137.26306138837242, 34.88177138654032], [137.26827416292235, 34.885251386942], [137.27435167339104, 34.88502889196985], [137.27852000049768, 34.88134110770602], [137.29145333340466, 34.8823588920493], [137.29684250277933, 34.88628749497195], [137.30347360622204, 34.877739721311116], [137.31282944232498, 34.88382138664775], [137.33557221858314, 34.89110222508765], [137.35002555143808, 34.89828166676557], [137.35208972845828, 34.89159555898789], [137.35850610886985, 34.89116999979569], [137.36094555139618, 34.88576749527374], [137.3668105583606, 34.889578054083984], [137.37722888500514, 34.8934469456201], [137.38228639430167, 34.88789333251134], [137.38851138819007, 34.886952774750796], [137.39401221828928, 34.88333833289778], [137.40450444942087, 34.89404444079838], [137.4036613880627, 34.90210082849052], [137.41164639386602, 34.90731194558987], [137.42054610911566, 34.909745828507255], [137.42105749690597, 34.915709161948314], [137.41712333347516, 34.92349666673783], [137.41116500655983, 34.92765722460126], [137.41241555073714, 34.9305274945483], [137.4096230613552, 34.93765138690202], [137.41263027196953, 34.94220333331725], [137.40342917051987, 34.94858444051954], [137.40208749714031, 34.95148472084327], [137.40804333293352, 34.95821305358959], [137.40245805379618, 34.95922805363182], [137.39178250306009, 34.965945000061765], [137.40024693924488, 34.97577916217864], [137.40555944231448, 34.97878749514683], [137.40035111491204, 34.982022495042145], [137.39060555130516, 34.982888892008816], [137.38514722406524, 34.990747224704705]]]}, "properties": {"N03_001": "愛知県", "N03_002": null, "N03_003": null, "N03_004": "岡崎市", "N03_007": "23202"}}, {"type": "Feature", "geometry": {"type": "Polygon", "coordinates": [[[136.85786666671333, 35.23056083811224], [136.85084722431998, 35.237879171086945], [136.84363888472683, 35.237306945958835], [136.83918999971877, 35.246102505326405], [136.84318416321867, 35.25176944110689], [136.83677194576876, 35.25064055901464], [136.8290352787552, 35.24320917046691], [136.82980055774965, 35.23661527917187], [136.83844444915212, 35.22947110800527], [136.8349633326917, 35.222355278973], [136.82615472146324, 35.22196166729714], [136.82274027174617, 35.21534361301735], [136.82297917035248, 35.2041244409902], [136.83663861228217, 35.20465138705191], [136.8377350063655, 35.197462505190515], [136.84380000007002, 35.19389333251132], [136.84597000031533, 35.18895499957364], [136.84439610939296, 35.18257166654922], [136.84798055795648, 35.18055805391111], [136.85630055852403, 35.18817166668913], [136.8659297282744, 35.19166110817366], [136.8698408303901, 35.19400166664366], [136.8789713881191, 35.20721277494965], [136.8785416731597, 35.2093363872645], [136.86837333286303, 35.21191222456957], [136.86568555154702, 35.20689444102567], [136.86018972797365, 35.207972224538594], [136.86464221836377, 35.21332861272538], [136.86035722400675, 35.21522694576697], [136.85636527913437, 35.221095559012895], [136.85786666671333, 35.23056083811224]]]}, "properties": {"N03_001": "愛知県", "N03_002": null, "N03_003": null, "N03_004": "清須市", "N03_007": "23233"}}, {"type": "Feature", "geometry": {"type": "Polygon", "coordinates": [[[137.11636749706236, 34.991346945705004], [137.11210693908401, 35.00206305406675], [137.10072221805603, 35.0087802792865], [137.09437527879618, 35.00743194552791], [137.08505610895236, 35.0098305588333], [137.0847919456918, 35.00556333328126], [137.07888138806572, 35.00053610775524], [137.07006666684322, 34.99729472087472], [137.07239111485808, 34.986008332618496], [137.06401221768976, 34.9846766668947], [137.06041055790104, 34.9798722250232], [137.0458294421751, 34.980620279302514], [137.04819944175085, 34.97376194595711], [137.0425436063025, 34.968347225044454], [137.04683972797113, 34.96051638732149], [137.0424627761363, 34.95907166692393], [137.03582472093422, 34.96283666697866], [137.0292677818827, 34.960337495079386], [137.01052167283694, 34.947389999648806], [137.012353606234, 34.94420777466911], [137.0120947210945, 34.93565249526648], [137.0168522183552, 34.931104720806275], [137.0242122178197, 34.931734721080545], [137.03181666740534, 34.9371858285632], [137.03368277593938, 34.933731666583185], [137.0325388850615, 34.92766166725221], [137.03486167292795, 34.92119694558261], [137.01882360602463, 34.911226946266595], [137.01331972812307, 34.90492361333412], [137.01634250330392, 34.89432833248662], [137.02222027254766, 34.89451555874609], [137.02813500572597, 34.89069805357235], [137.03655749753057, 34.89016222490682], [137.04043416280638, 34.8961288921347], [137.04628027231672, 34.89459361270514], [137.04839555151352, 34.90060277469837], [137.06010555103046, 34.9078338923203], [137.06304888549778, 34.913840828491516], [137.06751306077922, 34.91270055918352], [137.06677527945567, 34.90607777446979], [137.0628986123811, 34.90014749471118], [137.0647258369279, 34.88889944095649], [137.08949277577108, 34.89034555890049], [137.0978072239243, 34.89409333334072], [137.10591277575406, 34.900428891680065], [137.10798805400555, 34.90410472125592], [137.1054855510174, 34.91171527903697], [137.11089027236824, 34.91977805371425], [137.11922834031577, 34.927094161766206], [137.11510583726465, 34.929776666759835], [137.11162055784257, 34.93668916177546], [137.10859610902332, 34.93543194552791], [137.10576319151812, 34.943853720572804], [137.11646250324202, 34.95635333294001], [137.11667722447442, 34.96135027919206], [137.11995277570009, 34.96451305363456], [137.1153797284917, 34.96975749511239], [137.1250161090063, 34.97731694622013], [137.11910250357778, 34.98173222446263], [137.11636749706236, 34.991346945705004]]]}, "properties": {"N03_001": "愛知県", "N03_002": null, "N03_003": null, "N03_004": "安城市", "N03_007": "23212"}}, {"type": "Feature", "geometry": {"type": "Polygon", "coordinates": [[[137.13781834054407, 34.89051555864614], [137.13967944255228, 34.882419440704666], [137.13476416283595, 34.88243749459474], [137.13707444922647, 34.87480389168633], [137.13268111534126, 34.869606946103715], [137.12262000031285, 34.87071194579971], [137.11517583689545, 34.86988889165906], [137.11200306109242, 34.86485361270411], [137.11517306068822, 34.859910559225], [137.12234027248564, 34.85900110811468], [137.12700055842913, 34.85347166698392], [137.12139944223054, 34.84594610772672], [137.1131391701366, 34.85362444111513], [137.10468250319502, 34.85178555865667], [137.10171000011644, 34.84268805371079], [137.11722722375748, 34.83871333265421], [137.12398749682563, 34.844395000229156], [137.12793221829725, 34.84247555919973], [137.1350416729349, 34.83432861247553], [137.14635167289146, 34.82827249507966], [137.1477069395237, 34.82337361270214], [137.15540111536927, 34.82498582913274], [137.16369416325506, 34.81495833256105], [137.1704266670571, 34.82151472122746], [137.179000830424, 34.82608999965379], [137.1800313878383, 34.82292916235099], [137.1869269387273, 34.822925828564166], [137.19959972814502, 34.82517082867088], [137.191746108796, 34.83273500032004], [137.19158888481923, 34.83532666659244], [137.19799555075417, 34.8414988918604], [137.19295444868897, 34.8481811082716], [137.1970905584825, 34.85310861247257], [137.2055055508406, 34.85641666699564], [137.20439805372723, 34.86109305350169], [137.21214194589413, 34.867636946088226], [137.20971167285552, 34.87208749484205], [137.2108125032945, 34.87786638722406], [137.20370749670371, 34.880697774982366], [137.20066917044596, 34.8846416672792], [137.20235610884743, 34.890670558599425], [137.20826194593212, 34.89239166674207], [137.20313221837728, 34.89903472127543], [137.19579639448807, 34.90085444097974], [137.1929230614502, 34.90540361298639], [137.17699472082973, 34.9097136129929], [137.1671208302622, 34.90565694571154], [137.1617986118165, 34.9003669454782], [137.1581602722788, 34.889163892000056], [137.1535866674908, 34.88682110770799], [137.13781834054407, 34.89051555864614]]]}, "properties": {"N03_001": "愛知県", "N03_002": null, "N03_003": "額田郡", "N03_004": "幸田町", "N03_007": "23501"}}, {"type": "Feature", "geometry": {"type": "Polygon", "coordinates": [[[135.44469666651798, 34.768529162790685], [135.44321583654164, 34.77262027950235], [135.43634666636558, 34.77157638694075], [135.42172610907278, 34.76775249568118], [135.41622360533518, 34.76245889276373], [135.41694722323587, 34.75800610829532], [135.405748339914, 34.7637950002391], [135.39851082991095, 34.76094082905604], [135.39205389097435, 34.76524110829058], [135.38962444890922, 34.770824162505164], [135.38399916972594, 34.76873527930974], [135.38283500543128, 34.77384666699015], [135.37889444871985, 34.778830278994235], [135.3734499998177, 34.78122972147452], [135.37431333279415, 34.76656833316207], [135.37335194583568, 34.757299162026754], [135.376727496277, 34.74547527956054], [135.3800716729694, 34.739810279121116], [135.37961722395573, 34.730875000181186], [135.38391888454896, 34.72377361336163], [135.38417916993285, 34.72116416209644], [135.37848749650084, 34.70629889208027], [135.37243413642636, 34.69360619796771], [135.37375452645028, 34.69301789206213], [135.36850374745006, 34.683160153318454], [135.37123083003883, 34.68077194606849], [135.37672099867518, 34.685679666983106], [135.37532066072004, 34.687441946088995], [135.37760817088042, 34.69266094664545], [135.38165680901454, 34.69111380246005], [135.38930671843036, 34.69191569465363], [135.39602795102917, 34.700320198218606], [135.40013182822133, 34.69755074856823], [135.39266177691957, 34.68820653260542], [135.3820022440084, 34.68227174814274], [135.3755908296531, 34.679908054613065], [135.37618111496658, 34.676569441126844], [135.39196795086036, 34.68003691037518], [135.406353449652, 34.697598387455685], [135.4128647202307, 34.70199666761215], [135.42456583624437, 34.70589666759719], [135.42957888485773, 34.71134722559401], [135.44581277553925, 34.718086387077165], [135.44810610880995, 34.721688892228656], [135.4456355506402, 34.730033613360604], [135.4489869389961, 34.734097225206824], [135.45933444852608, 34.733487495651445], [135.4601683394974, 34.7478850003925], [135.459352217331, 34.752031946117484], [135.4500694412518, 34.76003277549222], [135.45040888496214, 34.76632249538693], [135.44469666651798, 34.768529162790685]]]}, "properties": {"N03_001": "兵庫県", "N03_002": null, "N03_003": null, "N03_004": "尼崎市", "N03_007": "28202"}}, {"type": "Feature", "properties": {"N03_001": "大阪府", "N03_002": "", "N03_003": "大阪市", "N03_004": "都島区", "N03_007": "27102"}, "geometry": {"type": "MultiPolygon", "coordinates": [[[[135.51480722, 34.72056889], [135.51489445, 34.72073944], [135.51531, 34.72155305], [135.51549056000002, 34.72190667], [135.51550834000003, 34.72194167], [135.51561778, 34.72215583], [135.51567973000002, 34.72230944], [135.51584333000002, 34.72271472], [135.51601083000003, 34.72312916], [135.51607278000003, 34.72328278], [135.51652750000002, 34.72455944], [135.51666667, 34.72496864], [135.51667733, 34.725], [135.51697834, 34.725885], [135.51754611, 34.72755361], [135.51797389, 34.72873472], [135.51805333000001, 34.72893749], [135.51818333000003, 34.72924167], [135.51851528000003, 34.72982611], [135.51899195000001, 34.73041056], [135.51919445000001, 34.73059556], [135.51972167, 34.73110277], [135.51989501, 34.73122805], [135.52009083000002, 34.73135916], [135.52045528000002, 34.73160361], [135.52070555, 34.73177083], [135.52131195, 34.73218833], [135.52220056000002, 34.73259389], [135.52313973, 34.73289805], [135.52425778000003, 34.73318444], [135.52474, 34.73326028], [135.525, 34.73330108], [135.52501611, 34.73330361], [135.52524322000002, 34.73333333], [135.52585722, 34.73341389], [135.52589550000002, 34.73333333], [135.52623722, 34.73261416], [135.52632973000001, 34.73244777], [135.52660917, 34.731945], [135.5270475, 34.73113416], [135.52715805, 34.73092833], [135.52727722, 34.73070695], [135.52759445, 34.73011695], [135.52768694000002, 34.72994444], [135.52776278000002, 34.72980361], [135.52782167, 34.72968916], [135.52789611, 34.72954389], [135.52792555000002, 34.72947416], [135.52818222, 34.72886723], [135.52821501000003, 34.72881528], [135.5284025, 34.72851611], [135.52849333, 34.72837167], [135.52874306, 34.72797416], [135.52900805000002, 34.72747444], [135.52918167, 34.72714777], [135.52930361, 34.72691777], [135.52948056, 34.72658333], [135.52951528000003, 34.72651777], [135.52960111000002, 34.72632], [135.52973397000002, 34.72606044], [135.53032501, 34.725], [135.53048128, 34.72471959], [135.53076392000003, 34.72417375], [135.53092197, 34.72383756], [135.53107528, 34.72358836], [135.53116195, 34.72343249], [135.53127973, 34.72327277], [135.53138, 34.72313723], [135.53155112000002, 34.722905], [135.53162056000002, 34.72281083], [135.53168222, 34.72272695], [135.53184139, 34.72251111], [135.53201611, 34.72227416], [135.53204667, 34.72223056], [135.53206722000002, 34.72220083], [135.53209528000002, 34.72216111], [135.53242611000002, 34.72168833], [135.53246167, 34.72163777], [135.53261778, 34.72141472], [135.53266306, 34.72135], [135.53272139, 34.72126639], [135.53296944000002, 34.72091249], [135.53306694000003, 34.72083028], [135.53319917000002, 34.72071861], [135.53333333, 34.72060544], [135.53356667, 34.72040861], [135.53362917, 34.72032833], [135.53374861, 34.72017472], [135.53378416, 34.72012944], [135.53416750000002, 34.71963695], [135.53425584000001, 34.719535], [135.53429445, 34.71949028], [135.53433333, 34.719445], [135.53436805, 34.719405], [135.53439389000002, 34.719375], [135.53442639000002, 34.71933749], [135.53469167, 34.71903083], [135.53491278, 34.71876139], [135.53499472000001, 34.71866167], [135.53512722, 34.7185], [135.53515861, 34.71846223], [135.53519722000001, 34.718415], [135.53546584000003, 34.71808749], [135.53587389, 34.71759028], [135.53598389, 34.71745889], [135.53601917, 34.71741695], [135.53606222, 34.71736556], [135.53664708000002, 34.71666667], [135.5367875, 34.71649889], [135.53682, 34.71646028], [135.53685389, 34.71641972], [135.53719889, 34.71600805], [135.53729139, 34.71589722], [135.53733167000001, 34.71584889], [135.53736167, 34.71581278], [135.53768306, 34.71542749], [135.53796861, 34.71508472], [135.53818528000002, 34.714825], [135.53837750000002, 34.71459444], [135.53841667, 34.71454611], [135.53844306000002, 34.71451305], [135.53874667, 34.71413723], [135.53877555, 34.71410139], [135.53880027000002, 34.71407083], [135.53898445000002, 34.7138425], [135.53921416, 34.71355833], [135.53926667000002, 34.71349305], [135.53957222, 34.713115], [135.5398, 34.71283278], [135.53984333000002, 34.71277889], [135.53986472, 34.71275249], [135.53986528000001, 34.71275195], [135.53989139, 34.71271333], [135.54021416, 34.71223777], [135.54024667000002, 34.71218972], [135.54035111000002, 34.71203583], [135.54041195000002, 34.71196111], [135.54050611, 34.711845], [135.5406825, 34.71162777], [135.54068944000002, 34.71161944], [135.54074834000002, 34.71154667], [135.54085139000003, 34.71141972], [135.54064639, 34.71120167], [135.54025555, 34.710785], [135.53993584000003, 34.71044472], [135.53988555, 34.71039111], [135.53985083, 34.71035416], [135.53889889, 34.70933972], [135.5388375, 34.70928111], [135.53827722, 34.70874444], [135.53800222, 34.70848111], [135.53792805, 34.70841], [135.53784789000002, 34.70833333], [135.53783889000002, 34.70832472], [135.5374025, 34.70832639], [135.53737056, 34.70832639], [135.53658750000002, 34.70832944], [135.53653083, 34.70832944], [135.53617056000002, 34.70833083], [135.53630306000002, 34.70817], [135.53634888000002, 34.70811444], [135.53637416, 34.70808361], [135.53640167, 34.70805028], [135.53639278000003, 34.70796805], [135.53638472, 34.707895], [135.53628973, 34.70702333], [135.5362825, 34.70695528], [135.53622111, 34.70639223], [135.53622973, 34.70624639], [135.53655472, 34.70598389], [135.53669917, 34.70578], [135.53672083, 34.70574916], [135.53677861, 34.70566778], [135.53675167, 34.70499389], [135.53675056, 34.70496722], [135.53674584, 34.70484444], [135.53672778, 34.70439583], [135.53672639, 34.70436361], [135.53672528, 34.70433167], [135.53670639, 34.70386056], [135.53662027000001, 34.70373611], [135.53659056, 34.70369277], [135.53653333000003, 34.70361], [135.53657222, 34.70349083], [135.53658333, 34.7034575], [135.53659333000002, 34.70342639], [135.53669944, 34.70310277], [135.53681501000003, 34.70275083], [135.53684389000003, 34.70244667], [135.53683944000002, 34.70230667], [135.53683834000003, 34.70227695], [135.53683083, 34.70203889], [135.53680472, 34.70187833], [135.53674667, 34.70152333], [135.53667917, 34.70110833], [135.53660722, 34.70080805], [135.53659917000002, 34.70077389], [135.53644056000002, 34.70011195], [135.53640861, 34.7], [135.53639750000002, 34.69996111], [135.53638805, 34.69992833], [135.53637445, 34.69988056], [135.53628917, 34.69958249], [135.53626472, 34.69949639], [135.53622139, 34.69934528], [135.53619778, 34.69926195], [135.53612611, 34.69901139], [135.53610834000003, 34.69894944], [135.53599778000003, 34.69856195], [135.53592083, 34.69829333], [135.53563361000002, 34.69728777], [135.53561195, 34.69720944], [135.53557083, 34.69706195], [135.53555584000003, 34.69700861], [135.53551083000002, 34.69684639], [135.53493278000002, 34.69680472], [135.53478167, 34.69680889], [135.53471611, 34.69681056], [135.53449361, 34.69676195], [135.53421, 34.69670028], [135.53440667, 34.69630083], [135.53462667, 34.69585249], [135.53470750000002, 34.69568833], [135.53471944, 34.69566416], [135.53481555000002, 34.69546861], [135.5345775, 34.69539278], [135.53427222, 34.69529583], [135.53343694, 34.69503028], [135.53333333, 34.695001], [135.53236056, 34.69472611], [135.53190278000002, 34.69458778], [135.53184805, 34.69457111], [135.53125584000003, 34.69439195], [135.52999167000002, 34.69390277], [135.52985472, 34.69384277], [135.52912306000002, 34.69352167], [135.52889389, 34.69340305], [135.5286575, 34.69328083], [135.52831973, 34.69310611], [135.52763528000003, 34.69275195], [135.52695667, 34.69245195], [135.52678389000002, 34.69237583], [135.52656027, 34.69227695], [135.52630778000002, 34.69216556], [135.52570445, 34.69193305], [135.52550056, 34.69187444], [135.525, 34.69173092], [135.52482528000002, 34.69168083], [135.52480222, 34.69167416], [135.52477608, 34.69166667], [135.52419722, 34.69150056], [135.52339944000002, 34.69127889], [135.52276278000002, 34.69112944], [135.52238416, 34.6910775], [135.52238056000002, 34.69107695], [135.52219944, 34.69105195], [135.52165389, 34.69122778], [135.52160195000002, 34.69124444], [135.52125472, 34.69135639], [135.52103584000002, 34.69146333], [135.52061997, 34.69166667], [135.52057056, 34.69169083], [135.52018445000002, 34.69187916], [135.52012278, 34.69190944], [135.52008222, 34.69192916], [135.52063195000002, 34.69223916], [135.52101306, 34.69253472], [135.52106778, 34.69257695], [135.52164416, 34.69316361], [135.52182389, 34.69338028], [135.5220275, 34.69362611], [135.52230917, 34.69406889], [135.52232834000003, 34.69410444], [135.52241056, 34.6942575], [135.52263083000003, 34.69466667], [135.52284555, 34.69536416], [135.52288, 34.69563944], [135.52292056000002, 34.69596472], [135.52295278000003, 34.69622223], [135.52295278000003, 34.69634389], [135.52292917, 34.69680778], [135.52290834000001, 34.69695416], [135.52285528000002, 34.69732777], [135.52279472, 34.69758], [135.52260722, 34.69836305], [135.52248722000002, 34.69860639], [135.52223861000002, 34.69911028], [135.52197722, 34.699625], [135.52175584000003, 34.69999805], [135.52175467, 34.7], [135.52174056, 34.70002361], [135.52165056, 34.70017556], [135.52101361, 34.70093416], [135.52064361, 34.70137223], [135.52030306, 34.70177528], [135.51984056, 34.70230111], [135.51927167, 34.70307777], [135.51862139000002, 34.70399639], [135.51848501, 34.70426139], [135.51814944, 34.70491277], [135.51808528, 34.70503722], [135.51788222, 34.70564861], [135.51782195, 34.70588083], [135.51773472, 34.70635695], [135.51773472, 34.70666695], [135.51775472, 34.70723723], [135.51782639, 34.70738805], [135.51790667, 34.7075575], [135.51800944000001, 34.70777416], [135.51818083, 34.70802195], [135.51820973, 34.70806389], [135.5183963, 34.70833333], [135.51854250000002, 34.70854444], [135.51880888000002, 34.70892972], [135.52001555, 34.71020833], [135.52011611, 34.71033028], [135.52075250000001, 34.71097361], [135.52096722, 34.71124861], [135.52108083000002, 34.71139444], [135.52112306, 34.71146083], [135.52127501, 34.71169889], [135.52134222, 34.71192583], [135.52146944, 34.71229639], [135.52149973000002, 34.71257444], [135.52150973, 34.71266749], [135.52156639, 34.71311056], [135.52158, 34.71393528], [135.52149222, 34.71457723], [135.52147944, 34.71467167], [135.52139167, 34.71498556], [135.52117778000002, 34.71575083], [135.52117083000002, 34.71578944], [135.52099611, 34.71621472], [135.52081056, 34.71666667], [135.52077611, 34.71675056], [135.52053472, 34.71713805], [135.51999112000001, 34.71789833], [135.51971555, 34.71828389], [135.51910555, 34.71888723], [135.51842834, 34.71933583], [135.51794445000002, 34.71957695], [135.51781834000002, 34.71964], [135.51693361, 34.71989472], [135.51685333, 34.71992], [135.51668694, 34.71997195], [135.51668027000002, 34.71997416], [135.51666667, 34.71997841], [135.51627111000002, 34.72010222], [135.51625361, 34.72010778], [135.51609611, 34.72015695], [135.5157775, 34.72025667], [135.51536639000003, 34.72038556], [135.51480722, 34.72056889]]]]}}, {"type": "Feature", "properties": {"N03_001": "大阪府", "N03_002": "", "N03_003": "大阪市", "N03_004": "福島区", "N03_007": "27103"}, "geometry": {"type": "MultiPolygon", "coordinates": [[[[135.46247027, 34.68739778], [135.46253027000003, 34.68793695], [135.46252639000002, 34.68808028], [135.46252306000002, 34.68819944], [135.46253027000003, 34.68886749], [135.46254694, 34.68896583], [135.46256639, 34.68907916], [135.46264584000002, 34.68921028], [135.46297083000002, 34.68970556], [135.46327445, 34.69020056], [135.4636825, 34.69080778], [135.46374027000002, 34.69095083], [135.46377639000002, 34.69129667], [135.46385584, 34.69150223], [135.46387316000002, 34.69166667], [135.46392056000002, 34.69211667], [135.46392056000002, 34.69234361], [135.46386278000003, 34.69249861], [135.46366056000002, 34.69291611], [135.46343667, 34.69341139], [135.46325611, 34.69384056], [135.46321083, 34.69398333], [135.46314056, 34.69420444], [135.46312611000002, 34.69433277], [135.46311888000002, 34.69459528], [135.46302501000002, 34.69497695], [135.46298861, 34.69515], [135.46298139, 34.69536472], [135.46303, 34.69559222], [135.46304167, 34.6956475], [135.46307555, 34.69580583], [135.46319834000002, 34.69601305], [135.46320139000002, 34.69601556], [135.46356667, 34.69632944], [135.46376528000002, 34.69640528], [135.46391694000002, 34.69651889], [135.46432888, 34.69674556], [135.46432111000001, 34.69675528], [135.46391611, 34.69724722], [135.46354861, 34.69769389], [135.46286222, 34.69848695], [135.46188389000002, 34.69965277], [135.46207416000001, 34.69976667], [135.46246358, 34.7], [135.46402222, 34.70093389], [135.46490445, 34.70144833], [135.46633944, 34.70228528], [135.46634778, 34.70229], [135.46666667, 34.70247589], [135.46801694, 34.70326305], [135.47296611000002, 34.70612833], [135.47358584000003, 34.70648722], [135.47377555, 34.70659528], [135.47392888000002, 34.7066825], [135.47417, 34.70682], [135.47443722, 34.70697223], [135.475, 34.70629689], [135.47512472, 34.70614723], [135.47579139, 34.70539], [135.4760975, 34.70504195], [135.47674195000002, 34.70430111], [135.47692805, 34.70408723], [135.47710611, 34.7038825], [135.47723611, 34.70373333], [135.47729944000002, 34.70366056], [135.47734611, 34.70360722], [135.47740611, 34.70353833], [135.47744472, 34.70349361], [135.4775075, 34.70342167], [135.47768083000003, 34.70322249], [135.47775195000003, 34.70314056], [135.47808416, 34.70274695], [135.47840195, 34.70242472], [135.47880195000002, 34.70210195], [135.47886805000002, 34.70204833], [135.47896917, 34.70196695], [135.47922195, 34.70177639], [135.47936501, 34.70170083], [135.47950778, 34.70162556], [135.47958973000001, 34.70158223], [135.47966139000002, 34.70154416], [135.47984333000002, 34.70144805], [135.48027778000002, 34.70123778], [135.48039389000002, 34.70118167], [135.48081083000002, 34.70098], [135.48110416, 34.70085333], [135.48116167, 34.70082861], [135.48120056000002, 34.70081195], [135.48172888000002, 34.70058361], [135.48177722, 34.70056278], [135.48181501000002, 34.70054639], [135.48227861, 34.70034639], [135.48233111000002, 34.70032361], [135.48240027000003, 34.70029389], [135.48316694000002, 34.70001195], [135.48319934000003, 34.7], [135.48333333000002, 34.69995061], [135.48403, 34.69969389], [135.48403611, 34.69969167], [135.48415167000002, 34.69969167], [135.48420859, 34.7], [135.48424416, 34.70019277], [135.48429611, 34.70047278], [135.48457195, 34.70049611], [135.48500416000002, 34.70053249], [135.4851075, 34.70054389], [135.48544611, 34.70058167], [135.48557722, 34.70059639], [135.48564722, 34.70060416], [135.48574333000002, 34.701025], [135.48575195, 34.70106333], [135.48640083, 34.70108083], [135.48685694000002, 34.70109333], [135.48718694000002, 34.70103305], [135.48731528000002, 34.70100972], [135.48741306000002, 34.70099195], [135.48821501, 34.70099805], [135.48821861000002, 34.70106833], [135.48822027000003, 34.70109972], [135.48824694, 34.70162916], [135.48826917, 34.70207223], [135.48828, 34.70228639], [135.48857639000002, 34.70232167], [135.48862973, 34.70232805], [135.48865889, 34.70233167], [135.48902861000002, 34.70237583], [135.48907888000002, 34.70238167], [135.48911944000002, 34.70238667], [135.49019361, 34.702515], [135.49027333, 34.70252444], [135.49067805, 34.70257277], [135.49026501, 34.70134222], [135.49013639, 34.70095777], [135.48993333, 34.70024528], [135.48988361, 34.70007056], [135.48985255000002, 34.7], [135.4896525, 34.69954556], [135.48942139000002, 34.69912195], [135.48941167, 34.69909167], [135.48941167, 34.69909139], [135.48934389000001, 34.69887805], [135.48934195, 34.69887167], [135.48938139, 34.69865139], [135.48941416, 34.6984675], [135.48955361, 34.69809667], [135.48956944000003, 34.69805416], [135.48960027, 34.69797223], [135.48970639, 34.69768944], [135.48979694000002, 34.69744889], [135.49000333, 34.69692777], [135.49008027000002, 34.69673305], [135.49011528000003, 34.69664472], [135.49014112, 34.69657972], [135.49019, 34.69645556], [135.49025195000002, 34.69629944], [135.49022278, 34.69593916], [135.49021584000002, 34.69585195], [135.49021694, 34.69582361], [135.49022306, 34.695685], [135.49023167000001, 34.69566528], [135.49025888000003, 34.69560305], [135.49032416, 34.69545361], [135.49062056, 34.69471583], [135.49080861000002, 34.69420333], [135.49087805000002, 34.69401472], [135.49099416, 34.69369861], [135.49100333, 34.69367333], [135.49013639, 34.69335111], [135.48912528000002, 34.69292749], [135.48846083, 34.69257556], [135.48763722, 34.69209583], [135.48700888000002, 34.69169611], [135.48696861000002, 34.69166667], [135.48664944, 34.69143333], [135.48656805000002, 34.69137389], [135.48636611, 34.69114723], [135.48577389000002, 34.69054167], [135.48495083000003, 34.68959028], [135.48443722, 34.68899695], [135.48396083000003, 34.68841528], [135.48344805000002, 34.68783167], [135.48333333000002, 34.68770108], [135.48289167000001, 34.68719833], [135.48250472, 34.68672139], [135.48235, 34.68653056], [135.48213861, 34.68623389], [135.48193805, 34.68595195], [135.48187750000002, 34.68585444], [135.48177973, 34.68569611], [135.48175584, 34.68565778], [135.48153361, 34.68529861], [135.48119167000002, 34.68464611], [135.48115834, 34.68458278], [135.48108528000003, 34.68449916], [135.4807175, 34.68407889], [135.48031306000001, 34.68366139], [135.47992628000003, 34.68333333], [135.47977139000002, 34.68320195], [135.47944611, 34.68301723], [135.47865917000001, 34.68271889], [135.47665083, 34.68204167], [135.475, 34.68148713], [135.47316944000002, 34.68087223], [135.47285139000002, 34.68076528], [135.47242501000002, 34.68063722], [135.47216528, 34.68061333], [135.47205722, 34.68060972], [135.47188056000002, 34.68091223], [135.47185472, 34.68095611], [135.47154112, 34.68133305], [135.47153694000002, 34.68133778], [135.47098555, 34.68186056], [135.47084112000002, 34.68203361], [135.47076445000002, 34.68214805], [135.47043333000002, 34.68264195], [135.47040195000002, 34.68268916], [135.47035555000002, 34.68275805], [135.47002555, 34.68325111], [135.46997047000002, 34.68333333], [135.46950472, 34.68402861], [135.46936888000002, 34.68424361], [135.46909416, 34.68467777], [135.46899917000002, 34.68482778], [135.46889027000003, 34.68493833], [135.46886278000002, 34.68496611], [135.46881111000002, 34.68501861], [135.46843861, 34.68532639], [135.46833389000003, 34.68541278], [135.46829472, 34.68544528], [135.46814722, 34.68563889], [135.46804917, 34.68576749], [135.46776722, 34.68595833], [135.46746389, 34.68609556], [135.46689333, 34.68634611], [135.46666667, 34.68642731], [135.46658, 34.68645833], [135.46656083000002, 34.68646528], [135.46622167, 34.68653695], [135.46530416000002, 34.68665611], [135.46482973, 34.68674305], [135.46440139, 34.68682139], [135.46438, 34.68682583], [135.46425944, 34.68685111], [135.46386639000002, 34.68693361], [135.46315167, 34.68708389], [135.46284139000002, 34.68714722], [135.46245111000002, 34.68722723], [135.46247027, 34.68739778]]]]}}, {"type": "Feature", "properties": {"N03_001": "大阪府", "N03_002": "", "N03_003": "大阪市", "N03_004": "此花区", "N03_007": "27104"}, "geometry": {"type": "MultiPolygon", "coordinates": [[[[135.39844287000003, 34.65741789], [135.39874911, 34.65727975], [135.39883764, 34.65723983], [135.3987702, 34.65713772], [135.39868172, 34.65717764], [135.39837545, 34.65731583], [135.39829231000002, 34.65735333], [135.39835975, 34.65745536], [135.39844287000003, 34.65741789]], [[135.39879389, 34.65801075], [135.39916642000003, 34.65784359], [135.39916747, 34.65784311], [135.39917447000002, 34.65784061], [135.39918289000002, 34.65783677], [135.3991909, 34.65783233], [135.39919822000002, 34.65782713], [135.39920484, 34.65782131], [135.39921075, 34.65781503], [135.39921572000003, 34.6578082], [135.39921992, 34.657801], [135.39922314, 34.65779344], [135.39922536, 34.65778569], [135.39922664000002, 34.65777777], [135.39922691, 34.65776975], [135.39922608, 34.6577618], [135.39922431000002, 34.65775397], [135.39922161, 34.65774639], [135.39921786000002, 34.65773897], [135.39900428, 34.65741589], [135.39899888000002, 34.65740883], [135.39899217, 34.65740186], [135.39898458000002, 34.65739553], [135.39897623000002, 34.6573898], [135.3989673, 34.65738489], [135.39895761, 34.65738078], [135.39894761000002, 34.65737747], [135.39893713, 34.65737508], [135.39892659, 34.65737359], [135.39891577, 34.65737308], [135.39890497000002, 34.6573735], [135.39889428, 34.65737478], [135.39888377000003, 34.657377], [135.39887372, 34.65738008], [135.39886399000002, 34.65738411], [135.39884914, 34.65739069], [135.39850803000002, 34.65754453], [135.39850017000003, 34.65754861], [135.39849183, 34.65755292], [135.39848416, 34.65755613], [135.39847564000002, 34.65756069], [135.39846764, 34.65756589], [135.39846051, 34.65757169], [135.398454, 34.65757816], [135.39844839, 34.65758516], [135.39844375, 34.65759261], [135.39844, 34.65760036], [135.3984373, 34.65760844], [135.39843562000001, 34.65761675], [135.39843503000003, 34.65762503], [135.39843538000002, 34.65763341], [135.39843698, 34.65764172], [135.39843942000002, 34.65764983], [135.39844297000002, 34.65765769], [135.3984475, 34.65766523], [135.39865783000002, 34.65798133], [135.39866183, 34.65798767], [135.39866703, 34.65799425], [135.39867309000002, 34.65800041], [135.39867980000002, 34.65800595], [135.3986872, 34.65801087], [135.39869514000003, 34.65801513], [135.39870361, 34.65801869], [135.39871253, 34.65802153], [135.3987217, 34.65802356], [135.39873105, 34.65802478], [135.39874056000002, 34.6580252], [135.39875005000002, 34.65802478], [135.39875944000002, 34.65802347], [135.39876861000002, 34.65802144], [135.39877747, 34.65801861], [135.39878601, 34.65801505], [135.39879389, 34.65801075]], [[135.4, 34.65975244], [135.39995849000002, 34.65977136], [135.39995419000002, 34.65977295], [135.39994997, 34.65977447], [135.39994153, 34.65977841], [135.39993375, 34.65978297], [135.39992652, 34.65978825], [135.39992005000002, 34.65979416], [135.39991433, 34.65980053], [135.39990936, 34.65980744], [135.39990538, 34.65981464], [135.39990239000002, 34.6598222], [135.39990025, 34.65982995], [135.39989922, 34.65983789], [135.39989905000002, 34.65984589], [135.39989997, 34.65985383], [135.39990189, 34.65986161], [135.39990489000002, 34.6598692], [135.39990864, 34.65987649], [135.39991338000002, 34.65988339], [135.39992992, 34.65990844], [135.4, 34.66001464], [135.400119, 34.66019497], [135.40012180000002, 34.66019947], [135.40012742000002, 34.6602068], [135.40013392000003, 34.66021361], [135.40014119000003, 34.66021987], [135.40014922, 34.66022539], [135.40015791, 34.66023013], [135.40016717, 34.66023423], [135.40017683000002, 34.66023744], [135.40018686000002, 34.66023975], [135.40019722, 34.66024123], [135.40020759, 34.66024183], [135.40021805, 34.66024153], [135.40022842000002, 34.66024031], [135.40023859000001, 34.6602382], [135.40024842000003, 34.66023516], [135.40025772, 34.66023133], [135.40027202000002, 34.66022489], [135.40061911, 34.66006789], [135.40062367000002, 34.66006583], [135.40063623, 34.66006083], [135.40064511, 34.66005708], [135.40065353, 34.66005253], [135.40066122000002, 34.66004725], [135.40066822000003, 34.66004144], [135.4006745, 34.66003497], [135.40067988, 34.66002797], [135.40068442, 34.66002059], [135.40068798000001, 34.66001286], [135.40069042000002, 34.66000486], [135.400692, 34.65999667], [135.40069239000002, 34.65998844], [135.4006918, 34.65998016], [135.40069022, 34.65997203], [135.40068756, 34.659964], [135.40068389, 34.65995631], [135.40067936000003, 34.659949], [135.40065467000002, 34.659912], [135.40047267000003, 34.65963931], [135.40046825000002, 34.65963169], [135.40046297, 34.65962447], [135.40045678, 34.65961778], [135.40044975, 34.65961161], [135.40044192000002, 34.65960616], [135.40043355, 34.65960133], [135.40042453, 34.65959733], [135.40041516000002, 34.65959403], [135.40040536, 34.65959164], [135.40039533, 34.65959005], [135.40038508, 34.65958939], [135.40037494, 34.65958959], [135.40036481, 34.65959072], [135.40035486, 34.65959267], [135.40034523, 34.65959549], [135.40033591000002, 34.65959905], [135.40033156, 34.6596012], [135.40032664000003, 34.65960344], [135.4, 34.65975244]], [[135.40041706000002, 34.66058831], [135.40050908, 34.66054678], [135.40081542000001, 34.66040844], [135.40091698, 34.66036261], [135.40077878000002, 34.66015756], [135.40068036000002, 34.66020195], [135.40037387, 34.6603402], [135.40028075, 34.6603822], [135.40041706000002, 34.66058831]], [[135.42082005000003, 34.66445511], [135.42082224, 34.66446156], [135.42085253000002, 34.66447095], [135.42087397, 34.66447759], [135.42089311, 34.66447092], [135.42089837, 34.66445533], [135.42091506, 34.66440728], [135.42087180000001, 34.66439644], [135.42086355, 34.66440541], [135.42065939, 34.66434587], [135.42065947, 34.66433683], [135.42062136, 34.66432313], [135.42060494000003, 34.66433205], [135.42041167, 34.66427705], [135.42040903000003, 34.66426353], [135.42037089000002, 34.66425433], [135.42035722, 34.66426103], [135.4201585, 34.66420372], [135.42015856, 34.66419472], [135.42012591000002, 34.66418331], [135.42011494000002, 34.66419], [135.4199135, 34.66413269], [135.41991083000002, 34.66412141], [135.41988092000003, 34.66411225], [135.41986995, 34.66411897], [135.41966589, 34.66405939], [135.41966322000002, 34.66405036], [135.41962786000002, 34.66403895], [135.41961961, 34.66404567], [135.4194209, 34.66399061], [135.41941822, 34.66397933], [135.41937739000002, 34.66397013], [135.41936914000001, 34.66397687], [135.41933920000002, 34.66396995], [135.419317, 34.66402395], [135.41933053, 34.66403753], [135.41939586, 34.66405811], [135.41940681, 34.66405141], [135.41941516000003, 34.66402892], [135.41958939, 34.66407933], [135.41958109, 34.66409505], [135.41958645, 34.66411086], [135.41964089, 34.66412464], [135.41965455000002, 34.6641202], [135.41966289, 34.66409995], [135.419837, 34.66415036], [135.41982881, 34.66416836], [135.41983144, 34.66417964], [135.41989122, 34.66419795], [135.41990217, 34.66419125], [135.41991051000002, 34.664171], [135.42008470000002, 34.66422367], [135.42007642000002, 34.66423714], [135.42008180000002, 34.66424844], [135.42013625, 34.66426447], [135.42014995, 34.66425778], [135.42015547000003, 34.66424428], [135.42032973, 34.66429244], [135.42032414000002, 34.66431044], [135.42033224, 34.6643195], [135.42038124, 34.6643355], [135.42040309, 34.66433336], [135.42040864, 34.66431761], [135.420572, 34.66436347], [135.42056642000003, 34.66437922], [135.42057453, 34.66439053], [135.42062898, 34.66440656], [135.42064263, 34.66440211], [135.42065095, 34.66438639], [135.42082248, 34.66443228], [135.42081691, 34.66444575], [135.42082005000003, 34.66445511]], [[135.43063514000002, 34.65833333], [135.43033944, 34.65816861], [135.43019861000002, 34.65809], [135.42966987, 34.65779186], [135.42924195, 34.65755056], [135.42849416, 34.65706556], [135.42754139000002, 34.65648139], [135.42626999, 34.65572387], [135.42626961, 34.65572406], [135.42503097, 34.65638131], [135.425, 34.656397], [135.42353783000001, 34.6571385], [135.42341073000003, 34.6573768], [135.42341616000002, 34.65738133], [135.42339956, 34.65741505], [135.42338287, 34.65746231], [135.42312713, 34.65736869], [135.42311886000002, 34.65737995], [135.42309708000002, 34.65737305], [135.4231109, 34.65735059], [135.42277492000002, 34.65723116], [135.42271925000003, 34.65712733], [135.422667, 34.65703144], [135.42267484, 34.65694078], [135.42265506, 34.65689831], [135.42265311000003, 34.65689541], [135.42275428, 34.65685759], [135.42281689, 34.65687592], [135.42295691, 34.65713349], [135.4230608, 34.65709795], [135.42128311000002, 34.65387114], [135.42126406, 34.65386653], [135.42123178, 34.65380328], [135.42121817, 34.65379869], [135.42116073000003, 34.65382322], [135.42115791, 34.65383223], [135.42118752000002, 34.65388869], [135.42118197000002, 34.65390444], [135.42271189000002, 34.65667933], [135.42268973, 34.6567288], [135.42258306000002, 34.65676889], [135.42257497, 34.65675759], [135.4224847, 34.6567932], [135.42085248, 34.6538285], [135.42082239, 34.65384189], [135.42081698, 34.65383511], [135.42083341, 34.65382616], [135.42082263, 34.65380808], [135.42080623, 34.65381478], [135.42079545, 34.65379669], [135.42081183000002, 34.65379], [135.42080375, 34.65377644], [135.42079008000002, 34.65378089], [135.42078197, 34.65376959], [135.42079839000002, 34.65376513], [135.42078759, 34.65374933], [135.42077392000002, 34.65375377], [135.42075486000002, 34.65374692], [135.42075766000002, 34.65373792], [135.42073864000002, 34.6537288], [135.42073311000001, 34.6537378], [135.42071134, 34.65373092], [135.42071686000003, 34.65371969], [135.42069511, 34.65371283], [135.42068958000002, 34.6537218], [135.42067056000002, 34.65371497], [135.42067336, 34.65370369], [135.42065431, 34.65369686], [135.42064878000002, 34.65370583], [135.42062428, 34.65369897], [135.42062983, 34.65368772], [135.42061080000002, 34.65367861], [135.42060525000002, 34.65369211], [135.42058075, 34.65368297], [135.42058630000002, 34.65367175], [135.42056728, 34.65366264], [135.420559, 34.65367611], [135.42053722, 34.653667], [135.42054278000003, 34.65365575], [135.42052375, 34.65364664], [135.42051547000003, 34.65365789], [135.42049372, 34.65364875], [135.42049925, 34.65363978], [135.42048022, 34.65363067], [135.42047195, 34.65364414], [135.42044745, 34.65363503], [135.42045572, 34.65362153], [135.42043669, 34.65361469], [135.42042842, 34.65362592], [135.42040667, 34.6536168], [135.42041219, 34.6536078], [135.42039317, 34.65359869], [135.42038489, 34.65360992], [135.42036314, 34.65360305], [135.42037141000003, 34.65358959], [135.42034964, 34.65358272], [135.42034411, 34.65359395], [135.42031961, 34.65358483], [135.42032514000002, 34.65357359], [135.42030611, 34.65356672], [135.42029783, 34.65357797], [135.42027608, 34.65356883], [135.42027888, 34.65355983], [135.42025986000002, 34.65354847], [135.42025158, 34.65356197], [135.42023256, 34.65355287], [135.42023811, 34.65354161], [135.42022178, 34.65353477], [135.42021625, 34.65354603], [135.42019178, 34.65353464], [135.42019458000001, 34.65352564], [135.42017828000002, 34.65351656], [135.42017, 34.65353003], [135.42014553, 34.65351864], [135.42015105000002, 34.65350964], [135.42013202, 34.65350056], [135.42012375000002, 34.65351177], [135.42010472, 34.65350492], [135.42010752000002, 34.65349367], [135.42008849, 34.65348456], [135.42008294000001, 34.6534958], [135.42005847000001, 34.65348667], [135.42006399000002, 34.65347769], [135.42004497, 34.65346859], [135.42003669000002, 34.6534798], [135.42001494000002, 34.65347069], [135.42001776, 34.65346169], [135.42000141000003, 34.65345487], [135.41999591, 34.65346383], [135.41997414000002, 34.65345472], [135.41997694000003, 34.65344572], [135.41995791, 34.65343661], [135.41994964, 34.65344783], [135.41992789000003, 34.65343872], [135.41993341, 34.65342972], [135.41991438, 34.65342064], [135.41990613000002, 34.65343187], [135.41988436000003, 34.65342275], [135.41988717, 34.65341375], [135.41986815, 34.65340464], [135.41985986, 34.65341586], [135.41984083000003, 34.65340675], [135.41984636, 34.65339778], [135.41982733, 34.65338867], [135.41981908, 34.65339989], [135.41979730000003, 34.65339077], [135.41980287, 34.65337953], [135.41978380000003, 34.65337267], [135.41977555, 34.65338392], [135.41975377000003, 34.65337478], [135.41975659000002, 34.65336577], [135.41974027, 34.65335669], [135.41973202, 34.65336792], [135.41971027000002, 34.6533588], [135.41971577, 34.6533498], [135.41969403000002, 34.65334069], [135.4196885, 34.65335195], [135.41966674000003, 34.65334283], [135.41967228000001, 34.65333159], [135.41965053, 34.65332247], [135.41964224, 34.65333595], [135.41962322, 34.65332683], [135.41962872000002, 34.65331786], [135.41961241, 34.65330875], [135.41960416, 34.65331997], [135.41957969, 34.65331087], [135.41958519, 34.65330187], [135.41956616000002, 34.65329275], [135.41956064000001, 34.65330625], [135.41953616, 34.65329487], [135.41954167, 34.65328589], [135.41952263000002, 34.65327678], [135.41951438, 34.653288], [135.41949536, 34.65327889], [135.4195009, 34.65326767], [135.41947914000002, 34.65325853], [135.41947086, 34.65327203], [135.41944911000002, 34.65326292], [135.41945464, 34.65325167], [135.41943562000003, 34.65324256], [135.41942733, 34.65325603], [135.41940014000002, 34.65324464], [135.41939467, 34.65324911], [135.41938380000002, 34.65324005], [135.41936737, 34.65325125], [135.41937550000003, 34.65326031], [135.41936453, 34.653267], [135.41935639000002, 34.65326022], [135.41933995, 34.65327139], [135.41934805, 34.65328269], [135.41933173, 34.65329389], [135.4193209, 34.65328483], [135.41930445000003, 34.65329603], [135.41931253, 34.65330733], [135.41929608, 34.65331853], [135.41928523, 34.65331169], [135.41926881, 34.65332289], [135.41927691, 34.65333195], [135.41925772000002, 34.65334539], [135.41924689, 34.65333631], [135.41923317, 34.65334753], [135.41924128000002, 34.65335883], [135.41923306, 34.65336331], [135.41922222, 34.65335197], [135.41920577000002, 34.65336316], [135.41920839, 34.65337895], [135.41921642000003, 34.65340377], [135.41920003, 34.65340597], [135.41920263, 34.653424], [135.419219, 34.65342183], [135.41922433000002, 34.65344214], [135.41921056, 34.65346236], [135.41922966, 34.6534602], [135.41923222, 34.65348275], [135.41921856000002, 34.6534872], [135.41921844, 34.65350297], [135.41923209, 34.65350077], [135.41923742000003, 34.65352108], [135.41922375000001, 34.65352553], [135.41922908, 34.65354133], [135.41924272, 34.65354139], [135.41924531, 34.65356169], [135.41923163, 34.65356613], [135.41923425000002, 34.65358192], [135.41925061, 34.653582], [135.41925322000003, 34.65360003], [135.41923683000002, 34.65360223], [135.41924217000002, 34.65362028], [135.41925856000003, 34.65361808], [135.41926114, 34.65363839], [135.41925019, 34.65364283], [135.4192528, 34.65366089], [135.41925326, 34.65366159], [135.41925377, 34.65366241], [135.41926633, 34.65367447], [135.41926883, 34.65368728], [135.41926897000002, 34.653688], [135.41927423, 34.65371733], [135.41925783000002, 34.65372175], [135.41926044000002, 34.65373756], [135.41927684, 34.65373539], [135.41927942, 34.65375567], [135.41926575, 34.65376011], [135.41926837, 34.65377592], [135.41928475, 34.65377372], [135.41928733, 34.65379403], [135.41927095000003, 34.6537962], [135.41927355, 34.65381425], [135.41928992, 34.65381205], [135.41929523000002, 34.65383464], [135.41927883, 34.65383905], [135.41928416000002, 34.65385487], [135.41929783, 34.65385267], [135.41930311000002, 34.65387522], [135.41928944, 34.65387967], [135.41929209000003, 34.65389547], [135.41930844, 34.65389328], [135.41931377, 34.65391361], [135.41929739000003, 34.65391578], [135.4193, 34.6539338], [135.41931364, 34.65393164], [135.41931895000002, 34.65395195], [135.41930258, 34.65395411], [135.41930516000002, 34.65397216], [135.41932156000001, 34.65396997], [135.41932686, 34.65399256], [135.41931044, 34.65399697], [135.41931309, 34.65401275], [135.41932944, 34.65401059], [135.41933475000002, 34.65403313], [135.41931837, 34.65403533], [135.41932097, 34.65405336], [135.41933737000002, 34.6540512], [135.41933995, 34.65407149], [135.41932083, 34.65407364], [135.41932616000003, 34.65408944], [135.41934253000002, 34.65408953], [135.41934783000002, 34.65411208], [135.41933144, 34.65411653], [135.41933406, 34.65413231], [135.41935042, 34.65413239], [135.41935575, 34.65415044], [135.41933936, 34.65415489], [135.41934197, 34.65417067], [135.41935834000003, 34.65417075], [135.41936092, 34.65419103], [135.41934728, 34.65419323], [135.41935261, 34.65421128], [135.41936625000002, 34.65421133], [135.41936883, 34.65422939], [135.41935519, 34.65423159], [135.41935781, 34.65424736], [135.41937144, 34.65424744], [135.41937411, 34.65425647], [135.41930589, 34.65426289], [135.41936083000002, 34.65459447], [135.41941817, 34.65458797], [135.4194235, 34.65460603], [135.41943713, 34.65460383], [135.41943973, 34.65462413], [135.41942333000003, 34.65462856], [135.41942866000002, 34.65464436], [135.41944778, 34.65464447], [135.41945036, 34.65466249], [135.41943669, 34.65466695], [135.41943930000002, 34.654685], [135.41945294, 34.65468505], [135.41945552, 34.65470308], [135.41944185000003, 34.65470753], [135.4194445, 34.65472333], [135.41946086000002, 34.65472341], [135.41946348, 34.6547392], [135.41944980000002, 34.65474364], [135.41945241000002, 34.65475941], [135.41946606000002, 34.6547595], [135.41947136000002, 34.65478205], [135.41945769, 34.65478425], [135.41946031, 34.65480228], [135.41947667, 34.65480236], [135.419482, 34.65482041], [135.41946287000002, 34.65482483], [135.41946550000003, 34.65484061], [135.41948185, 34.65484069], [135.41948445000003, 34.65485875], [135.4194708, 34.65486095], [135.41947341000002, 34.65487897], [135.41948978000002, 34.6548768], [135.41949236000002, 34.65489708], [135.41947872, 34.65489928], [135.41948131, 34.65491733], [135.41949497000002, 34.65491514], [135.41950027000001, 34.65493769], [135.41948662000001, 34.65494214], [135.41948922, 34.65495795], [135.41950287, 34.65495575], [135.41950820000002, 34.65497605], [135.4194918, 34.65497823], [135.41949442, 34.65499403], [135.4195108, 34.65499183], [135.41951336, 34.65501439], [135.41949969, 34.65501883], [135.41950506, 34.65503464], [135.41951869000002, 34.65503244], [135.41952128000003, 34.65505275], [135.41950489, 34.65505716], [135.41951022, 34.65507297], [135.41952661000002, 34.65507305], [135.4195292, 34.65509108], [135.4195128, 34.65509553], [135.41951542, 34.65511131], [135.41953178, 34.65511139], [135.41953711, 34.65513169], [135.41952070000002, 34.65513613], [135.41952333, 34.65515192], [135.41953969000002, 34.655152], [135.41954228, 34.65517003], [135.41952861000001, 34.65517447], [135.41953125, 34.65519028], [135.41954761000002, 34.65518808], [135.41955292, 34.65520841], [135.41953652, 34.65521283], [135.41953914, 34.65522861], [135.41955552000002, 34.65522644], [135.41955811000003, 34.65524675], [135.41954172, 34.65525116], [135.41954433, 34.65526697], [135.41956345000003, 34.65526705], [135.41956603, 34.65528508], [135.41954964, 34.65528953], [135.41955497, 34.65530759], [135.41956861, 34.65530539], [135.41957394, 34.65532569], [135.41955756000002, 34.65532789], [135.41956289, 34.65534592], [135.41957652000002, 34.65534375], [135.41957910000002, 34.65536403], [135.41956545000002, 34.65536847], [135.41956805, 34.65538428], [135.41958445, 34.65538208], [135.41958703, 34.65540239], [135.41957064000002, 34.6554068], [135.41957597, 34.65542261], [135.41958964, 34.65542044], [135.41959494000002, 34.65544075], [135.41957856000002, 34.65544516], [135.41958389, 34.65546322], [135.41959752000002, 34.65546103], [135.41960012, 34.65548133], [135.41958647, 34.65548353], [135.4195918, 34.65550159], [135.41960545, 34.65549939], [135.41960803, 34.65551969], [135.41959436000002, 34.65552414], [135.41959698000002, 34.65553992], [135.41961336, 34.65553775], [135.41961594000003, 34.65555803], [135.41959956000002, 34.65556247], [135.41960217000002, 34.65557825], [135.41961852, 34.65557833], [135.41962387, 34.65559864], [135.41960745, 34.65560308], [135.41961008, 34.65561887], [135.41962645, 34.65561669], [135.41963178, 34.655637], [135.41961536000002, 34.65564141], [135.419618, 34.65565722], [135.41963436000003, 34.65565503], [135.41963694, 34.65567759], [135.41962328, 34.65568203], [135.41962589000002, 34.65569556], [135.41964228, 34.65569564], [135.41964486, 34.65571369], [135.41963119000002, 34.65571814], [135.4196338, 34.65573392], [135.41964745, 34.65573397], [135.41965278, 34.65575428], [135.41963639000002, 34.65575647], [135.41964172000002, 34.65577228], [135.41965536, 34.65577233], [135.41965798, 34.65579039], [135.41964158000002, 34.6557948], [135.41964416, 34.65581286], [135.41966056, 34.65581067], [135.41966589, 34.65582872], [135.41964674000002, 34.65583314], [135.41965211000002, 34.65584895], [135.41966027, 34.65584897], [135.41966558000001, 34.65587156], [135.41965739, 34.65587375], [135.41966, 34.65588956], [135.41967636, 34.65588964], [135.41967898000001, 34.65590767], [135.41966531, 34.65591211], [135.41966791000002, 34.65592792], [135.41968428, 34.65592797], [135.41968686, 34.65594828], [135.41967322000002, 34.65595047], [135.41967584000002, 34.65596625], [135.41968947, 34.65596633], [135.41969481, 34.65598211], [135.41967842000003, 34.65598656], [135.41968102, 34.65600233], [135.41969742, 34.65600016], [135.41970270000002, 34.65602497], [135.41968358, 34.65602939], [135.41968623, 34.65604295], [135.41970531, 34.65604303], [135.41970789, 34.65606331], [135.41969150000003, 34.6560655], [135.41969411000002, 34.65608353], [135.41971047, 34.65608361], [135.41971581, 34.65610167], [135.41969942, 34.65610383], [135.41970202000002, 34.65612189], [135.41972111, 34.65612197], [135.419721, 34.65614], [135.41970733, 34.65614444], [135.41970995, 34.656158], [135.4196608, 34.65616453], [135.41972642000002, 34.65653444], [135.41977830000002, 34.65652795], [135.41978361, 34.656546], [135.41979997, 34.65654605], [135.41980531000002, 34.65656636], [135.41978891000002, 34.65656856], [135.41979153000003, 34.65658433], [135.41980516, 34.65658441], [135.41981047000002, 34.65660472], [135.41979411000003, 34.65660689], [135.41979669, 34.65662495], [135.41981309000002, 34.656625], [135.41981839000002, 34.65664305], [135.41980475, 34.65664525], [135.41980737, 34.65666105], [135.419821, 34.65666111], [135.4198263, 34.65668367], [135.41980992, 34.65668583], [135.41981253000003, 34.65670164], [135.41982616, 34.65670169], [135.41983150000002, 34.656722], [135.41981239, 34.65672416], [135.41981772, 34.65674223], [135.41983409000002, 34.65674005], [135.41983942000002, 34.65676036], [135.41982031, 34.65676253], [135.41982564, 34.65677833], [135.41983927, 34.65677839], [135.41984458000002, 34.65679869], [135.4198282, 34.65680313], [135.4198308, 34.65681892], [135.41984992000002, 34.65681675], [135.41985250000002, 34.65683705], [135.41983611, 34.65684147], [135.41984148, 34.65685503], [135.41985511000001, 34.65685508], [135.41985769000001, 34.65687539], [135.41984131, 34.6568798], [135.41984664000003, 34.65689561], [135.419863, 34.65689569], [135.41986834000002, 34.65691375], [135.41984922, 34.65691816], [135.41985455000003, 34.65693397], [135.41987092000002, 34.65693405], [135.41987353000002, 34.65695208], [135.41985713, 34.65695653], [135.41986248, 34.65697233], [135.41987883000002, 34.65697239], [135.41988141000002, 34.65699269], [135.41986506, 34.65699487], [135.41986764, 34.65701292], [135.41988403000002, 34.65701075], [135.41988934000003, 34.65703105], [135.41987294, 34.65703547], [135.41987555, 34.65705128], [135.41988922000002, 34.65704908], [135.41989453000002, 34.65706939], [135.41988086, 34.65707159], [135.41988348, 34.65708961], [135.41989713, 34.65708744], [135.41990244000002, 34.65710775], [135.41988606, 34.65711216], [135.41989139, 34.65712797], [135.41990503000002, 34.65712803], [135.41991034, 34.65714833], [135.41989394, 34.65715277], [135.41989652, 34.65717533], [135.41984464, 34.65718183], [135.41991572, 34.6575518], [135.41996486, 34.65754528], [135.41996752, 34.65755431], [135.41998389000003, 34.65755436], [135.4199892, 34.65757469], [135.4199728, 34.65757687], [135.41997542000001, 34.65759489], [135.41999453, 34.65759275], [135.41999711, 34.65761303], [135.419978, 34.65761744], [135.41998331000002, 34.6576355], [135.41999969000003, 34.65763333], [135.42000501, 34.65765364], [135.41998589000002, 34.65765805], [135.41999122, 34.65767387], [135.42000761, 34.65767169], [135.4200102, 34.65769197], [135.41999380000001, 34.65769416], [135.41999914000002, 34.65771222], [135.42001278, 34.65771228], [135.42001538000002, 34.65773031], [135.42000172000002, 34.65773249], [135.42000433, 34.65775056], [135.42002073000003, 34.65774836], [135.42002328, 34.65777092], [135.42000964000002, 34.65777311], [135.42001224, 34.65778889], [135.42002861, 34.65778897], [135.42003394, 34.65780703], [135.42001481000003, 34.65781369], [135.42001742000002, 34.6578295], [135.42002834000002, 34.65782956], [135.42003095, 34.65784759], [135.42002, 34.65784978], [135.42002533000002, 34.65786783], [135.42004442, 34.65786795], [135.42004706, 34.65788372], [135.42003064, 34.65788816], [135.42003597000001, 34.65790622], [135.42004964, 34.65790403], [135.42005494000003, 34.65792433], [135.42003856000002, 34.65792875], [135.42004117000002, 34.65794456], [135.42005752, 34.65794464], [135.42006012000002, 34.65796492], [135.42004645, 34.65796936], [135.4200518, 34.65798516], [135.42006545, 34.65798297], [135.42006803, 34.65800328], [135.42005438, 34.65800547], [135.42005698000003, 34.6580235], [135.42007061, 34.65802359], [135.42007594, 34.65804164], [135.42006231000002, 34.6580438], [135.42006489000002, 34.65806186], [135.42007852, 34.65806192], [135.42008114, 34.65807997], [135.42007022, 34.65808216], [135.4200728, 34.65810022], [135.42008645, 34.65810028], [135.42008905, 34.65811831], [135.42007538000001, 34.65812275], [135.420078, 34.6581408], [135.42009436, 34.65813864], [135.42009550000003, 34.65814747], [135.42003425000001, 34.65815411], [135.42002328, 34.65816308], [135.42003380000003, 34.65821723], [135.42004469000003, 34.65822178], [135.42011567, 34.65821536], [135.42012883, 34.65828078], [135.42005514000002, 34.65828944], [135.42004961, 34.65830069], [135.42005538, 34.65833333], [135.42006798000003, 34.65840444], [135.42007338000002, 34.65840897], [135.42014983, 34.65840033], [135.42016031, 34.65846123], [135.42008661000003, 34.65846989], [135.42008109, 34.65847889], [135.42009161000001, 34.65853528], [135.42009978000002, 34.65853759], [135.42017345000002, 34.65853341], [135.42022341, 34.65879733], [135.42014973, 34.658806], [135.42014423, 34.65881275], [135.42015202000002, 34.65886686], [135.42016292, 34.65887141], [135.42023389000002, 34.65886275], [135.42025980000003, 34.65899333], [135.42018655, 34.65900225], [135.4201783, 34.65900897], [135.42019669, 34.65911275], [135.42020484, 34.65911728], [135.42028128, 34.65910864], [135.42030489, 34.65924172], [135.42023117000002, 34.65925264], [135.42022564, 34.65926164], [135.42023348, 34.65931125], [135.42024438, 34.65931356], [135.42031808000002, 34.65930489], [135.42034163000002, 34.65944925], [135.42029248, 34.65945577], [135.42041803, 34.66000756], [135.42046186000002, 34.66020022], [135.42041558000003, 34.66018649], [135.42042114, 34.66017525], [135.42040481, 34.66017067], [135.42039925000003, 34.66018189], [135.42031217000002, 34.66015669], [135.42031769000002, 34.66014544], [135.42030136, 34.66014087], [135.42029581000003, 34.66015211], [135.42020869, 34.66012916], [135.42021425000001, 34.66011567], [135.42019791, 34.66011108], [135.42019511, 34.66012233], [135.42010525, 34.66009936], [135.4201108, 34.66008586], [135.42009720000001, 34.66008131], [135.42008895, 34.66009253], [135.42000455000002, 34.66006733], [135.42001008, 34.66005608], [135.41999375, 34.66005149], [135.41998822000002, 34.660065], [135.41990111, 34.6600398], [135.41990392000002, 34.66002856], [135.41989031, 34.66002172], [135.41988477, 34.66003522], [135.41979764, 34.66001225], [135.41979922000002, 34.66000461], [135.41980047, 34.65999875], [135.41978414000002, 34.65999192], [135.41978156000002, 34.66000453], [135.41978134000001, 34.66000541], [135.41977817, 34.6600045], [135.41969423, 34.65998022], [135.41969975, 34.65996897], [135.41968345, 34.65996214], [135.41967789000003, 34.65997564], [135.41959078000002, 34.65995267], [135.41959630000002, 34.6599392], [135.41958272000002, 34.65993461], [135.41957717000003, 34.65994811], [135.41949005, 34.65992289], [135.41949287000003, 34.65991164], [135.41947927, 34.6599048], [135.419471, 34.65991605], [135.41938389, 34.65989308], [135.41938944, 34.65987961], [135.41937584000001, 34.65987503], [135.41936756, 34.65988849], [135.41928316000002, 34.65986559], [135.41928597, 34.65985205], [135.41926964, 34.65984747], [135.41926411, 34.65986097], [135.419177, 34.65983577], [135.41918255000002, 34.65982228], [135.41916895, 34.65981544], [135.41916066000002, 34.65983116], [135.41907355, 34.65980597], [135.41907635, 34.65979472], [135.41906278000002, 34.65978789], [135.41905722, 34.65980139], [135.41897283, 34.65977844], [135.41897564, 34.65976495], [135.41895934000001, 34.65975811], [135.41895377, 34.65977159], [135.41890205, 34.65975559], [135.41889664, 34.65975331], [135.41889944000002, 34.65974203], [135.41888584000003, 34.65973747], [135.41888031000002, 34.65974872], [135.4180827, 34.65952178], [135.41781014000003, 34.65833333], [135.41764185000002, 34.65759956], [135.41762876, 34.65760167], [135.41763128000002, 34.65761239], [135.41761895000002, 34.65761433], [135.41761642000003, 34.65760367], [135.41760309000003, 34.65760587], [135.41751844, 34.65761941], [135.41737222, 34.65698289], [135.41748964, 34.65696316], [135.41748966, 34.65695867], [135.41749514000003, 34.65695644], [135.4174793, 34.65687972], [135.41747112000002, 34.65688195], [135.41746844000002, 34.65687292], [135.41735377, 34.65689041], [135.41733258, 34.65680241], [135.41744725, 34.65678267], [135.41739158000001, 34.65655477], [135.41735336, 34.65656136], [135.417348, 34.6565478], [135.41727428000002, 34.65655872], [135.41724776, 34.65645267], [135.41736516000003, 34.65643069], [135.41736250000002, 34.65642167], [135.41737070000002, 34.65641944], [135.41735486000002, 34.656345], [135.41734667, 34.65634722], [135.41734397000002, 34.65634044], [135.41722655, 34.65636016], [135.41688776, 34.65488908], [135.41685228, 34.65489116], [135.41683058, 34.65487303], [135.41680834000002, 34.65487249], [135.41680042000002, 34.65487233], [135.41666667, 34.6548692], [135.41658789000002, 34.65486736], [135.41656397, 34.65477936], [135.41654966000002, 34.6547808], [135.41654236, 34.65474769], [135.41655603, 34.6547455], [135.41651255000002, 34.6545648], [135.41651241000002, 34.65456416], [135.4165072, 34.65454149], [135.41650694, 34.65454036], [135.4162775, 34.65362405], [135.41627095, 34.6535995], [135.41626669000001, 34.65358369], [135.41626423000002, 34.65357441], [135.41624039, 34.65347061], [135.41623403000003, 34.65344461], [135.41622878, 34.65342313], [135.41622713, 34.65341647], [135.41617414, 34.65319759], [135.41616231, 34.65314931], [135.41616086, 34.65314344], [135.41600708, 34.65251616], [135.41594608, 34.65226795], [135.41574403, 34.65219486], [135.41578358, 34.65210941], [135.4157027, 34.65197605], [135.41454097, 34.65157156], [135.41431394, 34.65166739], [135.41430842000003, 34.65167636], [135.41430287000003, 34.65168987], [135.41425039, 34.65178203], [135.41429538000003, 34.65197605], [135.41436025000002, 34.65205975], [135.41523911000002, 34.65585031], [135.41524575, 34.65606895], [135.41575759, 34.65833333], [135.41594953, 34.65918253], [135.41594134000002, 34.65918475], [135.41594394, 34.65919828], [135.41593027000002, 34.65920272], [135.41593292000002, 34.65921849], [135.41594927, 34.65921633], [135.41595462, 34.65923439], [135.41593822000002, 34.65923883], [135.41594355, 34.65925461], [135.41595995, 34.65925244], [135.41596255000002, 34.65926825], [135.41594889, 34.65927267], [135.41595151, 34.65928847], [135.41596516, 34.65928628], [135.41596776000003, 34.65930433], [135.41595681, 34.65930877], [135.41595944000002, 34.65932456], [135.41597309000002, 34.65932239], [135.41597842000002, 34.65934044], [135.41596475, 34.65934489], [135.41597008, 34.65936067], [135.41598103, 34.65935847], [135.41598633, 34.65937653], [135.4159727, 34.65937872], [135.4159753, 34.6593945], [135.41598895, 34.65939459], [135.41599156, 34.65941036], [135.41597789000002, 34.6594148], [135.41598326000002, 34.65943061], [135.41599689, 34.65943067], [135.41600222, 34.65944647], [135.41598856000002, 34.65944867], [135.41599392000003, 34.65946447], [135.41600484, 34.65946228], [135.41601017000002, 34.65948031], [135.4159965, 34.65948475], [135.41599910000002, 34.65950056], [135.41601550000001, 34.65949839], [135.41601808000001, 34.65951641], [135.41600442, 34.65952086], [135.41600978000002, 34.65953667], [135.41602070000002, 34.65953447], [135.41602603, 34.65955025], [135.41601236, 34.65955469], [135.41601501000002, 34.65957049], [135.41602864, 34.65956831], [135.41603397, 34.65958636], [135.41601759, 34.65959077], [135.41602294, 34.65960433], [135.41603659, 34.65960214], [135.4160392, 34.6596202], [135.41602553, 34.65962464], [135.41603348, 34.65965847], [135.41600066, 34.65966733], [135.41601645, 34.65975305], [135.41606012000003, 34.65974649], [135.4160627, 34.6597668], [135.41605997, 34.65976903], [135.41606258000002, 34.65978483], [135.41607898, 34.65978267], [135.41608156, 34.65980069], [135.41606789000002, 34.65980513], [135.41607326000002, 34.65982095], [135.41608416, 34.65981875], [135.41608949, 34.65983453], [135.41607584000002, 34.65984125], [135.41607844, 34.65985478], [135.41609484, 34.65985259], [135.41610017000002, 34.65987064], [135.41608377, 34.65987283], [135.41608639, 34.65988861], [135.41610005, 34.65988641], [135.41610536000002, 34.65990675], [135.41609172000003, 34.65990892], [135.41609433000002, 34.65992472], [135.41610798000002, 34.65992253], [135.41611331000001, 34.65994059], [135.41609964, 34.65994503], [135.41610224000001, 34.6599608], [135.41611591, 34.65995864], [135.41612397, 34.65997669], [135.41610759, 34.65998111], [135.41610872, 34.659987], [135.41611019, 34.65999467], [135.41612387, 34.65999247], [135.41612917, 34.66001277], [135.41611553, 34.66001497], [135.41612086, 34.66003078], [135.41613178, 34.66002856], [135.41613711, 34.66004889], [135.41612345000001, 34.66005331], [135.41612606, 34.66006686], [135.41613973, 34.66006467], [135.41614506, 34.66008272], [135.41612864, 34.66008713], [135.41613399000002, 34.66010295], [135.41614764000002, 34.66010077], [135.41615297, 34.6601188], [135.41613934, 34.660121], [135.41614192, 34.66013905], [135.4161583, 34.66013689], [135.41616097, 34.66014592], [135.41616642000002, 34.66014592], [135.41634365000002, 34.66093325], [135.41633817000002, 34.66093547], [135.41634089000001, 34.66094], [135.41632448000001, 34.66094441], [135.41632711, 34.66095797], [135.41634075000002, 34.66095803], [135.41634339, 34.66096931], [135.41633244000002, 34.66097378], [135.41633508, 34.66098731], [135.41634876, 34.66098511], [135.41635139000002, 34.66099639], [135.41633772, 34.66100083], [135.41634034, 34.66101664], [135.416354, 34.66101444], [135.41635664000003, 34.66102572], [135.41634297000002, 34.66103016], [135.41634834, 34.66104372], [135.41636197000003, 34.66104153], [135.41636737000002, 34.6610528], [135.41635095, 34.6610595], [135.41635358, 34.66107077], [135.41636997, 34.66107086], [135.41637263, 34.66107989], [135.41635623000002, 34.66108656], [135.41636158, 34.66110011], [135.41637523, 34.6611002], [135.41637789, 34.66110922], [135.41636148, 34.66111364], [135.41636683000002, 34.6611272], [135.41638047, 34.66112725], [135.41638314, 34.66113853], [135.41636944, 34.66114297], [135.41637209, 34.66115649], [135.41638847000002, 34.66115433], [135.41639112000001, 34.66116787], [135.41637745, 34.66117005], [135.41638005000001, 34.66118587], [135.41639372, 34.66118367], [135.41639908000002, 34.66119495], [135.41638542, 34.66119939], [135.41638805, 34.66121295], [135.41640172, 34.66121075], [135.41640436000003, 34.66122203], [135.41639070000002, 34.66122647], [135.41639331000002, 34.66124225], [135.41640698, 34.66124005], [135.41640961000002, 34.66125136], [135.41639594000003, 34.6612558], [135.41639856, 34.66127159], [135.41641494, 34.66126941], [135.41641759, 34.66128069], [135.41640119000002, 34.66128511], [135.41640652, 34.66130092], [135.4164202, 34.66129872], [135.41642283000002, 34.66131], [135.41640645, 34.66131444], [135.41641180000002, 34.661328], [135.41642545000002, 34.6613258], [135.41643083000002, 34.66133483], [135.41641445000002, 34.66134153], [135.41641978, 34.66135733], [135.41643345000003, 34.66135513], [135.41643876, 34.6613732], [135.41642508, 34.66137989], [135.41643314, 34.66139569], [135.41644681, 34.66139125], [135.41645764, 34.66140483], [135.41644667, 34.6614138], [135.41645745, 34.66142964], [135.41647387, 34.66142295], [135.4164847, 34.66143428], [135.41647372, 34.66144322], [135.41649, 34.66145683], [135.41650095000003, 34.66145011], [135.41651722, 34.66146372], [135.4165117, 34.66147269], [135.41653073, 34.66148405], [135.41653898, 34.66147283], [135.41655528, 34.66148195], [135.41655248, 34.6614932], [135.41657425000002, 34.66150005], [135.41657980000002, 34.66148656], [135.41659066, 34.66149111], [135.41658236, 34.66150911], [135.41660686000003, 34.66151597], [135.41661501000002, 34.66152503], [135.41661217, 34.66153856], [135.41663394, 34.66154316], [135.41663949, 34.66153192], [135.41665852, 34.66153877], [135.41665302, 34.66154775], [135.41666667, 34.66155267], [135.41667205000002, 34.66155461], [135.41668034, 34.66154339], [135.41669667, 34.66154797], [135.41669387000002, 34.66155922], [135.41671289, 34.66156608], [135.41672117000002, 34.66155483], [135.41673747000002, 34.66156169], [135.41673469000003, 34.66157069], [135.41675647, 34.66157756], [135.416762, 34.66156631], [135.41677834, 34.66157089], [135.41677280000002, 34.66157989], [135.4167973, 34.66158911], [135.41680283000002, 34.66157561], [135.41681917, 34.66158244], [135.41681364000002, 34.66159369], [135.41683538, 34.66160056], [135.41684095000002, 34.66158931], [135.41686, 34.66159392], [135.4168572, 34.66160516], [135.41687623, 34.66161203], [135.4168845, 34.66159853], [135.41690083, 34.66160314], [135.41689803, 34.66161664], [135.41691708000002, 34.66162122], [135.41692261, 34.66161], [135.41694167, 34.66161683], [135.41693886000002, 34.66162811], [135.41695791, 34.66163269], [135.41696345000003, 34.66162144], [135.41698525, 34.66162605], [135.41697969, 34.66163956], [135.41699331, 34.66164414], [135.41699051000003, 34.66165539], [135.41701769, 34.66166678], [135.41702597, 34.66165331], [135.41703956, 34.66165789], [135.41704783, 34.66164439], [135.41706416, 34.66164897], [135.41706136000002, 34.6616625], [135.41708314000002, 34.66166936], [135.41708866000002, 34.66165587], [135.41710503000002, 34.66166044], [135.41709947, 34.66167395], [135.41711852, 34.66167853], [135.417113, 34.66168978], [135.41717834000002, 34.66170811], [135.41718659, 34.66169689], [135.41720292, 34.66170147], [135.41720844000002, 34.66169025], [135.41722752, 34.66169483], [135.41722469, 34.66170833], [135.41724647, 34.66171295], [135.41725202, 34.66169947], [135.41726837000002, 34.66170631], [135.41726555, 34.66171756], [135.41727914, 34.66172213], [135.41727361, 34.66173564], [135.41730353, 34.66174478], [135.41731180000002, 34.66173131], [135.41732815, 34.66173589], [135.4173337, 34.66172464], [135.41735275000002, 34.66172925], [135.41734722, 34.66174047], [135.41736897, 34.66174961], [135.41737453000002, 34.66173611], [135.41739086, 34.66173844], [135.41738805, 34.66175195], [135.41740981, 34.6617588], [135.41741258000002, 34.66175205], [135.41743167, 34.66175667], [135.41742888000002, 34.66176341], [135.41744791, 34.66177028], [135.41745348, 34.66175678], [135.41746980000002, 34.66176136], [135.41746425000002, 34.66177486], [135.41748875000002, 34.66178172], [135.41749431000002, 34.66176823], [135.41751336000002, 34.66177508], [135.41750783, 34.66178408], [135.41752959000002, 34.6617932], [135.41753514, 34.66177969], [135.41755419, 34.66178431], [135.41754866000002, 34.66179553], [135.41757044000002, 34.66180241], [135.41757597, 34.66179116], [135.41759231, 34.66179575], [135.41758949, 34.661807], [135.417614, 34.66181614], [135.41761953, 34.66180264], [135.41763586, 34.66180722], [135.41763306000001, 34.66181847], [135.41765484, 34.66182533], [135.41766036, 34.66181411], [135.41767944, 34.66181869], [135.41767117, 34.66182992], [135.41769567, 34.6618368], [135.41770122, 34.66182331], [135.41771756, 34.66183014], [135.41771472, 34.66184141], [135.41773650000002, 34.66184828], [135.41774205000002, 34.66183703], [135.41775839000002, 34.66184161], [135.41775283, 34.66185511], [135.41777462000002, 34.66185972], [135.41778844, 34.66183049], [135.41780481, 34.66183508], [135.41781311000003, 34.66181483], [135.41778861, 34.66180795], [135.4178247, 34.66171797], [135.41783825000002, 34.66168477], [135.41836944000002, 34.66182875], [135.41858997, 34.66188841], [135.41860914000003, 34.66187722], [135.41864725000002, 34.66188867], [135.41865803000002, 34.661909], [135.41888659, 34.6619732], [135.41947905, 34.66214289], [135.41982302, 34.66224136], [135.41984492, 34.6622302], [135.41988575, 34.66224167], [135.41989652, 34.662262], [135.42043822000002, 34.66242233], [135.42046012, 34.66241116], [135.42050095000002, 34.66242264], [135.42051442000002, 34.66244522], [135.42146717, 34.66272472], [135.42148905, 34.66271356], [135.42152988, 34.66272503], [135.42153795000002, 34.66274533], [135.422687, 34.66308361], [135.42267244, 34.66311889], [135.42266170000002, 34.66314516], [135.42263328, 34.66321328], [135.42387253, 34.66357461], [135.42401684, 34.66383223], [135.42433808, 34.66439375], [135.42449119000003, 34.66464825], [135.425, 34.66554708], [135.42563377000002, 34.66666667], [135.42568531, 34.66675772], [135.42566988000002, 34.66676313], [135.42626817000001, 34.66782297], [135.42611073, 34.66810397], [135.42612706000003, 34.66811], [135.42611601000002, 34.66813103], [135.42603647, 34.6681915], [135.42587589000001, 34.66813892], [135.42504886, 34.66666667], [135.425, 34.66657969], [135.42453664, 34.66575489], [135.42425353000002, 34.66567241], [135.42423720000002, 34.6656678], [135.42381798000002, 34.66554639], [135.42379073, 34.66553949], [135.42343250000002, 34.66543444], [135.42288114000002, 34.66532549], [135.42287538000002, 34.6653295], [135.42286406, 34.66533733], [135.42275036, 34.66530686], [135.42275591, 34.66529111], [135.42263766000002, 34.66525647], [135.42274178, 34.66500011], [135.42140481, 34.66461587], [135.42130669000002, 34.66484531], [135.42121533, 34.66481278], [135.421207, 34.664833], [135.42105455, 34.66478947], [135.42106014, 34.66477147], [135.42096486, 34.66474623], [135.42095659, 34.66475969], [135.42080956, 34.66471844], [135.42081786000003, 34.66470044], [135.42080153, 34.66469586], [135.42080455, 34.66465305], [135.42078148000002, 34.66464653], [135.42072711, 34.664676], [135.42071442, 34.66467064], [135.42070611, 34.66468864], [135.42055639, 34.66464736], [135.42056192, 34.66463387], [135.4205483, 34.66463156], [135.42054864000002, 34.66458197], [135.42052689, 34.66457286], [135.42048027, 34.66460644], [135.42046667, 34.66460411], [135.42046111000002, 34.66461761], [135.42031139000002, 34.66457633], [135.42031694000002, 34.66456059], [135.42030058, 34.66455825], [135.42030364000001, 34.66451095], [135.42028462000002, 34.66450408], [135.42024341, 34.6645422], [135.42022438, 34.66453536], [135.42021883, 34.66454883], [135.42005822000002, 34.664503], [135.42006375, 34.66449178], [135.42005014000003, 34.6644872], [135.42005322000003, 34.66443536], [135.42002872, 34.6644285], [135.41998764000002, 34.66446887], [135.41996586, 34.664462], [135.41996031, 34.66447775], [135.41981603000002, 34.66443425], [135.41981886000002, 34.66442072], [135.41980525000002, 34.66441616], [135.41980837, 34.66436208], [135.41978655, 34.66435747], [135.41974263, 34.66439783], [135.41972358, 34.66439322], [135.41972075, 34.66440675], [135.41957103000001, 34.66436547], [135.41957109, 34.6643542], [135.41955750000002, 34.66434961], [135.41955514000003, 34.66429553], [135.41952248, 34.66428636], [135.41949217, 34.66432903], [135.41947586, 34.6643222], [135.41947027, 34.66433795], [135.41931786, 34.66429213], [135.41932339000002, 34.66428089], [135.41930978000002, 34.66427633], [135.41931012, 34.66422675], [135.41928562, 34.66421987], [135.41924988000002, 34.664258], [135.41923355000003, 34.66425341], [135.41922477, 34.66427716], [135.41887131000001, 34.66417733], [135.41791306000002, 34.66390672], [135.41789397000002, 34.66390211], [135.417893, 34.66390183], [135.41770614, 34.66384939], [135.41758908, 34.663815], [135.41739365, 34.6637592], [135.41737678, 34.66375314], [135.41737514000002, 34.66375261], [135.41736881, 34.66373814], [135.41728158, 34.66371213], [135.41693399000002, 34.6638795], [135.41704511, 34.66626713], [135.41704542, 34.66627408], [135.41705445000002, 34.66651036], [135.41705455000002, 34.66651328], [135.41706214, 34.66666667], [135.417112, 34.66767344], [135.417082, 34.66767331], [135.41708445, 34.66771161], [135.41711447000003, 34.66770949], [135.41713105000002, 34.66806795], [135.41716025000002, 34.66857516], [135.41713022000002, 34.66857728], [135.41713272, 34.66861111], [135.41716272000002, 34.66861125], [135.41716949, 34.66881187], [135.41789922, 34.66978222], [135.41792358, 34.66981164], [135.41817922, 34.67015541], [135.41851815, 34.6706078], [135.41848803, 34.67062569], [135.41758554, 34.67190672], [135.41666667, 34.67321013], [135.41408031, 34.67249089], [135.41406083, 34.67254489], [135.4138408, 34.67248308], [135.41250908, 34.67210911], [135.412441, 34.67209075], [135.41243547000002, 34.672102], [135.41250353, 34.67212036], [135.41243691, 34.67228456], [135.41234711, 34.67225483], [135.41229267000003, 34.67223653], [135.41212664000003, 34.67218389], [135.41212659, 34.67219067], [135.4119975, 34.67215795], [135.41202442000002, 34.67208811], [135.41179353, 34.67202372], [135.41176623, 34.67208959], [135.41160058000003, 34.67204297], [135.41151986, 34.6720252], [135.41141992000001, 34.67199341], [135.41135219, 34.671972], [135.41130528000002, 34.67195536], [135.41125455000002, 34.67193656], [135.41121047000001, 34.67192208], [135.41116406, 34.67191069], [135.41112333, 34.67189887], [135.41110053, 34.67188389], [135.41109219, 34.67187464], [135.41080358, 34.67179661], [135.41076005000002, 34.67178061], [135.41075438000001, 34.67177908], [135.410417, 34.67168659], [135.41039822000002, 34.67163913], [135.41036842000003, 34.67164469], [135.41036017000002, 34.67162095], [135.41030553000002, 34.67163195], [135.41023333, 34.67142649], [135.41009148, 34.67104267], [135.40997097, 34.67072656], [135.40989717000002, 34.6707465], [135.40920148, 34.67120108], [135.40916898, 34.67122233], [135.40904983000001, 34.6713002], [135.40901995000002, 34.67131975], [135.40833333, 34.67176847], [135.40824728, 34.67182472], [135.40790472, 34.67204616], [135.40773205000002, 34.67215803], [135.40774292, 34.67216708], [135.40790462, 34.67206195], [135.40825267000002, 34.671836], [135.40833333, 34.67204425], [135.40846698000001, 34.67238923], [135.40869370000001, 34.67232928], [135.40870722, 34.67236108], [135.40878572000003, 34.67233967], [135.40879409000001, 34.67236069], [135.40880061000001, 34.67237947], [135.40880516000001, 34.67239764], [135.40872866, 34.67241753], [135.40897850000002, 34.67309759], [135.40891214, 34.67311503], [135.40875341, 34.67315689], [135.40876953, 34.67319303], [135.40877484, 34.67321108], [135.40887586, 34.67347472], [135.40897036, 34.67372139], [135.40897569, 34.67373944], [135.40932922000002, 34.67466295], [135.40928231, 34.67475511], [135.40927131, 34.67476859], [135.40914872000002, 34.675], [135.40910817, 34.67507656], [135.40909711, 34.67509453], [135.40891467, 34.67543172], [135.40890642000002, 34.67544295], [135.40890086000002, 34.67545644], [135.40833333, 34.67524756], [135.40788322000003, 34.67508189], [135.40765786, 34.675], [135.40721659000002, 34.67483967], [135.40682552, 34.67382131], [135.40680377, 34.6738122], [135.40677372000002, 34.67382105], [135.40676815, 34.6738368], [135.40714844000001, 34.67482805], [135.40716722, 34.67487547], [135.40750694000002, 34.675], [135.40788283, 34.67513778], [135.40833333, 34.67530361], [135.40887053, 34.67550136], [135.40887611, 34.67548561], [135.40933328, 34.67564561], [135.41060528000003, 34.67611433], [135.41072336, 34.67615772], [135.41197267, 34.67661631], [135.41205144, 34.67664597], [135.41216844000002, 34.67669161], [135.41225283, 34.6767168], [135.41226075, 34.67675516], [135.41666667, 34.67800167], [135.41678231000003, 34.67803439], [135.41711163000002, 34.678129], [135.42100339, 34.67923125], [135.42102783, 34.67924939], [135.42101872, 34.67927144], [135.42192722000001, 34.67953631], [135.42225973, 34.67963297], [135.42028306, 34.68282389], [135.4220702, 34.68333333], [135.42241027000003, 34.68343028], [135.42321195000002, 34.68365889], [135.425, 34.68420411], [135.42787805, 34.68508167], [135.43109944000003, 34.68619416], [135.43270528000002, 34.68676195], [135.43280472, 34.68679723], [135.43333333, 34.6869842], [135.43518834000002, 34.68764028], [135.43522389, 34.68765277], [135.43924861, 34.68917472], [135.43934805, 34.68921249], [135.44166667000002, 34.69018156], [135.44271834000003, 34.69062111], [135.44355195000003, 34.69096944], [135.44520805000002, 34.69166667], [135.44614501, 34.69206111], [135.44720778, 34.69252944], [135.44819639000002, 34.69296472], [135.44843722000002, 34.69305305], [135.44865139, 34.69313167], [135.45, 34.6937588], [135.45106528000002, 34.69425416], [135.45191611, 34.69465], [135.45247306000002, 34.69489556], [135.45275416, 34.69501972], [135.45368611, 34.69544916], [135.45450917, 34.695855], [135.45527973, 34.69624472], [135.45671944, 34.69697333], [135.45833333000002, 34.69779195], [135.46092361, 34.69910583], [135.46142917, 34.69938028], [135.46171445000002, 34.69955139], [135.46188389000002, 34.69965277], [135.46286222, 34.69848695], [135.46354861, 34.69769389], [135.46391611, 34.69724722], [135.46432111000001, 34.69675528], [135.46432888, 34.69674556], [135.46391694000002, 34.69651889], [135.46376528000002, 34.69640528], [135.46356667, 34.69632944], [135.46320139000002, 34.69601556], [135.46319834000002, 34.69601305], [135.46307555, 34.69580583], [135.46304167, 34.6956475], [135.46303, 34.69559222], [135.46298139, 34.69536472], [135.46298861, 34.69515], [135.46302501000002, 34.69497695], [135.46311888000002, 34.69459528], [135.46312611000002, 34.69433277], [135.46314056, 34.69420444], [135.46321083, 34.69398333], [135.46325611, 34.69384056], [135.46343667, 34.69341139], [135.46366056000002, 34.69291611], [135.46386278000003, 34.69249861], [135.46392056000002, 34.69234361], [135.46392056000002, 34.69211667], [135.46387316000002, 34.69166667], [135.46385584, 34.69150223], [135.46377639000002, 34.69129667], [135.46374027000002, 34.69095083], [135.4636825, 34.69080778], [135.46327445, 34.69020056], [135.46297083000002, 34.68970556], [135.46264584000002, 34.68921028], [135.46256639, 34.68907916], [135.46254694, 34.68896583], [135.46253027000003, 34.68886749], [135.46252306000002, 34.68819944], [135.46252639000002, 34.68808028], [135.46253027000003, 34.68793695], [135.46247027, 34.68739778], [135.46245111000002, 34.68722723], [135.46284139000002, 34.68714722], [135.46315167, 34.68708389], [135.46386639000002, 34.68693361], [135.46425944, 34.68685111], [135.46438, 34.68682583], [135.46440139, 34.68682139], [135.46482973, 34.68674305], [135.46530416000002, 34.68665611], [135.46622167, 34.68653695], [135.46656083000002, 34.68646528], [135.46658, 34.68645833], [135.46666667, 34.68642731], [135.46689333, 34.68634611], [135.46746389, 34.68609556], [135.46776722, 34.68595833], [135.46804917, 34.68576749], [135.46814722, 34.68563889], [135.46829472, 34.68544528], [135.46833389000003, 34.68541278], [135.46843861, 34.68532639], [135.46881111000002, 34.68501861], [135.46886278000002, 34.68496611], [135.46889027000003, 34.68493833], [135.46899917000002, 34.68482778], [135.46909416, 34.68467777], [135.46936888000002, 34.68424361], [135.46950472, 34.68402861], [135.46997047000002, 34.68333333], [135.47002555, 34.68325111], [135.47035555000002, 34.68275805], [135.47040195000002, 34.68268916], [135.47043333000002, 34.68264195], [135.47076445000002, 34.68214805], [135.47084112000002, 34.68203361], [135.47098555, 34.68186056], [135.47153694000002, 34.68133778], [135.47154112, 34.68133305], [135.47185472, 34.68095611], [135.47188056000002, 34.68091223], [135.47205722, 34.68060972], [135.47176805, 34.68060111], [135.47142861, 34.68054749], [135.47085778000002, 34.68038056], [135.46708, 34.67917556], [135.46666667, 34.6790408], [135.46320139000002, 34.67791111], [135.46187167, 34.67746472], [135.46181639000002, 34.67744611], [135.45992195000002, 34.67681028], [135.45833333000002, 34.67627828], [135.45776694, 34.67608861], [135.45728555, 34.6759275], [135.45614389000002, 34.67554944], [135.45489361, 34.67513556], [135.45477195, 34.67509528], [135.45448562, 34.675], [135.45194027000002, 34.67415305], [135.45081333000002, 34.67375333], [135.4503875, 34.67358639], [135.45004805000002, 34.67340444], [135.45, 34.67337411], [135.44996973, 34.673355], [135.44939778000003, 34.67299277], [135.44887778000003, 34.67258723], [135.44810501, 34.67193389], [135.44747639000002, 34.67136722], [135.44708639, 34.67096778], [135.44642917000002, 34.67022805], [135.44620501, 34.66992223], [135.44501112, 34.66839833], [135.44413888000003, 34.66733195], [135.44360419, 34.66666667], [135.44350083, 34.66653805], [135.44221888, 34.66492972], [135.44196528000003, 34.66461111], [135.44166667000002, 34.66430416], [135.44136297, 34.66399202], [135.44076889000002, 34.66338139], [135.44068584000001, 34.66329583], [135.44055389000002, 34.66316861], [135.44026778000003, 34.66299889], [135.44008445, 34.66288472], [135.43973, 34.66266361], [135.43970361, 34.66264723], [135.43868588, 34.66198647], [135.43824805, 34.66170222], [135.43802083000003, 34.66158083], [135.43730278, 34.66110805], [135.43637528000002, 34.66051416], [135.43541778000002, 34.65990223], [135.43527555, 34.65981111], [135.43472584000003, 34.65973222], [135.43401445, 34.65959889], [135.43366139000003, 34.65952722], [135.43333333, 34.65946047], [135.43309083000003, 34.65941111], [135.43301083000003, 34.65939], [135.43268834000003, 34.65930528], [135.43255973, 34.65927139], [135.43233667, 34.65921249], [135.43219278, 34.65917472], [135.43196555, 34.65907167], [135.43136861, 34.65874111], [135.43118834, 34.65864139], [135.43100111, 34.65853723], [135.43063514000002, 34.65833333]], [[135.375, 34.65467644], [135.37598331, 34.65589408], [135.37794713, 34.65833333], [135.37849392, 34.65901249], [135.37912550000001, 34.65980428], [135.37938027, 34.66012361], [135.37943761, 34.66011489], [135.37962528000003, 34.66091808], [135.380734, 34.66074128], [135.38333333000003, 34.66033411], [135.3860725, 34.65990508], [135.3860672, 34.65988475], [135.38604808000002, 34.65988692], [135.38604258, 34.65989367], [135.38333333000003, 34.66031659], [135.38072869, 34.66072322], [135.38072872, 34.66071869], [135.37964730000002, 34.66089116], [135.37946761, 34.66011039], [135.37986611, 34.66005044], [135.37988261, 34.66004728], [135.38057872000002, 34.65993805], [135.38057597, 34.65992595], [135.38058635000002, 34.65992431], [135.380589, 34.65993639], [135.38106272000002, 34.65986208], [135.38105997, 34.65984997], [135.38107036000002, 34.65984833], [135.381073, 34.65986041], [135.38135842000003, 34.65981561], [135.38154597, 34.6597862], [135.38154322000003, 34.6597742], [135.38155358, 34.65977259], [135.38155623, 34.65978461], [135.38203192, 34.65970978], [135.38202917, 34.65969777], [135.38203956, 34.65969616], [135.38204219000002, 34.65970811], [135.38206905, 34.659704], [135.38251669000002, 34.65963369], [135.38251394, 34.65962161], [135.38252431, 34.65961997], [135.38252694000002, 34.65963214], [135.3829985, 34.65955808], [135.38299575, 34.65954597], [135.38300611, 34.65954436], [135.38300875000002, 34.65955633], [135.38333333000003, 34.65950549], [135.3834827, 34.65948208], [135.38347995, 34.65947], [135.38349034, 34.65946836], [135.38349309, 34.65948033], [135.38350642000003, 34.65947833], [135.38396516000003, 34.65940628], [135.38396241, 34.65939428], [135.3839728, 34.65939261], [135.38397547000002, 34.65940472], [135.38444674000002, 34.65933072], [135.38444403000003, 34.65931864], [135.38445438, 34.659317], [135.38445703000002, 34.65932897], [135.38503866000002, 34.6592378], [135.38503603, 34.65922578], [135.38503591, 34.65922569], [135.38504625000002, 34.65922411], [135.38504895, 34.65923605], [135.38617691000002, 34.65905916], [135.38677844000003, 34.65896672], [135.38818581, 34.6587468], [135.388961, 34.65862511], [135.38902742000002, 34.65861472], [135.38950922, 34.65853905], [135.39082711, 34.65833333], [135.39111078000002, 34.65828905], [135.39166667, 34.65820239], [135.39356144, 34.65790695], [135.39489353000002, 34.65769956], [135.39489078, 34.65768747], [135.39490109, 34.65768592], [135.3949038, 34.65769797], [135.39533163000002, 34.65763149], [135.39537183000002, 34.65762511], [135.39536914, 34.65761308], [135.39539239, 34.65760944], [135.39539244000002, 34.65760936], [135.39539508000001, 34.65762144], [135.39609958000003, 34.65751189], [135.39609684, 34.6574998], [135.39610720000002, 34.65749816], [135.39610983, 34.65751023], [135.39778947000002, 34.65724872], [135.39778672000003, 34.65723661], [135.39779708, 34.65723495], [135.39779983, 34.65724705], [135.39828058, 34.6571722], [135.39864105, 34.65711605], [135.39960562000002, 34.65696586], [135.39972261, 34.65694513], [135.4, 34.65675805], [135.40021703000002, 34.65661169], [135.40072183, 34.65627656], [135.40104547, 34.65605808], [135.40155275, 34.65571475], [135.40255141000003, 34.65504586], [135.40299058000002, 34.65474889], [135.40392384, 34.65411908], [135.40417464, 34.65395164], [135.40452345000003, 34.65371813], [135.40431850000002, 34.65351383], [135.40250925, 34.65167897], [135.40084594, 34.65], [135.40036514000002, 34.64951467], [135.4, 34.6491432], [135.39968992000001, 34.64882772], [135.39965708000003, 34.64884976], [135.39701672, 34.64612698], [135.39582004000002, 34.64692355], [135.39577708000002, 34.6468757], [135.39567842000002, 34.64676412], [135.39552521000002, 34.6466139], [135.39536163000002, 34.64645832], [135.39520324, 34.6462888], [135.39512014000002, 34.64620511], [135.39501368, 34.64609567], [135.39488646, 34.64595833], [135.39471248, 34.64579524], [135.39453332000002, 34.64560641], [135.39438012000002, 34.64547121], [135.39427625000002, 34.64537465], [135.39421241000002, 34.64530197], [135.39413297000002, 34.64523], [135.39406988000002, 34.64517489], [135.39401642, 34.64513249], [135.39401056, 34.64512725], [135.39400776000002, 34.64512292], [135.39400925, 34.64511256], [135.39402428, 34.64510108], [135.39409516, 34.64505933], [135.39410569, 34.64504931], [135.39412008, 34.64503872], [135.39413377000002, 34.64503013], [135.39414778000003, 34.64502183], [135.39416423, 34.64501405], [135.39419297, 34.64500359], [135.39420209000002, 34.64499783], [135.39421501, 34.64499016], [135.39422978000002, 34.64498095], [135.39424939, 34.64496978], [135.39430372, 34.64494039], [135.39432681000002, 34.64492978], [135.39439969000003, 34.64489903], [135.39442837, 34.64488708], [135.39450538000003, 34.64485367], [135.39457964000002, 34.64481456], [135.39460562000002, 34.64479647], [135.394626, 34.64478387], [135.39470031000002, 34.64473608], [135.39475144, 34.64470867], [135.39477601000002, 34.64469087], [135.39482003, 34.64465847], [135.39605289000002, 34.64590778], [135.39608090000002, 34.64612158], [135.39637045, 34.64641499], [135.39659869000002, 34.64626115], [135.39630913000002, 34.64596774], [135.39617125, 34.64582802], [135.39501297, 34.64465429], [135.39534975, 34.64442603], [135.39526073000002, 34.64433644], [135.39489124000002, 34.64396364], [135.3945828, 34.64365892], [135.39433798000002, 34.64341053], [135.39434772, 34.6434038], [135.39432131, 34.64337725], [135.39431219000002, 34.64338344], [135.39410289000003, 34.64317297], [135.39385103, 34.64291497], [135.39350219000002, 34.64255697], [135.39279567, 34.64183864], [135.39277817, 34.64166667], [135.39275008, 34.64139089], [135.39267423, 34.64139603], [135.392701, 34.64166667], [135.39272339000001, 34.64189308], [135.39267808000002, 34.64192867], [135.39264756, 34.64189587], [135.39246769000002, 34.64201759], [135.39205958000002, 34.64229078], [135.39202397, 34.64231314], [135.39166667, 34.64233677], [135.38971309000001, 34.64246611], [135.38914562000002, 34.64250444], [135.38629730000002, 34.6426968], [135.38528781, 34.64276833], [135.38333333000003, 34.64289856], [135.38237239, 34.64296259], [135.382363, 34.64296316], [135.38202470000002, 34.64298625], [135.37893891000002, 34.6431892], [135.37773125, 34.64497695], [135.376858, 34.64627011], [135.37636623, 34.64699836], [135.37583397, 34.64778669], [135.37582581, 34.64778441], [135.375, 34.64900761], [135.37474475000002, 34.64938572], [135.37432355, 34.65], [135.37290008, 34.65207616], [135.375, 34.65467644]], [[135.40894536000002, 34.66666667], [135.40893092000002, 34.66658592], [135.40880992, 34.66590825], [135.41076119000002, 34.66566877], [135.41076039, 34.66566067], [135.41079776, 34.66565553], [135.41082156000002, 34.66565231], [135.41082205, 34.66565989], [135.41094969000002, 34.66564411], [135.41080364, 34.66482231], [135.41049516, 34.66308667], [135.40993897, 34.65995728], [135.40977603000002, 34.65904075], [135.40833333, 34.65926811], [135.40799514000003, 34.65932141], [135.40413850000002, 34.65992908], [135.40206003000003, 34.66025649], [135.40206333, 34.66027049], [135.40200455000002, 34.66027978], [135.4020015, 34.66026659], [135.40193542, 34.660277], [135.4019972, 34.66054486], [135.40100969000002, 34.66070041], [135.40068744, 34.6607512], [135.40064908000002, 34.66075722], [135.4, 34.66085987], [135.39902533, 34.661014], [135.39778655, 34.66121], [135.39778661000003, 34.66120208], [135.39767750000001, 34.6612192], [135.39768047, 34.66123211], [135.39765917, 34.66123544], [135.39765250000002, 34.66120656], [135.39761756000001, 34.66121205], [135.39762114, 34.66122759], [135.39751061, 34.66124497], [135.39750764000001, 34.66123216], [135.39747433000002, 34.66123741], [135.39747708000002, 34.66124905], [135.396553, 34.66139467], [135.39655267000003, 34.66137989], [135.39654949, 34.66136356], [135.39654384000002, 34.66134864], [135.39653489, 34.66133356], [135.39652073000002, 34.66131716], [135.39650489000002, 34.66130447], [135.39648302, 34.66129236], [135.396458, 34.66128387], [135.39643328, 34.66127995], [135.39640511000002, 34.66128016], [135.39638042, 34.66128464], [135.3963591, 34.66129192], [135.3963385, 34.661303], [135.39631645, 34.66132128], [135.39630192, 34.66134014], [135.39629494000002, 34.66135416], [135.39294092, 34.66188231], [135.39291920000002, 34.66186822], [135.39288064000002, 34.66184667], [135.39284506, 34.66183044], [135.39280742000003, 34.66181644], [135.39275547000003, 34.66180195], [135.39271341, 34.66179389], [135.39267178, 34.661789], [135.39262553, 34.66178697], [135.39258722, 34.66178795], [135.39254039000002, 34.66179259], [135.39249713, 34.66180022], [135.3924485, 34.66181287], [135.39240956, 34.66182647], [135.3923535, 34.66185213], [135.39231986000001, 34.66187172], [135.39227798000002, 34.66190136], [135.3922435, 34.66193167], [135.39221214, 34.66196559], [135.39219022, 34.66199414], [135.39166667, 34.66207613], [135.39050328000002, 34.66225833], [135.39049438, 34.66225036], [135.39048297000002, 34.66224208], [135.39046669, 34.662233], [135.39044786000002, 34.66222569], [135.39042859, 34.662221], [135.39040711, 34.66221872], [135.39039903000003, 34.66221895], [135.390388, 34.66221916], [135.39036397, 34.662223], [135.39034472, 34.66222878], [135.39032328000002, 34.66223939], [135.39030572000001, 34.66225195], [135.39029156, 34.66226628], [135.39028086, 34.66228172], [135.39027287000002, 34.66229992], [135.39026891000003, 34.66231828], [135.39026878, 34.66233686], [135.39027214, 34.66235444], [135.39027647, 34.66237177], [135.38899837, 34.66257361], [135.38818861000001, 34.66270156], [135.38819114, 34.66271264], [135.38793501, 34.66275311], [135.38788034, 34.6625168], [135.38684939, 34.66267967], [135.38691597, 34.66296992], [135.38716547, 34.66405505], [135.38727903000003, 34.6645485], [135.38776078, 34.66666667], [135.387867, 34.66713372], [135.38801484, 34.66781636], [135.38825222, 34.66885969], [135.38827889, 34.66885647], [135.38804533, 34.66783769], [135.38833817, 34.66794536], [135.38895725, 34.66817267], [135.3892393, 34.66827631], [135.39105389000002, 34.66894456], [135.39109623000002, 34.6689602], [135.39113745, 34.66897644], [135.39103730000002, 34.66895944], [135.39102616000002, 34.66895859], [135.39101481000003, 34.66896097], [135.39100562000002, 34.66896623], [135.39099898, 34.66897631], [135.39099584000002, 34.66898944], [135.39099397, 34.66903389], [135.39099581000002, 34.6690512], [135.39100117, 34.66906628], [135.39101392000003, 34.6690832], [135.39104903000003, 34.66910069], [135.39145903000002, 34.66927095], [135.39166667, 34.66934672], [135.39222027000002, 34.66954872], [135.39228469000003, 34.66955661], [135.39235503, 34.66956344], [135.39241684, 34.66957367], [135.39246514, 34.66959311], [135.39251844, 34.66961241], [135.39255958, 34.66962831], [135.39260125, 34.66964464], [135.39264175000002, 34.66965739], [135.39268686000003, 34.66966508], [135.39272611, 34.66966916], [135.39276803, 34.66966936], [135.39281667, 34.66967059], [135.39288674000002, 34.66968303], [135.39301119, 34.66972125], [135.39327511000002, 34.66982939], [135.3933518, 34.66986086], [135.39339322, 34.66988189], [135.39341805, 34.66990275], [135.39342739, 34.66992687], [135.39343594000002, 34.66995044], [135.39346267000002, 34.66996661], [135.39350613000002, 34.66997603], [135.39362803, 34.67000441], [135.393727, 34.67003383], [135.39384431000002, 34.67007714], [135.39395228, 34.67011608], [135.39404927, 34.67014686], [135.39413292, 34.670182], [135.39421581000002, 34.67021756], [135.39429564, 34.6702515], [135.39437872000002, 34.67027841], [135.39443815, 34.67029864], [135.39451258, 34.67032614], [135.39457778000002, 34.67036341], [135.39463766000003, 34.67039516], [135.39470661000001, 34.67041111], [135.39477864, 34.6704258], [135.39484056, 34.67044775], [135.39491328, 34.67048714], [135.39499925, 34.67051831], [135.39508739000001, 34.67055428], [135.39517114, 34.67058947], [135.39527795, 34.67062408], [135.39537280000002, 34.670647], [135.39546158000002, 34.67067016], [135.39555365, 34.67070253], [135.39566236000002, 34.6707448], [135.39574075000002, 34.67078108], [135.3958282, 34.670821], [135.39592392000003, 34.6708478], [135.39601397, 34.67087286], [135.3960927, 34.67089625], [135.39616942, 34.67092475], [135.39635453, 34.67099425], [135.39643253000003, 34.67102775], [135.39651148000002, 34.67106211], [135.39659769, 34.67109039], [135.39668752, 34.67111789], [135.39683109, 34.67118197], [135.3969045, 34.6712148], [135.39697908000002, 34.67123705], [135.39704248, 34.67125353], [135.39711375000002, 34.67126795], [135.39734014, 34.67131756], [135.39749725000001, 34.67136187], [135.39753103, 34.67137005], [135.39755706000003, 34.67137587], [135.39757372, 34.67137947], [135.39758978, 34.6713802], [135.39771263, 34.67143867], [135.39776409, 34.67146144], [135.3985935, 34.67176387], [135.4, 34.67229064], [135.40043447000002, 34.67245339], [135.40049569, 34.67248236], [135.40052533000002, 34.67250378], [135.40056175, 34.67253859], [135.40060905, 34.67257541], [135.40066575, 34.67261508], [135.40071075, 34.67263947], [135.40075642000002, 34.67266025], [135.40078995, 34.67267331], [135.40082003, 34.67267759], [135.40085713000002, 34.67267397], [135.40088338, 34.67266816], [135.40090263000002, 34.67265933], [135.40091681, 34.67264823], [135.40093144, 34.67263016], [135.40093742000002, 34.67262056], [135.40093886, 34.67261577], [135.40095423000002, 34.6726202], [135.40098070000002, 34.67262411], [135.40098647000002, 34.67262395], [135.40100144000002, 34.67259103], [135.40108525000002, 34.67262175], [135.40246927, 34.67312895], [135.4026235, 34.67318541], [135.40276428, 34.67309083], [135.40275594000002, 34.67308275], [135.40277876000002, 34.6730672], [135.40278798000003, 34.6730758], [135.40410597, 34.67221528], [135.40519163000002, 34.67150623], [135.40518394, 34.67149889], [135.40520423, 34.67148383], [135.40521355, 34.67149208], [135.40661764, 34.67058128], [135.40664594, 34.67056286], [135.4067673, 34.67048383], [135.40679577, 34.67046531], [135.40742163000002, 34.67005772], [135.40741253000002, 34.67004803], [135.40743623, 34.67003256], [135.40744706, 34.67004261], [135.40792117, 34.66973433], [135.40833333, 34.66946641], [135.40873224, 34.66920711], [135.40874103000002, 34.66921672], [135.40882414, 34.66916175], [135.40881764000002, 34.66915325], [135.40921995, 34.66889205], [135.40923003, 34.66890267], [135.40930927, 34.66885095], [135.40930161000003, 34.6688408], [135.40931739, 34.66882916], [135.40938905000002, 34.66878649], [135.40934635000002, 34.66854425], [135.40936309000003, 34.66854216], [135.40935983, 34.66852214], [135.4093427, 34.66852456], [135.40933136, 34.66846141], [135.40927228, 34.66846941], [135.40916302, 34.66782595], [135.40910214000002, 34.66753625], [135.40897144000002, 34.66681247], [135.40894536000002, 34.66666667]], [[135.35, 34.6210462], [135.34906219, 34.62033544], [135.349357, 34.62006964], [135.34567547, 34.61727944], [135.34370458, 34.62085647], [135.34364639, 34.62097267], [135.34358764, 34.62112214], [135.34356861, 34.62118303], [135.34354489, 34.62127528], [135.34353228, 34.62133669], [135.34352241000002, 34.62139967], [135.34351244, 34.62149364], [135.34350847, 34.62161933], [135.34351839, 34.62177631], [135.34353822000003, 34.62190097], [135.3435685, 34.62202422], [135.34362086000002, 34.62217531], [135.34368895, 34.62232205], [135.34373711, 34.62240759], [135.34377222, 34.62246336], [135.34384936, 34.62257175], [135.3439135, 34.62265031], [135.3439492, 34.62268916], [135.34398172000002, 34.62272533], [135.34616789000003, 34.625], [135.35, 34.62898725], [135.35329044, 34.63241089], [135.35833333000002, 34.62786411], [135.35863594000003, 34.62759128], [135.35833333000002, 34.62736192], [135.35521689, 34.625], [135.35, 34.6210462]], [[135.40586239, 34.67346008], [135.40586189, 34.67343503], [135.40751283, 34.67236597], [135.40747725, 34.67232808], [135.40579175000002, 34.67342187], [135.40578078000001, 34.67342859], [135.40578056, 34.67345967], [135.40578248, 34.67433687], [135.40579876, 34.67435044], [135.40585061000002, 34.67434844], [135.40586433, 34.67433725], [135.40586239, 34.67346008]]]]}}, {"type": "Feature", "properties": {"N03_001": "大阪府", "N03_002": "", "N03_003": "大阪市", "N03_004": "西区", "N03_007": "27106"}, "geometry": {"type": "MultiPolygon", "coordinates": [[[[135.46666667, 34.67284005], [135.46419722, 34.67477778], [135.46397056, 34.67495583], [135.46391425000002, 34.675], [135.46362167, 34.67522944], [135.46249917, 34.67611028], [135.46248361000002, 34.67613305], [135.46237195, 34.67629778], [135.46229694000002, 34.67640861], [135.46208306, 34.67693944], [135.46199917, 34.67714778], [135.46189389000003, 34.67740972], [135.46187167, 34.67746472], [135.46320139000002, 34.67791111], [135.46666667, 34.6790408], [135.46708, 34.67917556], [135.47085778000002, 34.68038056], [135.47142861, 34.68054749], [135.47176805, 34.68060111], [135.47205722, 34.68060972], [135.47216528, 34.68061333], [135.47242501000002, 34.68063722], [135.47285139000002, 34.68076528], [135.47316944000002, 34.68087223], [135.475, 34.68148713], [135.47665083, 34.68204167], [135.47865917000001, 34.68271889], [135.47944611, 34.68301723], [135.47977139000002, 34.68320195], [135.47992628000003, 34.68333333], [135.48031306000001, 34.68366139], [135.4807175, 34.68407889], [135.48108528000003, 34.68449916], [135.48115834, 34.68458278], [135.48119167000002, 34.68464611], [135.48133889000002, 34.68463639], [135.48193083, 34.68475583], [135.48210306000001, 34.68480528], [135.48235917, 34.68487916], [135.48257389000003, 34.68494083], [135.48263, 34.68496556], [135.48302167, 34.68513749], [135.48317834000002, 34.68525333], [135.48333333000002, 34.68536769], [135.48360167, 34.68556556], [135.48386139000002, 34.68575723], [135.48386555000002, 34.68576056], [135.48396083000003, 34.68583083], [135.48457472, 34.68622472], [135.48512361000002, 34.68656472], [135.48592195, 34.687015], [135.48673805, 34.68745611], [135.48733083000002, 34.68777583], [135.48836333000003, 34.68833305], [135.49006083, 34.68921], [135.49045639000002, 34.68943444], [135.49156667, 34.69006472], [135.49166667, 34.69013372], [135.49262139, 34.69079249], [135.49289222000002, 34.69102083], [135.49326445000003, 34.691335], [135.49330555, 34.69137111], [135.49364508, 34.69166667], [135.49383112, 34.69182861], [135.49431389000003, 34.69226083], [135.49434416, 34.69228805], [135.49447416, 34.69236556], [135.49482083, 34.69247277], [135.49486834, 34.69248249], [135.49495611, 34.69250028], [135.49523250000001, 34.69255639], [135.49541694, 34.69260361], [135.49576722, 34.69269361], [135.49612139, 34.69273333], [135.49613306, 34.69273472], [135.49619333, 34.69274139], [135.49694917, 34.69279249], [135.49711944, 34.69280389], [135.49719056, 34.6928275], [135.49747083000003, 34.69286639], [135.49744917, 34.69266667], [135.49743083, 34.69249916], [135.49740834000002, 34.69229195], [135.49740278000002, 34.69205139], [135.49739973, 34.69191139], [135.49739411000002, 34.69166667], [135.49737389, 34.69078556], [135.49718834, 34.69062569], [135.49731742000003, 34.68913341], [135.49743528000002, 34.68782583], [135.49744195000002, 34.68773], [135.49744750000002, 34.68764472], [135.49746278, 34.68742111], [135.49746917000002, 34.68730749], [135.49746944, 34.68730556], [135.49749083, 34.68692972], [135.49749278000002, 34.68689723], [135.49750333000003, 34.68670944], [135.49752834000003, 34.6861525], [135.49752834000003, 34.68615083], [135.49756083000003, 34.68542805], [135.49756528000003, 34.68532583], [135.4975675, 34.68527749], [135.49759278000002, 34.68507639], [135.49765, 34.68461861], [135.49761944000002, 34.6839], [135.49761501, 34.68379861], [135.49759555, 34.68333889], [135.49759545, 34.68333333], [135.49758917, 34.68304472], [135.49758222, 34.68273667], [135.49756778000003, 34.68207611], [135.49756528000003, 34.68195749], [135.49756472, 34.68194], [135.49755722, 34.68159667], [135.49755501, 34.68149972], [135.49755306, 34.68140249], [135.49754973, 34.68125556], [135.49755167, 34.68033667], [135.49756167, 34.67995], [135.49756472, 34.67982777], [135.49757, 34.67962472], [135.49753722, 34.67916333], [135.49751501, 34.67885195], [135.49747389, 34.67765223], [135.49747278, 34.67762333], [135.49746111000002, 34.67728167], [135.49741805000002, 34.67680667], [135.49741416, 34.67676333], [135.49740944, 34.67671195], [135.49735111, 34.67606916], [135.49734445, 34.67598611], [135.49733889, 34.67591333], [135.49733, 34.67580111], [135.49729501000002, 34.67535611], [135.49728805, 34.67527028], [135.49726678000002, 34.675], [135.49719111000002, 34.67403889], [135.49713584000003, 34.67363861], [135.49712722, 34.67357723], [135.49711694, 34.67350333], [135.49700861, 34.67271972], [135.49697639000001, 34.67245028], [135.4969675, 34.67237722], [135.49695973000001, 34.67231195], [135.49691027000003, 34.6719], [135.49684139000001, 34.6710475], [135.49683694, 34.67098416], [135.49683501, 34.67095444], [135.49678445, 34.670235], [135.49678, 34.67016805], [135.49676278, 34.66992333], [135.49676167, 34.66989195], [135.49676, 34.66984277], [135.49675888000002, 34.66980167], [135.49674083000002, 34.66925667], [135.49673834, 34.66918777], [135.49673278000003, 34.66900889], [135.49287611, 34.66939749], [135.4923325, 34.66944583], [135.49214778, 34.66946249], [135.49166667, 34.66950572], [135.49004278, 34.66965167], [135.48850861, 34.66978916], [135.48826361000002, 34.66981944], [135.48742944, 34.66992305], [135.48684112, 34.66999749], [135.48663694, 34.67001389], [135.48656027, 34.67001195], [135.48653111000002, 34.67001111], [135.48648195, 34.67001], [135.48630056000002, 34.66998611], [135.48616944000003, 34.66995223], [135.48605750000002, 34.66992305], [135.48473584, 34.66968333], [135.48351027, 34.66945], [135.48333333000002, 34.66942075], [135.48295056, 34.66935749], [135.48255501, 34.66928416], [135.48195139, 34.66917249], [135.48173805000002, 34.66909305], [135.48139167, 34.6689], [135.4810825, 34.66872749], [135.48103056000002, 34.66864583], [135.48093083, 34.66848944], [135.48053667, 34.6681375], [135.48040250000003, 34.66805722], [135.48026472, 34.66797444], [135.47996639000002, 34.66790833], [135.47964222000002, 34.66781749], [135.4793375, 34.66773223], [135.47910306, 34.66767028], [135.47881528000002, 34.66762195], [135.47828694, 34.66751528], [135.47815973000002, 34.66748972], [135.4772725, 34.66728723], [135.47686222000002, 34.66721667], [135.47646973, 34.66716305], [135.47608944, 34.66711083], [135.47549389000002, 34.66697305], [135.47536722, 34.66694361], [135.475, 34.66688159], [135.47432306000002, 34.66676723], [135.47418083000002, 34.66689778], [135.47413112, 34.66694361], [135.47377722000002, 34.66728333], [135.47365694, 34.66739861], [135.47362611, 34.66742833], [135.47357139000002, 34.66748083], [135.47349944, 34.66753916], [135.47320139, 34.66778], [135.47319472, 34.66778528], [135.47277722, 34.66812277], [135.47247083000002, 34.66837056], [135.47216722, 34.668635], [135.47196112, 34.66880056], [135.46917195, 34.67092083], [135.46860667, 34.67135028], [135.46822944000002, 34.67163889], [135.46821722, 34.67164833], [135.46789834, 34.6718925], [135.46693083000002, 34.67263277], [135.46666667, 34.67284005]]]]}}, {"type": "Feature", "properties": {"N03_001": "大阪府", "N03_002": "", "N03_003": "大阪市", "N03_004": "港区", "N03_007": "27107"}, "geometry": {"type": "MultiPolygon", "coordinates": [[[[135.4295827, 34.65], [135.43006416, 34.64978969], [135.43005691000002, 34.64978003], [135.43009173000002, 34.64976514], [135.43009961, 34.64977536], [135.43126228, 34.64926495], [135.43132783000001, 34.64923587], [135.43133331, 34.6492322], [135.43133674, 34.64922344], [135.43133484, 34.64921444], [135.43132791, 34.64920728], [135.43131778000003, 34.64920364], [135.43130667, 34.64920447], [135.43130436, 34.64920528], [135.43124058, 34.64923095], [135.42947795, 34.65], [135.42914659000002, 34.65014459], [135.42915163, 34.65015253], [135.42917056000002, 34.65018003], [135.4295827, 34.65]], [[135.45310555, 34.64687749], [135.45303139, 34.64685361], [135.45282361, 34.64677], [135.45231195000002, 34.64660695], [135.45194667, 34.64646583], [135.45133944000003, 34.64626333], [135.45109973, 34.64616639], [135.45046555000002, 34.64593722], [135.45042799, 34.64592392], [135.45042128000003, 34.64593489], [135.45, 34.64656231], [135.44992117, 34.64667972], [135.4497617, 34.64662087], [135.44976041, 34.64662036], [135.44835161, 34.6460998], [135.44833528, 34.64609747], [135.44832436000002, 34.64609744], [135.44831064000002, 34.64610864], [135.4482417, 34.64622777], [135.44761056000002, 34.64599278], [135.44771283, 34.64578589], [135.44564533000002, 34.645017], [135.44412189, 34.64446014], [135.44408869000003, 34.64452987], [135.44383986, 34.64463013], [135.4438183, 34.64459172], [135.44343270000002, 34.64475439], [135.44341083, 34.64476331], [135.44339717000003, 34.64476775], [135.44229492000002, 34.64524956], [135.44231097, 34.64529695], [135.44214139000002, 34.6453728], [135.44211927, 34.64541553], [135.44212737, 34.64542908], [135.44528528, 34.64660059], [135.44568292, 34.64674805], [135.44587983, 34.64666331], [135.44589333000002, 34.64668367], [135.44595897000002, 34.64665467], [135.44607462000002, 34.64660416], [135.44653606000003, 34.64640261], [135.44667219000002, 34.64643703], [135.44677949, 34.64660736], [135.446853, 34.64672408], [135.44682808000002, 34.64678256], [135.44503939, 34.64755189], [135.44469947000002, 34.64772859], [135.44448652000003, 34.64784914], [135.44410633, 34.64801644], [135.44353776000003, 34.64780875], [135.44362336, 34.64764686], [135.44363445000002, 34.64761987], [135.4436345, 34.64761086], [135.44361828, 34.6475905], [135.44166667000002, 34.64686072], [135.44091764, 34.64658064], [135.43987795, 34.6461918], [135.43955798000002, 34.64632556], [135.43950603000002, 34.64634561], [135.43932822000002, 34.64642595], [135.43913678, 34.64650844], [135.43898678, 34.64657175], [135.43867730000002, 34.64670241], [135.43865842000002, 34.64667077], [135.43540925000002, 34.64804849], [135.43552528, 34.64823161], [135.43549764000002, 34.64828331], [135.43888722, 34.64954539], [135.43908964000002, 34.64945616], [135.43910317, 34.64947425], [135.4402683, 34.64897703], [135.44033367000003, 34.64899083], [135.44062236000002, 34.6494542], [135.44060302, 34.64948792], [135.4400725, 34.64970408], [135.439387, 34.65], [135.43886903, 34.65022359], [135.4388273, 34.65034286], [135.4385008, 34.6504865], [135.43819636, 34.65062989], [135.43817564, 34.65062797], [135.43815642, 34.65063113], [135.43759397000002, 34.65087087], [135.43533311000002, 34.65002697], [135.43526102, 34.65], [135.43440003, 34.64967783], [135.43333333, 34.64927733], [135.43323302000002, 34.64923967], [135.43301694000002, 34.64933108], [135.43303591, 34.64935144], [135.43287725000002, 34.64942283], [135.43286372, 34.649407], [135.43273031, 34.64943659], [135.43266445, 34.64945113], [135.43216934, 34.64966744], [135.43140872, 34.65], [135.42987431, 34.65067087], [135.42960078000002, 34.65078903], [135.42958458, 34.65076641], [135.42947244, 34.65081323], [135.42947119000002, 34.65081656], [135.42946630000003, 34.65083022], [135.42938066000002, 34.65106972], [135.42937786000002, 34.65108097], [135.42927503, 34.65136447], [135.42927222, 34.65137572], [135.42921659, 34.65153323], [135.42914584000002, 34.65151036], [135.42913481000002, 34.65152833], [135.42910759, 34.6515192], [135.42911995, 34.65150059], [135.42899075, 34.65145553], [135.42898248, 34.65147128], [135.42895798, 34.65146439], [135.42896628000003, 34.65144641], [135.42884655, 34.65140528], [135.42883825, 34.65142103], [135.4288165, 34.65141189], [135.42882481, 34.65139616], [135.42869691, 34.6513505], [135.42868917, 34.65136795], [135.42866414000002, 34.65135936], [135.42867241000002, 34.65134361], [135.42854455, 34.65129795], [135.42853484, 34.6513162], [135.42850905, 34.65130678], [135.42852008, 34.6512888], [135.42836228000002, 34.65123397], [135.42835397000002, 34.65124972], [135.42833222000002, 34.65124061], [135.42833778000002, 34.65122487], [135.42823986000002, 34.65118833], [135.42823156, 34.65120633], [135.42820436000002, 34.65119492], [135.42821263000002, 34.6511792], [135.42813102000002, 34.65114949], [135.42819192000002, 34.65102133], [135.42826031, 34.65088075], [135.42820150000003, 34.65086261], [135.42815034, 34.65095928], [135.42794678, 34.65089414], [135.42794781, 34.65089028], [135.42795167, 34.65088344], [135.42795691, 34.65087931], [135.42796205000002, 34.65087716], [135.42797319000002, 34.65087578], [135.42809905000001, 34.65088295], [135.42815849000002, 34.65088369], [135.42816581000002, 34.65088192], [135.42817119000003, 34.65087805], [135.42817861, 34.65086053], [135.42814947000002, 34.65084813], [135.42843497, 34.65086128], [135.42883842, 34.65014214], [135.42876769, 34.65011559], [135.42838119, 34.65079739], [135.42790192, 34.6507715], [135.42700336000001, 34.6501968], [135.42695961, 34.65002225], [135.42708667, 34.65], [135.42793531, 34.64985131], [135.42791224, 34.64976141], [135.42705628000002, 34.6499122], [135.42664163, 34.64998814], [135.42655791, 34.65], [135.42651180000001, 34.65000653], [135.42632805, 34.65005869], [135.4262385, 34.65], [135.42611672, 34.64992023], [135.4260427, 34.64999986], [135.42604258, 34.65], [135.42585411000002, 34.65020277], [135.42577811, 34.65028453], [135.4257408, 34.65034847], [135.42557920000002, 34.65063953], [135.42553652, 34.65072064], [135.42546856, 34.65084841], [135.42539953000002, 34.65098559], [135.42539939, 34.65100587], [135.42541017000002, 34.6510262], [135.42543458000003, 34.65104433], [135.42562217000003, 34.65111733], [135.42560012, 34.65116456], [135.42560283, 34.65116683], [135.42556969, 34.65122753], [135.42555864000002, 34.65124775], [135.4255393, 34.65128372], [135.42554197, 34.65129275], [135.42739185000002, 34.65195289], [135.42744708, 34.65185397], [135.42747253000002, 34.65183525], [135.42795942, 34.65200756], [135.42795425000003, 34.65203008], [135.42821903, 34.65212392], [135.42876161, 34.65231972], [135.42858805, 34.65279628], [135.42869294000002, 34.65288664], [135.42871669000002, 34.65289153], [135.42835209, 34.65391141], [135.42800717, 34.65488795], [135.42626999, 34.65572387], [135.42754139000002, 34.65648139], [135.42849416, 34.65706556], [135.42924195, 34.65755056], [135.42966987, 34.65779186], [135.43019861000002, 34.65809], [135.43033944, 34.65816861], [135.43063514000002, 34.65833333], [135.43100111, 34.65853723], [135.43118834, 34.65864139], [135.43136861, 34.65874111], [135.43196555, 34.65907167], [135.43219278, 34.65917472], [135.43233667, 34.65921249], [135.43255973, 34.65927139], [135.43268834000003, 34.65930528], [135.43301083000003, 34.65939], [135.43309083000003, 34.65941111], [135.43333333, 34.65946047], [135.43366139000003, 34.65952722], [135.43401445, 34.65959889], [135.43472584000003, 34.65973222], [135.43527555, 34.65981111], [135.43541778000002, 34.65990223], [135.43637528000002, 34.66051416], [135.43730278, 34.66110805], [135.43802083000003, 34.66158083], [135.43824805, 34.66170222], [135.43868588, 34.66198647], [135.43970361, 34.66264723], [135.43973, 34.66266361], [135.44008445, 34.66288472], [135.44026778000003, 34.66299889], [135.44055389000002, 34.66316861], [135.44068584000001, 34.66329583], [135.44076889000002, 34.66338139], [135.44136297, 34.66399202], [135.44166667000002, 34.66430416], [135.44196528000003, 34.66461111], [135.44221888, 34.66492972], [135.44350083, 34.66653805], [135.44360419, 34.66666667], [135.44413888000003, 34.66733195], [135.44501112, 34.66839833], [135.44620501, 34.66992223], [135.44642917000002, 34.67022805], [135.44708639, 34.67096778], [135.44747639000002, 34.67136722], [135.44810501, 34.67193389], [135.44887778000003, 34.67258723], [135.44939778000003, 34.67299277], [135.44996973, 34.673355], [135.45, 34.67337411], [135.45004805000002, 34.67340444], [135.4503875, 34.67358639], [135.45081333000002, 34.67375333], [135.45194027000002, 34.67415305], [135.45448562, 34.675], [135.45477195, 34.67509528], [135.45489361, 34.67513556], [135.45614389000002, 34.67554944], [135.45728555, 34.6759275], [135.45776694, 34.67608861], [135.45833333000002, 34.67627828], [135.45992195000002, 34.67681028], [135.46181639000002, 34.67744611], [135.46187167, 34.67746472], [135.46189389000003, 34.67740972], [135.46199917, 34.67714778], [135.46208306, 34.67693944], [135.46229694000002, 34.67640861], [135.46237195, 34.67629778], [135.46248361000002, 34.67613305], [135.46249917, 34.67611028], [135.46362167, 34.67522944], [135.46391425000002, 34.675], [135.46397056, 34.67495583], [135.46419722, 34.67477778], [135.46666667, 34.67284005], [135.46693083000002, 34.67263277], [135.46789834, 34.6718925], [135.46821722, 34.67164833], [135.46822944000002, 34.67163889], [135.46860667, 34.67135028], [135.46917195, 34.67092083], [135.47196112, 34.66880056], [135.47216722, 34.668635], [135.47247083000002, 34.66837056], [135.47277722, 34.66812277], [135.47319472, 34.66778528], [135.47320139, 34.66778], [135.47349944, 34.66753916], [135.47357139000002, 34.66748083], [135.47362611, 34.66742833], [135.47365694, 34.66739861], [135.47377722000002, 34.66728333], [135.47413112, 34.66694361], [135.47418083000002, 34.66689778], [135.47373139, 34.66677389], [135.47340185000002, 34.66666667], [135.47323027000002, 34.66661083], [135.47291584, 34.66649195], [135.47236167, 34.66624083], [135.47220167, 34.66613944], [135.47217112, 34.66612277], [135.47173834000003, 34.66588833], [135.47163639000001, 34.66581444], [135.47156778000002, 34.665765], [135.47144, 34.66567695], [135.47073389000002, 34.66516139], [135.47020611000002, 34.66476056], [135.47008361000002, 34.66465028], [135.46961472, 34.66426723], [135.46893528, 34.66369472], [135.46863694, 34.66344361], [135.46831722, 34.66317028], [135.46826694, 34.66313111], [135.46820112, 34.66308], [135.46813056000002, 34.663025], [135.46779472, 34.66273416], [135.46733751000002, 34.66232384], [135.46728, 34.66227223], [135.46707834000003, 34.66209111], [135.46703820000002, 34.66204914], [135.46690778, 34.66191277], [135.46689722, 34.66190167], [135.46688722, 34.66189305], [135.46679261, 34.66180981], [135.46666667, 34.661699], [135.46664667000002, 34.66168139], [135.46641083000003, 34.66143749], [135.46640694, 34.66143361], [135.46609222, 34.66110889], [135.46599195000002, 34.66099972], [135.46590222, 34.66090223], [135.46566333, 34.66064195], [135.46517306, 34.66009556], [135.46502389000003, 34.65990167], [135.46478944, 34.65960223], [135.46411, 34.65877833], [135.46398222, 34.65856249], [135.46387694, 34.65842777], [135.46380302, 34.65833333], [135.46308944, 34.65742167], [135.46301888000002, 34.65728889], [135.46301472, 34.65728083], [135.46284250000002, 34.65706222], [135.46244056, 34.65655249], [135.46234083000002, 34.65642611], [135.46225361, 34.65631111], [135.46209056, 34.65609556], [135.46168528, 34.65554972], [135.46148278, 34.65529861], [135.46138, 34.65516135], [135.46128456000002, 34.65503389], [135.46127501, 34.65502111], [135.46126645, 34.65500887], [135.46056389, 34.65400333], [135.46022278, 34.65351416], [135.46011501, 34.65336611], [135.45961778000003, 34.65268195], [135.45923416, 34.65217972], [135.45914888000001, 34.65203861], [135.45870584000002, 34.65141944], [135.45856555, 34.65122361], [135.45833333000002, 34.65089503], [135.45808584000002, 34.65054528], [135.45770355000002, 34.65], [135.45734778000002, 34.64949249], [135.45710250000002, 34.64915777], [135.45640722, 34.64819305], [135.45636528000003, 34.64814583], [135.45625805, 34.64802556], [135.45609056, 34.64793416], [135.45599167, 34.64788], [135.4556025, 34.64772583], [135.45551667, 34.64771056], [135.45540528, 34.64769056], [135.45478973000002, 34.64743528], [135.45457167, 34.64737778], [135.45390528000001, 34.64712667], [135.45371888000003, 34.64707389], [135.45310555, 34.64687749]]]]}}, {"type": "Feature", "properties": {"N03_001": "大阪府", "N03_002": "", "N03_003": "大阪市", "N03_004": "大正区", "N03_007": "27108"}, "geometry": {"type": "MultiPolygon", "coordinates": [[[[135.45, 34.62589472], [135.44985222, 34.62595444], [135.44965667, 34.62602249], [135.44943222, 34.62610472], [135.44875861, 34.62635083], [135.44858255000003, 34.62642968], [135.44849250000001, 34.62647], [135.44856908, 34.62847189], [135.44814531, 34.63070789], [135.44832611, 34.63099269], [135.44836691, 34.63100639], [135.45, 34.63066292], [135.45036012, 34.63058716], [135.45173287000003, 34.62998041], [135.45176528000002, 34.63002789], [135.45182817, 34.62999889], [135.45356728000002, 34.62922236], [135.45357425000003, 34.62922456], [135.45347997000002, 34.62974656], [135.45341261000002, 34.63012128], [135.45337856, 34.63031036], [135.45326908, 34.6309212], [135.45319170000002, 34.63134664], [135.45310936, 34.63180928], [135.45298942000002, 34.6324838], [135.45299949, 34.63248611], [135.45301034000002, 34.63248859], [135.45299956000002, 34.63254739], [135.45297808, 34.63266441], [135.45302185000003, 34.63266877], [135.45306988000002, 34.6327382], [135.45304525, 34.63275387], [135.45303445000002, 34.63273803], [135.45287859, 34.63280495], [135.45290567, 34.63282986], [135.45279891, 34.63289249], [135.45284542000002, 34.63311205], [135.45287297000002, 34.63324216], [135.45285114, 34.63324659], [135.45286805, 34.63333333], [135.4528424, 34.63374414], [135.45281803, 34.63413441], [135.45280706000003, 34.63414789], [135.45280153000002, 34.63415913], [135.45274633, 34.63447541], [135.45266552, 34.63493833], [135.45210051, 34.63502595], [135.45208411000002, 34.63503039], [135.45182205, 34.63507428], [135.45180569000001, 34.6350742], [135.45179477000002, 34.63507641], [135.45175112, 34.63508072], [135.45157642, 34.63510922], [135.45156278000002, 34.63511141], [135.45123523, 34.63516405], [135.45122156, 34.6351685], [135.45094586, 34.63521233], [135.45071058000002, 34.63518133], [135.45062711, 34.63517033], [135.45061348000002, 34.635168], [135.45032197, 34.63513064], [135.45020795000002, 34.63464105], [135.45016973, 34.63464989], [135.45028109, 34.6351282], [135.45009039, 34.63510028], [135.45, 34.63508936], [135.44824467, 34.63487687], [135.44800322, 34.63621775], [135.44792070000003, 34.63667308], [135.44780150000003, 34.63733011], [135.44779891000002, 34.63735822], [135.44757497, 34.63860789], [135.44756036, 34.63868908], [135.44735095000001, 34.63985744], [135.44709597, 34.6412632], [135.44809326, 34.64156286], [135.44843633, 34.64166667], [135.44869886, 34.64174608], [135.44930322000002, 34.64193353], [135.45, 34.64214883], [135.45003477, 34.64215959], [135.45015927, 34.64219536], [135.45123842, 34.64252697], [135.45093864, 34.64418449], [135.45094406, 34.64418903], [135.45099036000002, 34.64419825], [135.45078925, 34.64533325], [135.45042799, 34.64592392], [135.45046555000002, 34.64593722], [135.45109973, 34.64616639], [135.45133944000003, 34.64626333], [135.45194667, 34.64646583], [135.45231195000002, 34.64660695], [135.45282361, 34.64677], [135.45303139, 34.64685361], [135.45310555, 34.64687749], [135.45371888000003, 34.64707389], [135.45390528000001, 34.64712667], [135.45457167, 34.64737778], [135.45478973000002, 34.64743528], [135.45540528, 34.64769056], [135.45551667, 34.64771056], [135.4556025, 34.64772583], [135.45599167, 34.64788], [135.45609056, 34.64793416], [135.45625805, 34.64802556], [135.45636528000003, 34.64814583], [135.45640722, 34.64819305], [135.45710250000002, 34.64915777], [135.45734778000002, 34.64949249], [135.45770355000002, 34.65], [135.45808584000002, 34.65054528], [135.45833333000002, 34.65089503], [135.45856555, 34.65122361], [135.45870584000002, 34.65141944], [135.45914888000001, 34.65203861], [135.45923416, 34.65217972], [135.45961778000003, 34.65268195], [135.46011501, 34.65336611], [135.46022278, 34.65351416], [135.46056389, 34.65400333], [135.46126645, 34.65500887], [135.46127501, 34.65502111], [135.46128456000002, 34.65503389], [135.46138, 34.65516135], [135.46148278, 34.65529861], [135.46168528, 34.65554972], [135.46209056, 34.65609556], [135.46225361, 34.65631111], [135.46234083000002, 34.65642611], [135.46244056, 34.65655249], [135.46284250000002, 34.65706222], [135.46301472, 34.65728083], [135.46301888000002, 34.65728889], [135.46308944, 34.65742167], [135.46380302, 34.65833333], [135.46387694, 34.65842777], [135.46398222, 34.65856249], [135.46411, 34.65877833], [135.46478944, 34.65960223], [135.46502389000003, 34.65990167], [135.46517306, 34.66009556], [135.46566333, 34.66064195], [135.46590222, 34.66090223], [135.46599195000002, 34.66099972], [135.46609222, 34.66110889], [135.46640694, 34.66143361], [135.46641083000003, 34.66143749], [135.46664667000002, 34.66168139], [135.46666667, 34.661699], [135.46679261, 34.66180981], [135.46688722, 34.66189305], [135.46689722, 34.66190167], [135.46690778, 34.66191277], [135.46703820000002, 34.66204914], [135.46707834000003, 34.66209111], [135.46728, 34.66227223], [135.46733751000002, 34.66232384], [135.46779472, 34.66273416], [135.46813056000002, 34.663025], [135.46820112, 34.66308], [135.46826694, 34.66313111], [135.46831722, 34.66317028], [135.46863694, 34.66344361], [135.46893528, 34.66369472], [135.46961472, 34.66426723], [135.47008361000002, 34.66465028], [135.47020611000002, 34.66476056], [135.47073389000002, 34.66516139], [135.47144, 34.66567695], [135.47156778000002, 34.665765], [135.47163639000001, 34.66581444], [135.47173834000003, 34.66588833], [135.47217112, 34.66612277], [135.47220167, 34.66613944], [135.47236167, 34.66624083], [135.47291584, 34.66649195], [135.47323027000002, 34.66661083], [135.47340185000002, 34.66666667], [135.47373139, 34.66677389], [135.47418083000002, 34.66689778], [135.47432306000002, 34.66676723], [135.475, 34.66688159], [135.47536722, 34.66694361], [135.47549389000002, 34.66697305], [135.47608944, 34.66711083], [135.47646973, 34.66716305], [135.47686222000002, 34.66721667], [135.4772725, 34.66728723], [135.47815973000002, 34.66748972], [135.47828694, 34.66751528], [135.47881528000002, 34.66762195], [135.47910306, 34.66767028], [135.4793375, 34.66773223], [135.47964222000002, 34.66781749], [135.47996639000002, 34.66790833], [135.48026472, 34.66797444], [135.48040250000003, 34.66805722], [135.48053667, 34.6681375], [135.48075250000002, 34.66752667], [135.48105597, 34.66666667], [135.48107333000002, 34.66661749], [135.48129278000002, 34.66586389], [135.48133195000003, 34.66572639], [135.48148472, 34.66518944], [135.48155639, 34.66494416], [135.48167, 34.66455472], [135.48181167, 34.66399416], [135.4818175, 34.66397083], [135.4818375, 34.66378861], [135.48185167, 34.66366056], [135.48185861000002, 34.66359722], [135.48188501, 34.66343277], [135.48190358, 34.66331767], [135.48194083, 34.66308695], [135.48196139, 34.66262223], [135.48197863000001, 34.66198041], [135.48198528000003, 34.6617325], [135.48199222, 34.66148889], [135.48201973, 34.66093333], [135.48204027000003, 34.66074083], [135.48204056, 34.66070083], [135.4820425, 34.66024139], [135.48204361, 34.65994723], [135.48200944, 34.65938083], [135.48199361000002, 34.65926083], [135.4819875, 34.65921416], [135.48197501, 34.65912], [135.48192027000002, 34.65872333], [135.48184278000002, 34.65833333], [135.48184139000003, 34.65832639], [135.48174528, 34.65771444], [135.48173861, 34.65756139], [135.48161528000003, 34.65694944], [135.48159472, 34.65677944], [135.48137961, 34.65582809], [135.48128973000001, 34.65543056], [135.48124545000002, 34.655346], [135.48120973000002, 34.65527778], [135.48109778000003, 34.65506777], [135.48107888, 34.65501805], [135.48103944000002, 34.65491472], [135.48084222, 34.65457305], [135.48060750000002, 34.65416667], [135.48034694, 34.65365111], [135.48024416, 34.65341305], [135.48018656, 34.65326851], [135.48003861, 34.65289722], [135.47993139000002, 34.65263805], [135.47971973, 34.65212667], [135.47961, 34.65185444], [135.47940445, 34.65133889], [135.47909917, 34.65064167], [135.47907555, 34.65059056], [135.47901027000003, 34.65044889], [135.47889695, 34.65015554], [135.47883686000003, 34.65], [135.47880445, 34.64991611], [135.47877694000002, 34.64966139], [135.47874973, 34.64914], [135.47875445000003, 34.64898222], [135.47877250000002, 34.64838749], [135.47877361000002, 34.64835195], [135.47878056000002, 34.64817639], [135.47886027, 34.64771556], [135.47889027000002, 34.64754167], [135.47891083000002, 34.64735444], [135.47891333, 34.64732749], [135.47897973, 34.64662639], [135.47899, 34.64651583], [135.47900472, 34.646345], [135.47903778000003, 34.64596611], [135.47903778000003, 34.64580167], [135.47908584, 34.64525195], [135.47908750000002, 34.64519667], [135.47910472, 34.64460333], [135.47913056000002, 34.64371056], [135.47911667, 34.64352361], [135.47911222, 34.64318639], [135.47910639000003, 34.64271861], [135.47905167000002, 34.64172139], [135.47904694000002, 34.64166667], [135.47903112, 34.64148333], [135.47893167, 34.64033833], [135.47877389, 34.63943195], [135.47865389, 34.63885944], [135.47852389000002, 34.63832083], [135.47847584000002, 34.63812833], [135.47829083000002, 34.63755028], [135.47823667, 34.63739389], [135.47806121, 34.63688732], [135.47802, 34.63676833], [135.47795834000001, 34.63658695], [135.47783703000002, 34.63623987], [135.47778, 34.63607667], [135.47767722, 34.63584444], [135.47738584, 34.63510749], [135.47713888, 34.63454111], [135.47706333000002, 34.63438805], [135.4770025, 34.63426028], [135.47696056, 34.63417249], [135.47683778, 34.63391805], [135.47679639, 34.63383249], [135.47656667, 34.63343], [135.47651411, 34.63333333], [135.47622139, 34.63279472], [135.47607973, 34.63253444], [135.47602667, 34.63243056], [135.47585445, 34.63209305], [135.47576445, 34.63191695], [135.47558944000002, 34.6316675], [135.47524667000002, 34.63114611], [135.47512333000003, 34.63098195], [135.475, 34.63081872], [135.47482451000002, 34.63058646], [135.47474639, 34.63048305], [135.47471047000002, 34.63044736], [135.47460944000002, 34.63034695], [135.47443778000002, 34.63016], [135.47415, 34.62988223], [135.47380361, 34.62957083], [135.47368306, 34.62945916], [135.47335112000002, 34.62915139], [135.47311083000002, 34.62892778], [135.47302195, 34.62884528], [135.47274778000002, 34.62860167], [135.47267167, 34.62854583], [135.47243584000003, 34.62837249], [135.47226791, 34.62824943], [135.47226112, 34.62824444], [135.47188416, 34.62802333], [135.47170694000002, 34.62793333], [135.47157167, 34.62786444], [135.47148306, 34.62781944], [135.47137859, 34.62777356], [135.47126361, 34.62772305], [135.47120778000001, 34.62770083], [135.47060528000003, 34.62746223], [135.47010639, 34.62729723], [135.46968, 34.62715611], [135.46953834, 34.62713583], [135.46948112, 34.62712777], [135.46887083000001, 34.62696361], [135.46808222, 34.62678139], [135.46749611, 34.62664611], [135.46666667, 34.62649472], [135.46650222, 34.62646472], [135.46543250000002, 34.62624944], [135.4641125, 34.62596028], [135.46378195000003, 34.62589916], [135.46325584000002, 34.62580167], [135.46313722, 34.62577778], [135.46245329, 34.62563963], [135.46238501000002, 34.62562583], [135.46205083, 34.62555805], [135.46198834, 34.62554528], [135.46073639000002, 34.62529139], [135.45961861, 34.62509889], [135.45908109, 34.625], [135.45869306, 34.62492861], [135.45833333000002, 34.62487528], [135.45773667, 34.62478695], [135.45680416, 34.62469056], [135.45596083, 34.62461139], [135.45593416, 34.62461223], [135.45576888000002, 34.62461695], [135.45554944, 34.62461695], [135.45522112, 34.62463639], [135.45488112, 34.62465667], [135.45456584000001, 34.62466805], [135.45413389, 34.62470777], [135.45412611, 34.62470944], [135.45392805, 34.62475305], [135.45369501000002, 34.62480972], [135.45327667, 34.62490583], [135.45307112, 34.62495111], [135.45292056000002, 34.62499278], [135.45289428, 34.625], [135.45284472, 34.62501361], [135.45240611, 34.62512695], [135.45206611, 34.62522305], [135.45152528000003, 34.62537611], [135.45132639000002, 34.62544416], [135.45066139000002, 34.62564833], [135.45044195000003, 34.62571639], [135.45009, 34.62585833], [135.45, 34.62589472]], [[135.45274387, 34.63258667], [135.4527437, 34.63258572], [135.45273041000002, 34.63252933], [135.45271978000002, 34.63249097], [135.45251778000002, 34.63252161], [135.45251239, 34.63251259], [135.45247419, 34.63251692], [135.45247136, 34.63253267], [135.45235674000003, 34.63254795], [135.45234042, 34.63254111], [135.45230222, 34.63254769], [135.45230217000002, 34.63255444], [135.45220392000002, 34.63256978], [135.45219577, 34.632563], [135.45216027, 34.63256959], [135.45215747, 34.63258087], [135.45209197000003, 34.63258956], [135.45208659000002, 34.63258053], [135.45204564, 34.63258711], [135.45204562, 34.63259386], [135.45199647, 34.63260267], [135.45199377, 34.63259589], [135.45195558, 34.63260022], [135.45195278000003, 34.63260923], [135.45189, 34.63262022], [135.45188189, 34.63261116], [135.45184914, 34.63261553], [135.45184633, 34.63262677], [135.45181083000003, 34.63263339], [135.45178083000002, 34.63263775], [135.45177270000002, 34.63263095], [135.45173722, 34.63263531], [135.45172895000002, 34.63264653], [135.45168803, 34.63265311], [135.45167988, 34.63264631], [135.45164713, 34.63264841], [135.45164433000002, 34.63265967], [135.45157336, 34.63267289], [135.45156798000002, 34.63266159], [135.4515325, 34.6326682], [135.45152425, 34.63267941], [135.45148876000002, 34.63268603], [135.45148336, 34.63267472], [135.45144789000003, 34.63267908], [135.45143961, 34.6326948], [135.45139322000003, 34.63269911], [135.45138786, 34.63268783], [135.45135511, 34.6326922], [135.45135228, 34.63270569], [135.45130314, 34.6327145], [135.45129776000002, 34.63270544], [135.45127319000002, 34.63270983], [135.45126494000002, 34.63272108], [135.45129674, 34.63285869], [135.45132128, 34.6328588], [135.45132681, 34.63284756], [135.45142506, 34.63283449], [135.45143319000002, 34.63284128], [135.45146319, 34.63283916], [135.451466, 34.63282792], [135.45172261000002, 34.632784], [135.45173345, 34.63279305], [135.45176348, 34.63278867], [135.451769, 34.6327752], [135.45180995, 34.63276861], [135.45186997000002, 34.63276211], [135.45187811000002, 34.63276892], [135.45190542, 34.63276453], [135.45191092000002, 34.63275553], [135.45201192000002, 34.63274022], [135.45202005000002, 34.632747], [135.45205555, 34.63274041], [135.45205834, 34.63272916], [135.45218389000001, 34.63271169], [135.45219202, 34.63271847], [135.45222477000002, 34.63271411], [135.45223031, 34.63270289], [135.45275158, 34.63262633], [135.45274387, 34.63258667]]]]}}, {"type": "Feature", "properties": {"N03_001": "大阪府", "N03_002": "", "N03_003": "大阪市", "N03_004": "天王寺区", "N03_007": "27109"}, "geometry": {"type": "MultiPolygon", "coordinates": [[[[135.51073167, 34.66249695], [135.51081973, 34.66344749], [135.51082306, 34.66348223], [135.51082584000002, 34.66351361], [135.51088278000003, 34.664125], [135.51089, 34.66437556], [135.51089722, 34.66467389], [135.51129112, 34.66465083], [135.5114025, 34.66464416], [135.51142222000001, 34.66504444], [135.51142944, 34.66519222], [135.51146416, 34.66589389], [135.5114675, 34.66596223], [135.51147112, 34.66610916], [135.51147472, 34.66626639], [135.51149112000002, 34.66639749], [135.51149278000003, 34.66641167], [135.51149750000002, 34.66644916], [135.51150195000002, 34.66648667], [135.51150361, 34.66649916], [135.51190306, 34.66648167], [135.51197528000003, 34.66647861], [135.51218917, 34.66646916], [135.51278786, 34.6664445], [135.51339306, 34.66641944], [135.5134525, 34.66641695], [135.51349083000002, 34.66641528], [135.51391361, 34.66639777], [135.5143275, 34.666375], [135.51437056, 34.66637277], [135.51440805000001, 34.66637056], [135.51500333, 34.66633805], [135.51548333000002, 34.66629195], [135.51565361000002, 34.66627583], [135.51568056000002, 34.66627305], [135.51585834000002, 34.66625611], [135.51588834000003, 34.66625333], [135.51628834000002, 34.666215], [135.51637416, 34.66620667], [135.51638250000002, 34.66620556], [135.51666667, 34.66616553], [135.51704722, 34.66611195], [135.51712889, 34.66610028], [135.51760111000002, 34.66603389], [135.51797805, 34.66598944], [135.51809139000002, 34.66597583], [135.51889584000003, 34.66588056], [135.51895778000002, 34.66587305], [135.51901306000002, 34.66613278], [135.51901861000002, 34.66615778], [135.51903333, 34.66622749], [135.51906722, 34.66638556], [135.51912713000002, 34.66666667], [135.51916694000002, 34.66685333], [135.51917278000002, 34.66688139], [135.51931111000002, 34.66753111], [135.51936889, 34.66775777], [135.51940805, 34.66796778], [135.51953416, 34.66864472], [135.51958306, 34.66890667], [135.51960694000002, 34.66903416], [135.51961722000001, 34.66907556], [135.51962694000002, 34.66911361], [135.51980167, 34.66980972], [135.51980861, 34.66992361], [135.51983555, 34.67016028], [135.51985834, 34.67036195], [135.51991333, 34.67084639], [135.51992416000002, 34.67094305], [135.51993805, 34.67106444], [135.51994805, 34.67115278], [135.51995888000002, 34.67124944], [135.51997361, 34.67137944], [135.51998112, 34.67144389], [135.51998889, 34.67151277], [135.51999834000003, 34.67159416], [135.52000750000002, 34.67167111], [135.52002678, 34.67183659], [135.52011083000002, 34.67255667], [135.5201175, 34.67261444], [135.52014278000001, 34.67285723], [135.52016639, 34.6730825], [135.52017306000002, 34.67314723], [135.52017667, 34.67318083], [135.52028889000002, 34.67425556], [135.5202925, 34.67429139], [135.52029555000001, 34.67431944], [135.52033, 34.67465139], [135.52033416, 34.67469056], [135.52036645, 34.675], [135.52040083000003, 34.67532944], [135.52044195000002, 34.67535695], [135.52055195000003, 34.67543083], [135.52069888000003, 34.67552916], [135.52098, 34.67571778], [135.52112445, 34.67581444], [135.52116445000001, 34.67584111], [135.52124944000002, 34.67589833], [135.52151306000002, 34.676075], [135.52160195000002, 34.67606583], [135.52164056, 34.67606195], [135.52167611000002, 34.67605805], [135.52330445, 34.67589], [135.52364, 34.67580861], [135.52369445000002, 34.67579528], [135.52373167000002, 34.67578639], [135.52404139, 34.67571111], [135.52443167, 34.67565916], [135.525, 34.67558347], [135.52538472, 34.67553222], [135.52613222, 34.67539249], [135.52622944, 34.67537416], [135.52659501000002, 34.67530583], [135.52739445, 34.67516777], [135.52743917, 34.67516], [135.52747361000002, 34.67515389], [135.52836611, 34.675], [135.52863195, 34.67495416], [135.52948861000002, 34.67489889], [135.52956973, 34.67489389], [135.52974445, 34.67488249], [135.53030917, 34.67485305], [135.53034917, 34.67485111], [135.53157888, 34.67478695], [135.53163056, 34.67478749], [135.53164584, 34.67478749], [135.53175056, 34.67478861], [135.53245111, 34.67479556], [135.53257389, 34.67479695], [135.53277083, 34.67479889], [135.53333333, 34.6748035], [135.53354501, 34.67480528], [135.53353083000002, 34.67475889], [135.53349167000002, 34.6746275], [135.53345027000003, 34.67448944], [135.53341361, 34.67436695], [135.53337944, 34.67425167], [135.53337944, 34.67375667], [135.53340222, 34.67367361], [135.53341056000002, 34.67364389], [135.53341944000002, 34.67361139], [135.53345167, 34.67349416], [135.53340389000002, 34.67312972], [135.53339834000002, 34.67308805], [135.53337222, 34.67288833], [135.53335472, 34.67275556], [135.53333333, 34.6726892], [135.53324472, 34.67241416], [135.53317416000002, 34.672195], [135.53300778000002, 34.67190861], [135.53300778000002, 34.67173556], [135.53296445, 34.67157444], [135.53287389000002, 34.67147583], [135.53283667, 34.67143556], [135.53280416, 34.6714], [135.53266834000001, 34.67125223], [135.53251445, 34.67084528], [135.53245167, 34.67067972], [135.53237722, 34.67036695], [135.53236501, 34.67031583], [135.53216278000002, 34.67001195], [135.53210501, 34.66992389], [135.53201528000002, 34.66960416], [135.53192278000003, 34.669275], [135.53187333000002, 34.66911472], [135.53174944, 34.66871416], [135.53154445, 34.66819805], [135.53154027000002, 34.66818805], [135.53142472, 34.66789695], [135.53128027000002, 34.66735444], [135.53123861, 34.66723639], [135.53122416, 34.66719528], [135.53115805000002, 34.66700833], [135.53105389, 34.66666667], [135.53086111000002, 34.66603444], [135.53084750000002, 34.66598916], [135.53081222, 34.66587389], [135.53068888, 34.66546916], [135.53065306000002, 34.66541472], [135.53049416000002, 34.66517361], [135.53037861, 34.66499805], [135.5301875, 34.66443167], [135.53016361000002, 34.66436139], [135.53012694, 34.66425222], [135.52996, 34.66375749], [135.52988056, 34.66351889], [135.52962139000002, 34.66265111], [135.52959333, 34.66255639], [135.52956973, 34.66247749], [135.52949694, 34.66223333], [135.52944195, 34.66204944], [135.52943639000003, 34.66203139], [135.52928584000003, 34.66152695], [135.52876222, 34.65976695], [135.52865611000001, 34.65940223], [135.52864250000002, 34.65935583], [135.52863472, 34.65932861], [135.52839805000002, 34.65851556], [135.52837917, 34.65845028], [135.52834511, 34.65833333], [135.52830056000002, 34.65818028], [135.52819944, 34.65788195], [135.5281175, 34.65766472], [135.52810306, 34.65762611], [135.52779917, 34.65682028], [135.52778611, 34.65678528], [135.52770805, 34.65657889], [135.52764389, 34.65640889], [135.52762167, 34.65634528], [135.52760306000002, 34.65629167], [135.52756445000003, 34.65618167], [135.52745611, 34.65587195], [135.52738555000002, 34.65554861], [135.52737611, 34.65550639], [135.52736222000001, 34.6554425], [135.52712584000002, 34.65454444], [135.52709639000003, 34.65443277], [135.52706750000002, 34.65432389], [135.52699445000002, 34.65404639], [135.52636667000002, 34.65220944], [135.52634222, 34.65214444], [135.52631027, 34.65205972], [135.52573889, 34.65053944], [135.52566667, 34.65028889], [135.52558167, 34.65005777], [135.52557389, 34.65003695], [135.52556036000001, 34.65], [135.52546472, 34.64974], [135.52534195, 34.64956111], [135.52516917, 34.64931056], [135.525, 34.64908647], [135.52485861, 34.64889916], [135.52472167000002, 34.64869639], [135.52462667, 34.64857556], [135.52460222, 34.64854472], [135.52457195000002, 34.64850611], [135.52453389000001, 34.64845777], [135.52444805000002, 34.64835222], [135.52439555, 34.64828805], [135.5243375, 34.64821639], [135.5240875, 34.64790944], [135.5238975, 34.64770195], [135.52372667, 34.64751556], [135.52328639, 34.64720528], [135.52311861, 34.64707695], [135.52305222, 34.64702583], [135.52301389000002, 34.64699667], [135.52277584, 34.64681389], [135.52273112, 34.64677972], [135.5225, 34.64660277], [135.52199083000002, 34.64627389], [135.52187222, 34.64619723], [135.52144639000002, 34.64595889], [135.52107889, 34.64585944], [135.52082528000003, 34.64579111], [135.52069584000003, 34.64575611], [135.52000056, 34.64557749], [135.51962805, 34.64548167], [135.51945639000002, 34.64543472], [135.51945167, 34.64543333], [135.51924027, 34.64537528], [135.51895639000003, 34.64529778], [135.51893944000003, 34.64529305], [135.51871306, 34.64523083], [135.51834361000002, 34.64512972], [135.51826333000002, 34.64514889], [135.51815944, 34.64517361], [135.51736944, 34.64536223], [135.51666667, 34.64552625], [135.51642083000002, 34.64558361], [135.51632611, 34.64560583], [135.51601611, 34.64567833], [135.51550472, 34.64579723], [135.5154175, 34.64581777], [135.51499195000002, 34.64591695], [135.51491694, 34.64593472], [135.51486528, 34.64594667], [135.51392750000002, 34.64615556], [135.51315805000002, 34.64635305], [135.51304306, 34.64638249], [135.51303361, 34.64638472], [135.51301445000001, 34.64638972], [135.51268222000002, 34.646475], [135.51157222, 34.64675972], [135.51130083, 34.64682944], [135.51056722, 34.64702361], [135.50988080000002, 34.64720505], [135.50933805, 34.64734861], [135.50857195, 34.64754749], [135.50836056, 34.64760223], [135.50833333000003, 34.64760928], [135.50789083, 34.64772389], [135.50785917000002, 34.64773222], [135.50781694000003, 34.64774305], [135.50750027, 34.64782528], [135.50708667, 34.64793278], [135.50671501000002, 34.6479875], [135.50655027000002, 34.64801167], [135.50657805, 34.64809777], [135.50662722, 34.64825056], [135.50662834000002, 34.64825444], [135.50667083000002, 34.64838695], [135.50671555, 34.64852611], [135.50677445000002, 34.64870889], [135.50694944, 34.64925416], [135.50718056000002, 34.64997305], [135.50718988, 34.65], [135.50784416, 34.65188777], [135.50833333000003, 34.6534235], [135.50842167000002, 34.65370083], [135.50945888, 34.65359222], [135.50950416, 34.65358749], [135.50953222, 34.65378695], [135.50954278000003, 34.65386167], [135.50961222, 34.65435722], [135.50967778000003, 34.65467767], [135.50969611, 34.6547675], [135.50970306000002, 34.65480056], [135.50983973, 34.65546695], [135.50984722, 34.65550305], [135.50985416, 34.65553611], [135.50987889, 34.65565722], [135.50998, 34.65612861], [135.51007389000003, 34.65669528], [135.51009555000002, 34.65684972], [135.51010250000002, 34.65689777], [135.51011, 34.65695195], [135.51026139, 34.65748277], [135.51027584000002, 34.65764389], [135.51030555, 34.65780916], [135.51031361, 34.65785472], [135.51032112000001, 34.65789611], [135.51033361, 34.65796583], [135.51036815, 34.65833333], [135.51042528000002, 34.65894167], [135.51042750000002, 34.65896667], [135.51046361000002, 34.65934972], [135.51052333, 34.65999], [135.51053611, 34.66012861], [135.5105575, 34.66035749], [135.5105575, 34.66058416], [135.51061501, 34.66093028], [135.51063056, 34.66114278], [135.51063445000003, 34.66126], [135.51063528000003, 34.66128972], [135.51065944, 34.66201972], [135.51070639000002, 34.66233056], [135.51071222000002, 34.66236889], [135.51071722, 34.66240139], [135.51073167, 34.66249695]]]]}}, {"type": "Feature", "properties": {"N03_001": "大阪府", "N03_002": "", "N03_003": "大阪市", "N03_004": "浪速区", "N03_007": "27111"}, "geometry": {"type": "MultiPolygon", "coordinates": [[[[135.49987639000003, 34.64983167], [135.49984528000002, 34.64991028], [135.49980988000002, 34.65], [135.49976278000003, 34.65011944], [135.49972639, 34.65021139], [135.49908888000002, 34.65036611], [135.49877278000002, 34.65044305], [135.49861944, 34.65048028], [135.49844944, 34.65052167], [135.4980625, 34.65061916], [135.49793722, 34.65065056], [135.49767667, 34.65071611], [135.49765861, 34.65072056], [135.49740306, 34.650785], [135.49733528000002, 34.65080195], [135.49730888000002, 34.65081472], [135.49719167, 34.65087056], [135.49662611, 34.65102305], [135.49641944, 34.65105223], [135.49599778, 34.65115389], [135.49576973, 34.65121305], [135.49552306, 34.65127723], [135.49507528, 34.65142277], [135.49481834000002, 34.65151305], [135.49469805, 34.651555], [135.49437195000002, 34.65166944], [135.49402944000002, 34.65185833], [135.49373917, 34.65213444], [135.49360501, 34.65228389], [135.49355250000002, 34.65234249], [135.49353722, 34.65235944], [135.49351361, 34.65237667], [135.49303611000002, 34.65272278], [135.49263722, 34.65293777], [135.49259973, 34.65295777], [135.49254611, 34.65298667], [135.49245611, 34.65303528], [135.49206501, 34.65320944], [135.49185445, 34.65332583], [135.49168056000002, 34.65337861], [135.49166667, 34.65338277], [135.49162416000001, 34.65339556], [135.49158445, 34.65340777], [135.49142389000002, 34.65345639], [135.49092278000003, 34.65357972], [135.49060639, 34.6536525], [135.49040361000002, 34.65367277], [135.49027667000001, 34.65368556], [135.49002639000003, 34.65371056], [135.48980667, 34.65373944], [135.48929694, 34.65377583], [135.48909306000002, 34.65375916], [135.48894555, 34.65374695], [135.48862056000002, 34.65376139], [135.48822380000001, 34.65373218], [135.48816027, 34.65372749], [135.48783389000002, 34.65370333], [135.48771083000003, 34.65352889], [135.4874825, 34.65326], [135.48738584000003, 34.653165], [135.48734861, 34.65312889], [135.48732333, 34.65310416], [135.48731805, 34.65309889], [135.48729778, 34.65307889], [135.48722834000003, 34.65302723], [135.48715027000003, 34.65296944], [135.48709888000002, 34.65293111], [135.48705639000002, 34.65289972], [135.48703027000002, 34.65288028], [135.48695501, 34.65282444], [135.48626083000002, 34.65249749], [135.48625889000002, 34.65249667], [135.48608528000003, 34.65241778], [135.48583528000003, 34.65232416], [135.48570861000002, 34.65227695], [135.48562633, 34.65224598], [135.48554472, 34.65221528], [135.48539056, 34.65215777], [135.48533555, 34.65213722], [135.48525056, 34.65210528], [135.48524361, 34.65218111], [135.48523722000002, 34.65225528], [135.48522611, 34.65237889], [135.48521805000001, 34.65246916], [135.48521278, 34.65252556], [135.48518722, 34.65281028], [135.48517167, 34.652985], [135.48515222, 34.65320167], [135.48512528000003, 34.65350028], [135.48512195, 34.65353889], [135.48510555000001, 34.65372], [135.48510111000002, 34.65377139], [135.48509416000002, 34.65384695], [135.48508445000002, 34.65395723], [135.48508167, 34.6539875], [135.48507917, 34.65401556], [135.48504722, 34.65471528], [135.48504472, 34.65476889], [135.48504083, 34.65485528], [135.48503694000001, 34.65493833], [135.48503083000003, 34.65507389], [135.48502667, 34.65516333], [135.48502361, 34.65523139], [135.48501888, 34.65533195], [135.48501501, 34.65541889], [135.48500367000003, 34.6554882], [135.48495584000003, 34.65618667], [135.48492973, 34.65644916], [135.48506944000002, 34.65702861], [135.48507, 34.65703028], [135.48482805, 34.65693667], [135.48455139, 34.65682972], [135.48424851000001, 34.65671259], [135.48409889, 34.65665472], [135.48398056000002, 34.65660889], [135.48383056, 34.65653611], [135.48377049, 34.65650706], [135.4836525, 34.65645], [135.48333333000002, 34.65627487], [135.48285812000003, 34.65601412], [135.48270584000002, 34.65593056], [135.48224501, 34.65567223], [135.48196667, 34.65551583], [135.48196521, 34.65551502], [135.48175361, 34.65539639], [135.4811117, 34.65503646], [135.48107888, 34.65501805], [135.48109778000003, 34.65506777], [135.48120973000002, 34.65527778], [135.48124545000002, 34.655346], [135.48128973000001, 34.65543056], [135.48137961, 34.65582809], [135.48159472, 34.65677944], [135.48161528000003, 34.65694944], [135.48173861, 34.65756139], [135.48174528, 34.65771444], [135.48184139000003, 34.65832639], [135.48184278000002, 34.65833333], [135.48192027000002, 34.65872333], [135.48197501, 34.65912], [135.4819875, 34.65921416], [135.48199361000002, 34.65926083], [135.48200944, 34.65938083], [135.48204361, 34.65994723], [135.4820425, 34.66024139], [135.48204056, 34.66070083], [135.48204027000003, 34.66074083], [135.48201973, 34.66093333], [135.48199222, 34.66148889], [135.48198528000003, 34.6617325], [135.48197863000001, 34.66198041], [135.48196139, 34.66262223], [135.48194083, 34.66308695], [135.48190358, 34.66331767], [135.48188501, 34.66343277], [135.48185861000002, 34.66359722], [135.48185167, 34.66366056], [135.4818375, 34.66378861], [135.4818175, 34.66397083], [135.48181167, 34.66399416], [135.48167, 34.66455472], [135.48155639, 34.66494416], [135.48148472, 34.66518944], [135.48133195000003, 34.66572639], [135.48129278000002, 34.66586389], [135.48107333000002, 34.66661749], [135.48105597, 34.66666667], [135.48075250000002, 34.66752667], [135.48053667, 34.6681375], [135.48093083, 34.66848944], [135.48103056000002, 34.66864583], [135.4810825, 34.66872749], [135.48139167, 34.6689], [135.48173805000002, 34.66909305], [135.48195139, 34.66917249], [135.48255501, 34.66928416], [135.48295056, 34.66935749], [135.48333333000002, 34.66942075], [135.48351027, 34.66945], [135.48473584, 34.66968333], [135.48605750000002, 34.66992305], [135.48616944000003, 34.66995223], [135.48630056000002, 34.66998611], [135.48648195, 34.67001], [135.48653111000002, 34.67001111], [135.48656027, 34.67001195], [135.48663694, 34.67001389], [135.48684112, 34.66999749], [135.48742944, 34.66992305], [135.48826361000002, 34.66981944], [135.48850861, 34.66978916], [135.49004278, 34.66965167], [135.49166667, 34.66950572], [135.49214778, 34.66946249], [135.4923325, 34.66944583], [135.49287611, 34.66939749], [135.49673278000003, 34.66900889], [135.49681501, 34.66897444], [135.49689112000002, 34.66897444], [135.49719111000002, 34.66897333], [135.49723555, 34.66882667], [135.49738764000003, 34.66873464], [135.49835611, 34.667525], [135.49846416, 34.66732805], [135.49846694000001, 34.66731], [135.49846805, 34.66730139], [135.49848139000002, 34.66721333], [135.49848917, 34.66716028], [135.49849639, 34.66711222], [135.49850555, 34.66705028], [135.49852056, 34.66694944], [135.49852917, 34.66689249], [135.49868294, 34.66666667], [135.49872416, 34.66660611], [135.49915694, 34.66593833], [135.49986750000002, 34.66491777], [135.49995361, 34.66479444], [135.5, 34.66472761], [135.50005917000001, 34.6646425], [135.50008445, 34.66460639], [135.50047778, 34.66404139], [135.50102611, 34.66327805], [135.50140111000002, 34.66342723], [135.50150111000002, 34.66341583], [135.50161027000001, 34.66340333], [135.50178361000002, 34.66341528], [135.50206027000002, 34.66346639], [135.50233139000002, 34.66351639], [135.50240139000002, 34.66352944], [135.50274306, 34.6635925], [135.50280222, 34.66360361], [135.50286584000003, 34.66361528], [135.50294555000002, 34.66363], [135.50310416, 34.66330777], [135.50327027000003, 34.66327195], [135.50366027, 34.66326195], [135.50370027000002, 34.66326083], [135.50389167, 34.66325611], [135.50396306000002, 34.66325416], [135.50403333000003, 34.66325167], [135.50406861000002, 34.66325028], [135.5041325, 34.66324805], [135.50524445000002, 34.66320833], [135.50529445, 34.66320667], [135.50534973, 34.66320472], [135.50563694000002, 34.66319444], [135.50572278, 34.66317167], [135.50600694000002, 34.66309667], [135.50601139000003, 34.66309528], [135.50611445, 34.66306833], [135.50635861, 34.66300361], [135.50681888000003, 34.66295749], [135.50685694, 34.66295389], [135.50689501000002, 34.66295], [135.50743389000002, 34.66289611], [135.50802027000003, 34.662825], [135.50806333000003, 34.66281972], [135.50809722, 34.66281583], [135.50833333000003, 34.66278725], [135.50910195, 34.66269416], [135.50914361, 34.66268889], [135.50917389000003, 34.66268528], [135.50963501, 34.66262944], [135.50967501000002, 34.662625], [135.51029861, 34.66254944], [135.51033, 34.66254556], [135.51073167, 34.66249695], [135.51071722, 34.66240139], [135.51071222000002, 34.66236889], [135.51070639000002, 34.66233056], [135.51065944, 34.66201972], [135.51063528000003, 34.66128972], [135.51063445000003, 34.66126], [135.51063056, 34.66114278], [135.51061501, 34.66093028], [135.5105575, 34.66058416], [135.5105575, 34.66035749], [135.51053611, 34.66012861], [135.51052333, 34.65999], [135.51046361000002, 34.65934972], [135.51042750000002, 34.65896667], [135.51042528000002, 34.65894167], [135.51036815, 34.65833333], [135.51033361, 34.65796583], [135.51032112000001, 34.65789611], [135.51031361, 34.65785472], [135.51030555, 34.65780916], [135.51027584000002, 34.65764389], [135.51026139, 34.65748277], [135.51011, 34.65695195], [135.51010250000002, 34.65689777], [135.51009555000002, 34.65684972], [135.51007389000003, 34.65669528], [135.50998, 34.65612861], [135.50987889, 34.65565722], [135.50985416, 34.65553611], [135.50984722, 34.65550305], [135.50983973, 34.65546695], [135.50970306000002, 34.65480056], [135.50969611, 34.6547675], [135.50967778000003, 34.65467767], [135.50961222, 34.65435722], [135.50954278000003, 34.65386167], [135.50953222, 34.65378695], [135.50950416, 34.65358749], [135.50945888, 34.65359222], [135.50842167000002, 34.65370083], [135.50833333000003, 34.6534235], [135.50784416, 34.65188777], [135.50718988, 34.65], [135.50718056000002, 34.64997305], [135.50694944, 34.64925416], [135.50677445000002, 34.64870889], [135.50671555, 34.64852611], [135.50667083000002, 34.64838695], [135.50662834000002, 34.64825444], [135.50662722, 34.64825056], [135.50657805, 34.64809777], [135.50655027000002, 34.64801167], [135.50650584000002, 34.64801833], [135.50626472, 34.64805361], [135.50623528000003, 34.64805805], [135.50590361000002, 34.64814333], [135.50575973, 34.64818028], [135.50554167, 34.64823639], [135.50543195, 34.64826444], [135.50389, 34.64866056], [135.50368306000001, 34.64871083], [135.50357722, 34.64873667], [135.50357195, 34.64873805], [135.50324139000003, 34.64881833], [135.50303139000002, 34.64886944], [135.50290917, 34.64889944], [135.50260778000003, 34.64897389], [135.50250361000002, 34.64899944], [135.50078973, 34.64942195], [135.50075278000003, 34.64943111], [135.50068584000002, 34.64944749], [135.50045139000002, 34.64950556], [135.50039306000002, 34.64951972], [135.50011278000002, 34.64958861], [135.5, 34.64961639], [135.49995722, 34.64962695], [135.49987639000003, 34.64983167]]]]}}, {"type": "Feature", "properties": {"N03_001": "大阪府", "N03_002": "", "N03_003": "大阪市", "N03_004": "西淀川区", "N03_007": "27113"}, "geometry": {"type": "MultiPolygon", "coordinates": [[[[135.4072975, 34.69710083], [135.40750861, 34.69738583], [135.40833333, 34.69846253], [135.40857778000003, 34.69878167], [135.40906889000001, 34.69929167], [135.40956, 34.69975083], [135.40987772, 34.7], [135.40998611, 34.700085], [135.41083501, 34.70072028], [135.41165139, 34.70126305], [135.41286472000002, 34.70199667], [135.41348778000003, 34.70227083], [135.41385416, 34.70243223], [135.41464501000002, 34.70276472], [135.41535361, 34.7030325], [135.41635, 34.70340916], [135.41666667, 34.70351331], [135.41777639000003, 34.70387889], [135.41892501, 34.70425472], [135.41979861000002, 34.70455139], [135.42228361, 34.70525556], [135.42398112, 34.70571167], [135.42456584, 34.70589667], [135.42462584, 34.70592361], [135.42491278000003, 34.70605195], [135.425, 34.70610544], [135.42519445000002, 34.70622472], [135.42553083, 34.70648667], [135.42557, 34.70651722], [135.42587, 34.70678416], [135.42620944, 34.70715389], [135.42655611, 34.70767889], [135.42703397, 34.70833333], [135.42709056, 34.70841083], [135.42741222, 34.70886416], [135.42786333, 34.70949944], [135.42836195, 34.71013777], [135.42853555000002, 34.71033361], [135.42868639000002, 34.71050389], [135.42879501000002, 34.71062695], [135.42942306, 34.71120416], [135.42957889000002, 34.71134722], [135.43013501000001, 34.71175861], [135.43054667, 34.71201528], [135.43109917, 34.71234777], [135.4318, 34.71270583], [135.43205416, 34.71283249], [135.43235778000002, 34.71298361], [135.43269917, 34.71315361], [135.43271, 34.71315916], [135.43333333, 34.71344795], [135.43365973000002, 34.71359916], [135.43467111, 34.71405833], [135.43590973, 34.71455805], [135.43697888000003, 34.71495139], [135.43816361, 34.71530944], [135.43819083000002, 34.71531805], [135.43958278000002, 34.71575528], [135.44072973000002, 34.71609944], [135.44131639000003, 34.71627556], [135.44140501, 34.71630223], [135.44166667000002, 34.71638077], [135.44202778000002, 34.71648916], [135.44251581, 34.71666667], [135.44282361, 34.71677861], [135.44348694, 34.71702], [135.44444027000003, 34.71737056], [135.44515555, 34.71774639], [135.44581278, 34.71808639], [135.44617027, 34.71833972], [135.44651694, 34.71866167], [135.44695027000003, 34.71912695], [135.44733333000002, 34.71967444], [135.44760778000003, 34.72019916], [135.44788222, 34.72077639], [135.44803389, 34.72128916], [135.44810611, 34.72168889], [135.44806278000001, 34.72230777], [135.44802555, 34.72252972], [135.44799056000002, 34.72273723], [135.44783167, 34.7232025], [135.44763389000002, 34.72374223], [135.44757889000002, 34.72389278], [135.44726834000002, 34.72445361], [135.44692689000001, 34.725], [135.44679861, 34.72520528], [135.44657472, 34.72552444], [135.44651195, 34.72563723], [135.44641584000001, 34.72581056], [135.44625694, 34.72621028], [135.44602555, 34.72691249], [135.44585222, 34.72752695], [135.44562111000002, 34.72841416], [135.44555611, 34.72899723], [135.44555611, 34.72908195], [135.44671944, 34.72892195], [135.44675917, 34.72891667], [135.44787805, 34.72876277], [135.44917112000002, 34.72851833], [135.44971555, 34.7284175], [135.45, 34.72836483], [135.45065167, 34.72824416], [135.45129472, 34.72810389], [135.45206056, 34.72788916], [135.45314416, 34.72753111], [135.45437917, 34.72707777], [135.45453973, 34.727], [135.45471139000003, 34.72691667], [135.45502195, 34.72672], [135.45527472, 34.72652611], [135.45615611, 34.72585805], [135.45656861, 34.72554111], [135.45658027000002, 34.72553223], [135.45675694000002, 34.72539667], [135.45677750000002, 34.72538083], [135.45692888000002, 34.72524361], [135.45711925, 34.725], [135.45721778, 34.72487389], [135.45759333, 34.72444139], [135.45794027000002, 34.72411361], [135.45833333000002, 34.72378578], [135.45863, 34.72353833], [135.45867694, 34.72349916], [135.45928389000002, 34.72313528], [135.45957278000003, 34.72293833], [135.45988333000003, 34.72264916], [135.46019389000003, 34.72236277], [135.46043973, 34.72208861], [135.46198528000002, 34.72023028], [135.46224555, 34.71993667], [135.46395027000003, 34.71801444], [135.46404889000002, 34.71789223], [135.46413306000002, 34.71778833], [135.46416306, 34.71775083], [135.46448472, 34.71735249], [135.46512550000003, 34.71666667], [135.46535361, 34.7164225], [135.46547416, 34.71629361], [135.46666667, 34.71500641], [135.46682111, 34.71483972], [135.46733056000002, 34.71428944], [135.46757528000003, 34.71399583], [135.46873944, 34.71259861], [135.46926639, 34.712005], [135.46977333, 34.71142861], [135.47117361, 34.70983695], [135.47156722, 34.70938611], [135.47181694000002, 34.70910056], [135.47248703, 34.70833333], [135.47392888000002, 34.7066825], [135.47377555, 34.70659528], [135.47358584000003, 34.70648722], [135.47296611000002, 34.70612833], [135.46801694, 34.70326305], [135.46666667, 34.70247589], [135.46634778, 34.70229], [135.46633944, 34.70228528], [135.46490445, 34.70144833], [135.46402222, 34.70093389], [135.46246358, 34.7], [135.46207416000001, 34.69976667], [135.46188389000002, 34.69965277], [135.46171445000002, 34.69955139], [135.46142917, 34.69938028], [135.46092361, 34.69910583], [135.45833333000002, 34.69779195], [135.45671944, 34.69697333], [135.45527973, 34.69624472], [135.45450917, 34.695855], [135.45368611, 34.69544916], [135.45275416, 34.69501972], [135.45247306000002, 34.69489556], [135.45191611, 34.69465], [135.45106528000002, 34.69425416], [135.45, 34.6937588], [135.44865139, 34.69313167], [135.44843722000002, 34.69305305], [135.44819639000002, 34.69296472], [135.44720778, 34.69252944], [135.44614501, 34.69206111], [135.44520805000002, 34.69166667], [135.44355195000003, 34.69096944], [135.44271834000003, 34.69062111], [135.44166667000002, 34.69018156], [135.43934805, 34.68921249], [135.43924861, 34.68917472], [135.43522389, 34.68765277], [135.43518834000002, 34.68764028], [135.43333333, 34.6869842], [135.43280472, 34.68679723], [135.43270528000002, 34.68676195], [135.43109944000003, 34.68619416], [135.42787805, 34.68508167], [135.425, 34.68420411], [135.42321195000002, 34.68365889], [135.42241027000003, 34.68343028], [135.4220702, 34.68333333], [135.42028306, 34.68282389], [135.42, 34.68333333], [135.41809438, 34.68669897], [135.41806425000001, 34.68670416], [135.41803678, 34.68671475], [135.41801844000003, 34.68672908], [135.41800144, 34.68674264], [135.41798516000003, 34.68675987], [135.41793511, 34.68689423], [135.4178783, 34.68704061], [135.41787642000003, 34.68704539], [135.41783635000002, 34.6871385], [135.41779497000002, 34.68722033], [135.41768964000002, 34.68742664], [135.41762141, 34.68758344], [135.41758003, 34.6876972], [135.4175727, 34.68773053], [135.41757601, 34.68775605], [135.41758105000002, 34.68778275], [135.41759272000002, 34.68780272], [135.41761272000002, 34.68782797], [135.41763516000003, 34.68784872], [135.41766012000002, 34.68786978], [135.41769047000003, 34.68788433], [135.4177228, 34.68789567], [135.41773536000002, 34.68792664], [135.41774798, 34.68794997], [135.41775883, 34.68797131], [135.41776489, 34.68799575], [135.41776781000002, 34.68803228], [135.417768, 34.68805195], [135.41773078, 34.68804959], [135.41771361, 34.68806308], [135.41674134000002, 34.68845875], [135.41666667, 34.688494], [135.41603969000002, 34.68878994], [135.41599012, 34.68881333], [135.41444039, 34.68957828], [135.41435047000002, 34.68955759], [135.41430953, 34.68955964], [135.41423581, 34.68957053], [135.41415927, 34.6895882], [135.41409202, 34.68960592], [135.41403895000002, 34.68962595], [135.41389672000003, 34.68967259], [135.41372708000003, 34.68974164], [135.41365314, 34.68977959], [135.41299550000002, 34.69014378], [135.41276297000002, 34.69027339], [135.41243425000002, 34.69045653], [135.41217403000002, 34.69060175], [135.411733, 34.69084528], [135.41168645000002, 34.69086987], [135.41156034000002, 34.69095264], [135.41146163000002, 34.69101753], [135.41136567, 34.69108692], [135.4112038, 34.69121011], [135.41111328, 34.69127953], [135.41101170000002, 34.69136467], [135.4109238, 34.69144539], [135.41082217000002, 34.69154405], [135.41073148, 34.69163377], [135.41072783, 34.69163725], [135.41069672, 34.69166667], [135.41061292, 34.69174595], [135.41061105000003, 34.69174772], [135.41061061000002, 34.69174813], [135.41057489000002, 34.69178178], [135.41050623, 34.6918468], [135.41042419000001, 34.69193383], [135.41037375000002, 34.69199489], [135.41034672, 34.6920218], [135.41031365, 34.69207125], [135.41026959, 34.69212736], [135.41019786, 34.6922352], [135.40978703000002, 34.69285075], [135.40959949, 34.69312931], [135.40947523, 34.69334056], [135.40942275, 34.6934282], [135.40933425000003, 34.69359453], [135.40922642, 34.69379461], [135.40910455000002, 34.69404644], [135.40897167, 34.69431849], [135.40887750000002, 34.69451411], [135.40878611, 34.69470072], [135.40876394, 34.69474795], [135.40871661000003, 34.69488295], [135.40868861, 34.69498197], [135.40845202, 34.69583247], [135.40842066000002, 34.69582359], [135.40840112, 34.69588659], [135.40833333, 34.69612105], [135.40828921000002, 34.69627369], [135.40832738, 34.69627839], [135.40832737, 34.69628064], [135.40828944, 34.69657778], [135.4072975, 34.69710083]]]]}}, {"type": "Feature", "properties": {"N03_001": "大阪府", "N03_002": "", "N03_003": "大阪市", "N03_004": "東淀川区", "N03_007": "27114"}, "geometry": {"type": "MultiPolygon", "coordinates": [[[[135.50671416, 34.74472944], [135.50696639, 34.74465556], [135.50739973, 34.74459695], [135.50745027000002, 34.74459], [135.50749973, 34.74458749], [135.50779667, 34.74457195], [135.50833333000003, 34.74466659], [135.50833861, 34.7446675], [135.50888750000001, 34.74488222], [135.50953778000002, 34.74531777], [135.51049917, 34.74608444], [135.51193027000002, 34.74722805], [135.51229778, 34.74752167], [135.51326555, 34.74827333], [135.51348861, 34.74842639], [135.51412528000003, 34.74886389], [135.51436584, 34.74899583], [135.51500611, 34.7493475], [135.51538888000002, 34.74950972], [135.51551861000002, 34.749565], [135.51579306000002, 34.74968139], [135.51641445, 34.74983056], [135.51666667, 34.74988795], [135.51712222, 34.74999167], [135.51718584000002, 34.75], [135.51790888000002, 34.75009472], [135.51866805, 34.75019444], [135.51905805, 34.75023028], [135.51913575, 34.75], [135.51926694000002, 34.74961056], [135.51927917, 34.74957416], [135.51941139000002, 34.74918249], [135.51949861, 34.74892389], [135.51955639000002, 34.74887611], [135.52004056, 34.74892389], [135.52011416, 34.74893695], [135.52040888000002, 34.74898944], [135.52042416, 34.74895333], [135.52046667000002, 34.74885249], [135.52156445000003, 34.74900778], [135.52193139000002, 34.74899805], [135.5220175, 34.74899556], [135.52224667000002, 34.74898944], [135.52241222, 34.74894389], [135.52283167000002, 34.74882833], [135.52330861000002, 34.74865528], [135.52348584, 34.74858195], [135.52364722000002, 34.74851556], [135.52413167, 34.74831528], [135.52423083000002, 34.74826749], [135.525, 34.74789786], [135.52507472, 34.74786195], [135.52509973, 34.74785], [135.52531639000003, 34.74783223], [135.52560528, 34.74787389], [135.52637834, 34.74810639], [135.52724195000002, 34.74839861], [135.52757722, 34.74851222], [135.52780111, 34.74859556], [135.52815834, 34.74890223], [135.52815861000002, 34.7489025], [135.52822027000002, 34.74895528], [135.52836528000003, 34.74907972], [135.52846778000003, 34.74913444], [135.52866027000002, 34.7492375], [135.52869834, 34.74925777], [135.52875555, 34.74928833], [135.52888555, 34.74938389], [135.52892888000002, 34.74961639], [135.52898047000002, 34.75], [135.52899389, 34.75009972], [135.52911195000001, 34.75024944], [135.52916667, 34.75031861], [135.52921056, 34.75037416], [135.52961472, 34.75058889], [135.52995389, 34.75068083], [135.53014778000002, 34.75076777], [135.53015111000002, 34.75076944], [135.53020667, 34.75079416], [135.53037278000002, 34.75077028], [135.53047389000002, 34.75080611], [135.53058083000002, 34.75093278], [135.53070528, 34.75108], [135.53074139, 34.751265], [135.53079195, 34.75140223], [135.53107361, 34.75159305], [135.5311675, 34.75178389], [135.53134083, 34.75184361], [135.53143472, 34.75205249], [135.53160805000002, 34.75233889], [135.53165111, 34.75248805], [135.53160056000002, 34.75264305], [135.53155389000003, 34.75267167], [135.53132639, 34.75281], [135.53120361, 34.75284], [135.53084528000002, 34.75293611], [135.53076973, 34.75295667], [135.52968667000002, 34.75324723], [135.52966333, 34.75328777], [135.52961, 34.75338], [135.52960027000003, 34.75339695], [135.52938501, 34.75377], [135.52932667000002, 34.75387111], [135.52929389000002, 34.75393916], [135.52906584000002, 34.75441389], [135.52899250000002, 34.75456667], [135.52939944000002, 34.75502222], [135.52945416, 34.75509305], [135.5296175, 34.75530416], [135.52979639, 34.75555611], [135.52994112000002, 34.75575972], [135.53009361, 34.75601167], [135.53021, 34.75617944], [135.53032611, 34.75633556], [135.5306825, 34.75688111], [135.53076222, 34.75703695], [135.5312, 34.75775444], [135.53131083000002, 34.75793611], [135.53158234, 34.75833333], [135.53163056, 34.75840389], [135.53184861, 34.75872777], [135.53194333000002, 34.75889556], [135.53204445, 34.75903278], [135.53204501000002, 34.75903361], [135.53236472, 34.75941723], [135.53256111000002, 34.75959111], [135.53285167, 34.75980695], [135.53297528000002, 34.75987305], [135.53321501000002, 34.75996277], [135.53333333, 34.76000592], [135.53346195, 34.76005277], [135.53369472, 34.76010695], [135.53385472, 34.76014277], [135.53434528000003, 34.76024472], [135.5348975, 34.76034667], [135.53559555, 34.76049639], [135.53640195000003, 34.76067028], [135.53672167, 34.76074805], [135.53688888000002, 34.76077805], [135.53712888, 34.76080222], [135.53759778000003, 34.76085], [135.53782306000002, 34.76086805], [135.53798278000002, 34.76089805], [135.53815722000002, 34.76091028], [135.53863667000002, 34.76098833], [135.53886222, 34.76104195], [135.53910195, 34.76112], [135.53918861, 34.76117749], [135.53943639000002, 34.76134167], [135.53969805, 34.76161167], [135.53986528000001, 34.76186333], [135.53998139, 34.76201333], [135.54003888000003, 34.76211195], [135.54006861000002, 34.76216333], [135.54037027, 34.762625], [135.54047944, 34.76279889], [135.5405375, 34.76293083], [135.54059555, 34.76314667], [135.54077722, 34.76357249], [135.54083528, 34.7638], [135.54101333000003, 34.76444167], [135.54110778000003, 34.76485528], [135.54123139, 34.765215], [135.54133306, 34.76558695], [135.54144944, 34.76587472], [135.54155139000002, 34.76609667], [135.54164584000003, 34.76626416], [135.54166667, 34.76629167], [135.54191834000002, 34.76662389], [135.5419572, 34.76666667], [135.54215805, 34.76688777], [135.54230361, 34.76704972], [135.54269611, 34.76739749], [135.54307416, 34.76769722], [135.54321917000001, 34.76784111], [135.54356083000002, 34.76806305], [135.54412416, 34.76845889], [135.54445834, 34.76859667], [135.54496722, 34.76879472], [135.54520722, 34.76884861], [135.54529834000002, 34.76882777], [135.54541778, 34.76880056], [135.54551222, 34.76875028], [135.54566501000002, 34.76866861], [135.54583917, 34.76858472], [135.54593056000002, 34.76853361], [135.54606445000002, 34.76845889], [135.54616083000002, 34.76839833], [135.54624611, 34.768345], [135.54633528000002, 34.76828472], [135.54644973, 34.76820695], [135.54660973, 34.76817277], [135.54661694, 34.76817111], [135.54686416, 34.76817111], [135.54719112, 34.76818305], [135.54778722, 34.76818305], [135.54796167, 34.76821889], [135.54805639000003, 34.76824333], [135.54851778000003, 34.76836277], [135.54870778000003, 34.76843], [135.5487725, 34.76845305], [135.54891694000003, 34.76838], [135.54898667, 34.76834472], [135.54914611, 34.76826444], [135.54943445, 34.76817111], [135.54967278, 34.76810389], [135.54987333000003, 34.76805222], [135.55, 34.76795577], [135.55003639, 34.76792805], [135.55037805, 34.76767472], [135.5505975, 34.76746777], [135.5506525, 34.76741], [135.55082944, 34.76722472], [135.55091722, 34.76706444], [135.55106139000003, 34.76684222], [135.55114311000003, 34.76666667], [135.55115528000002, 34.76664056], [135.55118056, 34.76650111], [135.55120555000002, 34.76635111], [135.5512775, 34.76572528], [135.55129027, 34.765565], [135.55131528, 34.76538916], [135.55129083000003, 34.76524333], [135.55123361, 34.76490305], [135.55117111, 34.76472723], [135.55109584000002, 34.76452556], [135.55107694, 34.76431861], [135.55102056, 34.76424639], [135.55092027, 34.76444277], [135.55085139000002, 34.76453083], [135.55064750000003, 34.76467028], [135.55045333, 34.76476861], [135.55021501000002, 34.76491333], [135.55, 34.7650652], [135.54984167, 34.76517695], [135.54934361, 34.76552889], [135.54920389000003, 34.76539833], [135.54907192000002, 34.76527539], [135.54925769000002, 34.76513823], [135.54962834000003, 34.76489972], [135.54971472, 34.76483249], [135.54978917, 34.76477472], [135.54987027, 34.76471167], [135.54993667, 34.76466972], [135.55, 34.76462969], [135.55050027000001, 34.76431361], [135.55066333000002, 34.76417916], [135.55069472, 34.76411195], [135.55073222000001, 34.76399805], [135.55090778000002, 34.763745], [135.55103306, 34.76351223], [135.55096416, 34.76325361], [135.55088278000002, 34.76295361], [135.55069139000003, 34.76214167], [135.55067278, 34.76196583], [135.55058501000002, 34.76151611], [135.55059112, 34.76131472], [135.55058501000002, 34.76113889], [135.55057250000002, 34.76107667], [135.55045333, 34.76113361], [135.55043445, 34.76120083], [135.55009584, 34.76158333], [135.55003333000002, 34.76150056], [135.55002083000002, 34.76135583], [135.55002694, 34.76119056], [135.55006472, 34.76096805], [135.55008278000003, 34.76075778], [135.55010222, 34.76053361], [135.55010528000003, 34.76043277], [135.55010805, 34.76033167], [135.55011167, 34.76021305], [135.55022445, 34.75954583], [135.55025333, 34.75933749], [135.55026667, 34.75923972], [135.55028722, 34.75909111], [135.55034973, 34.75864111], [135.5504, 34.75853249], [135.55046888, 34.75835749], [135.55047844, 34.75833333], [135.55056222, 34.75812139], [135.55056306, 34.75811889], [135.55067416, 34.75789389], [135.55072917, 34.75778278], [135.55073722, 34.75763333], [135.55075139000002, 34.75737472], [135.55075639, 34.75728249], [135.55075667, 34.75728056], [135.55076361000002, 34.75715222], [135.55104306, 34.75711916], [135.55108195000003, 34.75711472], [135.55124639000002, 34.75709528], [135.55166, 34.75706416], [135.55223445000001, 34.75704111], [135.55231973, 34.75703777], [135.55240056000002, 34.75703444], [135.55256278000002, 34.75702805], [135.55378222000002, 34.75696556], [135.5548975, 34.75690916], [135.55576888000002, 34.75689861], [135.55697389000002, 34.75688944], [135.55706361, 34.75688861], [135.55731389000002, 34.75689195], [135.55825416, 34.75690416], [135.55827195, 34.75673249], [135.55828445, 34.75661416], [135.55829195, 34.75654222], [135.55828112, 34.756455], [135.55826056, 34.75628861], [135.55833333, 34.75620408], [135.55836722, 34.75616472], [135.55840501, 34.75612972], [135.5585, 34.75604167], [135.55857389000002, 34.75597333], [135.55866722, 34.75587111], [135.55883584000003, 34.75568611], [135.55897167, 34.75553722], [135.55909333000002, 34.75540416], [135.5590975, 34.75539944], [135.55972445, 34.75474777], [135.56035973000002, 34.75415056], [135.56052861, 34.75399195], [135.55944112, 34.75340472], [135.55920555, 34.75324833], [135.55872222, 34.75286861], [135.55833333, 34.75252723], [135.55814445000001, 34.75236139], [135.55748722, 34.75169333], [135.55713306, 34.75131167], [135.55696167, 34.75099305], [135.55689501, 34.75086944], [135.55684416, 34.75077472], [135.55663973, 34.75014277], [135.55661944000002, 34.75008056], [135.55660141, 34.75], [135.55637389, 34.74898305], [135.55630195, 34.74792749], [135.55630944, 34.74728611], [135.55631639, 34.74668667], [135.55638861, 34.74619749], [135.55643528000002, 34.74608083], [135.55631250000002, 34.745705], [135.5560675, 34.74498472], [135.55599694, 34.74475889], [135.55561973000002, 34.74355333], [135.55509003, 34.74166667], [135.55495278, 34.74117777], [135.55484805, 34.74077556], [135.55467694, 34.74011667], [135.55427250000002, 34.73935472], [135.55426528, 34.73934139], [135.55369445000002, 34.73867305], [135.55305445000002, 34.73801], [135.55174694000002, 34.73691833], [135.55125639000002, 34.73664139], [135.55104472, 34.73652167], [135.55030973, 34.73610695], [135.55, 34.73597033], [135.54840278000003, 34.73526583], [135.54759834, 34.73497083], [135.54741834, 34.73490472], [135.54674667, 34.73469], [135.54505639, 34.73424833], [135.54365750000002, 34.73395611], [135.5432725, 34.73387556], [135.54274501, 34.73376556], [135.54166667, 34.73355733], [135.54131944000002, 34.73349028], [135.54019525, 34.73333333], [135.53926805, 34.73320389], [135.53695639000003, 34.73292305], [135.53683778, 34.73291667], [135.53652250000002, 34.73289916], [135.5353925, 34.73283695], [135.53333333, 34.7327368], [135.53318222000001, 34.73272944], [135.53243834000003, 34.73274139], [135.53170139000002, 34.73288444], [135.52997528000003, 34.73321277], [135.52903311000003, 34.73333333], [135.52871834, 34.73337361], [135.52818139000001, 34.73341139], [135.52714112, 34.73347667], [135.52642639, 34.73348861], [135.52585722, 34.73341389], [135.52524322000002, 34.73333333], [135.52501611, 34.73330361], [135.525, 34.73330108], [135.52474, 34.73326028], [135.52425778000003, 34.73318444], [135.52313973, 34.73289805], [135.52220056000002, 34.73259389], [135.52131195, 34.73218833], [135.52070555, 34.73177083], [135.52045528000002, 34.73160361], [135.52009083000002, 34.73135916], [135.51989501, 34.73122805], [135.51972167, 34.73110277], [135.51919445000001, 34.73059556], [135.51899195000001, 34.73041056], [135.51851528000003, 34.72982611], [135.51818333000003, 34.72924167], [135.51805333000001, 34.72893749], [135.51797389, 34.72873472], [135.51754611, 34.72755361], [135.51697834, 34.725885], [135.51667733, 34.725], [135.51666667, 34.72496864], [135.51652750000002, 34.72455944], [135.51607278000003, 34.72328278], [135.51601083000003, 34.72312916], [135.51584333000002, 34.72271472], [135.51567973000002, 34.72230944], [135.51561778, 34.72215583], [135.51550834000003, 34.72194167], [135.51549056000002, 34.72190667], [135.51531, 34.72155305], [135.51489445, 34.72073944], [135.51480722, 34.72056889], [135.51467722, 34.72033028], [135.51276306, 34.72008583], [135.51218416, 34.72003195], [135.51122445000001, 34.71994249], [135.51054416, 34.71987195], [135.51033722, 34.71985028], [135.51007611, 34.71982333], [135.50917306000002, 34.71975167], [135.50833333000003, 34.71970336], [135.50777250000002, 34.71967111], [135.50571805, 34.71955361], [135.50436722, 34.71945195], [135.50392722, 34.71941], [135.50390389, 34.72023444], [135.50386888000003, 34.72146223], [135.50380389000003, 34.72338861], [135.50379834000003, 34.72345695], [135.50378639000002, 34.72360028], [135.50377501000003, 34.72374056], [135.50369027000002, 34.72415222], [135.50351550000002, 34.725], [135.50346778000002, 34.72523139], [135.50344027000003, 34.72536444], [135.50326361, 34.72594361], [135.50320358, 34.72664103], [135.50244442000002, 34.72861508], [135.50214214000002, 34.7300332], [135.50206861, 34.73087195], [135.50204939, 34.73113367], [135.50207, 34.73171228], [135.50214083000003, 34.73226167], [135.50222278, 34.73254695], [135.50230278, 34.73280667], [135.50237139, 34.7330075], [135.50248258, 34.73333333], [135.50250722, 34.73340556], [135.50250222, 34.73374805], [135.50249555000002, 34.73418556], [135.50249083000003, 34.73451833], [135.50248861, 34.73466277], [135.50248611, 34.73483333], [135.50249333000002, 34.73500028], [135.50263112000002, 34.73556889], [135.5026525, 34.73565667], [135.50267083000003, 34.73571167], [135.5028475, 34.73624695], [135.50297027000002, 34.736545], [135.50311472, 34.736915], [135.50334750000002, 34.73737583], [135.50373694, 34.73820028], [135.50379528000002, 34.73832416], [135.50443834, 34.73965416], [135.50469639000002, 34.74026223], [135.50523973, 34.74154195], [135.50529752000003, 34.74166667], [135.50587306, 34.74290861], [135.50631222, 34.74385667], [135.50638112000001, 34.74400528], [135.50646112, 34.74417944], [135.50669722, 34.7446925], [135.50671416, 34.74472944]]]]}}, {"type": "Feature", "properties": {"N03_001": "大阪府", "N03_002": "", "N03_003": "大阪市", "N03_004": "東成区", "N03_007": "27115"}, "geometry": {"type": "MultiPolygon", "coordinates": [[[[135.53068888, 34.66546916], [135.53081222, 34.66587389], [135.53084750000002, 34.66598916], [135.53086111000002, 34.66603444], [135.53105389, 34.66666667], [135.53115805000002, 34.66700833], [135.53122416, 34.66719528], [135.53123861, 34.66723639], [135.53128027000002, 34.66735444], [135.53142472, 34.66789695], [135.53154027000002, 34.66818805], [135.53154445, 34.66819805], [135.53174944, 34.66871416], [135.53187333000002, 34.66911472], [135.53192278000003, 34.669275], [135.53201528000002, 34.66960416], [135.53210501, 34.66992389], [135.53216278000002, 34.67001195], [135.53236501, 34.67031583], [135.53237722, 34.67036695], [135.53245167, 34.67067972], [135.53251445, 34.67084528], [135.53266834000001, 34.67125223], [135.53280416, 34.6714], [135.53283667, 34.67143556], [135.53287389000002, 34.67147583], [135.53296445, 34.67157444], [135.53300778000002, 34.67173556], [135.53300778000002, 34.67190861], [135.53317416000002, 34.672195], [135.53324472, 34.67241416], [135.53333333, 34.6726892], [135.53335472, 34.67275556], [135.53337222, 34.67288833], [135.53339834000002, 34.67308805], [135.53340389000002, 34.67312972], [135.53345167, 34.67349416], [135.53341944000002, 34.67361139], [135.53341056000002, 34.67364389], [135.53340222, 34.67367361], [135.53337944, 34.67375667], [135.53337944, 34.67425167], [135.53341361, 34.67436695], [135.53345027000003, 34.67448944], [135.53349167000002, 34.6746275], [135.53353083000002, 34.67475889], [135.53354501, 34.67480528], [135.53360447000003, 34.675], [135.53415944000002, 34.67681667], [135.53416667000002, 34.67684056], [135.53415750000002, 34.67700223], [135.53425611, 34.67743056], [135.53430584000003, 34.67764611], [135.53436027, 34.67788361], [135.53440333, 34.67807028], [135.53443944, 34.67854723], [135.53442027000003, 34.67875416], [135.53438167000002, 34.67917333], [135.53436555000002, 34.67933944], [135.53435, 34.67949722], [135.53433111, 34.67969249], [135.53428112, 34.67984749], [135.53425222, 34.68034861], [135.53424805, 34.68116556], [135.53424639000002, 34.68144861], [135.53424501, 34.68173833], [135.53513694, 34.68172916], [135.53550027000003, 34.68172556], [135.53568083000002, 34.68172361], [135.53585472, 34.68172195], [135.53603584, 34.68172], [135.5365075, 34.68171528], [135.53658528000003, 34.68171444], [135.53663416, 34.68171444], [135.53738027000003, 34.68171333], [135.53763445, 34.68171278], [135.53787445, 34.68171249], [135.53806639, 34.68171222], [135.53816639000001, 34.68171195], [135.53829973, 34.68171167], [135.53839250000001, 34.68171167], [135.53889333, 34.68171083], [135.53901278, 34.68170277], [135.53915639000002, 34.68169333], [135.53924611, 34.68168749], [135.53988306000002, 34.681645], [135.54016139, 34.68161944], [135.54026917000002, 34.68160972], [135.54037973, 34.68159944], [135.54013389000002, 34.68211249], [135.54011528, 34.68223777], [135.54009278, 34.68238805], [135.54007361, 34.68251528], [135.54006889000001, 34.68254778], [135.54010306, 34.68324361], [135.54010501000002, 34.68328167], [135.54017944, 34.683285], [135.54032389000002, 34.68329167], [135.54041778, 34.68324416], [135.54049917, 34.68316778], [135.54050027000002, 34.68316695], [135.54138555, 34.68233722], [135.54150306, 34.68228667], [135.54154222, 34.68227], [135.54166667, 34.68221656], [135.54174667, 34.68218222], [135.54283805, 34.68199889], [135.54289834000002, 34.68198889], [135.54341528000003, 34.68190195], [135.54384139, 34.68187195], [135.54466611, 34.68176916], [135.54480667, 34.68175195], [135.54528027, 34.68169278], [135.54533555, 34.68168583], [135.54537306, 34.68168139], [135.54667584, 34.68151889], [135.54777861, 34.68138805], [135.54785944000002, 34.68137833], [135.54903778000002, 34.68123861], [135.54946639000002, 34.68119444], [135.54950528000003, 34.68119028], [135.54954944000002, 34.68118583], [135.55, 34.68113933], [135.55058306, 34.68107916], [135.55065555000002, 34.68107167], [135.55095167000002, 34.681], [135.55122861, 34.68092972], [135.55135667000002, 34.68091667], [135.55139639, 34.68091278], [135.55276416, 34.68077416], [135.55280917000002, 34.68076944], [135.5528475, 34.68076556], [135.55298611, 34.68075167], [135.55336278000001, 34.68071333], [135.55342555000001, 34.68070722], [135.55354667, 34.68069472], [135.55358333, 34.68069111], [135.5536475, 34.68066972], [135.55369083000002, 34.68065528], [135.55372944, 34.68064249], [135.55416501000002, 34.68049723], [135.55484667000002, 34.68027056], [135.55492555, 34.68024444], [135.55571694000002, 34.67998056], [135.55601167, 34.67986556], [135.55606167000002, 34.67984583], [135.55612416, 34.67982139], [135.55637416, 34.67972389], [135.55703584000003, 34.67935223], [135.55747250000002, 34.67910723], [135.55750112, 34.67909111], [135.55802333000003, 34.67879777], [135.55818027, 34.67870972], [135.55833333, 34.67868908], [135.55855528, 34.67865916], [135.55863250000002, 34.67864889], [135.55866056000002, 34.678645], [135.55990639, 34.6784775], [135.56009778, 34.67845889], [135.56013861, 34.678455], [135.56018027000002, 34.67845083], [135.56035778000003, 34.67843361], [135.56054139000003, 34.67841556], [135.56077722, 34.67839277], [135.5609675, 34.67837416], [135.56157, 34.67829139], [135.56160694000002, 34.67828611], [135.5617775, 34.67826277], [135.56192056, 34.67824305], [135.56208667, 34.67824305], [135.56245528000002, 34.67817139], [135.56321, 34.6780525], [135.56340139000002, 34.67802223], [135.56336501, 34.67778111], [135.56335083000002, 34.67768861], [135.56331472, 34.67744972], [135.56331056000002, 34.67739805], [135.56329416, 34.67719723], [135.56328416, 34.67707611], [135.56324722, 34.67662139], [135.5632425, 34.67656556], [135.56323973, 34.67653028], [135.56322805000002, 34.67638805], [135.56316306000002, 34.67622695], [135.56306, 34.67593416], [135.56303416, 34.67586111], [135.56298472, 34.67568305], [135.56297667, 34.67565361], [135.56287333000003, 34.67528139], [135.56286501000002, 34.67525167], [135.56279514000002, 34.675], [135.56277416, 34.67492444], [135.5627475, 34.674845], [135.56273778000002, 34.67481639], [135.56272611, 34.67478167], [135.56252861000002, 34.67419695], [135.56250694000002, 34.67406583], [135.56250278000002, 34.67392444], [135.56250250000002, 34.67390805], [135.56250083, 34.67385833], [135.56249834000002, 34.67376833], [135.56246222000001, 34.67353556], [135.56245611, 34.67350723], [135.56244501, 34.67345667], [135.56243750000002, 34.67342223], [135.56241167000002, 34.67330278], [135.56239722, 34.67310611], [135.56239306, 34.67307944], [135.56238667, 34.67304083], [135.56237167, 34.67294583], [135.56230250000002, 34.672515], [135.56229667, 34.67247916], [135.56225112, 34.67219444], [135.56223611000001, 34.67210139], [135.56222834000002, 34.67205139], [135.56218027000003, 34.67175195], [135.56206472, 34.67057695], [135.56201528000003, 34.66992416], [135.56200861000002, 34.66972916], [135.56199667, 34.66946472], [135.56199306000002, 34.66938111], [135.56200445000002, 34.66934805], [135.56203139000002, 34.66927139], [135.56204944, 34.66921916], [135.56208805, 34.66910889], [135.56211722, 34.66902472], [135.56213027, 34.6689875], [135.56218805, 34.66874889], [135.56218805, 34.668545], [135.56218834, 34.66824195], [135.56219667, 34.66805416], [135.56219805, 34.66801889], [135.56219973, 34.66798416], [135.56220278, 34.66791389], [135.56207306000002, 34.66791833], [135.5620275, 34.66792], [135.56131445000003, 34.66794528], [135.56125834000002, 34.66794722], [135.56121528000003, 34.66794861], [135.5604725, 34.66797472], [135.56043139000002, 34.66797639], [135.56038389000003, 34.66797805], [135.56034083000003, 34.66797944], [135.55934694, 34.66800777], [135.55930667, 34.66800916], [135.55926139000002, 34.66801028], [135.55893112, 34.66801972], [135.55889667, 34.66802083], [135.55884917, 34.66802223], [135.55833333, 34.66803695], [135.55814861000002, 34.66804223], [135.55810278, 34.66804361], [135.55741834000003, 34.66806305], [135.55740056000002, 34.66785028], [135.55735027000003, 34.66724639], [135.55732445, 34.66693556], [135.55730005, 34.66666667], [135.55729555000002, 34.66661611], [135.55721694000002, 34.66575195], [135.55721361000002, 34.66571444], [135.55720973, 34.66567277], [135.55716584, 34.66518777], [135.55715611, 34.66509195], [135.55715167, 34.66504611], [135.55714805, 34.66500972], [135.5570925, 34.664455], [135.55709, 34.66442889], [135.55707416, 34.66427167], [135.55654889000002, 34.66430444], [135.55652805, 34.66430556], [135.55631973, 34.66431861], [135.55631973, 34.66443778], [135.55563694, 34.66448278], [135.55475139, 34.66454083], [135.55351472, 34.66462223], [135.55314472, 34.66464667], [135.55298306, 34.66466861], [135.55290861, 34.66467889], [135.55273778000003, 34.66470223], [135.55240139000003, 34.66474805], [135.55207694, 34.66477305], [135.55190445000002, 34.66478611], [135.55147056, 34.66481944], [135.55133889, 34.66482889], [135.55126111, 34.66483472], [135.55102555000002, 34.66485167], [135.55096501, 34.66485611], [135.5508825, 34.66486223], [135.55075555000002, 34.66487139], [135.55067694000002, 34.66487695], [135.55, 34.664926], [135.54883667000001, 34.66501028], [135.54836778, 34.66504416], [135.54726361000002, 34.66512361], [135.54725111000002, 34.66512583], [135.54700389, 34.66517139], [135.54631834000003, 34.66530556], [135.54630389000002, 34.66530833], [135.54621278000002, 34.66532111], [135.54596472, 34.66535611], [135.54554222000002, 34.66539111], [135.54545722, 34.66539833], [135.54531555, 34.66541], [135.54481917, 34.66544695], [135.54478416, 34.66544944], [135.54474027, 34.66545277], [135.54417861000002, 34.66549444], [135.54414306, 34.66549723], [135.54410278000003, 34.66550028], [135.54348861, 34.66554583], [135.54344667, 34.66554889], [135.54257805, 34.66561361], [135.54248611, 34.66562028], [135.54236, 34.66562972], [135.54186639000002, 34.66566639], [135.54166667, 34.66566889], [135.54155501000002, 34.66567028], [135.54152, 34.66567056], [135.54146584000003, 34.66567139], [135.54098917000002, 34.66567723], [135.54063389, 34.66568167], [135.54050501, 34.66568305], [135.54036834000001, 34.66568472], [135.53992528, 34.66569028], [135.53973555000002, 34.66569028], [135.53942667, 34.66569028], [135.53917111, 34.66569028], [135.53875611, 34.66569028], [135.53830888000002, 34.66569611], [135.53783611, 34.66568167], [135.53777389, 34.66568], [135.53773222, 34.66567861], [135.53657389000003, 34.66564416], [135.53650333000002, 34.66564195], [135.53597306, 34.66562611], [135.53579139, 34.66562083], [135.53543139, 34.66561], [135.53530694000003, 34.66560639], [135.53480167, 34.66559444], [135.53435722, 34.66558083], [135.53423584, 34.66557695], [135.53409861, 34.66557278], [135.53333333, 34.66554908], [135.53310278, 34.66554195], [135.53302667, 34.66553972], [135.53296416, 34.66553777], [135.53290501, 34.66553583], [135.53286722, 34.66553472], [135.53281639000002, 34.66553333], [135.53227306000002, 34.66551639], [135.53224027000002, 34.66551556], [135.53218222, 34.66551361], [135.53151083000003, 34.66549305], [135.53146, 34.66549139], [135.53132389, 34.66548723], [135.53068888, 34.66546916]]]]}}, {"type": "Feature", "properties": {"N03_001": "大阪府", "N03_002": "", "N03_003": "大阪市", "N03_004": "生野区", "N03_007": "27116"}, "geometry": {"type": "MultiPolygon", "coordinates": [[[[135.54166667, 34.64081995], [135.54133834, 34.64085972], [135.53919501000001, 34.64112195], [135.53904083, 34.64114], [135.53792501, 34.64127111], [135.53767973, 34.64128889], [135.53756333, 34.64126167], [135.53734778000003, 34.64121139], [135.53686278, 34.64094139], [135.53673278000002, 34.64086916], [135.53624416, 34.6405975], [135.53622195000003, 34.640585], [135.53583056000002, 34.64034695], [135.53577416000002, 34.64031277], [135.53563694000002, 34.64022944], [135.53562333000002, 34.64022111], [135.53551501, 34.63968444], [135.53547973, 34.63955805], [135.53535611, 34.63911778], [135.53509555, 34.639205], [135.53507027, 34.63921333], [135.53505306, 34.63921916], [135.53485528000002, 34.63950111], [135.53484083, 34.63952195], [135.53447584000003, 34.64004223], [135.53439611000002, 34.64015777], [135.53431694000002, 34.64027195], [135.53429861, 34.64029861], [135.53410056, 34.640585], [135.53384222, 34.64093416], [135.53380805, 34.64098056], [135.53372528000003, 34.64109223], [135.53346555000002, 34.64137833], [135.53333333, 34.64149541], [135.53313992000002, 34.64166667], [135.53285917, 34.64191528], [135.53262056, 34.64209444], [135.53214306, 34.64245278], [135.53202445000002, 34.64254167], [135.53166389, 34.64281249], [135.53071667, 34.64352333], [135.53069083000003, 34.64354277], [135.53050694, 34.64368083], [135.52969778000002, 34.64429277], [135.52963, 34.64434389], [135.5294775, 34.64445916], [135.52940528000002, 34.64451389], [135.52922139, 34.64465277], [135.52869195000002, 34.64505361], [135.52847222, 34.64521972], [135.52780639000002, 34.64573805], [135.52774639, 34.64578472], [135.52769667, 34.64582361], [135.52674195, 34.64656695], [135.52653834000003, 34.64674083], [135.52653139, 34.64674695], [135.52570667, 34.64745333], [135.52564944000002, 34.64750249], [135.525, 34.64805864], [135.52453389000001, 34.64845777], [135.52457195000002, 34.64850611], [135.52460222, 34.64854472], [135.52462667, 34.64857556], [135.52472167000002, 34.64869639], [135.52485861, 34.64889916], [135.525, 34.64908647], [135.52516917, 34.64931056], [135.52534195, 34.64956111], [135.52546472, 34.64974], [135.52556036000001, 34.65], [135.52557389, 34.65003695], [135.52558167, 34.65005777], [135.52566667, 34.65028889], [135.52573889, 34.65053944], [135.52631027, 34.65205972], [135.52634222, 34.65214444], [135.52636667000002, 34.65220944], [135.52699445000002, 34.65404639], [135.52706750000002, 34.65432389], [135.52709639000003, 34.65443277], [135.52712584000002, 34.65454444], [135.52736222000001, 34.6554425], [135.52737611, 34.65550639], [135.52738555000002, 34.65554861], [135.52745611, 34.65587195], [135.52756445000003, 34.65618167], [135.52760306000002, 34.65629167], [135.52762167, 34.65634528], [135.52764389, 34.65640889], [135.52770805, 34.65657889], [135.52778611, 34.65678528], [135.52779917, 34.65682028], [135.52810306, 34.65762611], [135.5281175, 34.65766472], [135.52819944, 34.65788195], [135.52830056000002, 34.65818028], [135.52834511, 34.65833333], [135.52837917, 34.65845028], [135.52839805000002, 34.65851556], [135.52863472, 34.65932861], [135.52864250000002, 34.65935583], [135.52865611000001, 34.65940223], [135.52876222, 34.65976695], [135.52928584000003, 34.66152695], [135.52943639000003, 34.66203139], [135.52944195, 34.66204944], [135.52949694, 34.66223333], [135.52956973, 34.66247749], [135.52959333, 34.66255639], [135.52962139000002, 34.66265111], [135.52988056, 34.66351889], [135.52996, 34.66375749], [135.53012694, 34.66425222], [135.53016361000002, 34.66436139], [135.5301875, 34.66443167], [135.53037861, 34.66499805], [135.53049416000002, 34.66517361], [135.53065306000002, 34.66541472], [135.53068888, 34.66546916], [135.53132389, 34.66548723], [135.53146, 34.66549139], [135.53151083000003, 34.66549305], [135.53218222, 34.66551361], [135.53224027000002, 34.66551556], [135.53227306000002, 34.66551639], [135.53281639000002, 34.66553333], [135.53286722, 34.66553472], [135.53290501, 34.66553583], [135.53296416, 34.66553777], [135.53302667, 34.66553972], [135.53310278, 34.66554195], [135.53333333, 34.66554908], [135.53409861, 34.66557278], [135.53423584, 34.66557695], [135.53435722, 34.66558083], [135.53480167, 34.66559444], [135.53530694000003, 34.66560639], [135.53543139, 34.66561], [135.53579139, 34.66562083], [135.53597306, 34.66562611], [135.53650333000002, 34.66564195], [135.53657389000003, 34.66564416], [135.53773222, 34.66567861], [135.53777389, 34.66568], [135.53783611, 34.66568167], [135.53830888000002, 34.66569611], [135.53875611, 34.66569028], [135.53917111, 34.66569028], [135.53942667, 34.66569028], [135.53973555000002, 34.66569028], [135.53992528, 34.66569028], [135.54036834000001, 34.66568472], [135.54050501, 34.66568305], [135.54063389, 34.66568167], [135.54098917000002, 34.66567723], [135.54146584000003, 34.66567139], [135.54152, 34.66567056], [135.54155501000002, 34.66567028], [135.54166667, 34.66566889], [135.54186639000002, 34.66566639], [135.54236, 34.66562972], [135.54248611, 34.66562028], [135.54257805, 34.66561361], [135.54344667, 34.66554889], [135.54348861, 34.66554583], [135.54410278000003, 34.66550028], [135.54414306, 34.66549723], [135.54417861000002, 34.66549444], [135.54474027, 34.66545277], [135.54478416, 34.66544944], [135.54481917, 34.66544695], [135.54531555, 34.66541], [135.54545722, 34.66539833], [135.54554222000002, 34.66539111], [135.54596472, 34.66535611], [135.54621278000002, 34.66532111], [135.54630389000002, 34.66530833], [135.54631834000003, 34.66530556], [135.54700389, 34.66517139], [135.54725111000002, 34.66512583], [135.54726361000002, 34.66512361], [135.54836778, 34.66504416], [135.54883667000001, 34.66501028], [135.55, 34.664926], [135.55067694000002, 34.66487695], [135.55075555000002, 34.66487139], [135.5508825, 34.66486223], [135.55096501, 34.66485611], [135.55102555000002, 34.66485167], [135.55126111, 34.66483472], [135.55133889, 34.66482889], [135.55147056, 34.66481944], [135.55190445000002, 34.66478611], [135.55207694, 34.66477305], [135.55240139000003, 34.66474805], [135.55273778000003, 34.66470223], [135.55290861, 34.66467889], [135.55298306, 34.66466861], [135.55314472, 34.66464667], [135.55351472, 34.66462223], [135.55475139, 34.66454083], [135.55563694, 34.66448278], [135.55631973, 34.66443778], [135.55631973, 34.66431861], [135.55652805, 34.66430556], [135.55654889000002, 34.66430444], [135.55707416, 34.66427167], [135.55706722, 34.66420333], [135.55706501, 34.66417972], [135.55705834000003, 34.66399083], [135.55704056000002, 34.66347111], [135.55703917, 34.66343583], [135.55703611, 34.66334472], [135.55767306, 34.66332472], [135.55771584000001, 34.66332333], [135.55774611, 34.66332223], [135.55779361, 34.66332083], [135.55833333, 34.66327189], [135.55851973, 34.663255], [135.55855778000003, 34.66325139], [135.55904222, 34.6632075], [135.55899112, 34.66274277], [135.55898694, 34.66270583], [135.55898333000002, 34.66267167], [135.55897722, 34.66261695], [135.5600675, 34.66259611], [135.56010611000002, 34.66259528], [135.56115639, 34.66257528], [135.56113944, 34.66223056], [135.56113834, 34.66220416], [135.56113528000003, 34.66214416], [135.56110584, 34.66154361], [135.56107056000002, 34.66148083], [135.56104888000002, 34.66144195], [135.56102445000002, 34.66139833], [135.56096888000002, 34.66129889], [135.56093278000003, 34.66113777], [135.56111333, 34.66071444], [135.56122834, 34.66066056], [135.56126056000002, 34.66065223], [135.56131722, 34.66063723], [135.56132917, 34.66063416], [135.56141611, 34.66061139], [135.56154611, 34.66057722], [135.56161083, 34.66035056], [135.56160361000002, 34.66008195], [135.56160944, 34.66005361], [135.56161694000002, 34.66001749], [135.56162389000002, 34.659985], [135.56164694, 34.65987333], [135.56169027, 34.65964056], [135.56179139000002, 34.65928278], [135.56179501000003, 34.65913444], [135.56179584000003, 34.65910305], [135.56179861, 34.65899056], [135.5618182, 34.65833333], [135.56182056, 34.65825083], [135.56249861, 34.65823305], [135.56296889, 34.65824528], [135.56311639, 34.65824916], [135.56387694, 34.65826889], [135.56389861, 34.65820916], [135.56389861, 34.65776167], [135.56390584000002, 34.65662861], [135.56333725000002, 34.6566178], [135.56332966000002, 34.656379], [135.5633225, 34.65619549], [135.56331258, 34.65588767], [135.56307917, 34.65588972], [135.56198639000002, 34.65589472], [135.56172722, 34.65588], [135.56169139000002, 34.65587777], [135.56167611, 34.65587695], [135.56163861000002, 34.65585444], [135.56159667, 34.65582916], [135.56157528000003, 34.65573972], [135.56104584000002, 34.65575556], [135.56100389000002, 34.65575667], [135.56035694000002, 34.65577583], [135.56032278, 34.65577695], [135.56027834000002, 34.65577805], [135.56007639, 34.65578416], [135.55957611, 34.65579889], [135.55923528000002, 34.65580916], [135.55888584000002, 34.65581944], [135.55884389000002, 34.65582083], [135.55855888000002, 34.65582916], [135.55855222, 34.65488444], [135.55855167, 34.65478528], [135.55939611, 34.65477916], [135.55941139, 34.65428195], [135.55943111000002, 34.65364472], [135.55943222, 34.65361028], [135.55940416, 34.65303833], [135.55939611, 34.65287667], [135.56047278000003, 34.65284167], [135.56051361000002, 34.65284028], [135.56182389000003, 34.65279778], [135.56196472, 34.65279305], [135.56194445000003, 34.65201278], [135.56194306, 34.65195805], [135.5619575, 34.65177916], [135.56203694, 34.65152861], [135.56203639, 34.65152056], [135.56203528000003, 34.65150195], [135.56200917, 34.65107723], [135.56195027, 34.65012083], [135.56178167000002, 34.65013278], [135.56076, 34.65020416], [135.56076445000002, 34.65010639], [135.56076905, 34.65], [135.56077445000003, 34.64987611], [135.56081389000002, 34.64902583], [135.56085584000002, 34.64811916], [135.56086111000002, 34.64800333], [135.56089445, 34.64757361], [135.56100528000002, 34.64614833], [135.56102778000002, 34.64571305], [135.56103528000003, 34.64556389], [135.56106694000002, 34.64495195], [135.56109667, 34.64440695], [135.56109834000003, 34.64437528], [135.56111222, 34.64412222], [135.56113445000003, 34.64371389], [135.56114195, 34.64357805], [135.56114333000002, 34.64355083], [135.56102445000002, 34.64354749], [135.56086139, 34.64354305], [135.55877416, 34.64348528], [135.55833333, 34.64347303], [135.55767528, 34.64345472], [135.55730722, 34.64344889], [135.55728584000002, 34.64417639], [135.55709278000003, 34.64416861], [135.55582805, 34.64411695], [135.55510501, 34.64408723], [135.55450611, 34.64406278], [135.55446917, 34.64406139], [135.5540675, 34.644045], [135.55412111, 34.643175], [135.55412278000003, 34.64314695], [135.55412445000002, 34.64311777], [135.55413944, 34.64287611], [135.55415250000001, 34.64253972], [135.55415389, 34.64250028], [135.5541675, 34.64208389], [135.55416834000002, 34.64205333], [135.55418086, 34.64166667], [135.55419, 34.64138472], [135.55385834, 34.64136083], [135.55387694, 34.64111416], [135.55388722, 34.64097916], [135.55394694, 34.64002528], [135.55395973, 34.63982361], [135.55400278000002, 34.63913611], [135.55401667, 34.63896723], [135.55402027000002, 34.63892389], [135.55406056, 34.63843223], [135.55392445, 34.63842139], [135.55299973, 34.63834861], [135.55303555, 34.63672639], [135.55261, 34.63669639], [135.55258944000002, 34.63628695], [135.55258472, 34.63618972], [135.55258112, 34.63611778], [135.55263888000002, 34.63559889], [135.5529275, 34.63559889], [135.55294917, 34.63540195], [135.55302834000003, 34.63471639], [135.55309611, 34.6346475], [135.55312222, 34.63462083], [135.55321501, 34.63460695], [135.55328112, 34.63459695], [135.55330027000002, 34.63459667], [135.55340472, 34.63459611], [135.55402445000001, 34.63459111], [135.55407501000002, 34.63455528], [135.55412472, 34.63445749], [135.55415611, 34.63439556], [135.55419, 34.63432889], [135.55422639000003, 34.63425695], [135.55437083, 34.63363639], [135.55437083, 34.63333333], [135.55437083, 34.63329639], [135.55393555, 34.63325223], [135.55384389000002, 34.63324277], [135.55369111000002, 34.63323167], [135.55300306, 34.63318222], [135.55276889, 34.63316528], [135.55253805, 34.63318305], [135.55223501, 34.63324277], [135.55195728, 34.63333333], [135.55168639000001, 34.63342167], [135.55128222, 34.63363639], [135.55097167, 34.63385111], [135.55056888000001, 34.63416833], [135.55050973000002, 34.634215], [135.55001888, 34.63460277], [135.55, 34.63462236], [135.54953555, 34.63510361], [135.54948472, 34.63516], [135.54942834000002, 34.63522305], [135.54911222, 34.63557389], [135.54907389000002, 34.63561667], [135.5487275, 34.63589695], [135.54773167000002, 34.63639223], [135.54771861, 34.63654167], [135.54771389, 34.63659639], [135.54771112, 34.63662611], [135.54770639, 34.63668111], [135.54768973, 34.63687305], [135.54768111, 34.63697083], [135.54705973, 34.63734056], [135.54701, 34.63737028], [135.54684805, 34.63751111], [135.54646139000002, 34.6378475], [135.54596361, 34.63836639], [135.54574694000002, 34.63819944], [135.54555528000003, 34.6381625], [135.54550584000003, 34.63815305], [135.54537611, 34.63812833], [135.54534306000002, 34.63812195], [135.54518027000003, 34.638115], [135.54511667, 34.63811223], [135.54510888000002, 34.63811195], [135.54506167, 34.63811], [135.54488139000003, 34.63818749], [135.54462861000002, 34.63856333], [135.54460445, 34.63860805], [135.54453501, 34.63873639], [135.54453501, 34.63921333], [135.54457834000002, 34.63935083], [135.54470083, 34.63973833], [135.54475139000002, 34.64021556], [135.54474416, 34.64034667], [135.54468639, 34.64045416], [135.54166667, 34.64081995]]]]}}, {"type": "Feature", "properties": {"N03_001": "大阪府", "N03_002": "", "N03_003": "大阪市", "N03_004": "旭区", "N03_007": "27117"}, "geometry": {"type": "MultiPolygon", "coordinates": [[[[135.52903311000003, 34.73333333], [135.52997528000003, 34.73321277], [135.53170139000002, 34.73288444], [135.53243834000003, 34.73274139], [135.53318222000001, 34.73272944], [135.53333333, 34.7327368], [135.5353925, 34.73283695], [135.53652250000002, 34.73289916], [135.53683778, 34.73291667], [135.53695639000003, 34.73292305], [135.53926805, 34.73320389], [135.54019525, 34.73333333], [135.54131944000002, 34.73349028], [135.54166667, 34.73355733], [135.54274501, 34.73376556], [135.5432725, 34.73387556], [135.54365750000002, 34.73395611], [135.54505639, 34.73424833], [135.54674667, 34.73469], [135.54741834, 34.73490472], [135.54759834, 34.73497083], [135.54840278000003, 34.73526583], [135.55, 34.73597033], [135.55030973, 34.73610695], [135.55104472, 34.73652167], [135.55125639000002, 34.73664139], [135.55174694000002, 34.73691833], [135.55305445000002, 34.73801], [135.55369445000002, 34.73867305], [135.55426528, 34.73934139], [135.55427250000002, 34.73935472], [135.55467694, 34.74011667], [135.55484805, 34.74077556], [135.55495278, 34.74117777], [135.55509003, 34.74166667], [135.55561973000002, 34.74355333], [135.55599694, 34.74475889], [135.5560675, 34.74498472], [135.55631250000002, 34.745705], [135.55643528000002, 34.74608083], [135.55659167000002, 34.74584167], [135.55724889, 34.74506611], [135.55730639, 34.74500305], [135.55775445, 34.74451139], [135.55778528000002, 34.74447695], [135.55802167000002, 34.74421111], [135.55833333, 34.74386103], [135.55837555000002, 34.74381361], [135.55847973000002, 34.74369444], [135.55869722, 34.74344472], [135.55888195, 34.74323305], [135.55888917000001, 34.74322472], [135.55902889, 34.74306472], [135.55918973, 34.74288], [135.55943834, 34.742595], [135.5595275, 34.74250139], [135.5595575, 34.74246972], [135.55967667000002, 34.74234444], [135.55983555, 34.74208222], [135.55986222, 34.74205695], [135.55986917, 34.74205], [135.55997278, 34.74195111], [135.56008528, 34.74175805], [135.56011639000002, 34.741705], [135.56013866, 34.74166667], [135.56017027000001, 34.74161222], [135.56026167000002, 34.74145583], [135.56033667, 34.74133195], [135.56043778000003, 34.74116528], [135.56075306, 34.74064472], [135.56085027000003, 34.740505], [135.56094333000001, 34.74037111], [135.56100112000001, 34.74021], [135.56102584, 34.74000056], [135.56106611, 34.73966139], [135.56103722, 34.73896944], [135.56102027000003, 34.73877556], [135.56101416, 34.73870639], [135.56100361, 34.73858472], [135.56099389000002, 34.73847444], [135.56094195, 34.73816833], [135.56093611, 34.73813416], [135.56075834, 34.73757028], [135.56073333, 34.73749028], [135.56070501000002, 34.73740056], [135.5606425, 34.7372625], [135.56057416000002, 34.73711277], [135.56055333, 34.73706667], [135.56043973, 34.73696777], [135.56028611, 34.73683416], [135.55956555, 34.73651278], [135.55877834000003, 34.736155], [135.55855917, 34.73605889], [135.55833333, 34.73595967], [135.55826834, 34.73593111], [135.55785222, 34.73574861], [135.55775888000002, 34.73570749], [135.55728306, 34.73549889], [135.55716027000003, 34.73541528], [135.55702306, 34.73528389], [135.5567325, 34.73508389], [135.55650306, 34.73492611], [135.55617805, 34.73470528], [135.55603027, 34.73462389], [135.55598222, 34.7345975], [135.55568195, 34.73443222], [135.55526555, 34.73420277], [135.55493, 34.73401833], [135.55482361, 34.73395972], [135.55464722, 34.73383556], [135.55452834000002, 34.73375167], [135.55438306000002, 34.73364944], [135.55419889, 34.73354556], [135.55396973, 34.73341639], [135.55382263, 34.73333333], [135.55340056, 34.733095], [135.55350167, 34.73291], [135.55351584000002, 34.73287167], [135.55352278, 34.73285333], [135.55357889, 34.73270195], [135.55438472, 34.73168583], [135.55463167, 34.73139389], [135.55465555, 34.73136583], [135.55473667, 34.73127028], [135.55474889, 34.73125556], [135.55478667, 34.73121111], [135.55490501, 34.73107167], [135.55485445000002, 34.73096583], [135.55483834000003, 34.73093167], [135.55482, 34.73089333], [135.55474584, 34.73073778], [135.55475278000003, 34.73062944], [135.55475584, 34.73058278], [135.55475805, 34.7305475], [135.55477472, 34.73029028], [135.55478195, 34.73007556], [135.55481083, 34.72987861], [135.55480584000003, 34.72959222], [135.55480528, 34.72955056], [135.55480361, 34.72946305], [135.55479639, 34.72903167], [135.55481973, 34.72849861], [135.55482195000002, 34.72845222], [135.55483639000002, 34.72811916], [135.55484167, 34.72799916], [135.55484889000002, 34.72783889], [135.55485306, 34.72773944], [135.5548575, 34.72764389], [135.55485917000001, 34.72760278], [135.55487, 34.72746556], [135.55487250000002, 34.72743223], [135.55488112, 34.72732833], [135.55489250000002, 34.72679972], [135.55489333000003, 34.72676389], [135.55489389000002, 34.72673556], [135.55490278000002, 34.72632611], [135.55491639000002, 34.72624195], [135.55492083000001, 34.72621416], [135.55492861000002, 34.72616777], [135.55498778000003, 34.72580333], [135.55506, 34.72514111], [135.55508486, 34.725], [135.55508889, 34.72497695], [135.55511778000002, 34.72481305], [135.55539694, 34.72490223], [135.55570241, 34.725], [135.55589333, 34.72506111], [135.55594917000002, 34.72507889], [135.55671139, 34.72532249], [135.55676139000002, 34.72533833], [135.55681416000002, 34.72535528], [135.55713306, 34.72545723], [135.55774694000002, 34.72558249], [135.55780555, 34.7256], [135.55832472, 34.72575556], [135.55833333, 34.7257558], [135.55840056000002, 34.72575777], [135.55845694, 34.72575972], [135.55849861000002, 34.72576083], [135.55888083000002, 34.72577278], [135.55914834, 34.72574889], [135.55957445, 34.72596972], [135.55992112, 34.72616667], [135.55998917, 34.72609028], [135.56001112, 34.72606556], [135.56018139000003, 34.72587416], [135.56065083000001, 34.72559389], [135.56070861, 34.7254625], [135.56070861, 34.72528361], [135.56080278000002, 34.72527111], [135.56091139000003, 34.72525639], [135.56101805, 34.72524223], [135.56155389000003, 34.72517028], [135.56163222, 34.72516139], [135.56167, 34.72515722], [135.56171306000002, 34.72515223], [135.56218944000003, 34.72509861], [135.56240195, 34.72506889], [135.56247834, 34.72505833], [135.56265861, 34.72503305], [135.56294141, 34.725], [135.56301278, 34.72499167], [135.56316306000002, 34.72495944], [135.56337389, 34.72491416], [135.56364111000002, 34.72478278], [135.56373306, 34.72470416], [135.56376056000002, 34.72468028], [135.56379111, 34.72465416], [135.56387667, 34.72458083], [135.56391111000002, 34.72455139], [135.56404555, 34.72443611], [135.56444278, 34.72406611], [135.56469555, 34.72376195], [135.56496278000003, 34.72321305], [135.56504667000002, 34.72316805], [135.56509250000002, 34.72314333], [135.56513112000002, 34.72312277], [135.56527361000002, 34.72304611], [135.56529722, 34.72296777], [135.56530445, 34.72294361], [135.56531472, 34.72290972], [135.56536306, 34.72274944], [135.56553639, 34.72269], [135.56546611000002, 34.72238749], [135.56546416, 34.72237972], [135.56548139, 34.72224667], [135.56550027000003, 34.72210195], [135.56553027, 34.72186944], [135.56553222, 34.72185528], [135.56553694000002, 34.72181833], [135.56554611, 34.72174861], [135.5655725, 34.72154444], [135.56584694, 34.72070944], [135.56591917, 34.72033944], [135.56604195000003, 34.72002361], [135.56607555000002, 34.71997305], [135.56615361000001, 34.71985611], [135.56617167000002, 34.71982889], [135.56622333, 34.71975167], [135.56626333000003, 34.71969139], [135.56629584, 34.71964277], [135.56632139, 34.71961333], [135.56636667, 34.71956139], [135.56648445000002, 34.71942611], [135.56655112, 34.71934972], [135.56658778000002, 34.71930777], [135.56666667000002, 34.71921711], [135.56672195000002, 34.71915361], [135.56674501, 34.71913249], [135.56696778000003, 34.71892695], [135.56702528000002, 34.71885472], [135.56708973, 34.71877333], [135.56725667, 34.71856305], [135.56743, 34.71825278], [135.56762584, 34.71777833], [135.56751222, 34.71770139], [135.5672925, 34.71755305], [135.56703027000003, 34.71737611], [135.56680445, 34.71733139], [135.56673222, 34.71731695], [135.56666667000002, 34.717304], [135.56660278, 34.71729139], [135.56627250000003, 34.71722583], [135.56616083000003, 34.71720361], [135.56611445000001, 34.71719444], [135.56587111000002, 34.71721249], [135.56574834000003, 34.71722167], [135.56542778000002, 34.71724528], [135.56487333, 34.71726695], [135.56478139, 34.71727], [135.56468167, 34.71727361], [135.56462306, 34.71727556], [135.56450555, 34.71727972], [135.56445250000002, 34.71728167], [135.56434501, 34.71728528], [135.56427222, 34.71728778], [135.56410445, 34.71730083], [135.56406416000002, 34.71730389], [135.56386139000003, 34.71731944], [135.56344528000002, 34.71735167], [135.56341978, 34.71666667], [135.56341333, 34.71649333], [135.56340944000002, 34.71638611], [135.5634975, 34.71612444], [135.56340944000002, 34.71543361], [135.56337888000002, 34.71523083], [135.56334778000002, 34.71502639], [135.56319083000002, 34.71501944], [135.56301306, 34.71501167], [135.56283195, 34.71501389], [135.5622825, 34.71502028], [135.56216278000002, 34.71502195], [135.56210917, 34.71502249], [135.5620125, 34.71502361], [135.56192667000002, 34.71502472], [135.56178056000002, 34.71502639], [135.56173278000003, 34.71502667], [135.56164584, 34.71502749], [135.56157306, 34.71502805], [135.56141611, 34.71502944], [135.56124584000003, 34.71503083], [135.56092639000002, 34.71503361], [135.5607625, 34.71503528], [135.56054888000003, 34.71503723], [135.56034694000002, 34.71503916], [135.56025, 34.71504], [135.55978805, 34.71504361], [135.55962027, 34.71504472], [135.55942917000002, 34.71504639], [135.55923778000002, 34.71504778], [135.55910389000002, 34.71504889], [135.55885889, 34.71505056], [135.55852139, 34.71505333], [135.55833333, 34.71505472], [135.55792445, 34.71505777], [135.55771222, 34.71506222], [135.55730056000002, 34.71507056], [135.55724112000001, 34.71507195], [135.55687361, 34.71507944], [135.55611944, 34.715095], [135.55599416, 34.7150975], [135.55589222, 34.71509972], [135.55575445000002, 34.71510249], [135.55527472, 34.71511249], [135.55465917, 34.715125], [135.55448278000003, 34.71512889], [135.55445, 34.71512944], [135.55438027000002, 34.71513277], [135.55300778000003, 34.71520083], [135.55276, 34.71521305], [135.55156361000002, 34.71523611], [135.55026944000002, 34.71526083], [135.55013694000002, 34.71526444], [135.55010222, 34.71526528], [135.55, 34.71526805], [135.54910584, 34.71529222], [135.54856750000002, 34.71530695], [135.54844167000002, 34.71531028], [135.54740195000002, 34.71533833], [135.54728722000002, 34.71533944], [135.54721944000002, 34.71534028], [135.54717027, 34.71534083], [135.54684555, 34.71534416], [135.54643694, 34.71519083], [135.54629501000002, 34.71513778], [135.54504722000001, 34.71467028], [135.54470416, 34.71453695], [135.54464528000003, 34.71451416], [135.54459112, 34.71449305], [135.54369722, 34.71414611], [135.54364389000003, 34.71411277], [135.54356, 34.71406028], [135.54353861, 34.71404667], [135.54324944, 34.71386556], [135.54311944000003, 34.71375944], [135.54265694, 34.71338249], [135.54260973, 34.71333944], [135.54258667, 34.71331861], [135.54253834000002, 34.71327444], [135.54223083000002, 34.71299472], [135.54222, 34.71298249], [135.54218584000003, 34.71294333], [135.54170944, 34.71239972], [135.54168083000002, 34.71236667], [135.54166667, 34.71235047], [135.54119584000003, 34.71181277], [135.54116167, 34.71177389], [135.54085139000003, 34.71141972], [135.54074834000002, 34.71154667], [135.54068944000002, 34.71161944], [135.5406825, 34.71162777], [135.54050611, 34.711845], [135.54041195000002, 34.71196111], [135.54035111000002, 34.71203583], [135.54024667000002, 34.71218972], [135.54021416, 34.71223777], [135.53989139, 34.71271333], [135.53986528000001, 34.71275195], [135.53986472, 34.71275249], [135.53984333000002, 34.71277889], [135.5398, 34.71283278], [135.53957222, 34.713115], [135.53926667000002, 34.71349305], [135.53921416, 34.71355833], [135.53898445000002, 34.7138425], [135.53880027000002, 34.71407083], [135.53877555, 34.71410139], [135.53874667, 34.71413723], [135.53844306000002, 34.71451305], [135.53841667, 34.71454611], [135.53837750000002, 34.71459444], [135.53818528000002, 34.714825], [135.53796861, 34.71508472], [135.53768306, 34.71542749], [135.53736167, 34.71581278], [135.53733167000001, 34.71584889], [135.53729139, 34.71589722], [135.53719889, 34.71600805], [135.53685389, 34.71641972], [135.53682, 34.71646028], [135.5367875, 34.71649889], [135.53664708000002, 34.71666667], [135.53606222, 34.71736556], [135.53601917, 34.71741695], [135.53598389, 34.71745889], [135.53587389, 34.71759028], [135.53546584000003, 34.71808749], [135.53519722000001, 34.718415], [135.53515861, 34.71846223], [135.53512722, 34.7185], [135.53499472000001, 34.71866167], [135.53491278, 34.71876139], [135.53469167, 34.71903083], [135.53442639000002, 34.71933749], [135.53439389000002, 34.719375], [135.53436805, 34.719405], [135.53433333, 34.719445], [135.53429445, 34.71949028], [135.53425584000001, 34.719535], [135.53416750000002, 34.71963695], [135.53378416, 34.72012944], [135.53374861, 34.72017472], [135.53362917, 34.72032833], [135.53356667, 34.72040861], [135.53333333, 34.72060544], [135.53319917000002, 34.72071861], [135.53306694000003, 34.72083028], [135.53296944000002, 34.72091249], [135.53272139, 34.72126639], [135.53266306, 34.72135], [135.53261778, 34.72141472], [135.53246167, 34.72163777], [135.53242611000002, 34.72168833], [135.53209528000002, 34.72216111], [135.53206722000002, 34.72220083], [135.53204667, 34.72223056], [135.53201611, 34.72227416], [135.53184139, 34.72251111], [135.53168222, 34.72272695], [135.53162056000002, 34.72281083], [135.53155112000002, 34.722905], [135.53138, 34.72313723], [135.53127973, 34.72327277], [135.53116195, 34.72343249], [135.53107528, 34.72358836], [135.53092197, 34.72383756], [135.53076392000003, 34.72417375], [135.53048128, 34.72471959], [135.53032501, 34.725], [135.52973397000002, 34.72606044], [135.52960111000002, 34.72632], [135.52951528000003, 34.72651777], [135.52948056, 34.72658333], [135.52930361, 34.72691777], [135.52918167, 34.72714777], [135.52900805000002, 34.72747444], [135.52874306, 34.72797416], [135.52849333, 34.72837167], [135.5284025, 34.72851611], [135.52821501000003, 34.72881528], [135.52818222, 34.72886723], [135.52792555000002, 34.72947416], [135.52789611, 34.72954389], [135.52782167, 34.72968916], [135.52776278000002, 34.72980361], [135.52768694000002, 34.72994444], [135.52759445, 34.73011695], [135.52727722, 34.73070695], [135.52715805, 34.73092833], [135.5270475, 34.73113416], [135.52660917, 34.731945], [135.52632973000001, 34.73244777], [135.52623722, 34.73261416], [135.52589550000002, 34.73333333], [135.52585722, 34.73341389], [135.52642639, 34.73348861], [135.52714112, 34.73347667], [135.52818139000001, 34.73341139], [135.52871834, 34.73337361], [135.52903311000003, 34.73333333]]]]}}, {"type": "Feature", "properties": {"N03_001": "大阪府", "N03_002": "", "N03_003": "大阪市", "N03_004": "城東区", "N03_007": "27118"}, "geometry": {"type": "MultiPolygon", "coordinates": [[[[135.56343889000001, 34.67936], [135.56343889000001, 34.679225], [135.56346056, 34.67868805], [135.56345584000002, 34.67863556], [135.56345555000001, 34.67863333], [135.56344805, 34.67854749], [135.56343611, 34.67841361], [135.56343555, 34.67840583], [135.56343306000002, 34.67837833], [135.56341694000002, 34.67819639], [135.56341611000002, 34.67818833], [135.56341167, 34.67813749], [135.56340139000002, 34.67802223], [135.56321, 34.6780525], [135.56245528000002, 34.67817139], [135.56208667, 34.67824305], [135.56192056, 34.67824305], [135.5617775, 34.67826277], [135.56160694000002, 34.67828611], [135.56157, 34.67829139], [135.5609675, 34.67837416], [135.56077722, 34.67839277], [135.56054139000003, 34.67841556], [135.56035778000003, 34.67843361], [135.56018027000002, 34.67845083], [135.56013861, 34.678455], [135.56009778, 34.67845889], [135.55990639, 34.6784775], [135.55866056000002, 34.678645], [135.55863250000002, 34.67864889], [135.55855528, 34.67865916], [135.55833333, 34.67868908], [135.55818027, 34.67870972], [135.55802333000003, 34.67879777], [135.55750112, 34.67909111], [135.55747250000002, 34.67910723], [135.55703584000003, 34.67935223], [135.55637416, 34.67972389], [135.55612416, 34.67982139], [135.55606167000002, 34.67984583], [135.55601167, 34.67986556], [135.55571694000002, 34.67998056], [135.55492555, 34.68024444], [135.55484667000002, 34.68027056], [135.55416501000002, 34.68049723], [135.55372944, 34.68064249], [135.55369083000002, 34.68065528], [135.5536475, 34.68066972], [135.55358333, 34.68069111], [135.55354667, 34.68069472], [135.55342555000001, 34.68070722], [135.55336278000001, 34.68071333], [135.55298611, 34.68075167], [135.5528475, 34.68076556], [135.55280917000002, 34.68076944], [135.55276416, 34.68077416], [135.55139639, 34.68091278], [135.55135667000002, 34.68091667], [135.55122861, 34.68092972], [135.55095167000002, 34.681], [135.55065555000002, 34.68107167], [135.55058306, 34.68107916], [135.55, 34.68113933], [135.54954944000002, 34.68118583], [135.54950528000003, 34.68119028], [135.54946639000002, 34.68119444], [135.54903778000002, 34.68123861], [135.54785944000002, 34.68137833], [135.54777861, 34.68138805], [135.54667584, 34.68151889], [135.54537306, 34.68168139], [135.54533555, 34.68168583], [135.54528027, 34.68169278], [135.54480667, 34.68175195], [135.54466611, 34.68176916], [135.54384139, 34.68187195], [135.54341528000003, 34.68190195], [135.54289834000002, 34.68198889], [135.54283805, 34.68199889], [135.54174667, 34.68218222], [135.54166667, 34.68221656], [135.54154222, 34.68227], [135.54150306, 34.68228667], [135.54138555, 34.68233722], [135.54050027000002, 34.68316695], [135.54049917, 34.68316778], [135.54041778, 34.68324416], [135.54032389000002, 34.68329167], [135.54017944, 34.683285], [135.54010501000002, 34.68328167], [135.54010306, 34.68324361], [135.54006889000001, 34.68254778], [135.54007361, 34.68251528], [135.54009278, 34.68238805], [135.54011528, 34.68223777], [135.54013389000002, 34.68211249], [135.54037973, 34.68159944], [135.54026917000002, 34.68160972], [135.54016139, 34.68161944], [135.53988306000002, 34.681645], [135.53924611, 34.68168749], [135.53915639000002, 34.68169333], [135.53901278, 34.68170277], [135.53889333, 34.68171083], [135.53839250000001, 34.68171167], [135.53829973, 34.68171167], [135.53816639000001, 34.68171195], [135.53806639, 34.68171222], [135.53787445, 34.68171249], [135.53763445, 34.68171278], [135.53738027000003, 34.68171333], [135.53663416, 34.68171444], [135.53658528000003, 34.68171444], [135.5365075, 34.68171528], [135.53603584, 34.68172], [135.53585472, 34.68172195], [135.53568083000002, 34.68172361], [135.53550027000003, 34.68172556], [135.53513694, 34.68172916], [135.53424501, 34.68173833], [135.53424501, 34.68197695], [135.53426778000002, 34.68264444], [135.53428834000002, 34.68325305], [135.53430058, 34.68333333], [135.53431027000002, 34.68339695], [135.53443306, 34.68559805], [135.53446917, 34.68671916], [135.53457139000002, 34.68763416], [135.53463639, 34.68814083], [135.53475555, 34.68827028], [135.53491083000003, 34.68843916], [135.53499027, 34.68904749], [135.53509611, 34.6895775], [135.53512722, 34.68973361], [135.53515611, 34.68978139], [135.53528778000003, 34.68999861], [135.53533694, 34.69007972], [135.53590027, 34.69093249], [135.53589306, 34.691225], [135.53589222, 34.69125611], [135.53588805, 34.69143139], [135.53585377000002, 34.69166667], [135.53583445, 34.69179889], [135.53580112, 34.69202777], [135.53577722, 34.69295695], [135.53577333, 34.69310222], [135.53577222, 34.69314916], [135.5357, 34.69350111], [135.53559973, 34.69374611], [135.53551222000002, 34.69396028], [135.53545472, 34.69409972], [135.53542083000002, 34.69418249], [135.53538222, 34.69427639], [135.53499, 34.69511389], [135.5349075, 34.69528139], [135.53483528, 34.69542833], [135.53481555000002, 34.69546861], [135.53471944, 34.69566416], [135.53470750000002, 34.69568833], [135.53462667, 34.69585249], [135.53440667, 34.69630083], [135.53421, 34.69670028], [135.53449361, 34.69676195], [135.53471611, 34.69681056], [135.53478167, 34.69680889], [135.53493278000002, 34.69680472], [135.53551083000002, 34.69684639], [135.53555584000003, 34.69700861], [135.53557083, 34.69706195], [135.53561195, 34.69720944], [135.53563361000002, 34.69728777], [135.53592083, 34.69829333], [135.53599778000003, 34.69856195], [135.53610834000003, 34.69894944], [135.53612611, 34.69901139], [135.53619778, 34.69926195], [135.53622139, 34.69934528], [135.53626472, 34.69949639], [135.53628917, 34.69958249], [135.53637445, 34.69988056], [135.53638805, 34.69992833], [135.53639750000002, 34.69996111], [135.53640861, 34.7], [135.53644056000002, 34.70011195], [135.53659917000002, 34.70077389], [135.53660722, 34.70080805], [135.53667917, 34.70110833], [135.53674667, 34.70152333], [135.53680472, 34.70187833], [135.53683083, 34.70203889], [135.53683834000003, 34.70227695], [135.53683944000002, 34.70230667], [135.53684389000003, 34.70244667], [135.53681501000003, 34.70275083], [135.53669944, 34.70310277], [135.53659333000002, 34.70342639], [135.53658333, 34.7034575], [135.53657222, 34.70349083], [135.53653333000003, 34.70361], [135.53659056, 34.70369277], [135.53662027000001, 34.70373611], [135.53670639, 34.70386056], [135.53672528, 34.70433167], [135.53672639, 34.70436361], [135.53672778, 34.70439583], [135.53674584, 34.70484444], [135.53675056, 34.70496722], [135.53675167, 34.70499389], [135.53677861, 34.70566778], [135.53672083, 34.70574916], [135.53669917, 34.70578], [135.53655472, 34.70598389], [135.53622973, 34.70624639], [135.53622111, 34.70639223], [135.5362825, 34.70695528], [135.53628973, 34.70702333], [135.53638472, 34.707895], [135.53639278000003, 34.70796805], [135.53640167, 34.70805028], [135.53637416, 34.70808361], [135.53634888000002, 34.70811444], [135.53630306000002, 34.70817], [135.53617056000002, 34.70833083], [135.53653083, 34.70832944], [135.53658750000002, 34.70832944], [135.53737056, 34.70832639], [135.5374025, 34.70832639], [135.53783889000002, 34.70832472], [135.53784789000002, 34.70833333], [135.53792805, 34.70841], [135.53800222, 34.70848111], [135.53827722, 34.70874444], [135.5388375, 34.70928111], [135.53889889, 34.70933972], [135.53985083, 34.71035416], [135.53988555, 34.71039111], [135.53993584000003, 34.71044472], [135.54025555, 34.710785], [135.54064639, 34.71120167], [135.54085139000003, 34.71141972], [135.54116167, 34.71177389], [135.54119584000003, 34.71181277], [135.54166667, 34.71235047], [135.54168083000002, 34.71236667], [135.54170944, 34.71239972], [135.54218584000003, 34.71294333], [135.54222, 34.71298249], [135.54223083000002, 34.71299472], [135.54253834000002, 34.71327444], [135.54258667, 34.71331861], [135.54260973, 34.71333944], [135.54265694, 34.71338249], [135.54311944000003, 34.71375944], [135.54324944, 34.71386556], [135.54353861, 34.71404667], [135.54356, 34.71406028], [135.54364389000003, 34.71411277], [135.54369722, 34.71414611], [135.54459112, 34.71449305], [135.54464528000003, 34.71451416], [135.54470416, 34.71453695], [135.54504722000001, 34.71467028], [135.54629501000002, 34.71513778], [135.54643694, 34.71519083], [135.54684555, 34.71534416], [135.54717027, 34.71534083], [135.54721944000002, 34.71534028], [135.54728722000002, 34.71533944], [135.54740195000002, 34.71533833], [135.54844167000002, 34.71531028], [135.54856750000002, 34.71530695], [135.54910584, 34.71529222], [135.55, 34.71526805], [135.55010222, 34.71526528], [135.55013694000002, 34.71526444], [135.55026944000002, 34.71526083], [135.55156361000002, 34.71523611], [135.55276, 34.71521305], [135.55300778000003, 34.71520083], [135.55438027000002, 34.71513277], [135.55445, 34.71512944], [135.55448278000003, 34.71512889], [135.55465917, 34.715125], [135.55527472, 34.71511249], [135.55575445000002, 34.71510249], [135.55589222, 34.71509972], [135.55599416, 34.7150975], [135.55611944, 34.715095], [135.55687361, 34.71507944], [135.55724112000001, 34.71507195], [135.55730056000002, 34.71507056], [135.55771222, 34.71506222], [135.55792445, 34.71505777], [135.55833333, 34.71505472], [135.55852139, 34.71505333], [135.55885889, 34.71505056], [135.55910389000002, 34.71504889], [135.55923778000002, 34.71504778], [135.55942917000002, 34.71504639], [135.55962027, 34.71504472], [135.55978805, 34.71504361], [135.56025, 34.71504], [135.56031195000003, 34.71495611], [135.56031083000002, 34.71485833], [135.56030834, 34.71466139], [135.56030805, 34.71462695], [135.56030722, 34.71457111], [135.56030472, 34.71436556], [135.56029861000002, 34.71415528], [135.56028445, 34.71366249], [135.56028333, 34.71362223], [135.56026, 34.71280916], [135.56025834000002, 34.71274528], [135.56025667, 34.71269277], [135.56024361000001, 34.71223389], [135.56023861, 34.71206305], [135.56017083, 34.71091139], [135.56016888000002, 34.71087889], [135.56016694000002, 34.71084472], [135.56016027, 34.71073083], [135.56015222, 34.71059583], [135.56009639, 34.70906028], [135.56008834000002, 34.70884222], [135.56006988000001, 34.70833333], [135.56004333, 34.70760083], [135.56004027000003, 34.70752167], [135.56002333, 34.70705278], [135.56000973, 34.70679333], [135.55999667, 34.70654167], [135.55997167, 34.70606749], [135.55996639000003, 34.70588249], [135.55995445000002, 34.70545667], [135.55995056, 34.70531083], [135.55994944000003, 34.70527944], [135.55994778000002, 34.70521528], [135.55994584, 34.70514472], [135.55993750000002, 34.70485305], [135.55993555, 34.70478056], [135.55993167, 34.70464556], [135.55993, 34.70458], [135.55992611000002, 34.704445], [135.55992333, 34.70434249], [135.55991416, 34.70402277], [135.55989834000002, 34.70345667], [135.55989639, 34.70338556], [135.55989250000002, 34.70324861], [135.55988805, 34.70314889], [135.55988027, 34.70296695], [135.55987888, 34.70293667], [135.55987528000003, 34.70284916], [135.55986445000002, 34.70260195], [135.55983667, 34.70196139], [135.55982195, 34.70162083], [135.55980416, 34.70121528], [135.55979445000003, 34.70098889], [135.55976027000003, 34.70020444], [135.55975163000002, 34.7], [135.55975, 34.69996139], [135.55974445, 34.69983611], [135.55973973000002, 34.69972749], [135.55973834000002, 34.69969861], [135.55973333000003, 34.69958028], [135.55973333000003, 34.69957916], [135.55971917, 34.69937222], [135.55967139, 34.698665], [135.55964917, 34.69834249], [135.55958361, 34.69737749], [135.55958111, 34.69734333], [135.55956306000002, 34.69707833], [135.55955805000002, 34.69700305], [135.55952222, 34.69617972], [135.55952027, 34.69613639], [135.55950973, 34.69589361], [135.55950361, 34.69575528], [135.55950027000003, 34.69567889], [135.55947834000003, 34.69544416], [135.55939917, 34.69459333], [135.55934083000002, 34.69387333], [135.55933306, 34.693775], [135.55932750000002, 34.69370722], [135.55931555, 34.69308972], [135.55931306000002, 34.69296805], [135.55927694000002, 34.69238695], [135.55925944, 34.69210139], [135.5592475, 34.69191056], [135.55924389, 34.69185028], [135.55923361, 34.69168528], [135.55923222, 34.69166667], [135.55918333000002, 34.69100833], [135.55914555, 34.69080583], [135.55911112, 34.69062056], [135.55898111000002, 34.68999416], [135.55893445, 34.68905861], [135.55893222, 34.68901056], [135.55891389, 34.68864556], [135.55890805, 34.68852861], [135.55886333, 34.68778833], [135.55885750000002, 34.68769333], [135.55906501, 34.68765333], [135.55932, 34.68760389], [135.55981306, 34.68752833], [135.56053834000002, 34.68741749], [135.56164750000002, 34.68728416], [135.56321805000002, 34.68709556], [135.56367333000003, 34.68704778], [135.56394056000002, 34.68705972], [135.56402555, 34.68707305], [135.56417139, 34.68709556], [135.56442416000002, 34.68720278], [135.56451333, 34.68728472], [135.56457416, 34.68734083], [135.56461222000001, 34.68737583], [135.56479278000003, 34.68755472], [135.56492584000003, 34.68768056], [135.56494445, 34.68769805], [135.56513222, 34.68776361], [135.56514722, 34.68776472], [135.56527805000002, 34.68777472], [135.5654025, 34.68778444], [135.56544278, 34.6877875], [135.56547584, 34.68778139], [135.56563778000003, 34.68775167], [135.56555861, 34.68765944], [135.5655175, 34.68761139], [135.56512805, 34.68715749], [135.56506584000002, 34.68708249], [135.56504472, 34.68705722], [135.56501973000002, 34.68702695], [135.56484778, 34.68682028], [135.56482501000002, 34.68679249], [135.56479555, 34.68675723], [135.56470195, 34.68664444], [135.56469694, 34.68652695], [135.56469306, 34.68643722], [135.56469167, 34.68640167], [135.56468750000002, 34.68630444], [135.56484639, 34.68628639], [135.56457195000002, 34.68585083], [135.56456805000002, 34.68576083], [135.56456555, 34.68569583], [135.56456472, 34.68567805], [135.56457472, 34.68556416], [135.56458222, 34.68547944], [135.56460306, 34.68524056], [135.56458027000002, 34.68520583], [135.56457306000001, 34.68519472], [135.56450917, 34.68509749], [135.56448306000001, 34.68502611], [135.56441834000003, 34.68484778], [135.56437639, 34.68473305], [135.56426278, 34.68451083], [135.56425917, 34.68444611], [135.56425555, 34.68437972], [135.56425667, 34.684355], [135.56426083000002, 34.68425028], [135.56448472, 34.68394], [135.56451139, 34.68387889], [135.56458584, 34.68370749], [135.56460389000003, 34.68357249], [135.56462555000002, 34.68341305], [135.56463628, 34.68333333], [135.56464361000002, 34.68327777], [135.56458584, 34.68312861], [135.56445639, 34.68296639], [135.56438112, 34.68287222], [135.56419416, 34.6826375], [135.56398639000003, 34.68237723], [135.56384917, 34.68220416], [135.56384917, 34.68179277], [135.56378555, 34.68150944], [135.56374944, 34.68136028], [135.56364472, 34.68091916], [135.56360222, 34.68073889], [135.56357, 34.68060333], [135.56354722, 34.68050723], [135.56351333, 34.68026278], [135.5635025, 34.68018528], [135.56348694000002, 34.68007223], [135.56347528, 34.67998944], [135.56346778000002, 34.67993472], [135.56345778000002, 34.67985333], [135.56344722, 34.67976916], [135.56343889000001, 34.67970195], [135.56343889000001, 34.67936]]]]}}, {"type": "Feature", "properties": {"N03_001": "大阪府", "N03_002": "", "N03_003": "大阪市", "N03_004": "阿倍野区", "N03_007": "27119"}, "geometry": {"type": "MultiPolygon", "coordinates": [[[[135.49719222000002, 34.62404167], [135.4971275, 34.62402944], [135.49702611, 34.62401056], [135.49697445, 34.62400083], [135.49694416, 34.62399528], [135.49686973000001, 34.62396083], [135.49684501000002, 34.62394916], [135.49674445000002, 34.6239025], [135.49636056, 34.62372472], [135.49634888000003, 34.62373778], [135.49588213, 34.62425353], [135.49581694000003, 34.62432556], [135.49596861, 34.62471749], [135.49599416, 34.62484611], [135.49600027000002, 34.62487583], [135.49601333, 34.62494249], [135.49602167, 34.62498361], [135.49602492000002, 34.625], [135.49605083000003, 34.62513028], [135.49613306, 34.62546944], [135.49625706, 34.62550867], [135.4965625, 34.62560528], [135.49674694, 34.62566777], [135.49681167, 34.62568944], [135.49687222, 34.62571], [135.49696694000002, 34.62598167], [135.49719222000002, 34.62601305], [135.49727805, 34.62624444], [135.49729528000003, 34.62629056], [135.49731306, 34.62633861], [135.49742973, 34.62665277], [135.49749306, 34.62682361], [135.49777, 34.62756944], [135.4977775, 34.62765238], [135.49778834000003, 34.62777223], [135.49779694, 34.62786861], [135.49780611, 34.62796889], [135.49787112, 34.62813], [135.49811694000002, 34.62846305], [135.49814215, 34.62849694], [135.49814361, 34.62849889], [135.49827847, 34.62868143], [135.49828973, 34.62869667], [135.49850584, 34.62893528], [135.49862139, 34.62920389], [135.4987025, 34.62926805], [135.49879472, 34.62934111], [135.49896778000002, 34.62940667], [135.49917722, 34.62964528], [135.49923481000002, 34.62970731], [135.49941528000002, 34.62990167], [135.49961722, 34.62994944], [135.49978333, 34.63002111], [135.49988445000002, 34.63015833], [135.49990008, 34.6302068], [135.49992805, 34.63029361], [135.49994007, 34.63033042], [135.49994056, 34.63033195], [135.49995445000002, 34.63037528], [135.5, 34.63051644], [135.50020195000002, 34.63114222], [135.50021778, 34.63118749], [135.50023083000002, 34.63122556], [135.50044, 34.63182833], [135.50069222, 34.63240695], [135.50080056000002, 34.63252639], [135.50090195, 34.63258805], [135.5009425, 34.63261277], [135.50095472, 34.63262028], [135.50100222, 34.63264916], [135.50107472, 34.63269305], [135.50114694, 34.63279444], [135.50119027000002, 34.63298528], [135.50132, 34.63325389], [135.50135608, 34.63333333], [135.50149333000002, 34.63363556], [135.50164445000001, 34.63396277], [135.50200222, 34.63473777], [135.50209944000002, 34.63494805], [135.50217750000002, 34.63506749], [135.50224250000002, 34.63516667], [135.50239528000003, 34.63540028], [135.50243834000003, 34.63546667], [135.5028425, 34.63599167], [135.50316973, 34.63625389], [135.50320722, 34.63628416], [135.50332611000002, 34.63637944], [135.50347027, 34.63668972], [135.50365083000003, 34.63713111], [135.50366361000002, 34.63717944], [135.50367222, 34.63721305], [135.50368112, 34.63724611], [135.50370861000002, 34.63735167], [135.50378805, 34.63754277], [135.50414167, 34.63827028], [135.50437528000003, 34.63870472], [135.50463195, 34.63918278], [135.50473639, 34.63937695], [135.50477861000002, 34.63945556], [135.50509944, 34.64005222], [135.50512694000003, 34.64010361], [135.50514944000003, 34.64014528], [135.50549805, 34.64079333], [135.50564681, 34.64098214], [135.5057, 34.64104972], [135.5059372, 34.64166667], [135.50594222, 34.64167972], [135.50597639000003, 34.64176916], [135.50603889, 34.64193139], [135.50608973, 34.64206389], [135.50609472, 34.64208416], [135.50610778, 34.64213944], [135.50610944000002, 34.64214583], [135.50616917, 34.64239195], [135.50623416, 34.64261861], [135.50633501000002, 34.642845], [135.5063825, 34.64291], [135.50640333, 34.64293889], [135.50644389, 34.64299389], [135.50666667000002, 34.64329861], [135.50678222, 34.64353111], [135.50673667, 34.64415249], [135.50673278000002, 34.64420611], [135.50672445, 34.64431861], [135.50717917, 34.64443777], [135.50720805, 34.64472416], [135.50723389, 34.64479667], [135.50724584000002, 34.64483083], [135.50725611000001, 34.64486], [135.50736667, 34.64517167], [135.50757445000002, 34.64567278], [135.50759112, 34.64571249], [135.50780694000002, 34.64623333], [135.50785639000003, 34.64636], [135.50787, 34.64639444], [135.50788611000002, 34.64643611], [135.50795139000002, 34.64660305], [135.50813306, 34.64704611], [135.50833333000003, 34.64753567], [135.50836056, 34.64760223], [135.50857195, 34.64754749], [135.50933805, 34.64734861], [135.50988080000002, 34.64720505], [135.51056722, 34.64702361], [135.51130083, 34.64682944], [135.51157222, 34.64675972], [135.51268222000002, 34.646475], [135.51301445000001, 34.64638972], [135.51303361, 34.64638472], [135.51304306, 34.64638249], [135.51315805000002, 34.64635305], [135.51392750000002, 34.64615556], [135.51486528, 34.64594667], [135.51491694, 34.64593472], [135.51499195000002, 34.64591695], [135.5154175, 34.64581777], [135.51550472, 34.64579723], [135.51601611, 34.64567833], [135.51632611, 34.64560583], [135.51642083000002, 34.64558361], [135.51666667, 34.64552625], [135.51736944, 34.64536223], [135.51815944, 34.64517361], [135.51826333000002, 34.64514889], [135.51834361000002, 34.64512972], [135.51871306, 34.64523083], [135.51893944000003, 34.64529305], [135.51895639000003, 34.64529778], [135.51924027, 34.64537528], [135.51945167, 34.64543333], [135.51945639000002, 34.64543472], [135.51962805, 34.64548167], [135.52000056, 34.64557749], [135.52069584000003, 34.64575611], [135.52082528000003, 34.64579111], [135.52107889, 34.64585944], [135.52144639000002, 34.64595889], [135.52187222, 34.64619723], [135.52199083000002, 34.64627389], [135.5225, 34.64660277], [135.52273112, 34.64677972], [135.52277584, 34.64681389], [135.52301389000002, 34.64699667], [135.52305222, 34.64702583], [135.52311861, 34.64707695], [135.52328639, 34.64720528], [135.52372667, 34.64751556], [135.5238975, 34.64770195], [135.5240875, 34.64790944], [135.5243375, 34.64821639], [135.52439555, 34.64828805], [135.52444805000002, 34.64835222], [135.52453389000001, 34.64845777], [135.525, 34.64805864], [135.52564944000002, 34.64750249], [135.52570667, 34.64745333], [135.52653139, 34.64674695], [135.52653834000003, 34.64674083], [135.52674195, 34.64656695], [135.52769667, 34.64582361], [135.52774639, 34.64578472], [135.52780639000002, 34.64573805], [135.52847222, 34.64521972], [135.52869195000002, 34.64505361], [135.52922139, 34.64465277], [135.52940528000002, 34.64451389], [135.5294775, 34.64445916], [135.52937027000002, 34.64424056], [135.52935917, 34.64421778], [135.52907528000003, 34.64363833], [135.52905555, 34.64359833], [135.52880361, 34.64308444], [135.52846445, 34.64243472], [135.52844861, 34.64240472], [135.52843111, 34.64237139], [135.52837056, 34.64225528], [135.5282975, 34.64216556], [135.52811167000002, 34.64193778], [135.52796667, 34.64176028], [135.52793528, 34.64169972], [135.52791820000002, 34.64166667], [135.52777694000002, 34.64139444], [135.52766333000002, 34.64117583], [135.52757501000002, 34.64099916], [135.52755805, 34.64096556], [135.5270925, 34.64003333], [135.52690278000003, 34.63965361], [135.52688528000002, 34.63961889], [135.52671834000003, 34.63928472], [135.5266125, 34.63906639], [135.52659027, 34.63902028], [135.52624389000002, 34.63830444], [135.52615361, 34.63811805], [135.52600805, 34.63781695], [135.52597333000003, 34.63774528], [135.52592445000002, 34.63764444], [135.52580861, 34.63732889], [135.52575139, 34.63717333], [135.52569694000002, 34.63718583], [135.52565528000002, 34.63719556], [135.52560834000002, 34.63720639], [135.52513445000002, 34.63731611], [135.52509944000002, 34.63732444], [135.52505834000002, 34.63733389], [135.525, 34.63734741], [135.52420722, 34.63753111], [135.52418361, 34.63662472], [135.52418278000002, 34.63659556], [135.52418139000002, 34.63653833], [135.52417445, 34.6362775], [135.52415973, 34.63570861], [135.52415861, 34.63567167], [135.52415667, 34.63559277], [135.52414555000001, 34.63486667], [135.52414416, 34.63478833], [135.52413528000002, 34.63420944], [135.52413389, 34.63412667], [135.52412778000001, 34.63372583], [135.52411228000003, 34.63333333], [135.52410306000002, 34.63309972], [135.52410112, 34.63305444], [135.5241, 34.63302028], [135.52409584000003, 34.632915], [135.52409472, 34.632885], [135.5240775, 34.632455], [135.52407306, 34.63242639], [135.52403944000002, 34.63220583], [135.5240325, 34.63216139], [135.52398361000002, 34.63184056], [135.52392639, 34.63169139], [135.52389333000002, 34.631605], [135.52384944000002, 34.63149], [135.52361501000001, 34.63087861], [135.52360027000003, 34.63084056], [135.52358445000002, 34.63079916], [135.52354834000002, 34.63070444], [135.52352888000001, 34.63065416], [135.52345, 34.63044805], [135.52344389, 34.63043223], [135.52344361000002, 34.63043167], [135.52334416, 34.63017056], [135.52333805, 34.630155], [135.52329834000003, 34.63005139], [135.52291861, 34.62920111], [135.52290222, 34.62916472], [135.52254, 34.62835416], [135.52252667000002, 34.62832472], [135.52248278000002, 34.62822611], [135.52233917, 34.62790416], [135.52230639, 34.62783111], [135.52199333000002, 34.62712944], [135.52195778, 34.62705028], [135.52166, 34.62638278], [135.52152584, 34.62606195], [135.52150917, 34.62602223], [135.52149694000002, 34.62599277], [135.52111917, 34.62508861], [135.52106027000002, 34.625], [135.52104694000002, 34.62498], [135.52097083, 34.624865], [135.52092222, 34.62479167], [135.52075111000002, 34.62453389], [135.52065973, 34.62435695], [135.52031973, 34.62369889], [135.52029944, 34.62366], [135.52027611, 34.62361444], [135.51985222, 34.62279472], [135.51982, 34.62273223], [135.51980139000003, 34.62269639], [135.51977694, 34.62264889], [135.51904501, 34.62123223], [135.51898306, 34.62111249], [135.51893406, 34.62098492], [135.51880423000003, 34.6207348], [135.51855263000002, 34.62023295], [135.51827992000003, 34.6196912], [135.51802428, 34.61919433], [135.51784114, 34.6189002], [135.51758403000002, 34.61846316], [135.51666667, 34.616919], [135.51651674000001, 34.61666667], [135.51624314, 34.61620608], [135.51619436000001, 34.61612695], [135.51595611000002, 34.61614222], [135.51556639, 34.61616805], [135.51511167, 34.61618583], [135.51452944000002, 34.61623111], [135.51452112, 34.61623167], [135.51428973, 34.61624972], [135.51377167, 34.61629], [135.51370584000003, 34.61629528], [135.51329944000003, 34.61632695], [135.51319555, 34.616335], [135.51314, 34.61633916], [135.51204528000002, 34.61642444], [135.51195584, 34.61643195], [135.51187445000002, 34.61643861], [135.51184139000003, 34.61644139], [135.51123083000002, 34.61649195], [135.51062834, 34.61654195], [135.51048555, 34.61655389], [135.50992805, 34.6166], [135.50986222, 34.61660556], [135.50981528000003, 34.61660944], [135.50898961000001, 34.61666667], [135.50869694000002, 34.61668695], [135.50870278000002, 34.61675639], [135.50871056, 34.61685195], [135.50871861000002, 34.61694944], [135.50873027000003, 34.61733389], [135.50874611, 34.61785111], [135.50874805, 34.61792056], [135.50875694, 34.61820667], [135.50875861, 34.61826361], [135.50876917, 34.61861361], [135.50876917, 34.61903111], [135.50857445000003, 34.61931167], [135.50873278000003, 34.62047444], [135.50875139000001, 34.62060916], [135.50875834, 34.62066056], [135.50884195, 34.62126805], [135.50884861, 34.62131833], [135.50885361000002, 34.62135444], [135.50893834000001, 34.62197056], [135.50895528, 34.62209277], [135.50898528000002, 34.62231195], [135.50894944, 34.62234778], [135.50881083000002, 34.62235833], [135.50877778000003, 34.62236056], [135.50872501, 34.62236472], [135.50863167, 34.62237167], [135.50833333000003, 34.62240078], [135.50759278, 34.62247305], [135.50749528000003, 34.622505], [135.50747639000002, 34.62251111], [135.50736555, 34.62254778], [135.50648778000001, 34.62283611], [135.50645083, 34.62284805], [135.50641306, 34.62286056], [135.5052075, 34.62325695], [135.50517501000002, 34.62326749], [135.50513555, 34.62328056], [135.50505278000003, 34.62330777], [135.50419667, 34.62356028], [135.50414722, 34.623575], [135.50303083000003, 34.62390444], [135.50302222, 34.62390695], [135.50232888000002, 34.62411139], [135.50227389000003, 34.62412777], [135.50222667, 34.62414167], [135.50147389000003, 34.62436389], [135.50103278000003, 34.62448277], [135.50098195, 34.62449667], [135.50093222, 34.62451], [135.50076667000002, 34.62455472], [135.5, 34.6247895], [135.49979888000001, 34.62485111], [135.49974694000002, 34.62486695], [135.49973445, 34.62487083], [135.49948917, 34.62491249], [135.49923694, 34.62489472], [135.49910278000002, 34.62485916], [135.4990425, 34.62484333], [135.49873888000002, 34.62476333], [135.49841584, 34.62463639], [135.49833568, 34.62460487], [135.49799555, 34.62447111], [135.49788611, 34.62441278], [135.49780508, 34.62436942], [135.49768834000002, 34.62430695], [135.49744611, 34.62417749], [135.49739944, 34.62415249], [135.49719222000002, 34.62404167]]]]}}, {"type": "Feature", "properties": {"N03_001": "大阪府", "N03_002": "", "N03_003": "大阪市", "N03_004": "住吉区", "N03_007": "27120"}, "geometry": {"type": "MultiPolygon", "coordinates": [[[[135.48696195000002, 34.59601416], [135.48697361, 34.59604695], [135.48697822000003, 34.59605996], [135.48701713, 34.59616973], [135.48721861, 34.59673805], [135.48729416, 34.59695195], [135.48738722000002, 34.59721389], [135.48739167, 34.59722722], [135.48740667, 34.59726889], [135.48767306000002, 34.59802083], [135.48768805, 34.59806333], [135.48771888000002, 34.59815111], [135.48775389000002, 34.59824278], [135.48792973, 34.59870528], [135.48808944, 34.59912472], [135.48810917, 34.59917639], [135.48822501, 34.59948083], [135.48823888, 34.59951749], [135.48825278, 34.59955389], [135.48839027000002, 34.59991556], [135.48841689, 34.6], [135.48844027, 34.60007416], [135.48845805000002, 34.60013028], [135.48847333, 34.60017889], [135.48854888000002, 34.60041833], [135.48856750000002, 34.60047778], [135.48859167, 34.60055444], [135.48864112, 34.60071083], [135.48865722, 34.60076167], [135.48866834000003, 34.6007975], [135.48876667000002, 34.60110916], [135.48899973000002, 34.60199444], [135.4893725, 34.60347749], [135.48938472, 34.60352639], [135.48939694, 34.60357528], [135.48951584000002, 34.60404777], [135.48968584000002, 34.60478], [135.48973333, 34.60498416], [135.48978167, 34.60519277], [135.48985389, 34.60550333], [135.48986083000003, 34.60553361], [135.49006278000002, 34.60640249], [135.49007528, 34.60644861], [135.49008889, 34.60649916], [135.49009944000002, 34.60653777], [135.49039222, 34.60761667], [135.49041278, 34.60769277], [135.49058669000001, 34.60833333], [135.49068389, 34.60869139], [135.49068778000003, 34.60870583], [135.49069278000002, 34.60872723], [135.49070167, 34.60876667], [135.49079694000002, 34.60918305], [135.49081501, 34.60926305], [135.49085056, 34.60941805], [135.49093722, 34.60974028], [135.49098667, 34.60992472], [135.49084306, 34.60995223], [135.49057445000003, 34.61000333], [135.4905325, 34.61001139], [135.49047083000002, 34.61002305], [135.49017917, 34.61007861], [135.49004973, 34.61011889], [135.49000472, 34.61013305], [135.48996278, 34.61014611], [135.48978778000003, 34.61020083], [135.48976778000002, 34.61020695], [135.48931528000003, 34.61031889], [135.48927501, 34.61032889], [135.48932834000001, 34.61052028], [135.48936805, 34.61066249], [135.48937889, 34.61069833], [135.48945278000002, 34.61093944], [135.48953112, 34.61119528], [135.48953389000002, 34.61120611], [135.48955778, 34.61129695], [135.48957861, 34.61137556], [135.48966306, 34.61169583], [135.48981834000003, 34.61227305], [135.48983306000002, 34.61230944], [135.48986416, 34.61238749], [135.48993917, 34.61257444], [135.49011722, 34.61301723], [135.49016361, 34.61312], [135.49023361000002, 34.61336389], [135.49028, 34.61363972], [135.49033445, 34.61381305], [135.49045056, 34.61428139], [135.49054501, 34.61460556], [135.49086584000003, 34.61570556], [135.49090973, 34.61589805], [135.49096694000002, 34.61614833], [135.49109109, 34.61666667], [135.49112222, 34.61679667], [135.49119584000002, 34.61703389], [135.49128888, 34.61734195], [135.49130445, 34.61761111], [135.49128111000002, 34.617855], [135.49130445, 34.61807972], [135.49137445000002, 34.61835305], [135.49138584000002, 34.61839639], [135.49139389, 34.61842833], [135.4914675, 34.618715], [135.49151584, 34.61885861], [135.49152528000002, 34.61888695], [135.49162278000003, 34.61917695], [135.49166416, 34.61931639], [135.49166667, 34.61932461], [135.49167083, 34.61933833], [135.49168501000003, 34.61938556], [135.49175083000003, 34.61960695], [135.49178944000002, 34.61975667], [135.49180027000003, 34.61979833], [135.49181056, 34.61983777], [135.49183667, 34.61993861], [135.49186639, 34.62005389], [135.49203778000003, 34.62071667], [135.49219306, 34.621275], [135.49222167, 34.62137444], [135.49222861, 34.62139805], [135.49223944000002, 34.62143556], [135.49224778, 34.62146416], [135.49252027000003, 34.62240472], [135.49254139, 34.62247722], [135.49259278000002, 34.62265416], [135.49278501, 34.62327111], [135.49278696000002, 34.62327744], [135.49284, 34.62344778], [135.49308416, 34.62343], [135.49349944000002, 34.62339944], [135.49376917, 34.62337972], [135.49425250000002, 34.62331195], [135.49451306, 34.623315], [135.4945175, 34.623315], [135.4947075, 34.62331723], [135.49497944, 34.62339028], [135.49513111000002, 34.62346333], [135.49529555, 34.6235], [135.49570071000002, 34.62352798], [135.49582639000002, 34.62353667], [135.49606973000002, 34.62355222], [135.49636056, 34.62372472], [135.49674445000002, 34.6239025], [135.49684501000002, 34.62394916], [135.49686973000001, 34.62396083], [135.49694416, 34.62399528], [135.49697445, 34.62400083], [135.49702611, 34.62401056], [135.4971275, 34.62402944], [135.49719222000002, 34.62404167], [135.49739944, 34.62415249], [135.49744611, 34.62417749], [135.49768834000002, 34.62430695], [135.49780508, 34.62436942], [135.49788611, 34.62441278], [135.49799555, 34.62447111], [135.49833568, 34.62460487], [135.49841584, 34.62463639], [135.49873888000002, 34.62476333], [135.4990425, 34.62484333], [135.49910278000002, 34.62485916], [135.49923694, 34.62489472], [135.49948917, 34.62491249], [135.49973445, 34.62487083], [135.49974694000002, 34.62486695], [135.49979888000001, 34.62485111], [135.5, 34.6247895], [135.50076667000002, 34.62455472], [135.50093222, 34.62451], [135.50098195, 34.62449667], [135.50103278000003, 34.62448277], [135.50147389000003, 34.62436389], [135.50222667, 34.62414167], [135.50227389000003, 34.62412777], [135.50232888000002, 34.62411139], [135.50302222, 34.62390695], [135.50303083000003, 34.62390444], [135.50414722, 34.623575], [135.50419667, 34.62356028], [135.50505278000003, 34.62330777], [135.50513555, 34.62328056], [135.50517501000002, 34.62326749], [135.5052075, 34.62325695], [135.50641306, 34.62286056], [135.50645083, 34.62284805], [135.50648778000001, 34.62283611], [135.50736555, 34.62254778], [135.50747639000002, 34.62251111], [135.50749528000003, 34.622505], [135.50759278, 34.62247305], [135.50833333000003, 34.62240078], [135.50863167, 34.62237167], [135.50872501, 34.62236472], [135.50877778000003, 34.62236056], [135.50881083000002, 34.62235833], [135.50894944, 34.62234778], [135.50898528000002, 34.62231195], [135.50895528, 34.62209277], [135.50893834000001, 34.62197056], [135.50885361000002, 34.62135444], [135.50884861, 34.62131833], [135.50884195, 34.62126805], [135.50875834, 34.62066056], [135.50875139000001, 34.62060916], [135.50873278000003, 34.62047444], [135.50857445000003, 34.61931167], [135.50876917, 34.61903111], [135.50876917, 34.61861361], [135.50875861, 34.61826361], [135.50875694, 34.61820667], [135.50874805, 34.61792056], [135.50874611, 34.61785111], [135.50873027000003, 34.61733389], [135.50871861000002, 34.61694944], [135.50871056, 34.61685195], [135.50870278000002, 34.61675639], [135.50869694000002, 34.61668695], [135.50898961000001, 34.61666667], [135.50981528000003, 34.61660944], [135.50986222, 34.61660556], [135.50992805, 34.6166], [135.51048555, 34.61655389], [135.51062834, 34.61654195], [135.51123083000002, 34.61649195], [135.51184139000003, 34.61644139], [135.51187445000002, 34.61643861], [135.51195584, 34.61643195], [135.51204528000002, 34.61642444], [135.51314, 34.61633916], [135.51319555, 34.616335], [135.51329944000003, 34.61632695], [135.51370584000003, 34.61629528], [135.51377167, 34.61629], [135.51428973, 34.61624972], [135.51452112, 34.61623167], [135.51452944000002, 34.61623111], [135.51511167, 34.61618583], [135.51556639, 34.61616805], [135.51595611000002, 34.61614222], [135.51619436000001, 34.61612695], [135.51557742000003, 34.61512956], [135.51522222, 34.61456297], [135.51479158, 34.61388339], [135.51440031, 34.61324959], [135.51439, 34.61314611], [135.51434278000002, 34.61267805], [135.51424472, 34.61170333], [135.51421361, 34.61139333], [135.51403416, 34.60989416], [135.51401501, 34.60973556], [135.51399, 34.60952611], [135.51420667, 34.60951861], [135.51433639, 34.60951416], [135.51434944000002, 34.60951389], [135.51469, 34.60950805], [135.51666667, 34.60950183], [135.51937472, 34.60949333], [135.52041834000002, 34.6094875], [135.52363944, 34.60946944], [135.52364501000002, 34.60929611], [135.52364888000002, 34.60917749], [135.52366805, 34.60857472], [135.52327139000002, 34.60853889], [135.52291056, 34.60852695], [135.52290815, 34.60833333], [135.52290639, 34.60819389], [135.52290584000002, 34.60814223], [135.52290333000002, 34.60794833], [135.52293944000002, 34.60781722], [135.52304027000002, 34.60765611], [135.52305472, 34.60739972], [135.52292528, 34.60714916], [135.52279528000003, 34.60703583], [135.52279528000003, 34.60677944], [135.52278083000002, 34.60601], [135.52248834000002, 34.60565667], [135.52248805000002, 34.60565639], [135.52240555, 34.60555667], [135.52240973, 34.60543223], [135.52242722, 34.60491833], [135.52244888, 34.60424444], [135.52273027, 34.60423249], [135.52273694000002, 34.60411305], [135.52274083, 34.6040425], [135.52278778000002, 34.60320222], [135.52279027000003, 34.60315972], [135.52279528000003, 34.60306916], [135.52279639000002, 34.60300667], [135.52280639000003, 34.60235361], [135.52280973, 34.60213889], [135.52284167000002, 34.60137639], [135.52284584000003, 34.60128], [135.52290361000001, 34.60101749], [135.52292861, 34.60076222], [135.52293973, 34.60064749], [135.52294358, 34.6], [135.52294694000003, 34.59946056], [135.52294501, 34.59940556], [135.52292528, 34.59887], [135.52287834, 34.59847056], [135.52287278000003, 34.59842416], [135.52285306000002, 34.59825556], [135.52281, 34.59811389], [135.52271834, 34.59781333], [135.52270639000002, 34.59777444], [135.52264389, 34.59756972], [135.52259361, 34.59740277], [135.52254306, 34.59713444], [135.52253861, 34.59700167], [135.52250778, 34.59610749], [135.52250667, 34.59574], [135.52250555, 34.59534472], [135.52250445, 34.59506611], [135.52250306000002, 34.594575], [135.52199, 34.59433528], [135.52118694, 34.59396028], [135.51951722, 34.59324944], [135.51885445000002, 34.59296723], [135.51852973, 34.59279444], [135.51841611, 34.59272472], [135.51805361, 34.59250195], [135.51757750000002, 34.59216195], [135.51687433, 34.59166667], [135.51666667, 34.59152039], [135.51664639, 34.59150611], [135.51611973, 34.59121972], [135.51522778000003, 34.59077611], [135.51508805, 34.59070667], [135.51478667, 34.59057611], [135.51478416, 34.59057528], [135.51416416, 34.59030695], [135.51380333000003, 34.59018167], [135.51312501, 34.58999083], [135.51267778000002, 34.58974028], [135.51256528000002, 34.58968333], [135.51161694, 34.58920333], [135.51080167, 34.58887556], [135.50998639000002, 34.58857139], [135.50883888, 34.58809416], [135.50833333000003, 34.58789903], [135.50808112, 34.58780167], [135.50781416, 34.58768833], [135.50731639000003, 34.58740222], [135.50666694, 34.58694277], [135.50630611, 34.58675778], [135.50587611, 34.58659916], [135.50515056, 34.58643056], [135.50444722, 34.58630056], [135.50407805, 34.58623277], [135.50333333, 34.58615361], [135.50286861, 34.58615916], [135.50277759, 34.58616075], [135.50256445000002, 34.58616444], [135.50222639, 34.58617056], [135.50185083000002, 34.58628916], [135.50161694000002, 34.58634861], [135.50142722, 34.58639667], [135.50122694, 34.58647972], [135.50110501, 34.58655056], [135.50105111000002, 34.58659916], [135.50080584000003, 34.58676583], [135.50037278000002, 34.58703444], [135.50036333000003, 34.58704111], [135.50009139000002, 34.58723111], [135.5, 34.5873235], [135.49976667, 34.58755944], [135.49948023000002, 34.58787781], [135.49934805, 34.58802472], [135.49902195, 34.58848639], [135.49877083, 34.58884167], [135.49859750000002, 34.58916972], [135.49850389000002, 34.58941416], [135.49836087, 34.58984873], [135.49830167000002, 34.59002861], [135.49808528000003, 34.59075056], [135.49777642, 34.59166667], [135.49773278, 34.59179611], [135.4977106, 34.59186182], [135.49766694000002, 34.59199111], [135.49747111000002, 34.59246805], [135.49739278, 34.59265916], [135.49729172000002, 34.59279157], [135.49719306, 34.59292083], [135.49709278000003, 34.5930086], [135.49668973, 34.59336139], [135.49636722, 34.59361139], [135.49633639, 34.59363416], [135.49622027, 34.59371944], [135.49614056000001, 34.59377777], [135.49608191000002, 34.59381775], [135.49582306000002, 34.59399416], [135.49525139000002, 34.59431083], [135.49448745, 34.59460882], [135.49444027, 34.59462723], [135.49431139, 34.59465749], [135.49428802, 34.59466296], [135.49394167, 34.59474389], [135.49366472, 34.59478139], [135.4933775, 34.59481472], [135.49335611, 34.59481749], [135.49249834000003, 34.59492723], [135.49190389, 34.59503972], [135.49172389, 34.59508083], [135.49166667, 34.59509389], [135.49093667, 34.59526028], [135.48993083000002, 34.59547695], [135.48965973, 34.59553528], [135.48876778000002, 34.595685], [135.48851584000002, 34.59573916], [135.48720639, 34.59597083], [135.48696195000002, 34.59601416]]]]}}, {"type": "Feature", "properties": {"N03_001": "大阪府", "N03_002": "", "N03_003": "大阪市", "N03_004": "東住吉区", "N03_007": "27121"}, "geometry": {"type": "MultiPolygon", "coordinates": [[[[135.51440031, 34.61324959], [135.51479158, 34.61388339], [135.51522222, 34.61456297], [135.51557742000003, 34.61512956], [135.51619436000001, 34.61612695], [135.51624314, 34.61620608], [135.51651674000001, 34.61666667], [135.51666667, 34.616919], [135.51758403000002, 34.61846316], [135.51784114, 34.6189002], [135.51802428, 34.61919433], [135.51827992000003, 34.6196912], [135.51855263000002, 34.62023295], [135.51880423000003, 34.6207348], [135.51893406, 34.62098492], [135.51898306, 34.62111249], [135.51904501, 34.62123223], [135.51977694, 34.62264889], [135.51980139000003, 34.62269639], [135.51982, 34.62273223], [135.51985222, 34.62279472], [135.52027611, 34.62361444], [135.52029944, 34.62366], [135.52031973, 34.62369889], [135.52065973, 34.62435695], [135.52075111000002, 34.62453389], [135.52092222, 34.62479167], [135.52097083, 34.624865], [135.52104694000002, 34.62498], [135.52106027000002, 34.625], [135.52111917, 34.62508861], [135.52149694000002, 34.62599277], [135.52150917, 34.62602223], [135.52152584, 34.62606195], [135.52166, 34.62638278], [135.52195778, 34.62705028], [135.52199333000002, 34.62712944], [135.52230639, 34.62783111], [135.52233917, 34.62790416], [135.52248278000002, 34.62822611], [135.52252667000002, 34.62832472], [135.52254, 34.62835416], [135.52290222, 34.62916472], [135.52291861, 34.62920111], [135.52329834000003, 34.63005139], [135.52333805, 34.630155], [135.52334416, 34.63017056], [135.52344361000002, 34.63043167], [135.52344389, 34.63043223], [135.52345, 34.63044805], [135.52352888000001, 34.63065416], [135.52354834000002, 34.63070444], [135.52358445000002, 34.63079916], [135.52360027000003, 34.63084056], [135.52361501000001, 34.63087861], [135.52384944000002, 34.63149], [135.52389333000002, 34.631605], [135.52392639, 34.63169139], [135.52398361000002, 34.63184056], [135.5240325, 34.63216139], [135.52403944000002, 34.63220583], [135.52407306, 34.63242639], [135.5240775, 34.632455], [135.52409472, 34.632885], [135.52409584000003, 34.632915], [135.5241, 34.63302028], [135.52410112, 34.63305444], [135.52410306000002, 34.63309972], [135.52411228000003, 34.63333333], [135.52412778000001, 34.63372583], [135.52413389, 34.63412667], [135.52413528000002, 34.63420944], [135.52414416, 34.63478833], [135.52414555000001, 34.63486667], [135.52415667, 34.63559277], [135.52415861, 34.63567167], [135.52415973, 34.63570861], [135.52417445, 34.6362775], [135.52418139000002, 34.63653833], [135.52418278000002, 34.63659556], [135.52418361, 34.63662472], [135.52420722, 34.63753111], [135.525, 34.63734741], [135.52505834000002, 34.63733389], [135.52509944000002, 34.63732444], [135.52513445000002, 34.63731611], [135.52560834000002, 34.63720639], [135.52565528000002, 34.63719556], [135.52569694000002, 34.63718583], [135.52575139, 34.63717333], [135.52580861, 34.63732889], [135.52592445000002, 34.63764444], [135.52597333000003, 34.63774528], [135.52600805, 34.63781695], [135.52615361, 34.63811805], [135.52624389000002, 34.63830444], [135.52659027, 34.63902028], [135.5266125, 34.63906639], [135.52671834000003, 34.63928472], [135.52688528000002, 34.63961889], [135.52690278000003, 34.63965361], [135.5270925, 34.64003333], [135.52755805, 34.64096556], [135.52757501000002, 34.64099916], [135.52766333000002, 34.64117583], [135.52777694000002, 34.64139444], [135.52791820000002, 34.64166667], [135.52793528, 34.64169972], [135.52796667, 34.64176028], [135.52811167000002, 34.64193778], [135.5282975, 34.64216556], [135.52837056, 34.64225528], [135.52843111, 34.64237139], [135.52844861, 34.64240472], [135.52846445, 34.64243472], [135.52880361, 34.64308444], [135.52905555, 34.64359833], [135.52907528000003, 34.64363833], [135.52935917, 34.64421778], [135.52937027000002, 34.64424056], [135.5294775, 34.64445916], [135.52963, 34.64434389], [135.52969778000002, 34.64429277], [135.53050694, 34.64368083], [135.53069083000003, 34.64354277], [135.53071667, 34.64352333], [135.53166389, 34.64281249], [135.53202445000002, 34.64254167], [135.53214306, 34.64245278], [135.53262056, 34.64209444], [135.53285917, 34.64191528], [135.53313992000002, 34.64166667], [135.53333333, 34.64149541], [135.53346555000002, 34.64137833], [135.53372528000003, 34.64109223], [135.53380805, 34.64098056], [135.53384222, 34.64093416], [135.53410056, 34.640585], [135.53429861, 34.64029861], [135.53431694000002, 34.64027195], [135.53439611000002, 34.64015777], [135.53447584000003, 34.64004223], [135.53484083, 34.63952195], [135.53485528000002, 34.63950111], [135.53505306, 34.63921916], [135.53507027, 34.63921333], [135.53509555, 34.639205], [135.53535611, 34.63911778], [135.53547973, 34.63955805], [135.53551501, 34.63968444], [135.53562333000002, 34.64022111], [135.53563694000002, 34.64022944], [135.53577416000002, 34.64031277], [135.53583056000002, 34.64034695], [135.53622195000003, 34.640585], [135.53624416, 34.6405975], [135.53673278000002, 34.64086916], [135.53686278, 34.64094139], [135.53734778000003, 34.64121139], [135.53756333, 34.64126167], [135.53767973, 34.64128889], [135.53792501, 34.64127111], [135.53904083, 34.64114], [135.53919501000001, 34.64112195], [135.54133834, 34.64085972], [135.54166667, 34.64081995], [135.54468639, 34.64045416], [135.54474416, 34.64034667], [135.54475139000002, 34.64021556], [135.54470083, 34.63973833], [135.54457834000002, 34.63935083], [135.54453501, 34.63921333], [135.54453501, 34.63873639], [135.54460445, 34.63860805], [135.54462861000002, 34.63856333], [135.54488139000003, 34.63818749], [135.54506167, 34.63811], [135.54510888000002, 34.63811195], [135.54511667, 34.63811223], [135.54518027000003, 34.638115], [135.54534306000002, 34.63812195], [135.54537611, 34.63812833], [135.54550584000003, 34.63815305], [135.54555528000003, 34.6381625], [135.54574694000002, 34.63819944], [135.54596361, 34.63836639], [135.54646139000002, 34.6378475], [135.54684805, 34.63751111], [135.54701, 34.63737028], [135.54705973, 34.63734056], [135.54768111, 34.63697083], [135.54768973, 34.63687305], [135.54770639, 34.63668111], [135.54771112, 34.63662611], [135.54771389, 34.63659639], [135.54771861, 34.63654167], [135.54773167000002, 34.63639223], [135.54765555, 34.636315], [135.54761111000002, 34.63626972], [135.54725722, 34.63591056], [135.54721083, 34.63586333], [135.54684083, 34.63548805], [135.54618083000003, 34.63481749], [135.54610389, 34.63474083], [135.54600805, 34.63464556], [135.54540306, 34.63404361], [135.54525611, 34.63389749], [135.54490973, 34.63355277], [135.54482639000003, 34.63347], [135.54479389000002, 34.6334375], [135.54468925, 34.63333333], [135.54444778, 34.63309305], [135.54440361000002, 34.63304916], [135.54437694, 34.63302333], [135.54423416, 34.63288195], [135.54416555, 34.63281444], [135.54382, 34.63247277], [135.54377112, 34.63232749], [135.54375333000002, 34.63227444], [135.54373361, 34.63221611], [135.54371917, 34.63191195], [135.54371278000002, 34.63147528], [135.54371222, 34.63143111], [135.54370584000003, 34.63099195], [135.54370139000002, 34.6306825], [135.54370083, 34.63065444], [135.5436975, 34.630415], [135.5436975, 34.62856], [135.54369584000003, 34.62841639], [135.54369333000002, 34.62819723], [135.54368861, 34.62780249], [135.54368834000002, 34.62776583], [135.54367584000002, 34.62669278], [135.5436775, 34.62634805], [135.54367888000002, 34.62607749], [135.54367944, 34.62599611], [135.54367973, 34.62591167], [135.54368250000002, 34.6254025], [135.54368306, 34.62527333], [135.54355445000002, 34.62527249], [135.54257139, 34.62526639], [135.54246889, 34.62526583], [135.54240750000002, 34.62526556], [135.54230555, 34.625265], [135.54208167000002, 34.62526361], [135.54166667, 34.62526092], [135.54156944000002, 34.62526028], [135.54146056000002, 34.62525972], [135.54074472, 34.62525528], [135.54073888000002, 34.62525528], [135.54073489, 34.625], [135.54073416, 34.62495333], [135.54073167, 34.62480195], [135.54073639, 34.62449528], [135.54074306, 34.624075], [135.54074472, 34.62397611], [135.54075027000002, 34.62362389], [135.54075167, 34.62353916], [135.54075611000002, 34.62325028], [135.54076056000002, 34.62297861], [135.54076056000002, 34.62177777], [135.54076056000002, 34.62141056], [135.54076083, 34.62107972], [135.54076389000002, 34.62091723], [135.54077472, 34.62036667], [135.54078834, 34.61966556], [135.54079416, 34.61937944], [135.54079555, 34.61930305], [135.54079694, 34.61923083], [135.54079611, 34.61904667], [135.54079528000003, 34.61876749], [135.54079472, 34.61865444], [135.54079445000002, 34.61860833], [135.54079278000003, 34.61818944], [135.54079278000003, 34.61815277], [135.54079222000001, 34.617995], [135.54078973, 34.61736389], [135.54078973, 34.61666667], [135.54078973, 34.61550278], [135.54081139000002, 34.61511528], [135.54086917, 34.61493028], [135.54102778, 34.61450083], [135.54103278000002, 34.61447028], [135.54107111000002, 34.61423833], [135.54106389, 34.61401749], [135.54101333000003, 34.61364777], [135.54097, 34.61318249], [135.54096278000003, 34.61292], [135.54095805, 34.61279361], [135.54095278000003, 34.61265611], [135.54091973, 34.61178083], [135.54091584000003, 34.61145667], [135.54091139000002, 34.61106222], [135.54091, 34.61092805], [135.54090778000003, 34.61075389], [135.54089834, 34.60995556], [135.5408825, 34.60967972], [135.54086944000002, 34.60945444], [135.54166667, 34.60944187], [135.5427525, 34.60942472], [135.54282389000002, 34.60942416], [135.54305555000002, 34.60942249], [135.54313056, 34.60942223], [135.54363306000002, 34.60941861], [135.54363416, 34.60931972], [135.54363501, 34.60923528], [135.54364278000003, 34.60849056], [135.54364448, 34.60833333], [135.54364501, 34.60828333], [135.54364555, 34.60824249], [135.54364639000002, 34.60815333], [135.54364750000002, 34.60806889], [135.54364750000002, 34.60805889], [135.54364555, 34.60798444], [135.54362889, 34.60738416], [135.54359694000001, 34.60621556], [135.54360222, 34.60599223], [135.54360861, 34.60571611], [135.54362861, 34.60486972], [135.54364027000003, 34.60436667], [135.54363805, 34.60376056], [135.54363528000002, 34.60303667], [135.54363472, 34.60286195], [135.54363333, 34.60251167], [135.54363333, 34.60065667], [135.54363306000002, 34.60065111], [135.54363167, 34.60060889], [135.54362778, 34.60049583], [135.54362472, 34.60041723], [135.54362139000003, 34.60031833], [135.54361944000001, 34.60026528], [135.54361639, 34.600175], [135.54361020000002, 34.6], [135.5435975, 34.59964083], [135.54359722, 34.59963639], [135.54346278000003, 34.59942416], [135.54166667, 34.59939353], [135.53997722, 34.59936472], [135.53859195, 34.59934083], [135.53850667, 34.59937805], [135.53845222, 34.59940195], [135.53834667, 34.59944805], [135.53693944000003, 34.59942416], [135.53688888000002, 34.59929305], [135.53646306000002, 34.59926916], [135.53551778000002, 34.59922749], [135.53476027000002, 34.59918528], [135.53472834000002, 34.59909861], [135.53468805, 34.59898889], [135.53333333, 34.59885644], [135.53297778, 34.59882167], [135.53273195000003, 34.59878861], [135.53231416, 34.59873222], [135.53196778000003, 34.59867861], [135.53198722, 34.59853], [135.53200389000003, 34.59840416], [135.53149861, 34.59830861], [135.53150778000003, 34.59825111], [135.5315875, 34.59775], [135.53166306, 34.59727695], [135.53171528000001, 34.59694861], [135.53175472, 34.59665833], [135.53178, 34.59647139], [135.53117027000002, 34.59636111], [135.5310925, 34.59634695], [135.53108722, 34.59634611], [135.53100805, 34.59613167], [135.53100056000002, 34.59609944], [135.53095027, 34.59588111], [135.53075528000002, 34.59552916], [135.5307625, 34.59508749], [135.53076973, 34.59484889], [135.53038750000002, 34.59479528], [135.53034139000002, 34.59469639], [135.53016389, 34.59431777], [135.53004111, 34.59405556], [135.53005861, 34.59392333], [135.53010805, 34.59354833], [135.53015667, 34.59317889], [135.53030889000001, 34.59225056], [135.53040453, 34.59166667], [135.53045973000002, 34.59132972], [135.53048, 34.59120223], [135.53048555, 34.59116639], [135.53052472, 34.59091833], [135.53039501, 34.59091277], [135.53036027000002, 34.59091111], [135.53025056, 34.59090639], [135.53013073000002, 34.59166667], [135.53011445, 34.59177], [135.53007501000002, 34.59202223], [135.53005973, 34.59211777], [135.53004056, 34.59224056], [135.53001694000002, 34.59239111], [135.53000834000002, 34.59244444], [135.53000222, 34.59248277], [135.52999, 34.59256056], [135.52998083000003, 34.59261972], [135.52995917, 34.59275749], [135.52994917, 34.59282], [135.52993222, 34.59292777], [135.52992083, 34.59300139], [135.5298825, 34.59324444], [135.52972416, 34.59411444], [135.52970834, 34.59420111], [135.52969472, 34.59427639], [135.52953611, 34.59441361], [135.52926667, 34.5944675], [135.52887944000003, 34.59454472], [135.52833722, 34.59463833], [135.52808555000001, 34.59468195], [135.52770306000002, 34.5947], [135.52741888000003, 34.59493833], [135.52738, 34.59497083], [135.52720501000002, 34.59511749], [135.52719501, 34.59513167], [135.52696, 34.59546333], [135.52662555, 34.59599249], [135.52657056, 34.59607972], [135.52636834, 34.59639972], [135.525, 34.59575089], [135.52362611, 34.59509944], [135.52250306000002, 34.594575], [135.52250445, 34.59506611], [135.52250555, 34.59534472], [135.52250667, 34.59574], [135.52250778, 34.59610749], [135.52253861, 34.59700167], [135.52254306, 34.59713444], [135.52259361, 34.59740277], [135.52264389, 34.59756972], [135.52270639000002, 34.59777444], [135.52271834, 34.59781333], [135.52281, 34.59811389], [135.52285306000002, 34.59825556], [135.52287278000003, 34.59842416], [135.52287834, 34.59847056], [135.52292528, 34.59887], [135.52294501, 34.59940556], [135.52294694000003, 34.59946056], [135.52294358, 34.6], [135.52293973, 34.60064749], [135.52292861, 34.60076222], [135.52290361000001, 34.60101749], [135.52284584000003, 34.60128], [135.52284167000002, 34.60137639], [135.52280973, 34.60213889], [135.52280639000003, 34.60235361], [135.52279639000002, 34.60300667], [135.52279528000003, 34.60306916], [135.52279027000003, 34.60315972], [135.52278778000002, 34.60320222], [135.52274083, 34.6040425], [135.52273694000002, 34.60411305], [135.52273027, 34.60423249], [135.52244888, 34.60424444], [135.52242722, 34.60491833], [135.52240973, 34.60543223], [135.52240555, 34.60555667], [135.52248805000002, 34.60565639], [135.52248834000002, 34.60565667], [135.52278083000002, 34.60601], [135.52279528000003, 34.60677944], [135.52279528000003, 34.60703583], [135.52292528, 34.60714916], [135.52305472, 34.60739972], [135.52304027000002, 34.60765611], [135.52293944000002, 34.60781722], [135.52290333000002, 34.60794833], [135.52290584000002, 34.60814223], [135.52290639, 34.60819389], [135.52290815, 34.60833333], [135.52291056, 34.60852695], [135.52327139000002, 34.60853889], [135.52366805, 34.60857472], [135.52364888000002, 34.60917749], [135.52364501000002, 34.60929611], [135.52363944, 34.60946944], [135.52041834000002, 34.6094875], [135.51937472, 34.60949333], [135.51666667, 34.60950183], [135.51469, 34.60950805], [135.51434944000002, 34.60951389], [135.51433639, 34.60951416], [135.51420667, 34.60951861], [135.51399, 34.60952611], [135.51401501, 34.60973556], [135.51403416, 34.60989416], [135.51421361, 34.61139333], [135.51424472, 34.61170333], [135.51434278000002, 34.61267805], [135.51439, 34.61314611], [135.51440031, 34.61324959]]]]}}, {"type": "Feature", "properties": {"N03_001": "大阪府", "N03_002": "", "N03_003": "大阪市", "N03_004": "西成区", "N03_007": "27122"}, "geometry": {"type": "MultiPolygon", "coordinates": [[[[135.48107888, 34.65501805], [135.4811117, 34.65503646], [135.48175361, 34.65539639], [135.48196521, 34.65551502], [135.48196667, 34.65551583], [135.48224501, 34.65567223], [135.48270584000002, 34.65593056], [135.48285812000003, 34.65601412], [135.48333333000002, 34.65627487], [135.4836525, 34.65645], [135.48377049, 34.65650706], [135.48383056, 34.65653611], [135.48398056000002, 34.65660889], [135.48409889, 34.65665472], [135.48424851000001, 34.65671259], [135.48455139, 34.65682972], [135.48482805, 34.65693667], [135.48507, 34.65703028], [135.48506944000002, 34.65702861], [135.48492973, 34.65644916], [135.48495584000003, 34.65618667], [135.48500367000003, 34.6554882], [135.48501501, 34.65541889], [135.48501888, 34.65533195], [135.48502361, 34.65523139], [135.48502667, 34.65516333], [135.48503083000003, 34.65507389], [135.48503694000001, 34.65493833], [135.48504083, 34.65485528], [135.48504472, 34.65476889], [135.48504722, 34.65471528], [135.48507917, 34.65401556], [135.48508167, 34.6539875], [135.48508445000002, 34.65395723], [135.48509416000002, 34.65384695], [135.48510111000002, 34.65377139], [135.48510555000001, 34.65372], [135.48512195, 34.65353889], [135.48512528000003, 34.65350028], [135.48515222, 34.65320167], [135.48517167, 34.652985], [135.48518722, 34.65281028], [135.48521278, 34.65252556], [135.48521805000001, 34.65246916], [135.48522611, 34.65237889], [135.48523722000002, 34.65225528], [135.48524361, 34.65218111], [135.48525056, 34.65210528], [135.48533555, 34.65213722], [135.48539056, 34.65215777], [135.48554472, 34.65221528], [135.48562633, 34.65224598], [135.48570861000002, 34.65227695], [135.48583528000003, 34.65232416], [135.48608528000003, 34.65241778], [135.48625889000002, 34.65249667], [135.48626083000002, 34.65249749], [135.48695501, 34.65282444], [135.48703027000002, 34.65288028], [135.48705639000002, 34.65289972], [135.48709888000002, 34.65293111], [135.48715027000003, 34.65296944], [135.48722834000003, 34.65302723], [135.48729778, 34.65307889], [135.48731805, 34.65309889], [135.48732333, 34.65310416], [135.48734861, 34.65312889], [135.48738584000003, 34.653165], [135.4874825, 34.65326], [135.48771083000003, 34.65352889], [135.48783389000002, 34.65370333], [135.48816027, 34.65372749], [135.48822380000001, 34.65373218], [135.48862056000002, 34.65376139], [135.48894555, 34.65374695], [135.48909306000002, 34.65375916], [135.48929694, 34.65377583], [135.48980667, 34.65373944], [135.49002639000003, 34.65371056], [135.49027667000001, 34.65368556], [135.49040361000002, 34.65367277], [135.49060639, 34.6536525], [135.49092278000003, 34.65357972], [135.49142389000002, 34.65345639], [135.49158445, 34.65340777], [135.49162416000001, 34.65339556], [135.49166667, 34.65338277], [135.49168056000002, 34.65337861], [135.49185445, 34.65332583], [135.49206501, 34.65320944], [135.49245611, 34.65303528], [135.49254611, 34.65298667], [135.49259973, 34.65295777], [135.49263722, 34.65293777], [135.49303611000002, 34.65272278], [135.49351361, 34.65237667], [135.49353722, 34.65235944], [135.49355250000002, 34.65234249], [135.49360501, 34.65228389], [135.49373917, 34.65213444], [135.49402944000002, 34.65185833], [135.49437195000002, 34.65166944], [135.49469805, 34.651555], [135.49481834000002, 34.65151305], [135.49507528, 34.65142277], [135.49552306, 34.65127723], [135.49576973, 34.65121305], [135.49599778, 34.65115389], [135.49641944, 34.65105223], [135.49662611, 34.65102305], [135.49719167, 34.65087056], [135.49730888000002, 34.65081472], [135.49733528000002, 34.65080195], [135.49740306, 34.650785], [135.49765861, 34.65072056], [135.49767667, 34.65071611], [135.49793722, 34.65065056], [135.4980625, 34.65061916], [135.49844944, 34.65052167], [135.49861944, 34.65048028], [135.49877278000002, 34.65044305], [135.49908888000002, 34.65036611], [135.49972639, 34.65021139], [135.49976278000003, 34.65011944], [135.49980988000002, 34.65], [135.49984528000002, 34.64991028], [135.49987639000003, 34.64983167], [135.49995722, 34.64962695], [135.5, 34.64961639], [135.50011278000002, 34.64958861], [135.50039306000002, 34.64951972], [135.50045139000002, 34.64950556], [135.50068584000002, 34.64944749], [135.50075278000003, 34.64943111], [135.50078973, 34.64942195], [135.50250361000002, 34.64899944], [135.50260778000003, 34.64897389], [135.50290917, 34.64889944], [135.50303139000002, 34.64886944], [135.50324139000003, 34.64881833], [135.50357195, 34.64873805], [135.50357722, 34.64873667], [135.50368306000001, 34.64871083], [135.50389, 34.64866056], [135.50543195, 34.64826444], [135.50554167, 34.64823639], [135.50575973, 34.64818028], [135.50590361000002, 34.64814333], [135.50623528000003, 34.64805805], [135.50626472, 34.64805361], [135.50650584000002, 34.64801833], [135.50655027000002, 34.64801167], [135.50671501000002, 34.6479875], [135.50708667, 34.64793278], [135.50750027, 34.64782528], [135.50781694000003, 34.64774305], [135.50785917000002, 34.64773222], [135.50789083, 34.64772389], [135.50833333000003, 34.64760928], [135.50836056, 34.64760223], [135.50833333000003, 34.64753567], [135.50813306, 34.64704611], [135.50795139000002, 34.64660305], [135.50788611000002, 34.64643611], [135.50787, 34.64639444], [135.50785639000003, 34.64636], [135.50780694000002, 34.64623333], [135.50759112, 34.64571249], [135.50757445000002, 34.64567278], [135.50736667, 34.64517167], [135.50725611000001, 34.64486], [135.50724584000002, 34.64483083], [135.50723389, 34.64479667], [135.50720805, 34.64472416], [135.50717917, 34.64443777], [135.50672445, 34.64431861], [135.50673278000002, 34.64420611], [135.50673667, 34.64415249], [135.50678222, 34.64353111], [135.50666667000002, 34.64329861], [135.50644389, 34.64299389], [135.50640333, 34.64293889], [135.5063825, 34.64291], [135.50633501000002, 34.642845], [135.50623416, 34.64261861], [135.50616917, 34.64239195], [135.50610944000002, 34.64214583], [135.50610778, 34.64213944], [135.50609472, 34.64208416], [135.50608973, 34.64206389], [135.50603889, 34.64193139], [135.50597639000003, 34.64176916], [135.50594222, 34.64167972], [135.5059372, 34.64166667], [135.5057, 34.64104972], [135.50564681, 34.64098214], [135.50549805, 34.64079333], [135.50514944000003, 34.64014528], [135.50512694000003, 34.64010361], [135.50509944, 34.64005222], [135.50477861000002, 34.63945556], [135.50473639, 34.63937695], [135.50463195, 34.63918278], [135.50437528000003, 34.63870472], [135.50414167, 34.63827028], [135.50378805, 34.63754277], [135.50370861000002, 34.63735167], [135.50368112, 34.63724611], [135.50367222, 34.63721305], [135.50366361000002, 34.63717944], [135.50365083000003, 34.63713111], [135.50347027, 34.63668972], [135.50332611000002, 34.63637944], [135.50320722, 34.63628416], [135.50316973, 34.63625389], [135.5028425, 34.63599167], [135.50243834000003, 34.63546667], [135.50239528000003, 34.63540028], [135.50224250000002, 34.63516667], [135.50217750000002, 34.63506749], [135.50209944000002, 34.63494805], [135.50200222, 34.63473777], [135.50164445000001, 34.63396277], [135.50149333000002, 34.63363556], [135.50135608, 34.63333333], [135.50132, 34.63325389], [135.50119027000002, 34.63298528], [135.50114694, 34.63279444], [135.50107472, 34.63269305], [135.50100222, 34.63264916], [135.50095472, 34.63262028], [135.5009425, 34.63261277], [135.50090195, 34.63258805], [135.50080056000002, 34.63252639], [135.50069222, 34.63240695], [135.50044, 34.63182833], [135.50023083000002, 34.63122556], [135.50021778, 34.63118749], [135.50020195000002, 34.63114222], [135.5, 34.63051644], [135.49995445000002, 34.63037528], [135.49994056, 34.63033195], [135.49994007, 34.63033042], [135.49992805, 34.63029361], [135.49990008, 34.6302068], [135.49988445000002, 34.63015833], [135.49978333, 34.63002111], [135.49961722, 34.62994944], [135.49941528000002, 34.62990167], [135.49923481000002, 34.62970731], [135.49917722, 34.62964528], [135.49896778000002, 34.62940667], [135.49879472, 34.62934111], [135.4987025, 34.62926805], [135.49862139, 34.62920389], [135.49850584, 34.62893528], [135.49828973, 34.62869667], [135.49827847, 34.62868143], [135.49814361, 34.62849889], [135.49814215, 34.62849694], [135.49811694000002, 34.62846305], [135.49787112, 34.62813], [135.49780611, 34.62796889], [135.49779694, 34.62786861], [135.49778834000003, 34.62777223], [135.4977775, 34.62765238], [135.49777, 34.62756944], [135.49749306, 34.62682361], [135.49742973, 34.62665277], [135.49731306, 34.62633861], [135.49729528000003, 34.62629056], [135.49727805, 34.62624444], [135.49719222000002, 34.62601305], [135.49696694000002, 34.62598167], [135.49687222, 34.62571], [135.49681167, 34.62568944], [135.49674694, 34.62566777], [135.4965625, 34.62560528], [135.49625706, 34.62550867], [135.49613306, 34.62546944], [135.49605083000003, 34.62513028], [135.49602492000002, 34.625], [135.49602167, 34.62498361], [135.49601333, 34.62494249], [135.49600027000002, 34.62487583], [135.49599416, 34.62484611], [135.49596861, 34.62471749], [135.49581694000003, 34.62432556], [135.49588213, 34.62425353], [135.49634888000003, 34.62373778], [135.49636056, 34.62372472], [135.49606973000002, 34.62355222], [135.49582639000002, 34.62353667], [135.49570071000002, 34.62352798], [135.49529555, 34.6235], [135.49513111000002, 34.62346333], [135.49497944, 34.62339028], [135.4947075, 34.62331723], [135.4945175, 34.623315], [135.49451306, 34.623315], [135.49425250000002, 34.62331195], [135.49376917, 34.62337972], [135.49349944000002, 34.62339944], [135.49308416, 34.62343], [135.49284, 34.62344778], [135.49248306, 34.62348139], [135.49223112, 34.623505], [135.49217389, 34.62351028], [135.49200584000002, 34.62352611], [135.49173056, 34.62355167], [135.49166667, 34.62355759], [135.49155694, 34.62356777], [135.49145861, 34.62356167], [135.49096306, 34.62353139], [135.49055805, 34.62331139], [135.49049966, 34.6232797], [135.49036991000003, 34.62320928], [135.49021, 34.62312249], [135.49020213, 34.62311822], [135.48988528, 34.62294611], [135.48949973, 34.62287305], [135.48932611, 34.62284389], [135.48925195, 34.62283167], [135.48906416, 34.6228], [135.48812027000002, 34.62264195], [135.48784722, 34.62259611], [135.48729722000002, 34.62252277], [135.48675861, 34.62242361], [135.48657805000002, 34.62239028], [135.48643834, 34.62236472], [135.48636167, 34.62235056], [135.48603306, 34.62228611], [135.48537195, 34.62215667], [135.485, 34.62208389], [135.48477639, 34.62204639], [135.48468805000002, 34.62203167], [135.48403445000002, 34.62192222], [135.48382611, 34.62188723], [135.48378834000002, 34.62188111], [135.48365973, 34.62185944], [135.48333333000002, 34.62180086], [135.48306222, 34.62175223], [135.48275611, 34.62169722], [135.48231389000003, 34.62164], [135.48227694000002, 34.62181139], [135.48226278, 34.62187778], [135.48220944000002, 34.62212583], [135.48215584000002, 34.62234667], [135.48207973, 34.62265972], [135.48192861, 34.62328028], [135.48192083, 34.62331195], [135.48187139, 34.62351556], [135.48185694, 34.62357083], [135.48164389000002, 34.62438805], [135.4815825, 34.62445639], [135.48151722, 34.62452916], [135.48126445000003, 34.62465972], [135.48093584000003, 34.62483222], [135.48058776000002, 34.625], [135.4802875, 34.62514472], [135.48012333000003, 34.62522361], [135.47977278000002, 34.62539249], [135.47974027, 34.62540833], [135.47969112, 34.62543195], [135.47947722, 34.625535], [135.47942083, 34.62556223], [135.47929834, 34.62562111], [135.47889750000002, 34.62581416], [135.47791778, 34.62627916], [135.47640083000002, 34.62702639], [135.47632944, 34.62711167], [135.47620805, 34.62725611], [135.47548667, 34.62789184], [135.4753425, 34.62801889], [135.475, 34.62831611], [135.47458056000002, 34.62868028], [135.47380783, 34.62935083], [135.47370027000002, 34.62944416], [135.47368306, 34.62945916], [135.47380361, 34.62957083], [135.47415, 34.62988223], [135.47443778000002, 34.63016], [135.47460944000002, 34.63034695], [135.47471047000002, 34.63044736], [135.47474639, 34.63048305], [135.47482451000002, 34.63058646], [135.475, 34.63081872], [135.47512333000003, 34.63098195], [135.47524667000002, 34.63114611], [135.47558944000002, 34.6316675], [135.47576445, 34.63191695], [135.47585445, 34.63209305], [135.47602667, 34.63243056], [135.47607973, 34.63253444], [135.47622139, 34.63279472], [135.47651411, 34.63333333], [135.47656667, 34.63343], [135.47679639, 34.63383249], [135.47683778, 34.63391805], [135.47696056, 34.63417249], [135.4770025, 34.63426028], [135.47706333000002, 34.63438805], [135.47713888, 34.63454111], [135.47738584, 34.63510749], [135.47767722, 34.63584444], [135.47778, 34.63607667], [135.47783703000002, 34.63623987], [135.47795834000001, 34.63658695], [135.47802, 34.63676833], [135.47806121, 34.63688732], [135.47823667, 34.63739389], [135.47829083000002, 34.63755028], [135.47847584000002, 34.63812833], [135.47852389000002, 34.63832083], [135.47865389, 34.63885944], [135.47877389, 34.63943195], [135.47893167, 34.64033833], [135.47903112, 34.64148333], [135.47904694000002, 34.64166667], [135.47905167000002, 34.64172139], [135.47910639000003, 34.64271861], [135.47911222, 34.64318639], [135.47911667, 34.64352361], [135.47913056000002, 34.64371056], [135.47910472, 34.64460333], [135.47908750000002, 34.64519667], [135.47908584, 34.64525195], [135.47903778000003, 34.64580167], [135.47903778000003, 34.64596611], [135.47900472, 34.646345], [135.47899, 34.64651583], [135.47897973, 34.64662639], [135.47891333, 34.64732749], [135.47891083000002, 34.64735444], [135.47889027000002, 34.64754167], [135.47886027, 34.64771556], [135.47878056000002, 34.64817639], [135.47877361000002, 34.64835195], [135.47877250000002, 34.64838749], [135.47875445000003, 34.64898222], [135.47874973, 34.64914], [135.47877694000002, 34.64966139], [135.47880445, 34.64991611], [135.47883686000003, 34.65], [135.47889695, 34.65015554], [135.47901027000003, 34.65044889], [135.47907555, 34.65059056], [135.47909917, 34.65064167], [135.47940445, 34.65133889], [135.47961, 34.65185444], [135.47971973, 34.65212667], [135.47993139000002, 34.65263805], [135.48003861, 34.65289722], [135.48018656, 34.65326851], [135.48024416, 34.65341305], [135.48034694, 34.65365111], [135.48060750000002, 34.65416667], [135.48084222, 34.65457305], [135.48103944000002, 34.65491472], [135.48107888, 34.65501805]]]]}}, {"type": "Feature", "properties": {"N03_001": "大阪府", "N03_002": "", "N03_003": "大阪市", "N03_004": "淀川区", "N03_007": "27123"}, "geometry": {"type": "MultiPolygon", "coordinates": [[[[135.44555611, 34.72908195], [135.44555611, 34.72950416], [135.44563555000002, 34.73003361], [135.44580167, 34.73056444], [135.44590445, 34.73083723], [135.44609056000002, 34.73133249], [135.44658167, 34.73229139], [135.44684889, 34.73271333], [135.44708139000002, 34.73303916], [135.44708722000001, 34.73304723], [135.44735241, 34.73333333], [135.44736917, 34.73335139], [135.44770861, 34.73362], [135.44811306, 34.73385861], [135.44858250000001, 34.73401361], [135.44898694000003, 34.73409723], [135.44979611, 34.73416861], [135.45, 34.73418431], [135.45177501, 34.73432083], [135.45189111000002, 34.73432416], [135.45252, 34.73434167], [135.45306083000003, 34.73435667], [135.45477306, 34.73433277], [135.45538667, 34.73430889], [135.45544917, 34.73430056], [135.45619584000002, 34.73420167], [135.45713501, 34.73404639], [135.45833333000002, 34.73376203], [135.45849278000003, 34.73372416], [135.45893361, 34.73360028], [135.45933445, 34.73348749], [135.45975523, 34.73333333], [135.46025112, 34.73315167], [135.46029501, 34.73313556], [135.46162694, 34.73267916], [135.46315973, 34.73209416], [135.46612472, 34.73100305], [135.46613888000002, 34.73099777], [135.46666667, 34.73080341], [135.46680112, 34.73075389], [135.46681805, 34.73074777], [135.46695973, 34.73069556], [135.46748861, 34.73073583], [135.46948222, 34.73093889], [135.46971555000002, 34.73095972], [135.46987944, 34.73097444], [135.46992278000002, 34.73148167], [135.47002389000002, 34.73186333], [135.47002973, 34.731945], [135.47004917, 34.73221972], [135.47011445, 34.732485], [135.47015027, 34.73263111], [135.47064888000003, 34.73281028], [135.47150083000002, 34.73322167], [135.47160083000003, 34.73326778], [135.47174241000002, 34.73333333], [135.47187861, 34.73339639], [135.47209445000001, 34.73349611], [135.47225584000003, 34.73357083], [135.47256639000003, 34.73378556], [135.47296389000002, 34.73414333], [135.47371501, 34.73472056], [135.47448056000002, 34.73539472], [135.47479917, 34.73563667], [135.475, 34.73578925], [135.47520278000002, 34.73594333], [135.47547027000002, 34.73612223], [135.4759325, 34.73634889], [135.47629722, 34.73647278], [135.47697639, 34.7366575], [135.47833416, 34.73693805], [135.47859056000001, 34.73702222], [135.47927694, 34.73724805], [135.47972834, 34.73741361], [135.48033973, 34.73772195], [135.48041445, 34.73775972], [135.48059639000002, 34.73786889], [135.48105, 34.73814139], [135.48136083000003, 34.73841583], [135.48165694000002, 34.73872611], [135.48192056000002, 34.73909416], [135.48197306, 34.73917805], [135.48208917, 34.73936389], [135.48226, 34.73963695], [135.48234888000002, 34.73976528], [135.48249861, 34.73998167], [135.48254694000002, 34.74004667], [135.48263584000003, 34.74016639], [135.48229722, 34.74047], [135.48223834, 34.74052305], [135.48263694000002, 34.74155278], [135.48267195000003, 34.74164305], [135.48268097, 34.74166667], [135.48268278000003, 34.74167139], [135.4827002, 34.74166667], [135.48324944, 34.74151777], [135.48330674000002, 34.74166667], [135.48333333000002, 34.74173569], [135.48417416, 34.74392], [135.48461112, 34.74510528], [135.48469445, 34.74524639], [135.48464278000003, 34.74606389], [135.48461306000002, 34.74653528], [135.48459333000002, 34.74684556], [135.48456416, 34.74730778], [135.48503694000001, 34.74792611], [135.48543083, 34.74844139], [135.48548834000002, 34.74849944], [135.48568361, 34.74869639], [135.48617501, 34.74906028], [135.48626445000002, 34.74902639], [135.48657222, 34.74891056], [135.48691888000002, 34.74877972], [135.48789306, 34.74979], [135.48791222, 34.74981], [135.48813128, 34.75], [135.48863445, 34.75043639], [135.48896917000002, 34.75062389], [135.48914195, 34.75072111], [135.48966389, 34.75101361], [135.49001778000002, 34.75118056], [135.49024167000002, 34.75122249], [135.49055222, 34.75133583], [135.49097834000003, 34.75137749], [135.49166667, 34.75135959], [135.49167167000002, 34.75135944], [135.49232195000002, 34.75127], [135.49283472, 34.75113278], [135.49367278000003, 34.75085249], [135.49401944000002, 34.75069749], [135.49442027, 34.75091223], [135.4946475, 34.75104667], [135.49506056, 34.75129139], [135.49518584, 34.75136556], [135.49524167, 34.75130444], [135.49543139000002, 34.75109723], [135.49555083, 34.75102556], [135.49581805, 34.75094805], [135.49658361000002, 34.75073361], [135.49685917, 34.75069583], [135.49704083, 34.75067083], [135.49718944, 34.75065056], [135.49726917, 34.75062583], [135.49760639000002, 34.75052167], [135.4982675, 34.75027389], [135.49884817, 34.75], [135.49915973, 34.74985305], [135.49938, 34.74974889], [135.49943888, 34.74976695], [135.49951278000003, 34.74978944], [135.49996528000003, 34.74992805], [135.5, 34.7498668], [135.50007584000002, 34.74973305], [135.50017472, 34.74955805], [135.50016888000002, 34.74953972], [135.50001584000003, 34.74905139], [135.5, 34.74902295], [135.49966361, 34.74841861], [135.49965056000002, 34.74839472], [135.49960416, 34.74831167], [135.49943222, 34.74794361], [135.5, 34.74766608], [135.50033528000003, 34.74750222], [135.50152694000002, 34.74691777], [135.50291389, 34.74628556], [135.50391805, 34.74582028], [135.50439472, 34.74560972], [135.50495805, 34.745365], [135.50554416, 34.74510333], [135.50574555, 34.74501333], [135.50581584000003, 34.74499277], [135.50582667, 34.74498944], [135.50602112, 34.74493249], [135.50625861, 34.74486305], [135.50647973, 34.74479805], [135.50662722, 34.744755], [135.50663333000003, 34.74475305], [135.50671416, 34.74472944], [135.50669722, 34.7446925], [135.50646112, 34.74417944], [135.50638112000001, 34.74400528], [135.50631222, 34.74385667], [135.50587306, 34.74290861], [135.50529752000003, 34.74166667], [135.50523973, 34.74154195], [135.50469639000002, 34.74026223], [135.50443834, 34.73965416], [135.50379528000002, 34.73832416], [135.50373694, 34.73820028], [135.50334750000002, 34.73737583], [135.50311472, 34.736915], [135.50297027000002, 34.736545], [135.5028475, 34.73624695], [135.50267083000003, 34.73571167], [135.5026525, 34.73565667], [135.50263112000002, 34.73556889], [135.50249333000002, 34.73500028], [135.50248611, 34.73483333], [135.50248861, 34.73466277], [135.50249083000003, 34.73451833], [135.50249555000002, 34.73418556], [135.50250222, 34.73374805], [135.50250722, 34.73340556], [135.50248258, 34.73333333], [135.50237139, 34.7330075], [135.50230278, 34.73280667], [135.50222278, 34.73254695], [135.50214083000003, 34.73226167], [135.50207, 34.73171228], [135.50204939, 34.73113367], [135.50206861, 34.73087195], [135.50214214000002, 34.7300332], [135.50244442000002, 34.72861508], [135.50320358, 34.72664103], [135.50326361, 34.72594361], [135.50344027000003, 34.72536444], [135.50346778000002, 34.72523139], [135.50351550000002, 34.725], [135.50369027000002, 34.72415222], [135.50377501000003, 34.72374056], [135.50378639000002, 34.72360028], [135.50379834000003, 34.72345695], [135.50380389000003, 34.72338861], [135.50386888000003, 34.72146223], [135.50390389, 34.72023444], [135.50392722, 34.71941], [135.50367722000001, 34.71938639], [135.50364111000002, 34.71938277], [135.50354139, 34.71937333], [135.50325555, 34.71934639], [135.50311195, 34.7193325], [135.50298778, 34.71932083], [135.50071944, 34.71920111], [135.5, 34.71919228], [135.49961111000002, 34.71918749], [135.49938167000002, 34.71918444], [135.49831416, 34.71917139], [135.49786584000003, 34.71916139], [135.49718973, 34.71914611], [135.49694445, 34.71913083], [135.49660584000003, 34.71910944], [135.49615834000002, 34.71905528], [135.49508195, 34.71886444], [135.49441027000003, 34.71864972], [135.49326195, 34.71817249], [135.49266222, 34.71788305], [135.49170195000002, 34.71733416], [135.49166667, 34.71731325], [135.49057572, 34.71666667], [135.48911584, 34.71580139], [135.4876125, 34.71490833], [135.48699222, 34.71453972], [135.48687584, 34.71446972], [135.48661111, 34.71430972], [135.48647944, 34.71423028], [135.48634944000003, 34.71415195], [135.48609917000002, 34.71399916], [135.48480083, 34.71320695], [135.48334445, 34.71231778], [135.48333333000002, 34.7123112], [135.48328222, 34.71228083], [135.47869805000002, 34.70955111], [135.47859167000001, 34.70948749], [135.47670603, 34.70833333], [135.47508861, 34.70734333], [135.475, 34.70729286], [135.47443722, 34.70697223], [135.47417, 34.70682], [135.47392888000002, 34.7066825], [135.47248703, 34.70833333], [135.47181694000002, 34.70910056], [135.47156722, 34.70938611], [135.47117361, 34.70983695], [135.46977333, 34.71142861], [135.46926639, 34.712005], [135.46873944, 34.71259861], [135.46757528000003, 34.71399583], [135.46733056000002, 34.71428944], [135.46682111, 34.71483972], [135.46666667, 34.71500641], [135.46547416, 34.71629361], [135.46535361, 34.7164225], [135.46512550000003, 34.71666667], [135.46448472, 34.71735249], [135.46416306, 34.71775083], [135.46413306000002, 34.71778833], [135.46404889000002, 34.71789223], [135.46395027000003, 34.71801444], [135.46224555, 34.71993667], [135.46198528000002, 34.72023028], [135.46043973, 34.72208861], [135.46019389000003, 34.72236277], [135.45988333000003, 34.72264916], [135.45957278000003, 34.72293833], [135.45928389000002, 34.72313528], [135.45867694, 34.72349916], [135.45863, 34.72353833], [135.45833333000002, 34.72378578], [135.45794027000002, 34.72411361], [135.45759333, 34.72444139], [135.45721778, 34.72487389], [135.45711925, 34.725], [135.45692888000002, 34.72524361], [135.45677750000002, 34.72538083], [135.45675694000002, 34.72539667], [135.45658027000002, 34.72553223], [135.45656861, 34.72554111], [135.45615611, 34.72585805], [135.45527472, 34.72652611], [135.45502195, 34.72672], [135.45471139000003, 34.72691667], [135.45453973, 34.727], [135.45437917, 34.72707777], [135.45314416, 34.72753111], [135.45206056, 34.72788916], [135.45129472, 34.72810389], [135.45065167, 34.72824416], [135.45, 34.72836483], [135.44971555, 34.7284175], [135.44917112000002, 34.72851833], [135.44787805, 34.72876277], [135.44675917, 34.72891667], [135.44671944, 34.72892195], [135.44555611, 34.72908195]]]]}}, {"type": "Feature", "properties": {"N03_001": "大阪府", "N03_002": "", "N03_003": "大阪市", "N03_004": "鶴見区", "N03_007": "27124"}, "geometry": {"type": "MultiPolygon", "coordinates": [[[[135.56666667000002, 34.68774164], [135.56641083000002, 34.68774556], [135.56563778000003, 34.68775167], [135.56547584, 34.68778139], [135.56544278, 34.6877875], [135.5654025, 34.68778444], [135.56527805000002, 34.68777472], [135.56514722, 34.68776472], [135.56513222, 34.68776361], [135.56494445, 34.68769805], [135.56492584000003, 34.68768056], [135.56479278000003, 34.68755472], [135.56461222000001, 34.68737583], [135.56457416, 34.68734083], [135.56451333, 34.68728472], [135.56442416000002, 34.68720278], [135.56417139, 34.68709556], [135.56402555, 34.68707305], [135.56394056000002, 34.68705972], [135.56367333000003, 34.68704778], [135.56321805000002, 34.68709556], [135.56164750000002, 34.68728416], [135.56053834000002, 34.68741749], [135.55981306, 34.68752833], [135.55932, 34.68760389], [135.55906501, 34.68765333], [135.55885750000002, 34.68769333], [135.55886333, 34.68778833], [135.55890805, 34.68852861], [135.55891389, 34.68864556], [135.55893222, 34.68901056], [135.55893445, 34.68905861], [135.55898111000002, 34.68999416], [135.55911112, 34.69062056], [135.55914555, 34.69080583], [135.55918333000002, 34.69100833], [135.55923222, 34.69166667], [135.55923361, 34.69168528], [135.55924389, 34.69185028], [135.5592475, 34.69191056], [135.55925944, 34.69210139], [135.55927694000002, 34.69238695], [135.55931306000002, 34.69296805], [135.55931555, 34.69308972], [135.55932750000002, 34.69370722], [135.55933306, 34.693775], [135.55934083000002, 34.69387333], [135.55939917, 34.69459333], [135.55947834000003, 34.69544416], [135.55950027000003, 34.69567889], [135.55950361, 34.69575528], [135.55950973, 34.69589361], [135.55952027, 34.69613639], [135.55952222, 34.69617972], [135.55955805000002, 34.69700305], [135.55956306000002, 34.69707833], [135.55958111, 34.69734333], [135.55958361, 34.69737749], [135.55964917, 34.69834249], [135.55967139, 34.698665], [135.55971917, 34.69937222], [135.55973333000003, 34.69957916], [135.55973333000003, 34.69958028], [135.55973834000002, 34.69969861], [135.55973973000002, 34.69972749], [135.55974445, 34.69983611], [135.55975, 34.69996139], [135.55975163000002, 34.7], [135.55976027000003, 34.70020444], [135.55979445000003, 34.70098889], [135.55980416, 34.70121528], [135.55982195, 34.70162083], [135.55983667, 34.70196139], [135.55986445000002, 34.70260195], [135.55987528000003, 34.70284916], [135.55987888, 34.70293667], [135.55988027, 34.70296695], [135.55988805, 34.70314889], [135.55989250000002, 34.70324861], [135.55989639, 34.70338556], [135.55989834000002, 34.70345667], [135.55991416, 34.70402277], [135.55992333, 34.70434249], [135.55992611000002, 34.704445], [135.55993, 34.70458], [135.55993167, 34.70464556], [135.55993555, 34.70478056], [135.55993750000002, 34.70485305], [135.55994584, 34.70514472], [135.55994778000002, 34.70521528], [135.55994944000003, 34.70527944], [135.55995056, 34.70531083], [135.55995445000002, 34.70545667], [135.55996639000003, 34.70588249], [135.55997167, 34.70606749], [135.55999667, 34.70654167], [135.56000973, 34.70679333], [135.56002333, 34.70705278], [135.56004027000003, 34.70752167], [135.56004333, 34.70760083], [135.56006988000001, 34.70833333], [135.56008834000002, 34.70884222], [135.56009639, 34.70906028], [135.56015222, 34.71059583], [135.56016027, 34.71073083], [135.56016694000002, 34.71084472], [135.56016888000002, 34.71087889], [135.56017083, 34.71091139], [135.56023861, 34.71206305], [135.56024361000001, 34.71223389], [135.56025667, 34.71269277], [135.56025834000002, 34.71274528], [135.56026, 34.71280916], [135.56028333, 34.71362223], [135.56028445, 34.71366249], [135.56029861000002, 34.71415528], [135.56030472, 34.71436556], [135.56030722, 34.71457111], [135.56030805, 34.71462695], [135.56030834, 34.71466139], [135.56031083000002, 34.71485833], [135.56031195000003, 34.71495611], [135.56025, 34.71504], [135.56034694000002, 34.71503916], [135.56054888000003, 34.71503723], [135.5607625, 34.71503528], [135.56092639000002, 34.71503361], [135.56124584000003, 34.71503083], [135.56141611, 34.71502944], [135.56157306, 34.71502805], [135.56164584, 34.71502749], [135.56173278000003, 34.71502667], [135.56178056000002, 34.71502639], [135.56192667000002, 34.71502472], [135.5620125, 34.71502361], [135.56210917, 34.71502249], [135.56216278000002, 34.71502195], [135.5622825, 34.71502028], [135.56283195, 34.71501389], [135.56301306, 34.71501167], [135.56319083000002, 34.71501944], [135.56334778000002, 34.71502639], [135.56337888000002, 34.71523083], [135.56340944000002, 34.71543361], [135.5634975, 34.71612444], [135.56340944000002, 34.71638611], [135.56341333, 34.71649333], [135.56341978, 34.71666667], [135.56344528000002, 34.71735167], [135.56386139000003, 34.71731944], [135.56406416000002, 34.71730389], [135.56410445, 34.71730083], [135.56427222, 34.71728778], [135.56434501, 34.71728528], [135.56445250000002, 34.71728167], [135.56450555, 34.71727972], [135.56462306, 34.71727556], [135.56468167, 34.71727361], [135.56478139, 34.71727], [135.56487333, 34.71726695], [135.56542778000002, 34.71724528], [135.56574834000003, 34.71722167], [135.56587111000002, 34.71721249], [135.56611445000001, 34.71719444], [135.56616083000003, 34.71720361], [135.56627250000003, 34.71722583], [135.56660278, 34.71729139], [135.56666667000002, 34.717304], [135.56673222, 34.71731695], [135.56680445, 34.71733139], [135.56703027000003, 34.71737611], [135.5672925, 34.71755305], [135.56751222, 34.71770139], [135.56762584, 34.71777833], [135.56765389, 34.71771028], [135.56775, 34.71749416], [135.56811866, 34.71666667], [135.56819416, 34.71649722], [135.56867805000002, 34.71527472], [135.56881528000002, 34.71477972], [135.56897834000003, 34.71396195], [135.56915167, 34.71342528], [135.56939083, 34.71263444], [135.5694125, 34.712515], [135.56925361, 34.71237777], [135.56903694000002, 34.71207944], [135.56892861, 34.71179916], [135.56893250000002, 34.71165028], [135.56893584000002, 34.71152472], [135.56901528000003, 34.71139944], [135.56920306, 34.71133389], [135.5693275, 34.71129639], [135.56944139, 34.71126222], [135.56952083000002, 34.71116083], [135.56952722, 34.71096722], [135.56953528000003, 34.71073139], [135.5694775, 34.71042722], [135.5694775, 34.71030777], [135.56975917, 34.71028416], [135.56999, 34.71026028], [135.56999027, 34.70990249], [135.56997167, 34.70973111], [135.56990083000002, 34.70908056], [135.56990083000002, 34.70890167], [135.57018250000002, 34.70888972], [135.57049306000002, 34.70880028], [135.57171472, 34.70877833], [135.57182944000002, 34.70877639], [135.57191973, 34.70878167], [135.57200139000003, 34.70878611], [135.57234944, 34.70880611], [135.57322611, 34.70884944], [135.57399750000002, 34.70888778], [135.57422306, 34.70891944], [135.57429361, 34.70892944], [135.57429611, 34.70893695], [135.57432361, 34.70902167], [135.57443083, 34.70935305], [135.57442361, 34.70971083], [135.57454639000002, 34.71054611], [135.57454445000002, 34.71076777], [135.5745425, 34.71096833], [135.57472083000002, 34.71225444], [135.5747325, 34.71233944], [135.57474861, 34.71245611], [135.57481694, 34.71294833], [135.575, 34.71293305], [135.5768175, 34.71278139], [135.57683, 34.71278111], [135.57758333, 34.71276416], [135.57761222, 34.71276361], [135.57760834, 34.71277861], [135.57757611, 34.71290083], [135.57729667, 34.71343916], [135.57714278000003, 34.71373583], [135.57690445, 34.71419305], [135.57662805, 34.71472305], [135.57646083000003, 34.71504416], [135.57639917, 34.71514528], [135.57632139, 34.71527333], [135.57611888000002, 34.71560667], [135.57568805, 34.71631472], [135.57563611, 34.71638277], [135.57551472, 34.71654139], [135.57544898, 34.71666667], [135.57532694000002, 34.71689916], [135.57526861, 34.71700695], [135.57520167, 34.71713], [135.57511333000002, 34.71729305], [135.57505222, 34.71740611], [135.57533584, 34.71739556], [135.57683667, 34.71734056], [135.57743083000003, 34.71732861], [135.57786667, 34.71732], [135.57841973, 34.71730944], [135.57953083, 34.71728723], [135.58069555, 34.71727528], [135.58094834000002, 34.71725749], [135.58130944, 34.71718583], [135.58142917, 34.71715028], [135.58156973, 34.71710833], [135.58196694, 34.71705444], [135.58230639, 34.71703056], [135.58248555, 34.71714444], [135.58287, 34.71738861], [135.58287361, 34.71751916], [135.58288445000002, 34.71790749], [135.58294222, 34.71812223], [135.58314416000002, 34.71826889], [135.58333333000002, 34.7183758], [135.58353389, 34.71848916], [135.58356278000002, 34.71869195], [135.58333333000002, 34.71878103], [135.58333167, 34.71878167], [135.58305027000003, 34.71837583], [135.58279722, 34.71848333], [135.58274667, 34.71862639], [135.58273222, 34.71899028], [135.58275389000002, 34.71919916], [135.58318, 34.71930056], [135.58318722, 34.71947944], [135.58304306000002, 34.71951528], [135.58279, 34.71952723], [135.58276112000001, 34.71967028], [135.58302639000001, 34.71967111], [135.58305501, 34.71992167], [135.5829975, 34.71995167], [135.58246222, 34.71996472], [135.58227528000003, 34.71996944], [135.58226083000002, 34.72014833], [135.58245973, 34.72015333], [135.58319222, 34.72017222], [135.58333333000002, 34.72016913], [135.58345973000002, 34.72016639], [135.58348167, 34.72052833], [135.58348750000002, 34.72062389], [135.58337888000003, 34.72062167], [135.58333333000002, 34.72062083], [135.58327167000002, 34.72061972], [135.58328611000002, 34.72109083], [135.58262917000002, 34.72110861], [135.58225361, 34.72111444], [135.58224639000002, 34.721735], [135.58221611000002, 34.72184639], [135.58220639, 34.72184667], [135.58191278, 34.72185833], [135.58202112, 34.72246667], [135.58215834, 34.72278277], [135.58223056, 34.72333777], [135.58241361, 34.723335], [135.5826275, 34.72333167], [135.58261306, 34.72286639], [135.58261306, 34.72227583], [135.58285139, 34.72228195], [135.58293083, 34.72252056], [135.58293083, 34.72275916], [135.58295973, 34.72297389], [135.58306834, 34.72314667], [135.58319112, 34.72311111], [135.58324389, 34.72304639], [135.58328, 34.72300223], [135.58333333000002, 34.72293683], [135.58340056, 34.72285444], [135.58345834000002, 34.7225325], [135.58360278, 34.72264583], [135.58381944, 34.72268139], [135.5840225, 34.72253861], [135.58426, 34.72237139], [135.58435195, 34.72229778], [135.58439611, 34.7222625], [135.58452584000003, 34.72215861], [135.58459139, 34.72210639], [135.58480195, 34.72193777], [135.58494694, 34.72182195], [135.58521445000002, 34.72169083], [135.58573445000002, 34.72079028], [135.58623250000002, 34.71996695], [135.58681611, 34.71893972], [135.58697889, 34.71867667], [135.58715584, 34.71839083], [135.58723528000002, 34.71825361], [135.58719195, 34.71781223], [135.58723528000002, 34.71753777], [135.58722083, 34.71731723], [135.58721361000002, 34.71717389], [135.58717027000003, 34.71700695], [135.58724236, 34.71666667], [135.58727139, 34.71652972], [135.58723472, 34.71635277], [135.58716222, 34.71613223], [135.58704667, 34.71582778], [135.58700333000002, 34.71553556], [135.58706112000002, 34.71493916], [135.58688639000002, 34.71422972], [135.58686528, 34.714145], [135.5868375, 34.71403222], [135.58657027, 34.71343], [135.58638973, 34.71322722], [135.58599973, 34.71261889], [135.58587667, 34.71226695], [135.58575306, 34.71204277], [135.58570973, 34.71189361], [135.58574584000002, 34.71177444], [135.58594805, 34.71162528], [135.58610694, 34.71148195], [135.58634722, 34.71132277], [135.58663027000003, 34.71113583], [135.58687501, 34.71097389], [135.58698111, 34.71090361], [135.58729167, 34.71075444], [135.58740722, 34.71077249], [135.58749389000002, 34.71098722], [135.58750834000003, 34.71117222], [135.58756584000002, 34.71141639], [135.58766694000002, 34.71185777], [135.58780416, 34.71215028], [135.58831, 34.71271083], [135.58853389, 34.71294361], [135.58882278000002, 34.71317028], [135.58937888000003, 34.71346861], [135.58984861000002, 34.71370111], [135.59021139, 34.71363833], [135.59031278000003, 34.71362083], [135.59049639000003, 34.71358889], [135.59136361, 34.71343889], [135.59161861, 34.71339472], [135.59166667, 34.71340128], [135.59214584000003, 34.71346667], [135.59253611, 34.71352], [135.59266834000002, 34.71353444], [135.59296917, 34.71356778], [135.59377112, 34.71356778], [135.59437056000002, 34.71362139], [135.59465250000002, 34.71365111], [135.59471027, 34.71384223], [135.59507861, 34.71388972], [135.59532750000002, 34.71394472], [135.59546805000002, 34.71397583], [135.59563805000002, 34.71401333], [135.59667805, 34.71418639], [135.59722027, 34.71431777], [135.59732027, 34.71434195], [135.59746555, 34.71437723], [135.59765333, 34.71444305], [135.59771834000003, 34.71461], [135.59846222000002, 34.71471723], [135.59872222, 34.71471139], [135.5993, 34.71468167], [135.59935, 34.71469223], [135.59830056, 34.71132028], [135.59763112000002, 34.70907528], [135.59750834000002, 34.70868167], [135.59742105, 34.70833333], [135.59711834, 34.707125], [135.59703917000002, 34.70693195], [135.59668139000001, 34.70696528], [135.59645889, 34.70698583], [135.5957825, 34.70704889], [135.59550083000002, 34.707075], [135.59426555000002, 34.70710472], [135.59414445000002, 34.70711805], [135.59399083000002, 34.70713528], [135.59362333, 34.70717583], [135.59352139, 34.70718722], [135.59329445, 34.70721223], [135.59302416, 34.70724223], [135.59278694000002, 34.70724416], [135.59272195000003, 34.70724444], [135.59247083000002, 34.70724639], [135.59225112000001, 34.70724777], [135.59218944, 34.70724833], [135.59184888000001, 34.70725111], [135.59166667, 34.70725244], [135.59147111000001, 34.70725389], [135.59118195000002, 34.70723], [135.59106501000002, 34.70722722], [135.59092944000002, 34.70722389], [135.59072722, 34.70751028], [135.59062389000002, 34.70761611], [135.59051778000003, 34.707725], [135.59030834, 34.70769528], [135.59035722000002, 34.70757916], [135.59043112, 34.70740277], [135.59052501000002, 34.70724777], [135.59069834000002, 34.70712861], [135.5909475, 34.70698749], [135.59108834000003, 34.70690805], [135.59145667, 34.70661583], [135.59166667, 34.70643459], [135.59175722, 34.70635639], [135.59184278, 34.70628277], [135.59209667000002, 34.70606361], [135.59222917, 34.70594944], [135.59269167, 34.70555056], [135.59276722, 34.70548528], [135.59307445000002, 34.70522028], [135.59382611, 34.70457556], [135.59464195, 34.70388416], [135.59473306, 34.70378444], [135.59499389, 34.70349944], [135.59487973, 34.70344528], [135.59460333, 34.70331444], [135.59452278000003, 34.70327611], [135.59408917000002, 34.70307083], [135.59408416, 34.70306861], [135.59393611000002, 34.70299833], [135.59386027000002, 34.70296249], [135.59384167000002, 34.70295389], [135.59376888000003, 34.70292111], [135.59328555000002, 34.70270167], [135.59270944000002, 34.70246361], [135.59250555, 34.70237944], [135.59216112000001, 34.70231056], [135.59166667, 34.70221136], [135.59152333000003, 34.7021825], [135.59116944000002, 34.702105], [135.59013639000003, 34.70199778], [135.59015167, 34.70192472], [135.59022501, 34.70157528], [135.59000834000003, 34.7015575], [135.59010750000002, 34.70117916], [135.59021778000002, 34.70075805], [135.59022333000001, 34.70068111], [135.59023222, 34.70056111], [135.58970361000002, 34.70038249], [135.58959639000003, 34.70034639], [135.58909584000003, 34.700175], [135.58900445, 34.70014361], [135.588727, 34.7], [135.58870501, 34.69998861], [135.58852778000002, 34.69989723], [135.58834694, 34.69980361], [135.58798584000002, 34.69954111], [135.58793667, 34.69949028], [135.58787083, 34.69942249], [135.58740805000002, 34.69894472], [135.58714555, 34.69873944], [135.58699611, 34.6986225], [135.58654139, 34.69846167], [135.58613, 34.69842639], [135.58612250000002, 34.69842583], [135.58567472000001, 34.69848805], [135.58556611, 34.69850305], [135.58520501, 34.69858083], [135.58498834000002, 34.69860361], [135.58483667000002, 34.69861944], [135.58446083, 34.69853583], [135.58432056, 34.69846639], [135.58388306, 34.69824944], [135.58361639, 34.69804805], [135.58333333000002, 34.69783508], [135.58330555, 34.69781416], [135.58292973000002, 34.69753389], [135.58282445, 34.69735083], [135.58282056000002, 34.69734389], [135.5827925, 34.69729528], [135.58247472, 34.69708056], [135.58215694, 34.69691056], [135.58210722, 34.69688416], [135.58206306, 34.69686028], [135.58196167, 34.69680611], [135.58217584000002, 34.69668833], [135.58221888000003, 34.69666444], [135.58239056000002, 34.69657], [135.58246361000002, 34.69652972], [135.58295861000002, 34.69625722], [135.5827275, 34.69567861], [135.58234472, 34.69505861], [135.58226834, 34.69491749], [135.58192222, 34.69427723], [135.58159722, 34.69353749], [135.58158027000002, 34.69350249], [135.58155250000002, 34.69344556], [135.58153027000003, 34.69340028], [135.58135917, 34.69304833], [135.58082361, 34.69200972], [135.58078112, 34.69192723], [135.58069728, 34.69166667], [135.58067083000003, 34.69158444], [135.58057501000002, 34.69128695], [135.58057250000002, 34.69118889], [135.58056778000002, 34.69098889], [135.58049472, 34.69086528], [135.58047528000003, 34.69083277], [135.58045973, 34.69080667], [135.5802425, 34.69044], [135.57977888000002, 34.68994223], [135.57975416, 34.68991583], [135.57972139, 34.68988056], [135.57952027000002, 34.68966472], [135.57906, 34.68936361], [135.57902555, 34.68934083], [135.57899389000002, 34.68932028], [135.57875472, 34.68916361], [135.57823389, 34.68888889], [135.57799639, 34.68876389], [135.57760139, 34.68859889], [135.57751, 34.68856083], [135.57675722, 34.68824667], [135.57643944, 34.68811556], [135.57629167000002, 34.68820861], [135.57616472, 34.68828861], [135.57571, 34.68816333], [135.57562973, 34.68815111], [135.57552667000002, 34.68813528], [135.57543555, 34.68812139], [135.575, 34.68812489], [135.57467694000002, 34.6881275], [135.57413805000002, 34.68821889], [135.57390416, 34.68825861], [135.57358667, 34.68835416], [135.57313834, 34.68848944], [135.57291445, 34.68855695], [135.57258222000002, 34.68867], [135.57247389000003, 34.68874749], [135.57239445000002, 34.68878333], [135.57235112, 34.68871167], [135.57245222, 34.6885925], [135.57253333000003, 34.68853611], [135.57286416, 34.68830639], [135.57314694000002, 34.68806305], [135.57315027, 34.68806028], [135.57334445, 34.68789305], [135.57357167, 34.68769777], [135.57326112, 34.68768611], [135.57316722000002, 34.68773972], [135.57294917000002, 34.68777], [135.57268722, 34.68780667], [135.5708475, 34.68806305], [135.5708475, 34.68815972], [135.5708475, 34.68847444], [135.57074639, 34.6886175], [135.57029834000002, 34.6886175], [135.57024056, 34.68854], [135.57023750000002, 34.68849528], [135.57021611000002, 34.68816972], [135.57021195000002, 34.68811], [135.57020195, 34.68795639], [135.57019, 34.68777667], [135.56990834, 34.68770472], [135.56969917, 34.68765139], [135.56946805, 34.68770528], [135.56883222, 34.68772305], [135.56827472, 34.68772556], [135.5675175, 34.68772861], [135.56666667000002, 34.68774164]]]]}}, {"type": "Feature", "properties": {"N03_001": "大阪府", "N03_002": "", "N03_003": "大阪市", "N03_004": "住之江区", "N03_007": "27125"}, "geometry": {"type": "MultiPolygon", "coordinates": [[[[135.39166667, 34.62665125], [135.38946455, 34.62834975], [135.38955394, 34.62842683], [135.38969930000002, 34.62831261], [135.38965866, 34.62827636], [135.38969442, 34.62824939], [135.38971326, 34.62826761], [135.39166667, 34.62676189], [135.39274044, 34.6259342], [135.39272959000002, 34.62592739], [135.39274881, 34.62591169], [135.39275964, 34.62591853], [135.39395042, 34.625], [135.39725042, 34.62245447], [135.39830319, 34.62163928], [135.39936953, 34.62081967], [135.39950111000002, 34.62071889], [135.39950409000002, 34.62068733], [135.39953134, 34.62068747], [135.39953144, 34.62067395], [135.39959689, 34.62067203], [135.39959949, 34.62068556], [135.4, 34.62068372], [135.40220047000003, 34.62067364], [135.40223608, 34.62064903], [135.40222528, 34.62063544], [135.40226358, 34.62061761], [135.40227445000002, 34.62062216], [135.40378577, 34.61972353], [135.403993, 34.61972003], [135.40399852000002, 34.6197088], [135.40405577, 34.61970908], [135.40405569, 34.61972261], [135.4044428, 34.61972225], [135.40462403, 34.6195428], [135.40470311, 34.61954095], [135.40470326000002, 34.61952067], [135.40469822000003, 34.61946205], [135.40474211, 34.61942169], [135.40475572000003, 34.619424], [135.40476125, 34.61941503], [135.40475311000003, 34.61940823], [135.40480453, 34.61936439], [135.4048793, 34.61930067], [135.40497197000002, 34.61930111], [135.40497455000002, 34.61932141], [135.40500183, 34.61931928], [135.40500197000003, 34.61930125], [135.40518733, 34.61930441], [135.40518720000003, 34.61932244], [135.4052172, 34.61932259], [135.40521733, 34.61930231], [135.40524733, 34.61930244], [135.40524720000002, 34.61932047], [135.40527720000003, 34.61931836], [135.40527733, 34.61930033], [135.40541089, 34.61930325], [135.40541078, 34.61932128], [135.40543805000001, 34.61931916], [135.40543547000001, 34.61929886], [135.40553905000002, 34.61929936], [135.40560584000002, 34.61936831], [135.40570144, 34.61946695], [135.40570652000002, 34.61951656], [135.40570633000002, 34.61954359], [135.40577722, 34.61954395], [135.40596949, 34.61972292], [135.40827591000001, 34.61972286], [135.40833333, 34.61972264], [135.40853764000002, 34.61972189], [135.41003425000002, 34.61972236], [135.41112261, 34.61971678], [135.41206263, 34.61971197], [135.41232988000002, 34.61970197], [135.41305564, 34.61961983], [135.41372686000003, 34.61954192], [135.41477728, 34.619423], [135.41478778, 34.61948167], [135.41486691, 34.61947078], [135.41490234, 34.61947544], [135.41500331, 34.61946241], [135.41501898, 34.61955939], [135.41492348, 34.61957244], [135.41488791, 34.61958805], [135.41480878000002, 34.61959669], [135.41482978000002, 34.619714], [135.41645866000002, 34.61952572], [135.41666667, 34.61950216], [135.41705073000003, 34.61945869], [135.4170817, 34.61970675], [135.41768983, 34.61963403], [135.417933, 34.61960489], [135.41812125, 34.6195855], [135.41842959000002, 34.61954639], [135.4184645, 34.61943028], [135.41887883, 34.61805211], [135.41892694, 34.61789225], [135.41894737, 34.6178242], [135.41919978, 34.61698536], [135.41929519, 34.61666667], [135.41955423000002, 34.61580156], [135.42023236, 34.61354875], [135.42042756, 34.61291636], [135.41916173, 34.61266467], [135.419159, 34.61187808], [135.41915903000003, 34.61187583], [135.41916031, 34.61169328], [135.41916041000002, 34.61087967], [135.42068153000002, 34.61087564], [135.42068492, 34.61078097], [135.41907927, 34.61078461], [135.41903022, 34.61078439], [135.41902739000002, 34.61080013], [135.41897558000002, 34.61079989], [135.41897569000002, 34.61078639], [135.4176128, 34.61078889], [135.41761272000002, 34.61080016], [135.41755275000003, 34.61079989], [135.4175528, 34.61079086], [135.41751739, 34.61078844], [135.41733131, 34.61128339], [135.41708117000002, 34.61193669], [135.4170592, 34.61199428], [135.41707822, 34.61200113], [135.41705872, 34.61205964], [135.41703694, 34.61205503], [135.41702311000003, 34.61208649], [135.41666667, 34.61208639], [135.41651061000002, 34.61208631], [135.41551837, 34.61208608], [135.41458061000003, 34.61208608], [135.41358834000002, 34.61208808], [135.41133389, 34.612093], [135.41117645, 34.61209295], [135.40833333, 34.61209189], [135.40832986, 34.61209189], [135.40668616000002, 34.61209295], [135.40373394, 34.61208756], [135.40282891, 34.61208989], [135.40283730000002, 34.61206064], [135.40138739000002, 34.6108748], [135.40141759, 34.61084564], [135.40128211, 34.61073003], [135.40119156, 34.61081525], [135.40265486, 34.61203044], [135.40264367, 34.61207095], [135.40269538, 34.61208022], [135.40268153000002, 34.61211397], [135.40266519, 34.61211164], [135.40203197000002, 34.61374253], [135.402051, 34.61374936], [135.40203988000002, 34.61377636], [135.40202628000003, 34.61377405], [135.40144859, 34.61527664], [135.40145944000002, 34.61528572], [135.40145111, 34.61530595], [135.40144022, 34.61530364], [135.4009035, 34.61666667], [135.40083377000002, 34.61684369], [135.40082508, 34.61686844], [135.40063603000002, 34.61735083], [135.40069772, 34.6173678], [135.40061720000003, 34.61757341], [135.40073936000002, 34.61761259], [135.40079652000003, 34.61762639], [135.40081817, 34.61765131], [135.40076886, 34.61768036], [135.40102564, 34.61798811], [135.40121759000002, 34.61821444], [135.40114250000002, 34.61842141], [135.40083380000002, 34.6185078], [135.40039942, 34.61863639], [135.40040017, 34.61863883], [135.40041542, 34.61868605], [135.40038058000002, 34.61869211], [135.4003772, 34.61869264], [135.40028739000002, 34.61867189], [135.40022209000003, 34.61865356], [135.40020258, 34.61871205], [135.40020136, 34.61871422], [135.40019506000002, 34.61872959], [135.40019425000003, 34.61873231], [135.4, 34.61923053], [135.39995706000002, 34.61934064], [135.39984431000002, 34.61962983], [135.39944161000003, 34.62065547], [135.39931552000002, 34.62074953], [135.39710864, 34.62245386], [135.39380752000002, 34.625], [135.39166667, 34.62665125]], [[135.4, 34.63140436], [135.39860122000002, 34.63136111], [135.39859883, 34.63131603], [135.39667314, 34.62877553], [135.39669778, 34.62875989], [135.39666267, 34.62871236], [135.39662214, 34.62866483], [135.39658973000002, 34.62861961], [135.39648572000002, 34.62867544], [135.39850322, 34.63133811], [135.39850523, 34.63285616], [135.39850586, 34.63333333], [135.3985091, 34.63581178], [135.39851061000002, 34.63598308], [135.39850635000002, 34.63809708], [135.39847623, 34.63811497], [135.39844614, 34.63812836], [135.39840233, 34.63815292], [135.398312, 34.63820205], [135.39823253000003, 34.63825575], [135.39816128, 34.63830275], [135.39809547000002, 34.638352], [135.39803516, 34.63839903], [135.39796377000002, 34.63846628], [135.39789236000001, 34.6385358], [135.39783742000003, 34.63859189], [135.39777969000002, 34.63865695], [135.39772742000002, 34.63872205], [135.39770287000002, 34.63875483], [135.39779678, 34.63881172], [135.39787883, 34.63871775], [135.39783930000002, 34.63869592], [135.39788891, 34.63863722], [135.39794661000002, 34.63857664], [135.39800428, 34.63852059], [135.39806195000003, 34.63846677], [135.39812506, 34.63841075], [135.39818811, 34.63836372], [135.3982402, 34.63832567], [135.39827859, 34.6382988], [135.39836073, 34.63824964], [135.39844014000002, 34.63820269], [135.39846173, 34.63819197], [135.398509, 34.63816861], [135.39867222, 34.63840272], [135.39878244000002, 34.63856095], [135.4, 34.63899133], [135.40171750000002, 34.6395985], [135.40181151000002, 34.63963177], [135.40192258000002, 34.63959859], [135.40210477000002, 34.63954667], [135.40219481000003, 34.63952547], [135.40229881, 34.63950308], [135.40248222, 34.63946539], [135.40260564, 34.6394432], [135.4027455, 34.63942161], [135.40287109, 34.63940328], [135.40301997, 34.63938608], [135.4031502, 34.639375], [135.40328027, 34.63936597], [135.40348256000001, 34.63935795], [135.40363047000002, 34.63935589], [135.40375219, 34.63935767], [135.40386759, 34.63936011], [135.40397562, 34.63936767], [135.40404942, 34.6393748], [135.40411328000002, 34.63938349], [135.40417219000003, 34.6393935], [135.40430224, 34.63941814], [135.40437, 34.63943289], [135.40445153000002, 34.6394552], [135.40459545000002, 34.63949628], [135.40467694, 34.63952408], [135.40476745, 34.63955941], [135.40483039000003, 34.63958767], [135.40487875000002, 34.63961333], [135.40495097000002, 34.63965667], [135.40498995000002, 34.63968311], [135.40504584, 34.63972467], [135.40508322000002, 34.63975623], [135.40513005000003, 34.63979892], [135.40517930000001, 34.639849], [135.40521944000002, 34.63989825], [135.40525467, 34.63994547], [135.40529092, 34.64000189], [135.40531817000002, 34.6400482], [135.40534331, 34.64010259], [135.40536730000002, 34.64016383], [135.40538917, 34.64023289], [135.4054027, 34.64029328], [135.40541092, 34.64036283], [135.40541508, 34.64040583], [135.40541645000002, 34.64046211], [135.4054137, 34.64050905], [135.40540805, 34.64056592], [135.40540255000002, 34.6406025], [135.40539102000002, 34.64064625], [135.40537575, 34.6406935], [135.40536428000001, 34.64072436], [135.40534586, 34.640769], [135.40533022, 34.64080641], [135.40529992, 34.64086477], [135.40567233000002, 34.64099641], [135.40758053000002, 34.64166667], [135.40811905, 34.64185583], [135.40833333, 34.6419312], [135.40937406, 34.64229733], [135.40937228, 34.64230067], [135.41088567, 34.64283905], [135.41088601, 34.64285259], [135.41089258, 34.6428628], [135.41090681, 34.64287072], [135.4109238, 34.64287305], [135.41093825000002, 34.64286825], [135.41094572000003, 34.64286064], [135.410959, 34.64286533], [135.41273594, 34.64349411], [135.41273414000003, 34.6435032], [135.4127407, 34.6435172], [135.41275428, 34.64352556], [135.41277248, 34.64352728], [135.41278811, 34.64352231], [135.41279623, 34.64351611], [135.41479214, 34.64422303], [135.41479056, 34.64423105], [135.41479387, 34.64424261], [135.414807, 34.64425203], [135.41482377000003, 34.6442552], [135.41484136, 34.64425039], [135.41485092000002, 34.64424261], [135.41581756, 34.644589], [135.41581642000003, 34.6445982], [135.41581995, 34.64460859], [135.41583350000002, 34.64461936], [135.41584625000002, 34.64462169], [135.41586436000003, 34.64461905], [135.4158772, 34.64460822], [135.4164662, 34.64481775], [135.41666667, 34.64476087], [135.41691783000002, 34.64468956], [135.41691289000002, 34.64467716], [135.41698489, 34.64458967], [135.41716542, 34.64437025], [135.41723722, 34.64428297], [135.41735134, 34.64414241], [135.41740652000001, 34.6441728], [135.41741117, 34.64416389], [135.41786966, 34.64441247], [135.41811494, 34.64433828], [135.4181173, 34.64434759], [135.42421883, 34.642655], [135.42485674000002, 34.64276387], [135.42485283000002, 34.64277647], [135.425, 34.64280072], [135.42861241000003, 34.64339661], [135.4299225, 34.64361686], [135.43234681, 34.64402031], [135.43234958000002, 34.64401131], [135.43242584, 34.64402744], [135.43242864, 34.6440162], [135.43245589, 34.64401859], [135.43246433000002, 34.64398256], [135.43244253, 34.6439802], [135.43246211000002, 34.64390592], [135.43276764, 34.64395744], [135.43277808000002, 34.64395923], [135.43277531, 34.64396823], [135.43287064, 34.64398444], [135.43288475, 34.64391689], [135.43279214, 34.64390069], [135.43278092, 34.64394344], [135.43276776000002, 34.64394123], [135.43246769, 34.64389016], [135.43247891000001, 34.64384289], [135.43239447000002, 34.64382897], [135.43248481, 34.64344308], [135.43253772, 34.64321661], [135.4327725, 34.64324447], [135.43279659, 34.64324711], [135.43280358, 34.64341841], [135.43278995, 34.64341836], [135.43279209000002, 34.64350853], [135.43333333, 34.64350069], [135.43396481000002, 34.64349153], [135.43395997000002, 34.64340136], [135.43394633, 34.64340131], [135.43393930000002, 34.64322997], [135.43399936000003, 34.6432235], [135.43422594, 34.64318623], [135.43424234, 34.64318405], [135.434301, 34.64337813], [135.43423, 34.64339133], [135.43424066, 34.64342969], [135.43427888000002, 34.64342311], [135.43427358, 34.64340056], [135.43444287000003, 34.64336977], [135.43444817, 34.64339236], [135.43449185000003, 34.64338353], [135.43448122, 34.64334516], [135.43440202, 34.64335833], [135.43434883, 34.643162], [135.43443075, 34.64314436], [135.43464112, 34.643089], [135.43481876, 34.64303572], [135.43499095, 34.64297792], [135.43517686, 34.64290441], [135.43537377, 34.64281967], [135.43647336, 34.6423312], [135.43666752000001, 34.64224644], [135.43795053, 34.64166667], [135.4382375, 34.64153697], [135.43840978, 34.64146564], [135.43838553, 34.64142497], [135.43824881, 34.64148069], [135.438336, 34.64108667], [135.43930047, 34.6412128], [135.44030508, 34.63618259], [135.44087322000001, 34.63333333], [135.44092814, 34.633058], [135.44166667000002, 34.629354], [135.44169601000002, 34.62920683], [135.44186209000003, 34.62839569], [135.44166667000002, 34.62831603], [135.44166141000002, 34.62831389], [135.44157506, 34.62873622], [135.44064061000003, 34.62820086], [135.44069572, 34.62793561], [135.43363961, 34.62510603], [135.43357328000002, 34.625], [135.43333333, 34.62461649], [135.43324397, 34.62447367], [135.43290125000001, 34.62432905], [135.43274267, 34.62426223], [135.4327402, 34.6242612], [135.43266414, 34.624218], [135.43179034000002, 34.62441678], [135.43180151, 34.62437853], [135.43139597, 34.6242752], [135.43141536000002, 34.62423022], [135.43134730000003, 34.62421414], [135.43131403, 34.62429961], [135.43005667, 34.6239692], [135.42737328, 34.62326923], [135.42689156, 34.623144], [135.42636888, 34.62300811], [135.425, 34.62265225], [135.42475105000003, 34.62258753], [135.42407306, 34.62240195], [135.42337783000002, 34.62221349], [135.422642, 34.62201311], [135.42225766, 34.62190833], [135.42223973, 34.62190259], [135.42220562000003, 34.62189675], [135.42215358, 34.62190072], [135.42212905, 34.62191241], [135.42211536000002, 34.62192364], [135.42210153000002, 34.62195061], [135.42186547, 34.62257377], [135.42090678, 34.625], [135.42056947, 34.62585367], [135.41666667, 34.62585833], [135.41277864, 34.62586303], [135.41107917, 34.625865], [135.41042983, 34.62586575], [135.410252, 34.62595278], [135.40833333, 34.6283472], [135.40821375000002, 34.62849644], [135.40747097, 34.62942589], [135.40748409, 34.62950033], [135.40820289, 34.63002444], [135.40833333, 34.63011928], [135.41103523, 34.6320838], [135.4121893, 34.63292289], [135.41275389, 34.63333333], [135.41480297, 34.63482303], [135.41349092000002, 34.63605622], [135.41228306000002, 34.63720208], [135.41165973, 34.63675059], [135.41165236, 34.63675811], [135.41162891000002, 34.63674105], [135.41163661000002, 34.63673378], [135.41100558000002, 34.63627675], [135.41068241000002, 34.63604267], [135.40997708, 34.63552992], [135.40833333, 34.63433703], [135.40817309000002, 34.63422075], [135.40695477, 34.63333333], [135.40635248, 34.63289461], [135.40449750000002, 34.63154339], [135.4, 34.63140436]], [[135.40499056000002, 34.64011556], [135.40498986, 34.64009383], [135.40498739, 34.6400722], [135.40498328, 34.64005069], [135.40497733, 34.6400295], [135.40496983, 34.64000872], [135.40496061000002, 34.63998839], [135.40494973, 34.6399685], [135.40493733, 34.63994933], [135.4049235, 34.63993089], [135.40490815, 34.63991323], [135.40489144, 34.63989647], [135.40487348, 34.63988059], [135.40485414000003, 34.6398658], [135.40483375000002, 34.639852], [135.40481234, 34.63983947], [135.40478995, 34.63982808], [135.40476669, 34.63981797], [135.40474263000002, 34.63980911], [135.40471795000002, 34.63980159], [135.40469267000003, 34.63979541], [135.40466708000002, 34.63979061], [135.40464102, 34.63978725], [135.40461486, 34.63978539], [135.40458859, 34.63978492], [135.40456228000002, 34.63978587], [135.40453608, 34.63978816], [135.40451022000002, 34.639792], [135.40448467000002, 34.6397972], [135.40445964, 34.63980383], [135.40443514, 34.63981175], [135.40441141000002, 34.639821], [135.40438830000002, 34.63983161], [135.40436630000002, 34.63984341], [135.40434516000002, 34.63985639], [135.40432511, 34.63987044], [135.40430623, 34.63988559], [135.40428866000002, 34.63990172], [135.40427239000002, 34.63991877], [135.40425745, 34.63993672], [135.40424411, 34.63995541], [135.40423219000002, 34.63997483], [135.40422189, 34.6399948], [135.40421326, 34.64001539], [135.40420611000002, 34.64003628], [135.40420083, 34.64005761], [135.40419720000003, 34.64007914], [135.40419528, 34.64010078], [135.40419514, 34.64012259], [135.40419672000002, 34.64014422], [135.40420005000001, 34.6401658], [135.40420503, 34.6401872], [135.40421185000002, 34.64020823], [135.40422022, 34.6402288], [135.40423022000002, 34.64024889], [135.40424186, 34.64026841], [135.40425492000003, 34.64028723], [135.40426964, 34.64030533], [135.40428564, 34.64032253], [135.404303, 34.64033883], [135.40432163000003, 34.64035416], [135.40434150000002, 34.64036849], [135.40436244000003, 34.64038169], [135.40438431, 34.64039361], [135.40440722, 34.64040444], [135.40443083000002, 34.64041395], [135.40445523000002, 34.64042208], [135.40448014, 34.64042895], [135.40450562, 34.64043439], [135.40453144, 34.6404385], [135.40455761, 34.64044114], [135.40458389000003, 34.64044236], [135.40461017, 34.64044211], [135.40463636, 34.64044044], [135.40466244, 34.64043733], [135.40468811000002, 34.64043277], [135.40471348, 34.64042695], [135.40473828, 34.64041959], [135.40476244, 34.64041105], [135.40478586, 34.64040105], [135.40480842000002, 34.64038992], [135.40483, 34.64037756], [135.40485058000002, 34.64036397], [135.40487012, 34.64034936], [135.40488834, 34.64033367], [135.40490525, 34.64031708], [135.40492086, 34.64029959], [135.40493494000003, 34.64028125], [135.40494764000002, 34.6402622], [135.40495881, 34.64024253], [135.4049683, 34.6402222], [135.40497611, 34.64020149], [135.40498236000002, 34.64018033], [135.40498678, 34.64015892], [135.40498953, 34.64013728], [135.40499056000002, 34.64011556]], [[135.44166667000002, 34.6082492], [135.44134445, 34.60823833], [135.43900472, 34.60820916], [135.43812815, 34.60818595], [135.43755468, 34.60817076], [135.43755148000002, 34.60833333], [135.43754913, 34.60845232], [135.43750353000001, 34.61076539], [135.43471244000003, 34.61076889], [135.43458125, 34.61076908], [135.43333333, 34.61077061], [135.43331698000003, 34.61077061], [135.43325428, 34.61077033], [135.43314798, 34.61076759], [135.43299348, 34.61076731], [135.43162144000001, 34.61076489], [135.43014672, 34.61076478], [135.42773973, 34.61077605], [135.425, 34.61078133], [135.42399966000002, 34.61078325], [135.42340547, 34.61077141], [135.42341547, 34.61169103], [135.4234155, 34.61169453], [135.42341694, 34.61187133], [135.42341910000002, 34.61195472], [135.42341616000002, 34.61356383], [135.42341975, 34.61581989], [135.42342105, 34.61666667], [135.42342326, 34.61807369], [135.42342514, 34.61898422], [135.42366927, 34.61916116], [135.42464309000002, 34.61868797], [135.425, 34.61851559], [135.42611739, 34.61797595], [135.42625283, 34.61666667], [135.42648234, 34.61444833], [135.42662555, 34.61304489], [135.42661467000002, 34.61304259], [135.42661750000002, 34.61302683], [135.42862659000002, 34.6130295], [135.42972789, 34.61303014], [135.42978514, 34.61303041], [135.43013136000002, 34.61302749], [135.43149436000002, 34.61303161], [135.432961, 34.61302492], [135.43296341, 34.61307], [135.43296939, 34.6141992], [135.43296869000002, 34.61441311], [135.43296691, 34.6149632], [135.43296659, 34.61501053], [135.43296462, 34.61501128], [135.43203464, 34.61535553], [135.43068453, 34.61585408], [135.43018711, 34.61603883], [135.43018173000002, 34.61666667], [135.43017384, 34.61758486], [135.43017355, 34.61762544], [135.43017606, 34.617657], [135.43155214, 34.61735239], [135.43161219, 34.61733916], [135.43166681, 34.61732814], [135.43173623, 34.61754259], [135.43165766, 34.61826792], [135.43164128, 34.61827236], [135.43159486000002, 34.61828341], [135.43154569, 34.61829444], [135.43158575, 34.61841859], [135.43161508, 34.61851339], [135.43162306000002, 34.61854723], [135.43056652, 34.61877895], [135.43059589, 34.61886925], [135.43060394, 34.61888956], [135.43062525000002, 34.61896403], [135.43151795, 34.61876761], [135.43153128000003, 34.61881049], [135.431558, 34.61890753], [135.43157659000002, 34.61897975], [135.43152419, 34.61946631], [135.43149964, 34.61947072], [135.43146411, 34.6194818], [135.43143409, 34.61948844], [135.43143503000002, 34.61949141], [135.43150078000002, 34.61970061], [135.43025847, 34.6199742], [135.43028516, 34.62005769], [135.43029051000002, 34.62007575], [135.4303118, 34.62014797], [135.43137392000003, 34.61991639], [135.43145397, 34.62016916], [135.43141917, 34.62047553], [135.43137294000002, 34.62085611], [135.43134292, 34.62086272], [135.43131834000002, 34.62086939], [135.43127739000002, 34.6208782], [135.43136012000002, 34.62114003], [135.43116078, 34.62118641], [135.43030613000002, 34.62137628], [135.4303275, 34.62144397], [135.4303328, 34.62146428], [135.43036224, 34.62154331], [135.43124144, 34.62135133], [135.43131898000001, 34.62157705], [135.43128739000002, 34.6218068], [135.43098769, 34.62257844], [135.43101492000002, 34.62258533], [135.43131733, 34.62181597], [135.43167114000002, 34.62190775], [135.43167669000002, 34.621892], [135.43171752, 34.62189897], [135.43170650000002, 34.6219192], [135.431731, 34.6219238], [135.43183983, 34.62195361], [135.43184815, 34.62193564], [135.43188353000002, 34.6219448], [135.43187795, 34.6219628], [135.43190244000002, 34.62196969], [135.43201944, 34.62200178], [135.43202503, 34.62198603], [135.43206859, 34.621993], [135.43206027000002, 34.622011], [135.43207934, 34.62201783], [135.43219092, 34.62204541], [135.4321992, 34.62202967], [135.43224275000003, 34.62204114], [135.43223717, 34.62205914], [135.43226167, 34.62206603], [135.43236236, 34.62209128], [135.43237066, 34.62207331], [135.43241694000002, 34.62208253], [135.43240591, 34.62210275], [135.43243039, 34.62210964], [135.43253652, 34.62213941], [135.43254484, 34.62211916], [135.43257747, 34.62213061], [135.43257192000002, 34.62214636], [135.43259642, 34.62215322], [135.43270253000003, 34.62218311], [135.43271080000002, 34.62216736], [135.43276253000002, 34.62217889], [135.43275425000002, 34.62219461], [135.43277328000002, 34.62220147], [135.43288217, 34.62222903], [135.43289044000002, 34.62221103], [135.43291558, 34.62221859], [135.43292856000002, 34.62222247], [135.43292025000002, 34.62224047], [135.43293930000002, 34.62224505], [135.43309442, 34.62228636], [135.43306389000003, 34.62236508], [135.43305283, 34.62238983], [135.43307458, 34.62239669], [135.4330635, 34.62242144], [135.43304175000003, 34.62241231], [135.43299175, 34.62255172], [135.43298066, 34.62257647], [135.43300244000002, 34.62258108], [135.43299409000002, 34.62260583], [135.43297506, 34.62260122], [135.43296669, 34.622626], [135.43292134, 34.62273775], [135.43293567, 34.62274239], [135.43292772, 34.62276195], [135.43291314, 34.62275789], [135.43291189, 34.62276153], [135.43272822000003, 34.62321311], [135.43175209000003, 34.62282769], [135.43173558, 34.62285239], [135.43290803, 34.623329], [135.43307781000001, 34.623398], [135.43308053, 34.62339911], [135.43333333, 34.62349731], [135.43358761000002, 34.62359608], [135.43359261, 34.62359803], [135.43417747, 34.6233705], [135.43419611000002, 34.62335787], [135.43423672, 34.62335031], [135.43461567, 34.62349892], [135.43557092, 34.62388061], [135.43697409, 34.62443811], [135.43774455000002, 34.62474792], [135.43779156, 34.62477777], [135.43784795000002, 34.62479508], [135.4383608, 34.625], [135.43895756, 34.62523841], [135.43903139000003, 34.62526833], [135.43960667000002, 34.62549708], [135.44020584, 34.62573872], [135.44060883, 34.62589897], [135.44129917, 34.62617592], [135.44131012000003, 34.62616922], [135.44144311000002, 34.62544411], [135.44166667000002, 34.62542216], [135.44304447000002, 34.62528689], [135.44304202, 34.62524633], [135.44207908, 34.62533883], [135.44207917, 34.62532531], [135.44201642000002, 34.62533177], [135.4420163, 34.6253498], [135.44166667000002, 34.62538397], [135.44144339000002, 34.62540577], [135.4415285, 34.625], [135.44166667000002, 34.62434144], [135.44201778000001, 34.6226678], [135.44211078, 34.62221759], [135.44209064, 34.62221325], [135.44246394, 34.62036659], [135.44250345, 34.62016841], [135.44262772000002, 34.61954308], [135.44263322, 34.61951541], [135.44281372, 34.61861472], [135.44291372, 34.61812089], [135.44478591, 34.61839087], [135.44529550000001, 34.61829544], [135.44685261, 34.61799808], [135.44747977, 34.6178837], [135.44748323000002, 34.61789522], [135.44756772000002, 34.61787965], [135.44758306, 34.61800769], [135.44759103, 34.61803703], [135.44759908, 34.61805511], [135.44760992000002, 34.61806867], [135.44762623, 34.61807549], [135.44764255, 34.61808008], [135.44767477000002, 34.61847508], [135.44771380000003, 34.61884661], [135.44770287000003, 34.61885333], [135.44769455000002, 34.61887131], [135.44769445, 34.61888933], [135.4477725, 34.61945089], [135.44778839, 34.61956653], [135.44785053, 34.6200192], [135.44793103, 34.62064387], [135.44801419, 34.62125953], [135.44809472, 34.62180533], [135.44772423, 34.62181941], [135.44756331000002, 34.62182544], [135.44736158, 34.62182453], [135.44724438, 34.62181947], [135.44714353, 34.62181453], [135.44714866, 34.62185249], [135.44716659000002, 34.62205033], [135.44716905, 34.62207833], [135.44737895, 34.62208377], [135.44764611, 34.622085], [135.44782608, 34.62208131], [135.44803606000002, 34.62207325], [135.44811244000002, 34.62206939], [135.44818462, 34.62269597], [135.44824167000002, 34.62313569], [135.44814891000001, 34.62314431], [135.44815674000003, 34.62319616], [135.44824134, 34.62318764], [135.44832722, 34.62385469], [135.44841350000002, 34.62451022], [135.44843158, 34.62467716], [135.44834217000002, 34.62469469], [135.44833639, 34.62467816], [135.44814475, 34.62471247], [135.44794202, 34.6247458], [135.44770178000002, 34.62479205], [135.44770745, 34.62481064], [135.44768659000002, 34.62481578], [135.44751562000002, 34.62482861], [135.44751747, 34.62486189], [135.44769073, 34.62484744], [135.44840297000002, 34.62471633], [135.44844606, 34.62479992], [135.44846275, 34.625], [135.44849250000001, 34.62647], [135.44858255000003, 34.62642968], [135.44875861, 34.62635083], [135.44943222, 34.62610472], [135.44965667, 34.62602249], [135.44985222, 34.62595444], [135.45, 34.62589472], [135.45009, 34.62585833], [135.45044195000003, 34.62571639], [135.45066139000002, 34.62564833], [135.45132639000002, 34.62544416], [135.45152528000003, 34.62537611], [135.45206611, 34.62522305], [135.45240611, 34.62512695], [135.45284472, 34.62501361], [135.45289428, 34.625], [135.45292056000002, 34.62499278], [135.45307112, 34.62495111], [135.45327667, 34.62490583], [135.45369501000002, 34.62480972], [135.45392805, 34.62475305], [135.45412611, 34.62470944], [135.45413389, 34.62470777], [135.45456584000001, 34.62466805], [135.45488112, 34.62465667], [135.45522112, 34.62463639], [135.45554944, 34.62461695], [135.45576888000002, 34.62461695], [135.45593416, 34.62461223], [135.45596083, 34.62461139], [135.45680416, 34.62469056], [135.45773667, 34.62478695], [135.45833333000002, 34.62487528], [135.45869306, 34.62492861], [135.45908109, 34.625], [135.45961861, 34.62509889], [135.46073639000002, 34.62529139], [135.46198834, 34.62554528], [135.46205083, 34.62555805], [135.46238501000002, 34.62562583], [135.46245329, 34.62563963], [135.46313722, 34.62577778], [135.46325584000002, 34.62580167], [135.46378195000003, 34.62589916], [135.4641125, 34.62596028], [135.46543250000002, 34.62624944], [135.46650222, 34.62646472], [135.46666667, 34.62649472], [135.46749611, 34.62664611], [135.46808222, 34.62678139], [135.46887083000001, 34.62696361], [135.46948112, 34.62712777], [135.46953834, 34.62713583], [135.46968, 34.62715611], [135.47010639, 34.62729723], [135.47060528000003, 34.62746223], [135.47120778000001, 34.62770083], [135.47126361, 34.62772305], [135.47137859, 34.62777356], [135.47148306, 34.62781944], [135.47157167, 34.62786444], [135.47170694000002, 34.62793333], [135.47188416, 34.62802333], [135.47226112, 34.62824444], [135.47226791, 34.62824943], [135.47243584000003, 34.62837249], [135.47267167, 34.62854583], [135.47274778000002, 34.62860167], [135.47302195, 34.62884528], [135.47311083000002, 34.62892778], [135.47335112000002, 34.62915139], [135.47368306, 34.62945916], [135.47370027000002, 34.62944416], [135.47380783, 34.62935083], [135.47458056000002, 34.62868028], [135.475, 34.62831611], [135.4753425, 34.62801889], [135.47548667, 34.62789184], [135.47620805, 34.62725611], [135.47632944, 34.62711167], [135.47640083000002, 34.62702639], [135.47791778, 34.62627916], [135.47889750000002, 34.62581416], [135.47929834, 34.62562111], [135.47942083, 34.62556223], [135.47947722, 34.625535], [135.47969112, 34.62543195], [135.47974027, 34.62540833], [135.47977278000002, 34.62539249], [135.48012333000003, 34.62522361], [135.4802875, 34.62514472], [135.48058776000002, 34.625], [135.48093584000003, 34.62483222], [135.48126445000003, 34.62465972], [135.48151722, 34.62452916], [135.4815825, 34.62445639], [135.48164389000002, 34.62438805], [135.48185694, 34.62357083], [135.48187139, 34.62351556], [135.48192083, 34.62331195], [135.48192861, 34.62328028], [135.48207973, 34.62265972], [135.48215584000002, 34.62234667], [135.48220944000002, 34.62212583], [135.48226278, 34.62187778], [135.48227694000002, 34.62181139], [135.48231389000003, 34.62164], [135.48275611, 34.62169722], [135.48306222, 34.62175223], [135.48333333000002, 34.62180086], [135.48365973, 34.62185944], [135.48378834000002, 34.62188111], [135.48382611, 34.62188723], [135.48403445000002, 34.62192222], [135.48468805000002, 34.62203167], [135.48477639, 34.62204639], [135.485, 34.62208389], [135.48537195, 34.62215667], [135.48603306, 34.62228611], [135.48636167, 34.62235056], [135.48643834, 34.62236472], [135.48657805000002, 34.62239028], [135.48675861, 34.62242361], [135.48729722000002, 34.62252277], [135.48784722, 34.62259611], [135.48812027000002, 34.62264195], [135.48906416, 34.6228], [135.48925195, 34.62283167], [135.48932611, 34.62284389], [135.48949973, 34.62287305], [135.48988528, 34.62294611], [135.49020213, 34.62311822], [135.49021, 34.62312249], [135.49036991000003, 34.62320928], [135.49049966, 34.6232797], [135.49055805, 34.62331139], [135.49096306, 34.62353139], [135.49145861, 34.62356167], [135.49155694, 34.62356777], [135.49166667, 34.62355759], [135.49173056, 34.62355167], [135.49200584000002, 34.62352611], [135.49217389, 34.62351028], [135.49223112, 34.623505], [135.49248306, 34.62348139], [135.49284, 34.62344778], [135.49278696000002, 34.62327744], [135.49278501, 34.62327111], [135.49259278000002, 34.62265416], [135.49254139, 34.62247722], [135.49252027000003, 34.62240472], [135.49224778, 34.62146416], [135.49223944000002, 34.62143556], [135.49222861, 34.62139805], [135.49222167, 34.62137444], [135.49219306, 34.621275], [135.49203778000003, 34.62071667], [135.49186639, 34.62005389], [135.49183667, 34.61993861], [135.49181056, 34.61983777], [135.49180027000003, 34.61979833], [135.49178944000002, 34.61975667], [135.49175083000003, 34.61960695], [135.49168501000003, 34.61938556], [135.49167083, 34.61933833], [135.49166667, 34.61932461], [135.49166416, 34.61931639], [135.49162278000003, 34.61917695], [135.49152528000002, 34.61888695], [135.49151584, 34.61885861], [135.4914675, 34.618715], [135.49139389, 34.61842833], [135.49138584000002, 34.61839639], [135.49137445000002, 34.61835305], [135.49130445, 34.61807972], [135.49128111000002, 34.617855], [135.49130445, 34.61761111], [135.49128888, 34.61734195], [135.49119584000002, 34.61703389], [135.49112222, 34.61679667], [135.49109109, 34.61666667], [135.49096694000002, 34.61614833], [135.49090973, 34.61589805], [135.49086584000003, 34.61570556], [135.49054501, 34.61460556], [135.49045056, 34.61428139], [135.49033445, 34.61381305], [135.49028, 34.61363972], [135.49023361000002, 34.61336389], [135.49016361, 34.61312], [135.49011722, 34.61301723], [135.48993917, 34.61257444], [135.48986416, 34.61238749], [135.48983306000002, 34.61230944], [135.48981834000003, 34.61227305], [135.48966306, 34.61169583], [135.48957861, 34.61137556], [135.48955778, 34.61129695], [135.48953389000002, 34.61120611], [135.48953112, 34.61119528], [135.48945278000002, 34.61093944], [135.48937889, 34.61069833], [135.48936805, 34.61066249], [135.48932834000001, 34.61052028], [135.48927501, 34.61032889], [135.48931528000003, 34.61031889], [135.48976778000002, 34.61020695], [135.48978778000003, 34.61020083], [135.48996278, 34.61014611], [135.49000472, 34.61013305], [135.49004973, 34.61011889], [135.49017917, 34.61007861], [135.49047083000002, 34.61002305], [135.4905325, 34.61001139], [135.49057445000003, 34.61000333], [135.49084306, 34.60995223], [135.49098667, 34.60992472], [135.49093722, 34.60974028], [135.49085056, 34.60941805], [135.49081501, 34.60926305], [135.49079694000002, 34.60918305], [135.49070167, 34.60876667], [135.49069278000002, 34.60872723], [135.49068778000003, 34.60870583], [135.49068389, 34.60869139], [135.49058669000001, 34.60833333], [135.49041278, 34.60769277], [135.49039222, 34.60761667], [135.49009944000002, 34.60653777], [135.49008889, 34.60649916], [135.49007528, 34.60644861], [135.49006278000002, 34.60640249], [135.48986083000003, 34.60553361], [135.48985389, 34.60550333], [135.48978167, 34.60519277], [135.48973333, 34.60498416], [135.48968584000002, 34.60478], [135.48951584000002, 34.60404777], [135.48939694, 34.60357528], [135.48938472, 34.60352639], [135.4893725, 34.60347749], [135.48899973000002, 34.60199444], [135.48876667000002, 34.60110916], [135.48866834000003, 34.6007975], [135.48865722, 34.60076167], [135.48864112, 34.60071083], [135.48859167, 34.60055444], [135.48856750000002, 34.60047778], [135.48854888000002, 34.60041833], [135.48847333, 34.60017889], [135.48845805000002, 34.60013028], [135.48844027, 34.60007416], [135.48841689, 34.6], [135.48839027000002, 34.59991556], [135.48825278, 34.59955389], [135.48823888, 34.59951749], [135.48822501, 34.59948083], [135.48810917, 34.59917639], [135.48808944, 34.59912472], [135.48792973, 34.59870528], [135.48775389000002, 34.59824278], [135.48771888000002, 34.59815111], [135.48768805, 34.59806333], [135.48767306000002, 34.59802083], [135.48740667, 34.59726889], [135.48739167, 34.59722722], [135.48738722000002, 34.59721389], [135.48729416, 34.59695195], [135.48721861, 34.59673805], [135.48701713, 34.59616973], [135.48697822000003, 34.59605996], [135.48697361, 34.59604695], [135.48696195000002, 34.59601416], [135.48633722, 34.59612639], [135.48558056000002, 34.59625861], [135.48471778, 34.59640944], [135.4845754, 34.59643699], [135.48385639000003, 34.59657611], [135.48369888000002, 34.59661333], [135.48337861000002, 34.59668944], [135.48333333000002, 34.59670013], [135.48319416, 34.59673305], [135.48274793000002, 34.59683887], [135.48264472, 34.59686333], [135.48249333, 34.59689249], [135.48223139, 34.59693], [135.48155167000002, 34.59712167], [135.48039722000001, 34.59746695], [135.48028445000003, 34.59750056], [135.47976555, 34.59766723], [135.47840306, 34.59811695], [135.47815611000001, 34.59820028], [135.47746611, 34.59847083], [135.47647805, 34.59883972], [135.47639528000002, 34.59887056], [135.47599222, 34.59901639], [135.47579584000002, 34.59909528], [135.475, 34.59942172], [135.47420167, 34.59974916], [135.47400501, 34.59982416], [135.47382861, 34.59991167], [135.47363186, 34.6], [135.47335528000002, 34.60012416], [135.47246306000002, 34.60055305], [135.47190694000003, 34.60083], [135.47161195, 34.60098], [135.4713175, 34.60113], [135.47124472000002, 34.60115723], [135.47116778000003, 34.60118611], [135.47089445, 34.60128833], [135.47004889000002, 34.60160305], [135.46956528, 34.60176556], [135.46938, 34.60184583], [135.46936361000002, 34.60185305], [135.46884, 34.60201944], [135.46846778000003, 34.60213], [135.46839611000001, 34.60215111], [135.46806416, 34.60223861], [135.46746416, 34.60239667], [135.4672525, 34.60247167], [135.46666667, 34.60264075], [135.46653167, 34.60267972], [135.46649222, 34.60268916], [135.46635528000002, 34.60272139], [135.46616888000003, 34.60278805], [135.46596722, 34.60284639], [135.46476306, 34.60317777], [135.4643025, 34.60330444], [135.46409584000003, 34.60335444], [135.46388944, 34.60342111], [135.46372306, 34.60347111], [135.46274528, 34.60374389], [135.46200501, 34.60396889], [135.46178333, 34.60404389], [135.46168027000002, 34.60407889], [135.46161195000002, 34.60410222], [135.46138111000002, 34.60417167], [135.45979416, 34.60465028], [135.45909167, 34.60488222], [135.45908888000002, 34.60488305], [135.45908722000001, 34.60488361], [135.45858027000003, 34.60502222], [135.45833333000002, 34.60508961], [135.45808250000002, 34.60515805], [135.45640584000003, 34.60566111], [135.45607445000002, 34.60575944], [135.45508611, 34.60605222], [135.45435555, 34.60626056], [135.45356722, 34.60647305], [135.45259973, 34.60673528], [135.45076888000003, 34.60721805], [135.45014917, 34.60738056], [135.45, 34.60741908], [135.44960722, 34.60752056], [135.44807112, 34.60791777], [135.44719445, 34.60813028], [135.44653861, 34.60832861], [135.44467195000001, 34.60831723], [135.44245805, 34.60827583], [135.44166667000002, 34.6082492]], [[135.44386511000002, 34.62520772], [135.44385908, 34.62516461], [135.44346492000003, 34.62520092], [135.44338309000003, 34.62520956], [135.44338822000003, 34.62525467], [135.44386511000002, 34.62520772]]]]}}, {"type": "Feature", "properties": {"N03_001": "大阪府", "N03_002": "", "N03_003": "大阪市", "N03_004": "平野区", "N03_007": "27126"}, "geometry": {"type": "MultiPolygon", "coordinates": [[[[135.54350361000002, 34.59878916], [135.54349888000002, 34.59883972], [135.54347667000002, 34.59898583], [135.54347, 34.59903056], [135.54346501, 34.59929805], [135.54346278000003, 34.59942416], [135.54359722, 34.59963639], [135.5435975, 34.59964083], [135.54361020000002, 34.6], [135.54361639, 34.600175], [135.54361944000001, 34.60026528], [135.54362139000003, 34.60031833], [135.54362472, 34.60041723], [135.54362778, 34.60049583], [135.54363167, 34.60060889], [135.54363306000002, 34.60065111], [135.54363333, 34.60065667], [135.54363333, 34.60251167], [135.54363472, 34.60286195], [135.54363528000002, 34.60303667], [135.54363805, 34.60376056], [135.54364027000003, 34.60436667], [135.54362861, 34.60486972], [135.54360861, 34.60571611], [135.54360222, 34.60599223], [135.54359694000001, 34.60621556], [135.54362889, 34.60738416], [135.54364555, 34.60798444], [135.54364750000002, 34.60805889], [135.54364750000002, 34.60806889], [135.54364639000002, 34.60815333], [135.54364555, 34.60824249], [135.54364501, 34.60828333], [135.54364448, 34.60833333], [135.54364278000003, 34.60849056], [135.54363501, 34.60923528], [135.54363416, 34.60931972], [135.54363306000002, 34.60941861], [135.54313056, 34.60942223], [135.54305555000002, 34.60942249], [135.54282389000002, 34.60942416], [135.5427525, 34.60942472], [135.54166667, 34.60944187], [135.54086944000002, 34.60945444], [135.5408825, 34.60967972], [135.54089834, 34.60995556], [135.54090778000003, 34.61075389], [135.54091, 34.61092805], [135.54091139000002, 34.61106222], [135.54091584000003, 34.61145667], [135.54091973, 34.61178083], [135.54095278000003, 34.61265611], [135.54095805, 34.61279361], [135.54096278000003, 34.61292], [135.54097, 34.61318249], [135.54101333000003, 34.61364777], [135.54106389, 34.61401749], [135.54107111000002, 34.61423833], [135.54103278000002, 34.61447028], [135.54102778, 34.61450083], [135.54086917, 34.61493028], [135.54081139000002, 34.61511528], [135.54078973, 34.61550278], [135.54078973, 34.61666667], [135.54078973, 34.61736389], [135.54079222000001, 34.617995], [135.54079278000003, 34.61815277], [135.54079278000003, 34.61818944], [135.54079445000002, 34.61860833], [135.54079472, 34.61865444], [135.54079528000003, 34.61876749], [135.54079611, 34.61904667], [135.54079694, 34.61923083], [135.54079555, 34.61930305], [135.54079416, 34.61937944], [135.54078834, 34.61966556], [135.54077472, 34.62036667], [135.54076389000002, 34.62091723], [135.54076083, 34.62107972], [135.54076056000002, 34.62141056], [135.54076056000002, 34.62177777], [135.54076056000002, 34.62297861], [135.54075611000002, 34.62325028], [135.54075167, 34.62353916], [135.54075027000002, 34.62362389], [135.54074472, 34.62397611], [135.54074306, 34.624075], [135.54073639, 34.62449528], [135.54073167, 34.62480195], [135.54073416, 34.62495333], [135.54073489, 34.625], [135.54073888000002, 34.62525528], [135.54074472, 34.62525528], [135.54146056000002, 34.62525972], [135.54156944000002, 34.62526028], [135.54166667, 34.62526092], [135.54208167000002, 34.62526361], [135.54230555, 34.625265], [135.54240750000002, 34.62526556], [135.54246889, 34.62526583], [135.54257139, 34.62526639], [135.54355445000002, 34.62527249], [135.54368306, 34.62527333], [135.54368250000002, 34.6254025], [135.54367973, 34.62591167], [135.54367944, 34.62599611], [135.54367888000002, 34.62607749], [135.5436775, 34.62634805], [135.54367584000002, 34.62669278], [135.54368834000002, 34.62776583], [135.54368861, 34.62780249], [135.54369333000002, 34.62819723], [135.54369584000003, 34.62841639], [135.5436975, 34.62856], [135.5436975, 34.630415], [135.54370083, 34.63065444], [135.54370139000002, 34.6306825], [135.54370584000003, 34.63099195], [135.54371222, 34.63143111], [135.54371278000002, 34.63147528], [135.54371917, 34.63191195], [135.54373361, 34.63221611], [135.54375333000002, 34.63227444], [135.54377112, 34.63232749], [135.54382, 34.63247277], [135.54416555, 34.63281444], [135.54423416, 34.63288195], [135.54437694, 34.63302333], [135.54440361000002, 34.63304916], [135.54444778, 34.63309305], [135.54468925, 34.63333333], [135.54479389000002, 34.6334375], [135.54482639000003, 34.63347], [135.54490973, 34.63355277], [135.54525611, 34.63389749], [135.54540306, 34.63404361], [135.54600805, 34.63464556], [135.54610389, 34.63474083], [135.54618083000003, 34.63481749], [135.54684083, 34.63548805], [135.54721083, 34.63586333], [135.54725722, 34.63591056], [135.54761111000002, 34.63626972], [135.54765555, 34.636315], [135.54773167000002, 34.63639223], [135.5487275, 34.63589695], [135.54907389000002, 34.63561667], [135.54911222, 34.63557389], [135.54942834000002, 34.63522305], [135.54948472, 34.63516], [135.54953555, 34.63510361], [135.55, 34.63462236], [135.55001888, 34.63460277], [135.55050973000002, 34.634215], [135.55056888000001, 34.63416833], [135.55097167, 34.63385111], [135.55128222, 34.63363639], [135.55168639000001, 34.63342167], [135.55195728, 34.63333333], [135.55223501, 34.63324277], [135.55253805, 34.63318305], [135.55276889, 34.63316528], [135.55300306, 34.63318222], [135.55369111000002, 34.63323167], [135.55384389000002, 34.63324277], [135.55393555, 34.63325223], [135.55437083, 34.63329639], [135.55437083, 34.63333333], [135.55437083, 34.63363639], [135.55422639000003, 34.63425695], [135.55419, 34.63432889], [135.55415611, 34.63439556], [135.55412472, 34.63445749], [135.55407501000002, 34.63455528], [135.55402445000001, 34.63459111], [135.55340472, 34.63459611], [135.55330027000002, 34.63459667], [135.55328112, 34.63459695], [135.55321501, 34.63460695], [135.55312222, 34.63462083], [135.55309611, 34.6346475], [135.55302834000003, 34.63471639], [135.55294917, 34.63540195], [135.5529275, 34.63559889], [135.55263888000002, 34.63559889], [135.55258112, 34.63611778], [135.55258472, 34.63618972], [135.55258944000002, 34.63628695], [135.55261, 34.63669639], [135.55303555, 34.63672639], [135.55299973, 34.63834861], [135.55392445, 34.63842139], [135.55406056, 34.63843223], [135.55402027000002, 34.63892389], [135.55401667, 34.63896723], [135.55400278000002, 34.63913611], [135.55395973, 34.63982361], [135.55394694, 34.64002528], [135.55388722, 34.64097916], [135.55387694, 34.64111416], [135.55385834, 34.64136083], [135.55419, 34.64138472], [135.55418086, 34.64166667], [135.55416834000002, 34.64205333], [135.5541675, 34.64208389], [135.55415389, 34.64250028], [135.55415250000001, 34.64253972], [135.55413944, 34.64287611], [135.55412445000002, 34.64311777], [135.55412278000003, 34.64314695], [135.55412111, 34.643175], [135.5540675, 34.644045], [135.55446917, 34.64406139], [135.55450611, 34.64406278], [135.55510501, 34.64408723], [135.55582805, 34.64411695], [135.55709278000003, 34.64416861], [135.55728584000002, 34.64417639], [135.55730722, 34.64344889], [135.55767528, 34.64345472], [135.55833333, 34.64347303], [135.55877416, 34.64348528], [135.56086139, 34.64354305], [135.56102445000002, 34.64354749], [135.56114333000002, 34.64355083], [135.56115112, 34.64340833], [135.56115306, 34.64337361], [135.56118333, 34.64281667], [135.56119805, 34.64254695], [135.56120889000002, 34.6423475], [135.56121083000002, 34.64230916], [135.56122555000002, 34.64204111], [135.56124611, 34.64178223], [135.56125519, 34.64166667], [135.56126889, 34.64149249], [135.56129056, 34.64084223], [135.56432333, 34.64092916], [135.56523778000002, 34.64095556], [135.56527501000002, 34.64026444], [135.56528834000002, 34.64001944], [135.56532584, 34.63932583], [135.56533888, 34.63908277], [135.56537834000002, 34.63816333], [135.56538222, 34.63807444], [135.56563778000003, 34.63808195], [135.56569056, 34.63808361], [135.56666667000002, 34.63811239], [135.5672025, 34.63812805], [135.56727722, 34.63813028], [135.56756167, 34.63813889], [135.56841278000002, 34.63816389], [135.56843750000002, 34.63750972], [135.56843917, 34.63746278], [135.56844027000002, 34.63743528], [135.56844889, 34.63720389], [135.56851278000002, 34.63584333], [135.56853555, 34.63536083], [135.56855167, 34.63499], [135.56855805, 34.63484167], [135.56855944, 34.63481305], [135.56857888000002, 34.63436444], [135.56872889000002, 34.63436916], [135.56915750000002, 34.63438305], [135.56975167000002, 34.63440223], [135.57155917, 34.63446028], [135.57173944000002, 34.63446611], [135.57174944000002, 34.63408416], [135.57175389000002, 34.63391111], [135.57208584000003, 34.63392305], [135.57351778000003, 34.63396083], [135.57460416, 34.63398916], [135.57463319000001, 34.63333333], [135.57468416, 34.63218139], [135.57469112, 34.63202639], [135.57482083000002, 34.63055333], [135.575, 34.63055064], [135.57602584000003, 34.63053528], [135.57601584000003, 34.63035416], [135.57600722, 34.63019556], [135.57600416, 34.63014167], [135.57591027, 34.62939], [135.5759175, 34.62914556], [135.57594639, 34.62826278], [135.57595361, 34.62782139], [135.57608555000002, 34.62758639], [135.57624139, 34.62730916], [135.57632889, 34.62715305], [135.57650361, 34.62678861], [135.57658333, 34.62662249], [135.57660973, 34.62656777], [135.57663195, 34.62652111], [135.57657333000003, 34.62642944], [135.57648944000002, 34.62629805], [135.57596834000003, 34.62548305], [135.57579789000002, 34.625], [135.57559472, 34.62442444], [135.57556416, 34.62433777], [135.57555306, 34.62424195], [135.5754775, 34.62358639], [135.57547917, 34.62337111], [135.57548333000003, 34.62285472], [135.57548472, 34.62269749], [135.57551584, 34.62228861], [135.57552611, 34.62215583], [135.57555139000002, 34.62182361], [135.57555333000002, 34.62179667], [135.57561472, 34.62099167], [135.57561805, 34.62071139], [135.57562195000003, 34.62040695], [135.57512389000001, 34.62040111], [135.575, 34.62040903], [135.57494584000003, 34.62041249], [135.57493639, 34.62041305], [135.57493195, 34.62017944], [135.57491501, 34.61924972], [135.575, 34.61922805], [135.57519611, 34.61917805], [135.57519306, 34.61898249], [135.57518195, 34.61823583], [135.575, 34.61826733], [135.57487139000003, 34.61828972], [135.57459973000002, 34.61833667], [135.57443944000002, 34.61836416], [135.57433917, 34.61838167], [135.57424528, 34.61839777], [135.57394083000003, 34.61845056], [135.57361611000002, 34.61856389], [135.57319750000002, 34.61876056], [135.57312805, 34.61880056], [135.57298083, 34.61888583], [135.57279528, 34.61892278], [135.57259111000002, 34.61896333], [135.57226639, 34.61908278], [135.57166778, 34.61925583], [135.57080917000002, 34.61961361], [135.57044111000002, 34.61972695], [135.57018112, 34.61976889], [135.57002222, 34.61982223], [135.56968333, 34.61993583], [135.56935861, 34.62006111], [135.5691925, 34.62015639], [135.56896167, 34.62013278], [135.56828639000003, 34.62041167], [135.56733083, 34.62080639], [135.56705778000003, 34.62088], [135.56666667000002, 34.62093849], [135.56664, 34.62094249], [135.56645834000003, 34.62105972], [135.56630333, 34.62116], [135.56608973000002, 34.62125972], [135.56590917, 34.62133139], [135.56588445000003, 34.62133528], [135.56567834, 34.62136723], [135.56554501000002, 34.62136972], [135.56537555, 34.62137305], [135.56526667, 34.62134305], [135.56510167000002, 34.62129749], [135.56505083000002, 34.62128361], [135.56494056, 34.62126277], [135.56489973, 34.621255], [135.56470445000002, 34.62121805], [135.56446611, 34.62126583], [135.56415584, 34.62139111], [135.56378056, 34.62127778], [135.56360027000002, 34.62124777], [135.56360027000002, 34.62154028], [135.56354973, 34.62168944], [135.56349222, 34.62175639], [135.56342694, 34.62183249], [135.56341112, 34.62184777], [135.56298528000002, 34.62225695], [135.56294083000003, 34.62229972], [135.56276306, 34.62247056], [135.56225805, 34.62285833], [135.56225501, 34.62275444], [135.56225306000002, 34.62268556], [135.56223667, 34.62212444], [135.56220056, 34.62161195], [135.5621625, 34.62110333], [135.56215333000003, 34.62097972], [135.56214584000003, 34.62087972], [135.56214, 34.62080111], [135.56212861, 34.62065056], [135.56209222, 34.62016223], [135.56204888000002, 34.61939861], [135.56203445000003, 34.618325], [135.56205611000001, 34.61756167], [135.56203445000003, 34.61737056], [135.56196888000002, 34.61706], [135.56195528, 34.61699583], [135.56195501000002, 34.61699472], [135.56220361, 34.61696556], [135.56235917, 34.61694722], [135.56307361, 34.61684556], [135.56321805000002, 34.61681583], [135.56342, 34.61672056], [135.56349433000003, 34.61666667], [135.56377361, 34.61646416], [135.56425694, 34.61659528], [135.56427195, 34.61659723], [135.56451667000002, 34.61663111], [135.56492083, 34.61666111], [135.56505083000002, 34.61664916], [135.56515888, 34.61661333], [135.56556306000002, 34.61630916], [135.56576528000002, 34.61628528], [135.56595888, 34.61627139], [135.56609722, 34.61626139], [135.56666667000002, 34.61593292], [135.56695584000002, 34.61576611], [135.56785389, 34.61572556], [135.56800917, 34.61571861], [135.56800917, 34.61484778], [135.56908416000002, 34.61485333], [135.56920722, 34.61485389], [135.56923611000002, 34.61381583], [135.56994584000003, 34.61380305], [135.57016083000002, 34.61379889], [135.57021611000002, 34.61379805], [135.57035528000003, 34.61379556], [135.57251944, 34.61375611], [135.57278805, 34.61376944], [135.57295694, 34.61377805], [135.57340917000002, 34.61380056], [135.5735075, 34.61380556], [135.57392333, 34.61383583], [135.57390333, 34.61391583], [135.57386027, 34.61408944], [135.57385389, 34.614115], [135.57385195, 34.61414305], [135.57384472, 34.61425583], [135.57382917, 34.61449278], [135.57383222, 34.61450305], [135.57386584000002, 34.61462195], [135.57391555, 34.61473416], [135.57398389000002, 34.61488889], [135.57404445, 34.61530416], [135.57392306, 34.61562611], [135.57383667, 34.61577667], [135.57357667, 34.61607], [135.57338639000002, 34.61632028], [135.57326501, 34.61661389], [135.5732465, 34.61666667], [135.57318722, 34.61683583], [135.57323027, 34.61704333], [135.57331694, 34.61722222], [135.57344694000003, 34.61730111], [135.57352472, 34.6173225], [135.57355944000003, 34.61725805], [135.57352472, 34.61704333], [135.57352472, 34.61687167], [135.57355083000002, 34.61669972], [135.57356958000003, 34.61666667], [135.57368083000003, 34.61647056], [135.57388861, 34.61619139], [135.57412250000002, 34.6159125], [135.57429472, 34.61570223], [135.57453528000002, 34.61540889], [135.57478361, 34.61510611], [135.57493445, 34.61492195], [135.57499694, 34.61484583], [135.575, 34.61484413], [135.57512694000002, 34.61477444], [135.57541278000002, 34.61475277], [135.57561195000002, 34.61474583], [135.57685861000002, 34.61476], [135.57685027000002, 34.61384333], [135.57685, 34.61382249], [135.57622667, 34.61377249], [135.57622944000002, 34.61375444], [135.57623333, 34.61373056], [135.57626445000002, 34.61353556], [135.57632944000002, 34.61322556], [135.57630778, 34.61298083], [135.57625, 34.61262889], [135.57628611, 34.61195472], [135.57631805, 34.611955], [135.57641, 34.61195556], [135.57668306000002, 34.61195695], [135.57703389000002, 34.61195889], [135.57735584000002, 34.61196083], [135.57766722, 34.61196249], [135.57779, 34.61196305], [135.57793501, 34.61196389], [135.57883584, 34.61196944], [135.57920722, 34.61197139], [135.57945973, 34.61197277], [135.57949722, 34.61197305], [135.57982195000002, 34.61197305], [135.58009333, 34.61197583], [135.58039501000002, 34.61197916], [135.58062, 34.61198139], [135.58151750000002, 34.61199083], [135.58174834000002, 34.61199667], [135.58200112, 34.61200277], [135.58226805, 34.61202667], [135.58232222, 34.61202889], [135.58241973, 34.61203278], [135.58262167, 34.61197305], [135.58262834, 34.61194389], [135.58267944000002, 34.61171639], [135.5826825, 34.61169305], [135.58272278, 34.61137639], [135.58280222, 34.61101861], [135.5829175, 34.61079778], [135.58294750000002, 34.61076639], [135.58321361, 34.61048749], [135.58333333000002, 34.61035641], [135.58337445, 34.61031139], [135.58339389000002, 34.61029028], [135.58354555, 34.61012389], [135.58371861, 34.60996889], [135.58394973, 34.60981389], [135.5841875, 34.60955723], [135.58433888000002, 34.60934861], [135.58446889, 34.60919333], [135.5846325, 34.6091475], [135.58464445, 34.60914389], [135.58480805000002, 34.60909805], [135.58509278000002, 34.60908333], [135.58584805, 34.60904416], [135.58596278000002, 34.60903833], [135.58656888000002, 34.60906805], [135.58692973, 34.60913972], [135.58699472, 34.60882944], [135.58699472, 34.60856111], [135.58698027000003, 34.60840611], [135.58694959000002, 34.60833333], [135.58691528000003, 34.60825195], [135.58687195000002, 34.60814972], [135.58683222, 34.60798083], [135.58682139, 34.607935], [135.58682861, 34.6078925], [135.58685027, 34.60776777], [135.58698027000003, 34.6075175], [135.58712472, 34.60729667], [135.58726167, 34.60718333], [135.58726361, 34.60717139], [135.58728333000002, 34.60705195], [135.58729528, 34.60680305], [135.58730501000002, 34.60659861], [135.58733389000002, 34.60542972], [135.58733167, 34.60532723], [135.58731944000002, 34.60473777], [135.58723584, 34.60473972], [135.58713361, 34.60474195], [135.58601333000001, 34.60476749], [135.58604973, 34.60396805], [135.58590555, 34.60396528], [135.58573944000003, 34.60396222], [135.58555889000002, 34.60397416], [135.58519083000002, 34.60401583], [135.58496722, 34.60369389], [135.58492278000003, 34.60369361], [135.58363917, 34.60368195], [135.58366083, 34.60283472], [135.58333333000002, 34.60280228], [135.58281694000001, 34.60275111], [135.58241167, 34.60273277], [135.58189306, 34.60270944], [135.58155639, 34.60270556], [135.58138083000003, 34.60270361], [135.58132528000002, 34.60216305], [135.58128694, 34.60179111], [135.58130778000003, 34.60148723], [135.58132306000002, 34.60126611], [135.58133027000002, 34.60090222], [135.58115472, 34.60089916], [135.57997389000002, 34.60087833], [135.57998306000002, 34.60066472], [135.57998667, 34.60057861], [135.58001163000003, 34.6], [135.58001722, 34.59987028], [135.58002111000002, 34.59907805], [135.58002445000002, 34.59844472], [135.58000278000003, 34.59800333], [135.58000111, 34.59780722], [135.57999973, 34.59759916], [135.57999555, 34.59709583], [135.57999555, 34.59708472], [135.57999056, 34.59691916], [135.57998584, 34.59676723], [135.57998167, 34.59662611], [135.57997722, 34.59648611], [135.57997250000003, 34.59633167], [135.57996667, 34.59613639], [135.57996361, 34.59607083], [135.57994778000003, 34.59571083], [135.57993416, 34.595405], [135.57992333, 34.59516389], [135.57992139, 34.59491639], [135.57992083000002, 34.59486083], [135.57991973, 34.59467249], [135.57991917, 34.59458722], [135.57991805, 34.59444528], [135.57991778000002, 34.59441695], [135.57991639000002, 34.59424528], [135.57991639000002, 34.59409056], [135.57959805000002, 34.59406167], [135.57919472, 34.594025], [135.57918278000002, 34.59402444], [135.57848750000002, 34.59399472], [135.57811222, 34.59400667], [135.57724611, 34.59392305], [135.57707333000002, 34.59385167], [135.57698, 34.59354723], [135.57685195000002, 34.59313], [135.57683445, 34.59307249], [135.57645416, 34.59313805], [135.57588389000003, 34.59320361], [135.57585722, 34.59321111], [135.57557167000002, 34.59329056], [135.57549195, 34.59331222], [135.57525584, 34.59337805], [135.57512472, 34.59341444], [135.57512389000001, 34.59341472], [135.57500361, 34.59344805], [135.575, 34.59344877], [135.57472973, 34.59350277], [135.57410888, 34.59362695], [135.57352584000003, 34.59373583], [135.57187195, 34.59404444], [135.57177083000002, 34.59403249], [135.57170584000002, 34.59397305], [135.57170584000002, 34.59390139], [135.57176611, 34.59362944], [135.57182861, 34.59334667], [135.5719225, 34.59304833], [135.57188639, 34.59300056], [135.57177083000002, 34.59299444], [135.57115778000002, 34.59313778], [135.57107834, 34.59310805], [135.57105472, 34.59306389], [135.57096222, 34.59288944], [135.57094834000003, 34.59286333], [135.57198, 34.59254749], [135.57193973, 34.59237695], [135.57190333000003, 34.59222444], [135.57190083, 34.59221333], [135.57157027000002, 34.59218528], [135.57116694, 34.59215111], [135.57091944, 34.59213], [135.57094453000002, 34.59166667], [135.57096278000003, 34.59133056], [135.57100333000002, 34.59089833], [135.57102555, 34.59066361], [135.57102778, 34.59063861], [135.57104944000002, 34.59041195], [135.57099083000003, 34.59032695], [135.57090501000002, 34.59020305], [135.57091222, 34.59005389], [135.57099167, 34.58976195], [135.57098445000003, 34.58921305], [135.57103501, 34.58895639], [135.57112056, 34.58876528], [135.57120834000003, 34.58856889], [135.57122278000003, 34.58812139], [135.57123, 34.58781723], [135.57118667, 34.58754861], [135.57117944, 34.58739944], [135.5711, 34.58719695], [135.57105667000002, 34.5869225], [135.57094112000001, 34.58690889], [135.57090501000002, 34.58690472], [135.57073056000002, 34.58691139], [135.57051111, 34.58692], [135.57040445, 34.58692389], [135.57025944, 34.58692972], [135.57013333, 34.58693444], [135.56938278, 34.58699972], [135.56910861, 34.58707139], [135.56917445000002, 34.58730972], [135.56919306, 34.58737695], [135.56922389000002, 34.58748889], [135.56931778, 34.58787083], [135.56930834000002, 34.58820639], [135.56927445000002, 34.58940389], [135.56928888000002, 34.58957667], [135.56941861, 34.58976749], [135.56946195, 34.59009556], [135.56941861, 34.59031639], [135.5693175, 34.59053111], [135.56914416, 34.59072805], [135.56892306, 34.59096667], [135.56886528, 34.59102889], [135.56881306, 34.591085], [135.5688125, 34.59108583], [135.56876694000002, 34.59113722], [135.56856, 34.59137223], [135.5685175, 34.59140777], [135.56842834000003, 34.59148278], [135.56829333000002, 34.59159583], [135.56820886, 34.59166667], [135.56804056000001, 34.59180777], [135.56789611000002, 34.59196249], [135.56787445, 34.59211777], [135.56787445, 34.59255916], [135.56785944, 34.59263639], [135.56784917000002, 34.59269], [135.56782416000001, 34.59281916], [135.56781667, 34.59285749], [135.56779222, 34.59290277], [135.56774278000003, 34.59299416], [135.56770584000003, 34.59306277], [135.56764416000001, 34.59317722], [135.5676075, 34.593245], [135.56755694, 34.59332861], [135.56755694, 34.59351249], [135.56755694, 34.59353139], [135.56754445, 34.59371083], [135.5675425, 34.59374028], [135.56746306000002, 34.59392528], [135.56745139, 34.59395389], [135.56734027000002, 34.59422333], [135.56723944, 34.59445], [135.56719611, 34.59465277], [135.56716722000002, 34.59495861], [135.56714555000002, 34.59518972], [135.56716, 34.59553556], [135.56666667000002, 34.5956742], [135.56605584000002, 34.59584583], [135.56604306, 34.59584833], [135.56543195, 34.59596639], [135.56448278000002, 34.59615], [135.56439639, 34.59613222], [135.56436027, 34.59604861], [135.56434888, 34.59592083], [135.56425750000002, 34.59489136], [135.56424389000003, 34.59473749], [135.56422472, 34.59452305], [135.56422306000002, 34.59450361], [135.56390917000002, 34.59458056], [135.56273639000003, 34.5948675], [135.56260195000002, 34.59491667], [135.56242611000002, 34.59498083], [135.56223139000002, 34.59501667], [135.56216361, 34.59502277], [135.56197167, 34.59504056], [135.56122445000003, 34.59509056], [135.56095445000003, 34.59510833], [135.56081, 34.59511805], [135.55987139, 34.59507223], [135.55980528, 34.59506889], [135.55909973, 34.59503444], [135.55833333, 34.59502586], [135.55808167, 34.59502305], [135.55792361000002, 34.59502139], [135.55785027000002, 34.59502056], [135.55774528, 34.59501916], [135.55754222000002, 34.59501695], [135.55740389000002, 34.59501556], [135.55729389, 34.59501416], [135.55696389000002, 34.59501056], [135.55635027000002, 34.59499861], [135.55610501, 34.59498083], [135.55579501000003, 34.59493305], [135.55559306, 34.59495695], [135.55534027000002, 34.59501056], [135.55505888000002, 34.59500444], [135.55462584000003, 34.59496249], [135.55430667000002, 34.59494028], [135.55394027000003, 34.594915], [135.55243222000001, 34.59497444], [135.55232167, 34.59493889], [135.55207861, 34.59486111], [135.55184056000002, 34.59479556], [135.55144361, 34.59477777], [135.55056333000002, 34.59477777], [135.55021056, 34.59477305], [135.55015694000002, 34.59477249], [135.55, 34.59477039], [135.54980167, 34.59476805], [135.54963973, 34.59476583], [135.54953167, 34.59481361], [135.54952445, 34.59497444], [135.54953889, 34.59540305], [135.54955306000002, 34.59581556], [135.54940167, 34.59579195], [135.54927167, 34.595595], [135.54914195, 34.59544583], [135.54903083000002, 34.59538472], [135.54894694, 34.59533833], [135.54876667, 34.59517139], [135.54865834000003, 34.59506416], [135.54860694, 34.59505667], [135.54849222, 34.59504028], [135.54796555000001, 34.59501639], [135.5476625, 34.59504611], [135.54755416, 34.59508778], [135.54751555, 34.59518722], [135.54748917, 34.595255], [135.54724389, 34.59529667], [135.54716445000003, 34.59531], [135.54698, 34.59534139], [135.54689056, 34.59535639], [135.54574306, 34.59532639], [135.54531722000002, 34.59527277], [135.54487722, 34.59517139], [135.54469667, 34.59516556], [135.54441306, 34.59517305], [135.54434389000002, 34.595175], [135.54357834, 34.59519528], [135.54358195, 34.59535111], [135.54358361, 34.59542916], [135.54358501000002, 34.59550444], [135.54358639, 34.59556333], [135.54359, 34.59572389], [135.54359167, 34.59580361], [135.54359528000003, 34.59596611], [135.54359722, 34.59605056], [135.54359778000003, 34.59608028], [135.54361306, 34.59676583], [135.54362139000003, 34.59713389], [135.54361694000002, 34.59726111], [135.54360278000001, 34.59765416], [135.54359973, 34.59773639], [135.54359, 34.59784277], [135.54350361000002, 34.59878916]]]]}}, {"type": "Feature", "properties": {"N03_001": "大阪府", "N03_002": "", "N03_003": "大阪市", "N03_004": "北区", "N03_007": "27127"}, "geometry": {"type": "MultiPolygon", "coordinates": [[[[135.49747083000003, 34.69286639], [135.49719056, 34.6928275], [135.49711944, 34.69280389], [135.49694917, 34.69279249], [135.49619333, 34.69274139], [135.49613306, 34.69273472], [135.49612139, 34.69273333], [135.49576722, 34.69269361], [135.49541694, 34.69260361], [135.49523250000001, 34.69255639], [135.49495611, 34.69250028], [135.49486834, 34.69248249], [135.49482083, 34.69247277], [135.49447416, 34.69236556], [135.49434416, 34.69228805], [135.49431389000003, 34.69226083], [135.49383112, 34.69182861], [135.49364508, 34.69166667], [135.49330555, 34.69137111], [135.49326445000003, 34.691335], [135.49289222000002, 34.69102083], [135.49262139, 34.69079249], [135.49166667, 34.69013372], [135.49156667, 34.69006472], [135.49045639000002, 34.68943444], [135.49006083, 34.68921], [135.48836333000003, 34.68833305], [135.48733083000002, 34.68777583], [135.48673805, 34.68745611], [135.48592195, 34.687015], [135.48512361000002, 34.68656472], [135.48457472, 34.68622472], [135.48396083000003, 34.68583083], [135.48386555000002, 34.68576056], [135.48386139000002, 34.68575723], [135.48360167, 34.68556556], [135.48333333000002, 34.68536769], [135.48317834000002, 34.68525333], [135.48302167, 34.68513749], [135.48263, 34.68496556], [135.48257389000003, 34.68494083], [135.48235917, 34.68487916], [135.48210306000001, 34.68480528], [135.48193083, 34.68475583], [135.48133889000002, 34.68463639], [135.48119167000002, 34.68464611], [135.48153361, 34.68529861], [135.48175584, 34.68565778], [135.48177973, 34.68569611], [135.48187750000002, 34.68585444], [135.48193805, 34.68595195], [135.48213861, 34.68623389], [135.48235, 34.68653056], [135.48250472, 34.68672139], [135.48289167000001, 34.68719833], [135.48333333000002, 34.68770108], [135.48344805000002, 34.68783167], [135.48396083000003, 34.68841528], [135.48443722, 34.68899695], [135.48495083000003, 34.68959028], [135.48577389000002, 34.69054167], [135.48636611, 34.69114723], [135.48656805000002, 34.69137389], [135.48664944, 34.69143333], [135.48696861000002, 34.69166667], [135.48700888000002, 34.69169611], [135.48763722, 34.69209583], [135.48846083, 34.69257556], [135.48912528000002, 34.69292749], [135.49013639, 34.69335111], [135.49100333, 34.69367333], [135.49099416, 34.69369861], [135.49087805000002, 34.69401472], [135.49080861000002, 34.69420333], [135.49062056, 34.69471583], [135.49032416, 34.69545361], [135.49025888000003, 34.69560305], [135.49023167000001, 34.69566528], [135.49022306, 34.695685], [135.49021694, 34.69582361], [135.49021584000002, 34.69585195], [135.49022278, 34.69593916], [135.49025195000002, 34.69629944], [135.49019, 34.69645556], [135.49014112, 34.69657972], [135.49011528000003, 34.69664472], [135.49008027000002, 34.69673305], [135.49000333, 34.69692777], [135.48979694000002, 34.69744889], [135.48970639, 34.69768944], [135.48960027, 34.69797223], [135.48956944000003, 34.69805416], [135.48955361, 34.69809667], [135.48941416, 34.6984675], [135.48938139, 34.69865139], [135.48934195, 34.69887167], [135.48934389000001, 34.69887805], [135.48941167, 34.69909139], [135.48941167, 34.69909167], [135.48942139000002, 34.69912195], [135.4896525, 34.69954556], [135.48985255000002, 34.7], [135.48988361, 34.70007056], [135.48993333, 34.70024528], [135.49013639, 34.70095777], [135.49026501, 34.70134222], [135.49067805, 34.70257277], [135.49027333, 34.70252444], [135.49019361, 34.702515], [135.48911944000002, 34.70238667], [135.48907888000002, 34.70238167], [135.48902861000002, 34.70237583], [135.48865889, 34.70233167], [135.48862973, 34.70232805], [135.48857639000002, 34.70232167], [135.48828, 34.70228639], [135.48826917, 34.70207223], [135.48824694, 34.70162916], [135.48822027000003, 34.70109972], [135.48821861000002, 34.70106833], [135.48821501, 34.70099805], [135.48741306000002, 34.70099195], [135.48731528000002, 34.70100972], [135.48718694000002, 34.70103305], [135.48685694000002, 34.70109333], [135.48640083, 34.70108083], [135.48575195, 34.70106333], [135.48574333000002, 34.701025], [135.48564722, 34.70060416], [135.48557722, 34.70059639], [135.48544611, 34.70058167], [135.4851075, 34.70054389], [135.48500416000002, 34.70053249], [135.48457195, 34.70049611], [135.48429611, 34.70047278], [135.48424416, 34.70019277], [135.48420859, 34.7], [135.48415167000002, 34.69969167], [135.48403611, 34.69969167], [135.48403, 34.69969389], [135.48333333000002, 34.69995061], [135.48319934000003, 34.7], [135.48316694000002, 34.70001195], [135.48240027000003, 34.70029389], [135.48233111000002, 34.70032361], [135.48227861, 34.70034639], [135.48181501000002, 34.70054639], [135.48177722, 34.70056278], [135.48172888000002, 34.70058361], [135.48120056000002, 34.70081195], [135.48116167, 34.70082861], [135.48110416, 34.70085333], [135.48081083000002, 34.70098], [135.48039389000002, 34.70118167], [135.48027778000002, 34.70123778], [135.47984333000002, 34.70144805], [135.47966139000002, 34.70154416], [135.47958973000001, 34.70158223], [135.47950778, 34.70162556], [135.47936501, 34.70170083], [135.47922195, 34.70177639], [135.47896917, 34.70196695], [135.47886805000002, 34.70204833], [135.47880195000002, 34.70210195], [135.47840195, 34.70242472], [135.47808416, 34.70274695], [135.47775195000003, 34.70314056], [135.47768083000003, 34.70322249], [135.4775075, 34.70342167], [135.47744472, 34.70349361], [135.47740611, 34.70353833], [135.47734611, 34.70360722], [135.47729944000002, 34.70366056], [135.47723611, 34.70373333], [135.47710611, 34.7038825], [135.47692805, 34.70408723], [135.47674195000002, 34.70430111], [135.4760975, 34.70504195], [135.47579139, 34.70539], [135.47512472, 34.70614723], [135.475, 34.70629689], [135.47443722, 34.70697223], [135.475, 34.70729286], [135.47508861, 34.70734333], [135.47670603, 34.70833333], [135.47859167000001, 34.70948749], [135.47869805000002, 34.70955111], [135.48328222, 34.71228083], [135.48333333000002, 34.7123112], [135.48334445, 34.71231778], [135.48480083, 34.71320695], [135.48609917000002, 34.71399916], [135.48634944000003, 34.71415195], [135.48647944, 34.71423028], [135.48661111, 34.71430972], [135.48687584, 34.71446972], [135.48699222, 34.71453972], [135.4876125, 34.71490833], [135.48911584, 34.71580139], [135.49057572, 34.71666667], [135.49166667, 34.71731325], [135.49170195000002, 34.71733416], [135.49266222, 34.71788305], [135.49326195, 34.71817249], [135.49441027000003, 34.71864972], [135.49508195, 34.71886444], [135.49615834000002, 34.71905528], [135.49660584000003, 34.71910944], [135.49694445, 34.71913083], [135.49718973, 34.71914611], [135.49786584000003, 34.71916139], [135.49831416, 34.71917139], [135.49938167000002, 34.71918444], [135.49961111000002, 34.71918749], [135.5, 34.71919228], [135.50071944, 34.71920111], [135.50298778, 34.71932083], [135.50311195, 34.7193325], [135.50325555, 34.71934639], [135.50354139, 34.71937333], [135.50364111000002, 34.71938277], [135.50367722000001, 34.71938639], [135.50392722, 34.71941], [135.50436722, 34.71945195], [135.50571805, 34.71955361], [135.50777250000002, 34.71967111], [135.50833333000003, 34.71970336], [135.50917306000002, 34.71975167], [135.51007611, 34.71982333], [135.51033722, 34.71985028], [135.51054416, 34.71987195], [135.51122445000001, 34.71994249], [135.51218416, 34.72003195], [135.51276306, 34.72008583], [135.51467722, 34.72033028], [135.51480722, 34.72056889], [135.51536639000003, 34.72038556], [135.5157775, 34.72025667], [135.51609611, 34.72015695], [135.51625361, 34.72010778], [135.51627111000002, 34.72010222], [135.51666667, 34.71997841], [135.51668027000002, 34.71997416], [135.51668694, 34.71997195], [135.51685333, 34.71992], [135.51693361, 34.71989472], [135.51781834000002, 34.71964], [135.51794445000002, 34.71957695], [135.51842834, 34.71933583], [135.51910555, 34.71888723], [135.51971555, 34.71828389], [135.51999112000001, 34.71789833], [135.52053472, 34.71713805], [135.52077611, 34.71675056], [135.52081056, 34.71666667], [135.52099611, 34.71621472], [135.52117083000002, 34.71578944], [135.52117778000002, 34.71575083], [135.52139167, 34.71498556], [135.52147944, 34.71467167], [135.52149222, 34.71457723], [135.52158, 34.71393528], [135.52156639, 34.71311056], [135.52150973, 34.71266749], [135.52149973000002, 34.71257444], [135.52146944, 34.71229639], [135.52134222, 34.71192583], [135.52127501, 34.71169889], [135.52112306, 34.71146083], [135.52108083000002, 34.71139444], [135.52096722, 34.71124861], [135.52075250000001, 34.71097361], [135.52011611, 34.71033028], [135.52001555, 34.71020833], [135.51880888000002, 34.70892972], [135.51854250000002, 34.70854444], [135.5183963, 34.70833333], [135.51820973, 34.70806389], [135.51818083, 34.70802195], [135.51800944000001, 34.70777416], [135.51790667, 34.7075575], [135.51782639, 34.70738805], [135.51775472, 34.70723723], [135.51773472, 34.70666695], [135.51773472, 34.70635695], [135.51782195, 34.70588083], [135.51788222, 34.70564861], [135.51808528, 34.70503722], [135.51814944, 34.70491277], [135.51848501, 34.70426139], [135.51862139000002, 34.70399639], [135.51927167, 34.70307777], [135.51984056, 34.70230111], [135.52030306, 34.70177528], [135.52064361, 34.70137223], [135.52101361, 34.70093416], [135.52165056, 34.70017556], [135.52174056, 34.70002361], [135.52175467, 34.7], [135.52175584000003, 34.69999805], [135.52197722, 34.699625], [135.52223861000002, 34.69911028], [135.52248722000002, 34.69860639], [135.52260722, 34.69836305], [135.52279472, 34.69758], [135.52285528000002, 34.69732777], [135.52290834000001, 34.69695416], [135.52292917, 34.69680778], [135.52295278000003, 34.69634389], [135.52295278000003, 34.69622223], [135.52292056000002, 34.69596472], [135.52288, 34.69563944], [135.52284555, 34.69536416], [135.52263083000003, 34.69466667], [135.52241056, 34.6942575], [135.52232834000003, 34.69410444], [135.52230917, 34.69406889], [135.5220275, 34.69362611], [135.52182389, 34.69338028], [135.52164416, 34.69316361], [135.52106778, 34.69257695], [135.52101306, 34.69253472], [135.52063195000002, 34.69223916], [135.52008222, 34.69192916], [135.51957584000002, 34.69168083], [135.51953302, 34.69166667], [135.51835584000003, 34.69127695], [135.5175025, 34.69118333], [135.51750195000002, 34.69118305], [135.5173225, 34.69116361], [135.51709584000002, 34.69113861], [135.51666667, 34.69114405], [135.51600027, 34.69115249], [135.51495722, 34.69116611], [135.51487195, 34.69116139], [135.51350306, 34.69108722], [135.51259805, 34.69104305], [135.51173639, 34.69097528], [135.51142694, 34.69095111], [135.51054528000003, 34.69088777], [135.51050195000002, 34.69088472], [135.5104925, 34.69088861], [135.50950306000001, 34.69128889], [135.50934584, 34.69135972], [135.50891333, 34.69155444], [135.50861531, 34.69166667], [135.50833333000003, 34.69177283], [135.50776694, 34.69198611], [135.50753389000002, 34.69206528], [135.5071325, 34.69220139], [135.50684306000002, 34.69227916], [135.50597861, 34.69251083], [135.5058525, 34.69254472], [135.50485361, 34.69262777], [135.50379555, 34.69270305], [135.50361333, 34.69271611], [135.50275416, 34.69281195], [135.50239, 34.69285805], [135.50135973, 34.69298889], [135.50102306000002, 34.69302944], [135.50099445, 34.69303277], [135.50062222, 34.69307749], [135.5, 34.69305833], [135.49900694000002, 34.69302777], [135.49862501, 34.693], [135.49860750000002, 34.69299861], [135.49818888000001, 34.69296583], [135.49747083000003, 34.69286639]]]]}}, {"type": "Feature", "properties": {"N03_001": "大阪府", "N03_002": "", "N03_003": "大阪市", "N03_004": "中央区", "N03_007": "27128"}, "geometry": {"type": "MultiPolygon", "coordinates": [[[[135.5, 34.66472761], [135.49995361, 34.66479444], [135.49986750000002, 34.66491777], [135.49915694, 34.66593833], [135.49872416, 34.66660611], [135.49868294, 34.66666667], [135.49852917, 34.66689249], [135.49852056, 34.66694944], [135.49850555, 34.66705028], [135.49849639, 34.66711222], [135.49848917, 34.66716028], [135.49848139000002, 34.66721333], [135.49846805, 34.66730139], [135.49846694000001, 34.66731], [135.49846416, 34.66732805], [135.49835611, 34.667525], [135.49738764000003, 34.66873464], [135.49723555, 34.66882667], [135.49719111000002, 34.66897333], [135.49689112000002, 34.66897444], [135.49681501, 34.66897444], [135.49673278000003, 34.66900889], [135.49673834, 34.66918777], [135.49674083000002, 34.66925667], [135.49675888000002, 34.66980167], [135.49676, 34.66984277], [135.49676167, 34.66989195], [135.49676278, 34.66992333], [135.49678, 34.67016805], [135.49678445, 34.670235], [135.49683501, 34.67095444], [135.49683694, 34.67098416], [135.49684139000001, 34.6710475], [135.49691027000003, 34.6719], [135.49695973000001, 34.67231195], [135.4969675, 34.67237722], [135.49697639000001, 34.67245028], [135.49700861, 34.67271972], [135.49711694, 34.67350333], [135.49712722, 34.67357723], [135.49713584000003, 34.67363861], [135.49719111000002, 34.67403889], [135.49726678000002, 34.675], [135.49728805, 34.67527028], [135.49729501000002, 34.67535611], [135.49733, 34.67580111], [135.49733889, 34.67591333], [135.49734445, 34.67598611], [135.49735111, 34.67606916], [135.49740944, 34.67671195], [135.49741416, 34.67676333], [135.49741805000002, 34.67680667], [135.49746111000002, 34.67728167], [135.49747278, 34.67762333], [135.49747389, 34.67765223], [135.49751501, 34.67885195], [135.49753722, 34.67916333], [135.49757, 34.67962472], [135.49756472, 34.67982777], [135.49756167, 34.67995], [135.49755167, 34.68033667], [135.49754973, 34.68125556], [135.49755306, 34.68140249], [135.49755501, 34.68149972], [135.49755722, 34.68159667], [135.49756472, 34.68194], [135.49756528000003, 34.68195749], [135.49756778000003, 34.68207611], [135.49758222, 34.68273667], [135.49758917, 34.68304472], [135.49759545, 34.68333333], [135.49759555, 34.68333889], [135.49761501, 34.68379861], [135.49761944000002, 34.6839], [135.49765, 34.68461861], [135.49759278000002, 34.68507639], [135.4975675, 34.68527749], [135.49756528000003, 34.68532583], [135.49756083000003, 34.68542805], [135.49752834000003, 34.68615083], [135.49752834000003, 34.6861525], [135.49750333000003, 34.68670944], [135.49749278000002, 34.68689723], [135.49749083, 34.68692972], [135.49746944, 34.68730556], [135.49746917000002, 34.68730749], [135.49746278, 34.68742111], [135.49744750000002, 34.68764472], [135.49744195000002, 34.68773], [135.49743528000002, 34.68782583], [135.49731742000003, 34.68913341], [135.49718834, 34.69062569], [135.49737389, 34.69078556], [135.49739411000002, 34.69166667], [135.49739973, 34.69191139], [135.49740278000002, 34.69205139], [135.49740834000002, 34.69229195], [135.49743083, 34.69249916], [135.49744917, 34.69266667], [135.49747083000003, 34.69286639], [135.49818888000001, 34.69296583], [135.49860750000002, 34.69299861], [135.49862501, 34.693], [135.49900694000002, 34.69302777], [135.5, 34.69305833], [135.50062222, 34.69307749], [135.50099445, 34.69303277], [135.50102306000002, 34.69302944], [135.50135973, 34.69298889], [135.50239, 34.69285805], [135.50275416, 34.69281195], [135.50361333, 34.69271611], [135.50379555, 34.69270305], [135.50485361, 34.69262777], [135.5058525, 34.69254472], [135.50597861, 34.69251083], [135.50684306000002, 34.69227916], [135.5071325, 34.69220139], [135.50753389000002, 34.69206528], [135.50776694, 34.69198611], [135.50833333000003, 34.69177283], [135.50861531, 34.69166667], [135.50891333, 34.69155444], [135.50934584, 34.69135972], [135.50950306000001, 34.69128889], [135.5104925, 34.69088861], [135.51050195000002, 34.69088472], [135.51054528000003, 34.69088777], [135.51142694, 34.69095111], [135.51173639, 34.69097528], [135.51259805, 34.69104305], [135.51350306, 34.69108722], [135.51487195, 34.69116139], [135.51495722, 34.69116611], [135.51600027, 34.69115249], [135.51666667, 34.69114405], [135.51709584000002, 34.69113861], [135.5173225, 34.69116361], [135.51750195000002, 34.69118305], [135.5175025, 34.69118333], [135.51835584000003, 34.69127695], [135.51953302, 34.69166667], [135.51957584000002, 34.69168083], [135.52008222, 34.69192916], [135.52012278, 34.69190944], [135.52018445000002, 34.69187916], [135.52057056, 34.69169083], [135.52061997, 34.69166667], [135.52103584000002, 34.69146333], [135.52125472, 34.69135639], [135.52160195000002, 34.69124444], [135.52165389, 34.69122778], [135.52219944, 34.69105195], [135.52238056000002, 34.69107695], [135.52238416, 34.6910775], [135.52276278000002, 34.69112944], [135.52339944000002, 34.69127889], [135.52419722, 34.69150056], [135.52477608, 34.69166667], [135.52480222, 34.69167416], [135.52482528000002, 34.69168083], [135.525, 34.69173092], [135.52550056, 34.69187444], [135.52570445, 34.69193305], [135.52630778000002, 34.69216556], [135.52656027, 34.69227695], [135.52678389000002, 34.69237583], [135.52695667, 34.69245195], [135.52763528000003, 34.69275195], [135.52831973, 34.69310611], [135.5286575, 34.69328083], [135.52889389, 34.69340305], [135.52912306000002, 34.69352167], [135.52985472, 34.69384277], [135.52999167000002, 34.69390277], [135.53125584000003, 34.69439195], [135.53184805, 34.69457111], [135.53190278000002, 34.69458778], [135.53236056, 34.69472611], [135.53333333, 34.695001], [135.53343694, 34.69503028], [135.53427222, 34.69529583], [135.5345775, 34.69539278], [135.53481555000002, 34.69546861], [135.53483528, 34.69542833], [135.5349075, 34.69528139], [135.53499, 34.69511389], [135.53538222, 34.69427639], [135.53542083000002, 34.69418249], [135.53545472, 34.69409972], [135.53551222000002, 34.69396028], [135.53559973, 34.69374611], [135.5357, 34.69350111], [135.53577222, 34.69314916], [135.53577333, 34.69310222], [135.53577722, 34.69295695], [135.53580112, 34.69202777], [135.53583445, 34.69179889], [135.53585377000002, 34.69166667], [135.53588805, 34.69143139], [135.53589222, 34.69125611], [135.53589306, 34.691225], [135.53590027, 34.69093249], [135.53533694, 34.69007972], [135.53528778000003, 34.68999861], [135.53515611, 34.68978139], [135.53512722, 34.68973361], [135.53509611, 34.6895775], [135.53499027, 34.68904749], [135.53491083000003, 34.68843916], [135.53475555, 34.68827028], [135.53463639, 34.68814083], [135.53457139000002, 34.68763416], [135.53446917, 34.68671916], [135.53443306, 34.68559805], [135.53431027000002, 34.68339695], [135.53430058, 34.68333333], [135.53428834000002, 34.68325305], [135.53426778000002, 34.68264444], [135.53424501, 34.68197695], [135.53424501, 34.68173833], [135.53424639000002, 34.68144861], [135.53424805, 34.68116556], [135.53425222, 34.68034861], [135.53428112, 34.67984749], [135.53433111, 34.67969249], [135.53435, 34.67949722], [135.53436555000002, 34.67933944], [135.53438167000002, 34.67917333], [135.53442027000003, 34.67875416], [135.53443944, 34.67854723], [135.53440333, 34.67807028], [135.53436027, 34.67788361], [135.53430584000003, 34.67764611], [135.53425611, 34.67743056], [135.53415750000002, 34.67700223], [135.53416667000002, 34.67684056], [135.53415944000002, 34.67681667], [135.53360447000003, 34.675], [135.53354501, 34.67480528], [135.53333333, 34.6748035], [135.53277083, 34.67479889], [135.53257389, 34.67479695], [135.53245111, 34.67479556], [135.53175056, 34.67478861], [135.53164584, 34.67478749], [135.53163056, 34.67478749], [135.53157888, 34.67478695], [135.53034917, 34.67485111], [135.53030917, 34.67485305], [135.52974445, 34.67488249], [135.52956973, 34.67489389], [135.52948861000002, 34.67489889], [135.52863195, 34.67495416], [135.52836611, 34.675], [135.52747361000002, 34.67515389], [135.52743917, 34.67516], [135.52739445, 34.67516777], [135.52659501000002, 34.67530583], [135.52622944, 34.67537416], [135.52613222, 34.67539249], [135.52538472, 34.67553222], [135.525, 34.67558347], [135.52443167, 34.67565916], [135.52404139, 34.67571111], [135.52373167000002, 34.67578639], [135.52369445000002, 34.67579528], [135.52364, 34.67580861], [135.52330445, 34.67589], [135.52167611000002, 34.67605805], [135.52164056, 34.67606195], [135.52160195000002, 34.67606583], [135.52151306000002, 34.676075], [135.52124944000002, 34.67589833], [135.52116445000001, 34.67584111], [135.52112445, 34.67581444], [135.52098, 34.67571778], [135.52069888000003, 34.67552916], [135.52055195000003, 34.67543083], [135.52044195000002, 34.67535695], [135.52040083000003, 34.67532944], [135.52036645, 34.675], [135.52033416, 34.67469056], [135.52033, 34.67465139], [135.52029555000001, 34.67431944], [135.5202925, 34.67429139], [135.52028889000002, 34.67425556], [135.52017667, 34.67318083], [135.52017306000002, 34.67314723], [135.52016639, 34.6730825], [135.52014278000001, 34.67285723], [135.5201175, 34.67261444], [135.52011083000002, 34.67255667], [135.52002678, 34.67183659], [135.52000750000002, 34.67167111], [135.51999834000003, 34.67159416], [135.51998889, 34.67151277], [135.51998112, 34.67144389], [135.51997361, 34.67137944], [135.51995888000002, 34.67124944], [135.51994805, 34.67115278], [135.51993805, 34.67106444], [135.51992416000002, 34.67094305], [135.51991333, 34.67084639], [135.51985834, 34.67036195], [135.51983555, 34.67016028], [135.51980861, 34.66992361], [135.51980167, 34.66980972], [135.51962694000002, 34.66911361], [135.51961722000001, 34.66907556], [135.51960694000002, 34.66903416], [135.51958306, 34.66890667], [135.51953416, 34.66864472], [135.51940805, 34.66796778], [135.51936889, 34.66775777], [135.51931111000002, 34.66753111], [135.51917278000002, 34.66688139], [135.51916694000002, 34.66685333], [135.51912713000002, 34.66666667], [135.51906722, 34.66638556], [135.51903333, 34.66622749], [135.51901861000002, 34.66615778], [135.51901306000002, 34.66613278], [135.51895778000002, 34.66587305], [135.51889584000003, 34.66588056], [135.51809139000002, 34.66597583], [135.51797805, 34.66598944], [135.51760111000002, 34.66603389], [135.51712889, 34.66610028], [135.51704722, 34.66611195], [135.51666667, 34.66616553], [135.51638250000002, 34.66620556], [135.51637416, 34.66620667], [135.51628834000002, 34.666215], [135.51588834000003, 34.66625333], [135.51585834000002, 34.66625611], [135.51568056000002, 34.66627305], [135.51565361000002, 34.66627583], [135.51548333000002, 34.66629195], [135.51500333, 34.66633805], [135.51440805000001, 34.66637056], [135.51437056, 34.66637277], [135.5143275, 34.666375], [135.51391361, 34.66639777], [135.51349083000002, 34.66641528], [135.5134525, 34.66641695], [135.51339306, 34.66641944], [135.51278786, 34.6664445], [135.51218917, 34.66646916], [135.51197528000003, 34.66647861], [135.51190306, 34.66648167], [135.51150361, 34.66649916], [135.51150195000002, 34.66648667], [135.51149750000002, 34.66644916], [135.51149278000003, 34.66641167], [135.51149112000002, 34.66639749], [135.51147472, 34.66626639], [135.51147112, 34.66610916], [135.5114675, 34.66596223], [135.51146416, 34.66589389], [135.51142944, 34.66519222], [135.51142222000001, 34.66504444], [135.5114025, 34.66464416], [135.51129112, 34.66465083], [135.51089722, 34.66467389], [135.51089, 34.66437556], [135.51088278000003, 34.664125], [135.51082584000002, 34.66351361], [135.51082306, 34.66348223], [135.51081973, 34.66344749], [135.51073167, 34.66249695], [135.51033, 34.66254556], [135.51029861, 34.66254944], [135.50967501000002, 34.662625], [135.50963501, 34.66262944], [135.50917389000003, 34.66268528], [135.50914361, 34.66268889], [135.50910195, 34.66269416], [135.50833333000003, 34.66278725], [135.50809722, 34.66281583], [135.50806333000003, 34.66281972], [135.50802027000003, 34.662825], [135.50743389000002, 34.66289611], [135.50689501000002, 34.66295], [135.50685694, 34.66295389], [135.50681888000003, 34.66295749], [135.50635861, 34.66300361], [135.50611445, 34.66306833], [135.50601139000003, 34.66309528], [135.50600694000002, 34.66309667], [135.50572278, 34.66317167], [135.50563694000002, 34.66319444], [135.50534973, 34.66320472], [135.50529445, 34.66320667], [135.50524445000002, 34.66320833], [135.5041325, 34.66324805], [135.50406861000002, 34.66325028], [135.50403333000003, 34.66325167], [135.50396306000002, 34.66325416], [135.50389167, 34.66325611], [135.50370027000002, 34.66326083], [135.50366027, 34.66326195], [135.50327027000003, 34.66327195], [135.50310416, 34.66330777], [135.50294555000002, 34.66363], [135.50286584000003, 34.66361528], [135.50280222, 34.66360361], [135.50274306, 34.6635925], [135.50240139000002, 34.66352944], [135.50233139000002, 34.66351639], [135.50206027000002, 34.66346639], [135.50178361000002, 34.66341528], [135.50161027000001, 34.66340333], [135.50150111000002, 34.66341583], [135.50140111000002, 34.66342723], [135.50102611, 34.66327805], [135.50047778, 34.66404139], [135.50008445, 34.66460639], [135.50005917000001, 34.6646425], [135.5, 34.66472761]]]]}}, {"type": "Feature", "properties": {"N03_001": "大阪府", "N03_002": "", "N03_003": "", "N03_004": "吹田市", "N03_007": "27205"}, "geometry": {"type": "MultiPolygon", "coordinates": [[[[135.48791222, 34.74981], [135.48765711000001, 34.75], [135.48747167000002, 34.75013805], [135.48740112000002, 34.75022305], [135.48737056000002, 34.75026], [135.48730056000002, 34.75034416], [135.48703333, 34.75077972], [135.48690333000002, 34.75106], [135.48682389, 34.75143], [135.48680222000002, 34.75184167], [135.48681611, 34.75229], [135.48682389, 34.75254528], [135.48688861, 34.75307833], [135.48690888000002, 34.75324639], [135.48702445, 34.75447472], [135.48714722, 34.75551861], [135.48723389000003, 34.75656277], [135.48737861, 34.75734389], [135.48740778, 34.75740889], [135.48749917, 34.75761305], [135.48754973, 34.75772528], [135.48765888000003, 34.75796861], [135.48775472, 34.75818249], [135.48780197000002, 34.75833333], [135.48791361, 34.75868972], [135.48794667, 34.75881333], [135.48802222, 34.75909528], [135.48822805, 34.760165], [135.48828027000002, 34.76043722], [135.48830639000002, 34.76057277], [135.48833306, 34.76071167], [135.48837639, 34.76122472], [135.48837639, 34.76186305], [135.48838056, 34.76196861], [135.48838361, 34.76204223], [135.48842306, 34.76304777], [135.48842917000002, 34.7632], [135.48843250000002, 34.76328028], [135.48843445000003, 34.76333249], [135.48844139000002, 34.76413195], [135.48844591000002, 34.76449267], [135.48847027000002, 34.76640195], [135.48847611, 34.76666416], [135.48847616, 34.76666667], [135.48848472, 34.76704], [135.48853528, 34.767225], [135.48856416, 34.76737416], [135.48873056000002, 34.76751139], [135.48937416, 34.76794667], [135.48947083000002, 34.76826861], [135.48948555, 34.76831777], [135.48953611000002, 34.76852056], [135.48954333, 34.76866389], [135.48960112, 34.76884889], [135.48974584, 34.76910889], [135.48976027, 34.769135], [135.48985278, 34.76928667], [135.49005528, 34.76941195], [135.49024392, 34.76963983], [135.49051778000003, 34.77007972], [135.49063167, 34.77002416], [135.49075778000002, 34.76996278], [135.4909675, 34.76989111], [135.49113834000002, 34.76987639], [135.49131472, 34.76986139], [135.49143750000002, 34.76993889], [135.49146667, 34.77003444], [135.49152445000001, 34.77048167], [135.49157861, 34.77073389], [135.49160973, 34.77087916], [135.49166667, 34.77088005], [135.49177, 34.77088167], [135.49183389, 34.77088277], [135.49197139, 34.77090056], [135.49228222, 34.77101389], [135.49244834, 34.77103778], [135.49260611, 34.77106028], [135.49270278000003, 34.77107389], [135.49288333, 34.77109972], [135.49303416, 34.77112139], [135.49348361, 34.77116667], [135.49422, 34.77124056], [135.49477445000002, 34.77125916], [135.49488555000002, 34.77126361], [135.49516817, 34.77127503], [135.49535973, 34.77128249], [135.49565445000002, 34.77129416], [135.49585501, 34.77130223], [135.49587389, 34.77130305], [135.49601834, 34.77130889], [135.49610416000002, 34.77131223], [135.49612, 34.77131277], [135.49628944000003, 34.77131944], [135.49637778000002, 34.77132305], [135.49639917000002, 34.77141249], [135.49633416, 34.77153777], [135.49626333, 34.77178695], [135.49619694, 34.77202083], [135.49617027000002, 34.77209805], [135.49615361, 34.77214611], [135.49617445, 34.77215167], [135.49638944, 34.77220972], [135.49686195, 34.77233695], [135.49689083, 34.77237889], [135.49685805000001, 34.77247861], [135.49677501000002, 34.77273083], [135.49671, 34.772975], [135.49671667, 34.77299722], [135.49674611, 34.77309444], [135.49683306, 34.77314805], [135.49712876, 34.77323203], [135.49718014, 34.77331103], [135.49715044, 34.77339644], [135.49702703, 34.77374928], [135.49688703, 34.77415925], [135.49718516000002, 34.77432805], [135.49727189, 34.77434083], [135.49779195000002, 34.77443583], [135.49818639000003, 34.77453113], [135.49836167, 34.77458695], [135.49837652000002, 34.77465178], [135.49830944, 34.77475556], [135.49823722, 34.77491223], [135.49817597, 34.775], [135.49813917, 34.77505277], [135.49809973, 34.77516611], [135.49806694, 34.77526333], [135.49811278, 34.77533361], [135.49830278000002, 34.77547389], [135.49857778000003, 34.77567805], [135.49883944, 34.77585083], [135.49918, 34.77606167], [135.49943555000002, 34.77625611], [135.49993973, 34.77656389], [135.49993973, 34.77660723], [135.49969750000002, 34.77683944], [135.49959917, 34.77695833], [135.49942888, 34.77708277], [135.49924778000002, 34.77687139], [135.49916027, 34.77676944], [135.49879361, 34.77701777], [135.49834861, 34.77732028], [135.49818584000002, 34.77742777], [135.49816445000002, 34.77744195], [135.49809222, 34.77748944], [135.49795555, 34.77757972], [135.49758389000002, 34.77771749], [135.49744501, 34.77776861], [135.49728111000002, 34.77781167], [135.49718917, 34.77784278], [135.49688222, 34.77790833], [135.49670944000002, 34.77796223], [135.49629667, 34.77809111], [135.49629027000003, 34.77809305], [135.49610083000002, 34.77815223], [135.49590889, 34.77821195], [135.49569639, 34.77827833], [135.49551389, 34.77835611], [135.49542861, 34.77839222], [135.49531722, 34.77843972], [135.49523361, 34.77847528], [135.49519, 34.77851695], [135.49519, 34.77856472], [135.49531306, 34.77870778], [135.49531944, 34.77873083], [135.49533112, 34.77877361], [135.49534917, 34.77883916], [135.49531306, 34.77900611], [135.49511778000002, 34.77973389], [135.49510333, 34.77985305], [135.49505278, 34.77999889], [135.49502722, 34.78005278], [135.49490805000002, 34.78030333], [135.49480694000002, 34.78047028], [135.49470555000002, 34.78053], [135.49452472000002, 34.78054778], [135.49441423000002, 34.78054778], [135.49425027, 34.78054778], [135.49413472, 34.78057167], [135.49328861, 34.78084611], [135.49294139000003, 34.78092972], [135.49276805, 34.78097139], [135.49245694, 34.78104889], [135.49234139, 34.78110861], [135.49216056, 34.78128167], [135.49204472, 34.78144861], [135.49200139, 34.781705], [135.49198694, 34.78190195], [135.49192195, 34.78225972], [135.49190750000002, 34.7824325], [135.49192917, 34.78259972], [135.49195083, 34.78310972], [135.49194124000002, 34.78333333], [135.49190917, 34.78408195], [135.49188584, 34.78463056], [135.49192917, 34.78491695], [135.49207361, 34.78516444], [135.49220389, 34.78537916], [135.49225445000002, 34.78552833], [135.49225445000002, 34.78567167], [135.49227611, 34.78591611], [135.49228333000002, 34.78610695], [135.49236306, 34.786465], [135.49243528000002, 34.78669749], [135.49263056, 34.78694222], [135.49284027000002, 34.78706139], [135.49304973, 34.78710916], [135.49317250000001, 34.78717167], [135.49330278000002, 34.78729083], [135.49345472, 34.78746972], [135.49364250000002, 34.78783972], [135.49366445, 34.78795305], [135.49366445, 34.78804833], [135.49352694, 34.78832889], [135.49336778000003, 34.78863305], [135.49327389, 34.78869278], [135.49315083000002, 34.78874639], [135.49296278000003, 34.78883], [135.4927025, 34.78901472], [135.49255805, 34.78905667], [135.49242056, 34.7890625], [135.49179167, 34.78903278], [135.49166667, 34.78903839], [135.49149528, 34.78904611], [135.49138667, 34.78907611], [135.49131445, 34.78914167], [135.4913, 34.78926695], [135.49133611000002, 34.78938028], [135.49147361, 34.78946389], [135.49164, 34.78951722], [135.49166667, 34.78953223], [135.49209555000002, 34.78977361], [135.4925675, 34.79002861], [135.49305694, 34.79029277], [135.49321222, 34.79038611], [135.4935125, 34.79056695], [135.49369333, 34.79073695], [135.49393195000002, 34.79107111], [135.49426445, 34.79146472], [135.49442361, 34.79161389], [135.49445944, 34.79166667], [135.49462611, 34.79191222], [135.49489361000002, 34.79218083], [135.49503027000003, 34.79227889], [135.49511750000002, 34.79234167], [135.49532, 34.79244305], [135.49555139, 34.79246695], [135.49589861, 34.792485], [135.4965275, 34.792485], [135.49671555, 34.79249695], [135.49671555, 34.79267944], [135.49671519, 34.7928905], [135.49661669, 34.79313664], [135.49649214000002, 34.79344467], [135.49628027000003, 34.79396489], [135.49579722000001, 34.79508944], [135.49572472, 34.79525861], [135.49561611000001, 34.79551277], [135.49557750000002, 34.79560361], [135.49553694000002, 34.79569805], [135.4956325, 34.795735], [135.49580423, 34.79580149], [135.49612416, 34.795925], [135.49633195, 34.79600556], [135.49648834, 34.79606611], [135.49658555000002, 34.79610361], [135.49650584000003, 34.79628249], [135.49644805, 34.79644667], [135.49667222, 34.79650333], [135.4969325, 34.79659277], [135.49698973, 34.79665583], [135.49702195, 34.79669111], [135.49718861, 34.79687472], [135.49727501, 34.79695389], [135.49750888000003, 34.79712333], [135.49762944000003, 34.79721695], [135.49777139000003, 34.79727556], [135.4981825, 34.79725805], [135.49843778000002, 34.79724639], [135.49885278000002, 34.79721111], [135.49927112, 34.79714695], [135.49932306000002, 34.79715083], [135.49948861000001, 34.79716277], [135.49966834000003, 34.79717611], [135.49970139, 34.79718639], [135.49989584000002, 34.79724639], [135.49995195000002, 34.79726389], [135.5, 34.79727925], [135.50061112, 34.79747444], [135.50078139000001, 34.79755056], [135.50092222, 34.79759833], [135.50105778000002, 34.79764416], [135.50160389, 34.79788972], [135.50186611, 34.79805361], [135.50221447, 34.79841183], [135.50245428, 34.79866223], [135.50298569, 34.79920992], [135.50314569000003, 34.79938877], [135.50325514000002, 34.79949033], [135.50342416, 34.79963889], [135.50356022, 34.79972639], [135.50370611, 34.79982], [135.50390722, 34.79991305], [135.50399973, 34.79995611], [135.50406501, 34.79998611], [135.50409481000003, 34.8], [135.50411027, 34.80000723], [135.50444361, 34.80012416], [135.50489737, 34.8002585], [135.5047027, 34.80058111], [135.50449978, 34.80108487], [135.50446728, 34.80116741], [135.50434141000002, 34.80153936], [135.50430872, 34.80168439], [135.50424611, 34.80196986], [135.50421341, 34.80211772], [135.50416722, 34.80230275], [135.50406319, 34.80273461], [135.50407348000002, 34.80296567], [135.50412445, 34.80322444], [135.50412445, 34.80336472], [135.50408361, 34.80349083], [135.50406778, 34.80354028], [135.50396834000003, 34.8044], [135.50388805, 34.80508], [135.50386555, 34.80527139], [135.50385139000002, 34.80592667], [135.50383722, 34.80609056], [135.50382861, 34.80626249], [135.50382306, 34.80637111], [135.50376639, 34.80670444], [135.50376888000002, 34.80678083], [135.50378083, 34.80712416], [135.50379027000002, 34.80740195], [135.50379472, 34.807535], [135.50447195, 34.80749416], [135.50482611, 34.807465], [135.50491139000002, 34.80778667], [135.50500361000002, 34.80799723], [135.50509555000002, 34.80813777], [135.50520917, 34.80823723], [135.50529297000003, 34.80833333], [135.50566306000002, 34.80875777], [135.50584027000002, 34.80890389], [135.50597501000001, 34.80902695], [135.50622861, 34.80918083], [135.50634027, 34.80924889], [135.50677973, 34.80946528], [135.50697139000002, 34.80957639], [135.50714139000002, 34.80967583], [135.50754528000002, 34.80988639], [135.50770861, 34.81001528], [135.50787861, 34.81015556], [135.50799222, 34.810255], [135.50812778000002, 34.81042333], [135.50829361, 34.81062944], [135.50816584000003, 34.81069972], [135.50806416, 34.81074305], [135.50796027, 34.81078749], [135.50781139000003, 34.81085749], [135.50715888000002, 34.81116749], [135.50701, 34.81127889], [135.50689667, 34.81143667], [135.50688250000002, 34.81157723], [135.50688944, 34.81175249], [135.50692501, 34.81199222], [135.5069675, 34.81219695], [135.50702416000001, 34.81238416], [135.50723333000002, 34.81313889], [135.50723333000002, 34.81322056], [135.50708445, 34.81322056], [135.50679361000002, 34.81322639], [135.50658805, 34.81329667], [135.5064675, 34.81341361], [135.50631861, 34.81354833], [135.50608472, 34.81377056], [135.50563805000002, 34.81412749], [135.50547861, 34.81430833], [135.50538639, 34.81439611], [135.50534389, 34.81464195], [135.50529416, 34.814835], [135.50523027000003, 34.81501056], [135.50518778000003, 34.815145], [135.50509555000002, 34.81537889], [135.50501694000002, 34.81557389], [135.50494667, 34.81574749], [135.50485445, 34.81588223], [135.50459584, 34.81629167], [135.50443278000003, 34.81654305], [135.5043309, 34.81666667], [135.5041775, 34.81685278], [135.50397167, 34.81711028], [135.50398083000002, 34.81728333], [135.50398584, 34.81737944], [135.50379944000002, 34.81761195], [135.50369528000002, 34.81774195], [135.50309584000001, 34.81849667], [135.50252861, 34.81918667], [135.50234861, 34.81933528], [135.50224501000002, 34.81942083], [135.50209611, 34.81956695], [135.50191889, 34.81970139], [135.50118501, 34.82023972], [135.5004475, 34.82080139], [135.50034112, 34.82091833], [135.50010694000002, 34.82108195], [135.5, 34.82118233], [135.49994389000003, 34.821235], [135.49979501, 34.82137444], [135.49966027000002, 34.82152056], [135.49928083, 34.82216416], [135.49898306, 34.82273139], [135.49858639, 34.82355639], [135.49846139000002, 34.82378639], [135.49837361000002, 34.82394805], [135.49808278000003, 34.8241], [135.49799778000002, 34.82417028], [135.49788278000003, 34.824295], [135.49771750000002, 34.82447444], [135.49765389, 34.82459722], [135.49765389, 34.82488389], [135.49763153, 34.825], [135.49761112000002, 34.82510611], [135.49756167, 34.82534028], [135.49756167, 34.82565028], [135.49766083000003, 34.82573805], [135.49784528, 34.82578444], [135.49801805, 34.82582139], [135.49806501, 34.82583139], [135.49807389000003, 34.82586195], [135.49809778000002, 34.82594361], [135.49811472, 34.82600111], [135.49813834000003, 34.82608223], [135.49816416000002, 34.82617056], [135.49849722, 34.8262], [135.49887667000002, 34.82639889], [135.49899027, 34.82651583], [135.49909667, 34.82666777], [135.49918861, 34.82683749], [135.49927389, 34.82704805], [135.49937306, 34.82720611], [135.49957861000001, 34.82736389], [135.49972778000003, 34.82742833], [135.5, 34.82752739], [135.50014611, 34.82758056], [135.5003375, 34.8276975], [135.5004225, 34.82780278], [135.50049361, 34.82798416], [135.50057861000002, 34.82814167], [135.50071333000002, 34.82817695], [135.50089778000003, 34.82817695], [135.50103944, 34.82820611], [135.50104501, 34.82821944], [135.50111389000003, 34.82838167], [135.50112805, 34.82852777], [135.50109944000002, 34.82857528], [135.50107861, 34.82860972], [135.50091555, 34.82868], [135.50066722, 34.82875611], [135.50049, 34.82882028], [135.50013528000002, 34.82889639], [135.50007167, 34.82901333], [135.50008584000003, 34.82910695], [135.50012112000002, 34.82924167], [135.5001425, 34.82941111], [135.50022056, 34.82964528], [135.50024306, 34.82987833], [135.50027, 34.83016], [135.50034112, 34.83024195], [135.50046167, 34.83027695], [135.50059278000003, 34.83021861], [135.50064944000002, 34.830125], [135.50075584, 34.83011916], [135.50091889, 34.830125], [135.50113167, 34.83017167], [135.50132278, 34.83016583], [135.50154973, 34.83013083], [135.50190445, 34.83002556], [135.50218083000001, 34.83001972], [135.50235112000001, 34.83004889], [135.50247888, 34.83013083], [135.50255667000002, 34.83032972], [135.50259917, 34.83042305], [135.50273416000002, 34.83047556], [135.50302472, 34.83052833], [135.50328, 34.83055167], [135.50345722, 34.83058667], [135.50359917, 34.83061028], [135.50375528, 34.83065111], [135.50420195, 34.83068028], [135.50438639, 34.83069195], [135.50459889, 34.83070972], [135.50480472, 34.83077389], [135.50503861, 34.83087333], [135.50537167000002, 34.83086749], [135.50555611000001, 34.83084416], [135.50570139, 34.83080916], [135.50589278, 34.83070361], [135.50619083, 34.83056333], [135.50641056, 34.83030611], [135.50648139, 34.83018333], [135.50658778000002, 34.83010722], [135.50677917000002, 34.83002556], [135.5069425, 34.82996695], [135.50713389, 34.82991416], [135.50744584000003, 34.82983249], [135.50763389000002, 34.82972723], [135.50763389000002, 34.82971916], [135.50763389000002, 34.82960416], [135.50764083, 34.82946389], [135.5076975, 34.82937611], [135.50790333, 34.8293], [135.50814445, 34.82921805], [135.50833333000003, 34.82919503], [135.50833584000003, 34.82919472], [135.50849167, 34.82915972], [135.50862639000002, 34.82906611], [135.50875416, 34.828955], [135.50889667, 34.82892111], [135.50907333, 34.82887889], [135.50946333000002, 34.82884389], [135.50966861, 34.82883777], [135.50991694, 34.82883195], [135.51005167, 34.82882028], [135.5102075, 34.82881444], [135.51035639000003, 34.82873833], [135.51047361000002, 34.82863305], [135.51062944, 34.82845777], [135.51077139, 34.82832333], [135.51087778000002, 34.82818305], [135.51101944, 34.82798416], [135.51111888000003, 34.82772667], [135.51118250000002, 34.82753944], [135.51136, 34.82737583], [135.51146639, 34.82721195], [135.51157973, 34.82708333], [135.51177834, 34.82693695], [135.51211501, 34.82677305], [135.51226389, 34.82672056], [135.51242, 34.82667972], [135.51272501000003, 34.82665611], [135.51292361, 34.82667972], [135.51301555, 34.82693111], [135.5131575, 34.82705389], [135.51336278000002, 34.827165], [135.51351888000002, 34.82722361], [135.51383083000002, 34.82727056], [135.51411445000002, 34.82726444], [135.51436278000003, 34.82727639], [135.51456139, 34.82735805], [135.5149725, 34.82755695], [135.51514973, 34.82762139], [135.51526333, 34.82773833], [135.51531306, 34.82782611], [135.51548667, 34.82811861], [135.51571361, 34.82811278], [135.51585639, 34.82810333], [135.51598778000002, 34.82809472], [135.51615333, 34.82808361], [135.51652889000002, 34.82797833], [135.51666667, 34.82794525], [135.51674861, 34.82792556], [135.5169825, 34.82793723], [135.51715278000003, 34.82794305], [135.51745778000003, 34.82796667], [135.51763167000001, 34.82800111], [135.51781222, 34.82803667], [135.51810306000002, 34.82806028], [135.51843306, 34.827985], [135.51852027, 34.827965], [135.51874472, 34.82791389], [135.51876611, 34.82763889], [135.51875750000002, 34.82758777], [135.51873778, 34.82746944], [135.51862416, 34.82724695], [135.51858167, 34.82707139], [135.51859584000002, 34.82692528], [135.51862416, 34.82670916], [135.51870222, 34.82653944], [135.51880105, 34.82642536], [135.51893611, 34.82627028], [135.51907112, 34.82618249], [135.51928361, 34.82619444], [135.51950361000002, 34.82624695], [135.51972333, 34.82629389], [135.51996083000003, 34.82639333], [135.52048528000003, 34.82652195], [135.52076778000003, 34.82657056], [135.52085944, 34.82658639], [135.52088416, 34.82659056], [135.52099584, 34.82660972], [135.52116611, 34.82659222], [135.52133639000002, 34.82655695], [135.52145694, 34.82649277], [135.52162365, 34.82630569], [135.52163416, 34.82629389], [135.52179722, 34.82612416], [135.52193917, 34.82596028], [135.52208805, 34.82589611], [135.5222725, 34.82593695], [135.52252778000002, 34.82603056], [135.52278306000002, 34.82613583], [135.52292472, 34.82625861], [135.52312333, 34.82641083], [135.52324361, 34.82662139], [135.52333584000002, 34.82664472], [135.52343501000001, 34.82661556], [135.52351306, 34.82653944], [135.52358389000003, 34.82645167], [135.52368333, 34.82637556], [135.52392445, 34.82629389], [135.52398611, 34.82624], [135.52405195, 34.82618249], [135.52411584, 34.82605389], [135.52415834, 34.825855], [135.52412278000003, 34.82577889], [135.52403083000002, 34.82574389], [135.52391027000002, 34.82575556], [135.52376834000003, 34.82578472], [135.52354861, 34.82586083], [135.52333973, 34.82591361], [135.52326167, 34.82576723], [135.52325445000002, 34.82565028], [135.52326861, 34.82551], [135.52325139, 34.82546528], [135.52321195000002, 34.82536361], [135.52315445000002, 34.82522695], [135.52312445, 34.82515639], [135.52309861, 34.82509472], [135.52302567, 34.825], [135.52294722, 34.82489833], [135.52286445000001, 34.82479056], [135.52277222, 34.82464444], [135.52275112, 34.82458], [135.52277944000002, 34.82450389], [135.52286445000001, 34.82443389], [135.52290027, 34.82441777], [135.52302056000002, 34.82436361], [135.52329694000002, 34.82426416], [135.52350973, 34.82421139], [135.52368694, 34.82416472], [135.52387111000002, 34.82408861], [135.52413778000002, 34.82394695], [135.52437805, 34.82381944], [135.52455112, 34.82372778], [135.52477528000003, 34.82360889], [135.52480722, 34.82359305], [135.52491722, 34.82353889], [135.525, 34.82349178], [135.52524027, 34.823355], [135.52542056000001, 34.82325222], [135.52562611000002, 34.82311777], [135.52571139000003, 34.82302333], [135.52581917, 34.82290361], [135.52596973, 34.82273667], [135.52604805, 34.82264972], [135.52629722, 34.82239361], [135.52645222, 34.82223444], [135.52658, 34.82211167], [135.52665027, 34.82204472], [135.52704083, 34.82167305], [135.52718222000001, 34.82154583], [135.52719694, 34.82153249], [135.52736, 34.82142723], [135.52748973, 34.82133361], [135.5277775, 34.82112611], [135.52781361, 34.8211], [135.52799944, 34.82095056], [135.52820722, 34.82078389], [135.52837027, 34.82067277], [135.52850501, 34.82056167], [135.52899416, 34.82015223], [135.52910639, 34.82002056], [135.52916416, 34.81995305], [135.52926361000002, 34.81983639], [135.52927778000003, 34.81964333], [135.52923167, 34.81918111], [135.52922472, 34.81894723], [135.52921056, 34.81881277], [135.52918416, 34.81849167], [135.52916083000002, 34.81821028], [135.52913973, 34.81802305], [135.52918805000002, 34.81784972], [135.52924584000002, 34.81764278], [135.52942888, 34.81753861], [135.52953944, 34.81747556], [135.52978917000002, 34.81733361], [135.53015, 34.81712805], [135.53002503000002, 34.81666667], [135.53000112, 34.81657833], [135.52997278, 34.81643805], [135.52999416, 34.81634444], [135.53015722, 34.81629361], [135.53063667, 34.81614444], [135.53158278, 34.81585028], [135.53175111000002, 34.81579805], [135.53191222, 34.81574777], [135.53202584000002, 34.81578305], [135.53218861000002, 34.81582389], [135.53228083000002, 34.81577111], [135.53242973000002, 34.81556639], [135.53262112000002, 34.81545528], [135.53284083000003, 34.81543195], [135.53297805, 34.815435], [135.5331375, 34.81543861], [135.53333333, 34.81544297], [135.53347472000002, 34.81544611], [135.53362805, 34.81544944], [135.53379834000003, 34.81532083], [135.53401805000001, 34.81522723], [135.53425195000003, 34.81519195], [135.53447888000002, 34.81520389], [135.53454111000002, 34.81522556], [135.53473888000002, 34.81529472], [135.53498861, 34.81538195], [135.53538361, 34.81552], [135.53547834000003, 34.81555305], [135.53564639, 34.81561195], [135.53586861, 34.81568944], [135.53648195000002, 34.81608139], [135.53658111000001, 34.81579472], [135.53666639000002, 34.81570695], [135.53682222, 34.81565416], [135.53708472, 34.81559583], [135.53730445000002, 34.81555472], [135.53731528000003, 34.81554083], [135.5373825, 34.81545528], [135.53737555, 34.81535], [135.53730445000002, 34.81519805], [135.53716973000002, 34.81503416], [135.53711306, 34.8149], [135.53723112, 34.81476249], [135.53723361000002, 34.81475944], [135.53743917, 34.81461333], [135.53810944, 34.81420361], [135.53831501000002, 34.81406333], [135.53892472, 34.81364805], [135.53909472, 34.81354861], [135.5393075, 34.81346667], [135.53953445000002, 34.81340805], [135.54006973, 34.81336723], [135.54025416000002, 34.81333223], [135.54030584000003, 34.81342389], [135.54035333000002, 34.8135075], [135.54043861, 34.81373], [135.54070083000002, 34.81365972], [135.54079306, 34.81375916], [135.54088611, 34.81386389], [135.54092778000003, 34.81391111], [135.54111222, 34.81382944], [135.54131778, 34.81374167], [135.54143834, 34.81373], [135.54156611000002, 34.81374749], [135.54166667, 34.81380456], [135.54179278, 34.81387611], [135.54189195, 34.81389361], [135.54195667000002, 34.81367723], [135.54203389000003, 34.81342], [135.54203389000003, 34.81322111], [135.54207639, 34.81301639], [135.54214027, 34.812835], [135.54223222, 34.81270056], [135.54256917, 34.81232611], [135.54276056, 34.81218], [135.54297333000002, 34.81208639], [135.54313639000003, 34.81199277], [135.54368250000002, 34.81179972], [135.54385973, 34.81168861], [135.5440725, 34.81161249], [135.54422139000002, 34.81155972], [135.54435889, 34.81150361], [135.54462195000002, 34.81139639], [135.54492694, 34.81125583], [135.54508306, 34.81116222], [135.54539501000002, 34.81106278], [135.54551445, 34.81103749], [135.54580694, 34.81097528], [135.54613917, 34.810905], [135.54654778000003, 34.81081528], [135.54657888000003, 34.81080833], [135.54668584, 34.810785], [135.54701861, 34.81071195], [135.54724917000001, 34.81056556], [135.54733416, 34.81037833], [135.54743584000002, 34.81028916], [135.54756112, 34.81017944], [135.54797944, 34.81003916], [135.5481425, 34.80993389], [135.54835528, 34.80983472], [135.54858917, 34.80978195], [135.54909944000002, 34.80972361], [135.5493975, 34.80968249], [135.54958167, 34.80963], [135.54968445, 34.80960972], [135.54985195, 34.80957667], [135.55, 34.80954759], [135.55005694000002, 34.80953639], [135.55023416, 34.80952472], [135.55038667, 34.80946083], [135.55083333000002, 34.80927305], [135.55100361, 34.80920278], [135.55128, 34.80912111], [135.55141472, 34.80912695], [135.55154416, 34.80914749], [135.55163472, 34.80916195], [135.55170416, 34.80918861], [135.55182667, 34.80923556], [135.55183306, 34.80923805], [135.55199611, 34.80932], [135.55211667, 34.80933749], [135.55227250000002, 34.80923805], [135.55293917, 34.80904639], [135.55298027, 34.80903444], [135.55302416, 34.80902195], [135.55308306, 34.808965], [135.55318722, 34.80886389], [135.55317306, 34.80877611], [135.55308584000002, 34.80866167], [135.55303195000002, 34.80859139], [135.55296750000002, 34.80850695], [135.55289489, 34.80833333], [135.55284611000002, 34.80821667], [135.55283888000002, 34.80819972], [135.55277, 34.80803528], [135.55273195, 34.80794416], [135.55262722, 34.80769389], [135.55301, 34.80748916], [135.55338973, 34.80747249], [135.55369472, 34.80745889], [135.55402805, 34.80744416], [135.55408861, 34.80744139], [135.55446722, 34.80742472], [135.55467306, 34.80741305], [135.55469528000003, 34.80726], [135.55471555, 34.80712083], [135.55480778000003, 34.80677], [135.55493694, 34.80633139], [135.55499917, 34.80612056], [135.55519056, 34.80602111], [135.55516250000002, 34.80583611], [135.55515639, 34.80579472], [135.55511834, 34.80554472], [135.55509973, 34.80542139], [135.55508416, 34.80531916], [135.55507722000002, 34.80523139], [135.55501333, 34.80514361], [135.55492834000003, 34.80510861], [135.55484306, 34.80513777], [135.55484306, 34.80519056], [135.55486445000003, 34.80530749], [135.55482195000002, 34.80537167], [135.554782, 34.80535322], [135.55470834000002, 34.80531916], [135.55460555000002, 34.80523722], [135.55454888000003, 34.80517861], [135.55443528, 34.80503249], [135.55437861000001, 34.80488639], [135.55434333000002, 34.80466389], [135.55432195, 34.8044825], [135.55424389, 34.80433667], [135.55416584000002, 34.80421389], [135.55409501000003, 34.80414361], [135.55377611, 34.80376139], [135.55368027000003, 34.80364639], [135.55348167, 34.80339472], [135.55336834000002, 34.80332472], [135.55327639, 34.80319583], [135.5532975, 34.80299695], [135.55335416, 34.8028275], [135.55341111, 34.80272805], [135.55349611, 34.80264611], [135.55366611, 34.80254083], [135.55393195000002, 34.80237695], [135.55408083, 34.80226], [135.55432917000002, 34.80202], [135.55439756, 34.80198623], [135.55440027000003, 34.801985], [135.55445694000002, 34.80195695], [135.55457501, 34.80189833], [135.55471917, 34.80182722], [135.55477584000002, 34.80172778], [135.55482112, 34.80152639], [135.55484667000002, 34.80141195], [135.55486694, 34.80128833], [135.55488888000002, 34.80115611], [135.55493889000002, 34.80085389], [135.55498861, 34.80055195], [135.55498584000003, 34.80018667], [135.55498501000002, 34.80009583], [135.55498501000002, 34.8], [135.55498501000002, 34.79979749], [135.5547225, 34.79918916], [135.55425501000002, 34.79829111], [135.55420667, 34.79819805], [135.55409528, 34.79798416], [135.55398195, 34.79776777], [135.55370528000003, 34.79719444], [135.55350555, 34.79679611], [135.55347667, 34.79673833], [135.55316278, 34.79611223], [135.55306472, 34.79593667], [135.55298584000002, 34.79579472], [135.55292167000002, 34.79567972], [135.55292167000002, 34.79567944], [135.55266584000003, 34.79510083], [135.55258639000002, 34.79492056], [135.55237611, 34.79444528], [135.55193361000002, 34.79356223], [135.5514975, 34.79313056], [135.55134501, 34.79305861], [135.55128222, 34.79304805], [135.55121167000001, 34.79303611], [135.55060361, 34.79293277], [135.55038973, 34.79285249], [135.55004389, 34.79272278], [135.55, 34.79270775], [135.54960888000002, 34.79257389], [135.54944805, 34.79251889], [135.54912834, 34.79238695], [135.54888834000002, 34.792285], [135.54847416, 34.792195], [135.5481325, 34.79207528], [135.54791445, 34.79197916], [135.54775445, 34.79189528], [135.54751111000002, 34.79173333], [135.54741083000002, 34.79166667], [135.54694278000002, 34.79135472], [135.54691888000002, 34.79133889], [135.54656639, 34.79110416], [135.54567584000003, 34.79054861], [135.54560694, 34.79050556], [135.54540333000003, 34.79037861], [135.54484805, 34.79007], [135.54385416, 34.78951749], [135.54363361, 34.789395], [135.54321944, 34.78917333], [135.54294416, 34.78901472], [135.54289555, 34.78898667], [135.54265501, 34.78884805], [135.54260528000003, 34.78881944], [135.54220639000002, 34.78853389], [135.54216195, 34.78850195], [135.54215333000002, 34.78849389], [135.54207778000003, 34.78842167], [135.54199361000002, 34.78834111], [135.54188555000002, 34.78823805], [135.54166667, 34.78805739], [135.54156584000003, 34.78797416], [135.54124584000002, 34.78781833], [135.54087528000002, 34.78775833], [135.54078083000002, 34.78786611], [135.54068639000002, 34.78797416], [135.5405775, 34.78809416], [135.54043222, 34.78836416], [135.54038139000002, 34.78849556], [135.54035222, 34.78862749], [135.54032501, 34.78866667], [135.53997056, 34.78917916], [135.53989778000002, 34.78929916], [135.53967056000002, 34.78915833], [135.53949083, 34.78904722], [135.53957805000002, 34.78890944], [135.53945694, 34.78883249], [135.53932361, 34.7887475], [135.53882944, 34.78844167], [135.53865501, 34.78832777], [135.53850973000002, 34.78824972], [135.53834694000003, 34.78820083], [135.53826973, 34.78817778], [135.53789917, 34.78813583], [135.53768834000002, 34.78810583], [135.53754667, 34.78805195], [135.53752056000002, 34.78798305], [135.53747416000002, 34.78786028], [135.53749584000002, 34.78777028], [135.53767834, 34.78755416], [135.53771361, 34.78751249], [135.53778888000002, 34.78738333], [135.53780805, 34.78735056], [135.53783, 34.78723083], [135.53768472000002, 34.78714083], [135.53724888000002, 34.78681111], [135.53711056, 34.78670305], [135.53701361, 34.78665222], [135.53689389000002, 34.78658972], [135.53681278000002, 34.78654723], [135.53689250000002, 34.78635528], [135.53676917, 34.78625944], [135.53671805000002, 34.78616944], [135.53669639, 34.78607944], [135.53675083000002, 34.78591167], [135.53683639000002, 34.78577916], [135.53692528000002, 34.78564167], [135.5370925, 34.78555195], [135.53722333000002, 34.78541416], [135.53741944, 34.78520416], [135.53749278, 34.78514889], [135.53750667, 34.78513833], [135.53765025, 34.78509575], [135.53782039, 34.78518914], [135.53801178, 34.78526816], [135.53824531, 34.78504692], [135.53837888, 34.7849225], [135.53846611, 34.78481444], [135.53859, 34.78458195], [135.53870584, 34.78436472], [135.53956811, 34.78333333], [135.53961805, 34.78327361], [135.53985805000002, 34.78299777], [135.54006861000002, 34.78268], [135.54018694, 34.78253139], [135.54024, 34.78246444], [135.54087889000002, 34.78166111], [135.54166667, 34.78067128], [135.54203333, 34.78021056], [135.54214361, 34.78007222], [135.54299056000002, 34.77908277], [135.54330278000003, 34.77867139], [135.54340167, 34.77854083], [135.54378250000002, 34.77803972], [135.54495639, 34.77658861], [135.54557584000003, 34.77577139], [135.54572306, 34.77557695], [135.54588722, 34.77536028], [135.54615995, 34.775], [135.54621, 34.77493389], [135.54625, 34.77489167], [135.54677973, 34.77433416], [135.54694416, 34.77416083], [135.54717667, 34.773975], [135.54728555, 34.77383083], [135.54748195000002, 34.77356723], [135.54791445, 34.77304556], [135.54853944, 34.77224833], [135.54900445, 34.77166667], [135.54960416, 34.77088139], [135.54962861, 34.77084639], [135.54965917, 34.77080249], [135.5497575, 34.77066167], [135.54989667, 34.77046249], [135.54993083000002, 34.77041389], [135.54998944000002, 34.77032972], [135.55, 34.77032033], [135.55026555, 34.77008389], [135.55041805000002, 34.76993389], [135.55046167, 34.76986916], [135.55063611, 34.76961], [135.55074528000003, 34.76945416], [135.55085056000001, 34.76935222], [135.55098889, 34.76926833], [135.55112694000002, 34.76919639], [135.55120694000001, 34.76912444], [135.55130861, 34.76893889], [135.55130861, 34.76881], [135.55130861, 34.76878889], [135.55127944, 34.76875305], [135.55112694000002, 34.76878889], [135.55082167, 34.76891472], [135.5506325, 34.76896861], [135.55045083000002, 34.76899861], [135.55020361, 34.76904056], [135.55, 34.76904056], [135.54968027, 34.76904056], [135.54959528000003, 34.76894972], [135.54955694, 34.76890861], [135.54953361, 34.76884861], [135.54950584000002, 34.76877667], [135.54927333, 34.76865667], [135.54908611000002, 34.76857611], [135.54901278000003, 34.76854472], [135.54892445000002, 34.76850667], [135.5487725, 34.76845305], [135.54870778000003, 34.76843], [135.54851778000003, 34.76836277], [135.54805639000003, 34.76824333], [135.54796167, 34.76821889], [135.54778722, 34.76818305], [135.54719112, 34.76818305], [135.54686416, 34.76817111], [135.54661694, 34.76817111], [135.54660973, 34.76817277], [135.54644973, 34.76820695], [135.54633528000002, 34.76828472], [135.54624611, 34.768345], [135.54616083000002, 34.76839833], [135.54606445000002, 34.76845889], [135.54593056000002, 34.76853361], [135.54583917, 34.76858472], [135.54566501000002, 34.76866861], [135.54551222, 34.76875028], [135.54541778, 34.76880056], [135.54529834000002, 34.76882777], [135.54520722, 34.76884861], [135.54496722, 34.76879472], [135.54445834, 34.76859667], [135.54412416, 34.76845889], [135.54356083000002, 34.76806305], [135.54321917000001, 34.76784111], [135.54307416, 34.76769722], [135.54269611, 34.76739749], [135.54230361, 34.76704972], [135.54215805, 34.76688777], [135.5419572, 34.76666667], [135.54191834000002, 34.76662389], [135.54166667, 34.76629167], [135.54164584000003, 34.76626416], [135.54155139000002, 34.76609667], [135.54144944, 34.76587472], [135.54133306, 34.76558695], [135.54123139, 34.765215], [135.54110778000003, 34.76485528], [135.54101333000003, 34.76444167], [135.54083528, 34.7638], [135.54077722, 34.76357249], [135.54059555, 34.76314667], [135.5405375, 34.76293083], [135.54047944, 34.76279889], [135.54037027, 34.762625], [135.54006861000002, 34.76216333], [135.54003888000003, 34.76211195], [135.53998139, 34.76201333], [135.53986528000001, 34.76186333], [135.53969805, 34.76161167], [135.53943639000002, 34.76134167], [135.53918861, 34.76117749], [135.53910195, 34.76112], [135.53886222, 34.76104195], [135.53863667000002, 34.76098833], [135.53815722000002, 34.76091028], [135.53798278000002, 34.76089805], [135.53782306000002, 34.76086805], [135.53759778000003, 34.76085], [135.53712888, 34.76080222], [135.53688888000002, 34.76077805], [135.53672167, 34.76074805], [135.53640195000003, 34.76067028], [135.53559555, 34.76049639], [135.5348975, 34.76034667], [135.53434528000003, 34.76024472], [135.53385472, 34.76014277], [135.53369472, 34.76010695], [135.53346195, 34.76005277], [135.53333333, 34.76000592], [135.53321501000002, 34.75996277], [135.53297528000002, 34.75987305], [135.53285167, 34.75980695], [135.53256111000002, 34.75959111], [135.53236472, 34.75941723], [135.53204501000002, 34.75903361], [135.53204445, 34.75903278], [135.53194333000002, 34.75889556], [135.53184861, 34.75872777], [135.53163056, 34.75840389], [135.53158234, 34.75833333], [135.53131083000002, 34.75793611], [135.5312, 34.75775444], [135.53076222, 34.75703695], [135.5306825, 34.75688111], [135.53032611, 34.75633556], [135.53021, 34.75617944], [135.53009361, 34.75601167], [135.52994112000002, 34.75575972], [135.52979639, 34.75555611], [135.5296175, 34.75530416], [135.52945416, 34.75509305], [135.52939944000002, 34.75502222], [135.52899250000002, 34.75456667], [135.52906584000002, 34.75441389], [135.52929389000002, 34.75393916], [135.52932667000002, 34.75387111], [135.52938501, 34.75377], [135.52960027000003, 34.75339695], [135.52961, 34.75338], [135.52966333, 34.75328777], [135.52968667000002, 34.75324723], [135.53076973, 34.75295667], [135.53084528000002, 34.75293611], [135.53120361, 34.75284], [135.53132639, 34.75281], [135.53155389000003, 34.75267167], [135.53160056000002, 34.75264305], [135.53165111, 34.75248805], [135.53160805000002, 34.75233889], [135.53143472, 34.75205249], [135.53134083, 34.75184361], [135.5311675, 34.75178389], [135.53107361, 34.75159305], [135.53079195, 34.75140223], [135.53074139, 34.751265], [135.53070528, 34.75108], [135.53058083000002, 34.75093278], [135.53047389000002, 34.75080611], [135.53037278000002, 34.75077028], [135.53020667, 34.75079416], [135.53015111000002, 34.75076944], [135.53014778000002, 34.75076777], [135.52995389, 34.75068083], [135.52961472, 34.75058889], [135.52921056, 34.75037416], [135.52916667, 34.75031861], [135.52911195000001, 34.75024944], [135.52899389, 34.75009972], [135.52898047000002, 34.75], [135.52892888000002, 34.74961639], [135.52888555, 34.74938389], [135.52875555, 34.74928833], [135.52869834, 34.74925777], [135.52866027000002, 34.7492375], [135.52846778000003, 34.74913444], [135.52836528000003, 34.74907972], [135.52822027000002, 34.74895528], [135.52815861000002, 34.7489025], [135.52815834, 34.74890223], [135.52780111, 34.74859556], [135.52757722, 34.74851222], [135.52724195000002, 34.74839861], [135.52637834, 34.74810639], [135.52560528, 34.74787389], [135.52531639000003, 34.74783223], [135.52509973, 34.74785], [135.52507472, 34.74786195], [135.525, 34.74789786], [135.52423083000002, 34.74826749], [135.52413167, 34.74831528], [135.52364722000002, 34.74851556], [135.52348584, 34.74858195], [135.52330861000002, 34.74865528], [135.52283167000002, 34.74882833], [135.52241222, 34.74894389], [135.52224667000002, 34.74898944], [135.5220175, 34.74899556], [135.52193139000002, 34.74899805], [135.52156445000003, 34.74900778], [135.52046667000002, 34.74885249], [135.52042416, 34.74895333], [135.52040888000002, 34.74898944], [135.52011416, 34.74893695], [135.52004056, 34.74892389], [135.51955639000002, 34.74887611], [135.51949861, 34.74892389], [135.51941139000002, 34.74918249], [135.51927917, 34.74957416], [135.51926694000002, 34.74961056], [135.51913575, 34.75], [135.51905805, 34.75023028], [135.51866805, 34.75019444], [135.51790888000002, 34.75009472], [135.51718584000002, 34.75], [135.51712222, 34.74999167], [135.51666667, 34.74988795], [135.51641445, 34.74983056], [135.51579306000002, 34.74968139], [135.51551861000002, 34.749565], [135.51538888000002, 34.74950972], [135.51500611, 34.7493475], [135.51436584, 34.74899583], [135.51412528000003, 34.74886389], [135.51348861, 34.74842639], [135.51326555, 34.74827333], [135.51229778, 34.74752167], [135.51193027000002, 34.74722805], [135.51049917, 34.74608444], [135.50953778000002, 34.74531777], [135.50888750000001, 34.74488222], [135.50833861, 34.7446675], [135.50833333000003, 34.74466659], [135.50779667, 34.74457195], [135.50749973, 34.74458749], [135.50745027000002, 34.74459], [135.50739973, 34.74459695], [135.50696639, 34.74465556], [135.50671416, 34.74472944], [135.50663333000003, 34.74475305], [135.50662722, 34.744755], [135.50647973, 34.74479805], [135.50625861, 34.74486305], [135.50602112, 34.74493249], [135.50582667, 34.74498944], [135.50581584000003, 34.74499277], [135.50574555, 34.74501333], [135.50554416, 34.74510333], [135.50495805, 34.745365], [135.50439472, 34.74560972], [135.50391805, 34.74582028], [135.50291389, 34.74628556], [135.50152694000002, 34.74691777], [135.50033528000003, 34.74750222], [135.5, 34.74766608], [135.49943222, 34.74794361], [135.49960416, 34.74831167], [135.49965056000002, 34.74839472], [135.49966361, 34.74841861], [135.5, 34.74902295], [135.50001584000003, 34.74905139], [135.50016888000002, 34.74953972], [135.50017472, 34.74955805], [135.50007584000002, 34.74973305], [135.5, 34.7498668], [135.49996528000003, 34.74992805], [135.49951278000003, 34.74978944], [135.49943888, 34.74976695], [135.49938, 34.74974889], [135.49915973, 34.74985305], [135.49884817, 34.75], [135.4982675, 34.75027389], [135.49760639000002, 34.75052167], [135.49726917, 34.75062583], [135.49718944, 34.75065056], [135.49704083, 34.75067083], [135.49685917, 34.75069583], [135.49658361000002, 34.75073361], [135.49581805, 34.75094805], [135.49555083, 34.75102556], [135.49543139000002, 34.75109723], [135.49524167, 34.75130444], [135.49518584, 34.75136556], [135.49506056, 34.75129139], [135.4946475, 34.75104667], [135.49442027, 34.75091223], [135.49401944000002, 34.75069749], [135.49367278000003, 34.75085249], [135.49283472, 34.75113278], [135.49232195000002, 34.75127], [135.49167167000002, 34.75135944], [135.49166667, 34.75135959], [135.49097834000003, 34.75137749], [135.49055222, 34.75133583], [135.49024167000002, 34.75122249], [135.49001778000002, 34.75118056], [135.48966389, 34.75101361], [135.48914195, 34.75072111], [135.48896917000002, 34.75062389], [135.48863445, 34.75043639], [135.48813128, 34.75], [135.48791222, 34.74981]]]]}}]}