{"type":"FeatureCollection","features":[{"type":"Feature","geometry":{"type":"MultiPolygon","coordinates":[[[[140.8646,42.0094],[140.8214,42.0342],[140.8032,42.0579],[140.8023,42.077],[140.7878,42.0771],[140.7756,42.0841],[140.7588,42.1171],[140.7258,42.1281],[140.7152,42.1367],[140.7047,42.1374],[140.6885,42.126],[140.6544,42.1282],[140.5895,42.1096],[140.5511,42.113],[140.5144,42.1294],[140.4979,42.1475],[140.463,42.1661],[140.457,42.1767],[140.4429,42.1801],[140.4339,42.191],[140.4105,42.2011],[140.3877,42.2222],[140.3482,42.2248],[140.307,42.2375],[140.2845,42.2563],[140.2762,42.2794],[140.2772,42.3205],[140.295,42.378],[140.3091,42.4072],[140.3403,42.4602],[140.3727,42.5036],[140.4414,42.5675],[140.4759,42.5891],[140.4933,42.5838],[140.5324,42.5888],[140.5818,42.567],[140.6468,42.5867],[140.6864,42.5873],[140.7086,42.5826],[140.7104,42.5751],[140.7216,42.5748],[140.7699,42.541],[140.7775,42.5289],[140.7712,42.5223],[140.7858,42.5158],[140.7795,42.5163],[140.7833,42.5009],[140.7985,42.4999],[140.8342,42.4734],[140.874,42.458],[140.8958,42.4271],[140.9087,42.3768],[140.9171,42.3692],[140.9823,42.3562],[140.9765,42.3487],[141.0017,42.3508],[141.0077,42.3476],[140.9811,42.3437],[140.9825,42.3332],[140.9869,42.3322],[140.976,42.3236],[140.9693,42.3279],[140.9685,42.3363],[140.9638,42.3387],[140.9615,42.3354],[140.951,42.3475],[140.9418,42.3466],[140.9425,42.3416],[140.9312,42.3351],[140.9435,42.3192],[140.9581,42.3173],[140.9684,42.3075],[141.002,42.301],[141.0235,42.3327],[141.045,42.3505],[141.0544,42.3521],[141.0529,42.3579],[141.0765,42.3818],[141.1392,42.4294],[141.1891,42.4526],[141.206,42.4534],[141.3398,42.5371],[141.4618,42.5925],[141.5832,42.6238],[141.6109,42.6272],[141.6116,42.6204],[141.6176,42.6207],[141.6168,42.6281],[141.6242,42.6304],[141.621,42.6413],[141.6252,42.6442],[141.6298,42.6367],[141.6954,42.6574],[141.6984,42.6525],[141.6484,42.6379],[141.6311,42.6281],[141.672,42.6304],[141.7495,42.6229],[141.7873,42.6151],[141.7812,42.6069],[141.8011,42.6016],[141.81,42.6107],[141.8205,42.6119],[141.8172,42.6057],[141.9038,42.5774],[141.9186,42.56],[141.9622,42.5356],[141.982,42.516],[142.0155,42.4992],[142.0273,42.4851],[142.067,42.4789],[142.0791,42.4698],[142.1415,42.4658],[142.1943,42.4478],[142.225,42.4174],[142.266,42.3906],[142.2768,42.3762],[142.4065,42.3085],[142.4313,42.308],[142.4481,42.3023],[142.4845,42.2697],[142.5074,42.2671],[142.5438,42.2509],[142.5852,42.2432],[142.6154,42.2252],[142.6284,42.2226],[142.6704,42.1917],[142.688,42.1919],[142.6992,42.1858],[142.724,42.1841],[142.7369,42.1766],[142.7609,42.1744],[142.7753,42.1601],[142.8144,42.1417],[142.8759,42.1323],[142.909,42.1322],[142.9195,42.126],[142.9181,42.1223],[142.9339,42.1258],[142.9661,42.1178],[142.9783,42.1017],[142.9982,42.094],[143.0089,42.081],[143.0617,42.0652],[143.1343,42.0278],[143.1609,41.9968],[143.1636,41.9827],[143.1933,41.964],[143.1953,41.9585],[143.2154,41.9513],[143.2418,41.9269],[143.2466,41.9277],[143.2406,41.9483],[143.2562,41.9976],[143.2709,42.0183],[143.289,42.0279],[143.2941,42.043],[143.31,42.0475],[143.3122,42.0544],[143.3081,42.0801],[143.3212,42.1132],[143.3168,42.1228],[143.3228,42.1568],[143.3331,42.1746],[143.3358,42.1896],[143.3359,42.2018],[143.319,42.2126],[143.3208,42.2234],[143.3082,42.2435],[143.3101,42.2611],[143.3213,42.2841],[143.3208,42.2976],[143.327,42.2954],[143.3326,42.3026],[143.3264,42.305],[143.3265,42.3134],[143.3994,42.4315],[143.4441,42.4895],[143.5242,42.5735],[143.6002,42.6438],[143.849,42.8285],[143.9287,42.8802],[144.0388,42.9375],[144.0803,42.9533],[144.1005,42.9561],[144.1407,42.975],[144.2056,42.9933],[144.2743,43.0038],[144.3065,43.0035],[144.3189,42.9972],[144.3237,43.0013],[144.3227,42.9972],[144.3346,42.9957],[144.3402,42.9992],[144.3374,42.9945],[144.3406,42.9939],[144.3498,42.998],[144.3598,42.9953],[144.3717,42.9856],[144.3683,42.9689],[144.3894,42.9691],[144.3984,42.9602],[144.4394,42.9521],[144.4504,42.9438],[144.4857,42.9394],[144.5293,42.9512],[144.5515,42.9468],[144.6296,42.9513],[144.6403,42.9458],[144.6652,42.9448],[144.675,42.9389],[144.7815,42.9341],[144.7857,42.9364],[144.7478,42.9556],[144.7375,42.9685],[144.7232,42.9749],[144.7232,42.987],[144.746,43.0239],[144.7771,43.0511],[144.8027,43.0589],[144.829,43.0576],[144.8543,43.0487],[144.8361,43.0339],[144.8384,43.0241],[144.8336,43.0155],[144.856,43.0104],[144.8591,43.0056],[144.8544,43.0021],[144.8747,42.9928],[144.8758,42.9863],[144.9068,42.9886],[144.9235,42.981],[144.9264,42.9898],[144.9496,42.9826],[144.9553,42.9854],[144.9619,42.9809],[144.9736,42.9815],[144.9955,42.9937],[145.0005,42.9912],[145.0244,43.0005],[145.0301,43.0104],[145.0236,43.0197],[145.0296,43.0227],[145.0299,43.0281],[145.0503,43.0309],[145.06,43.0398],[145.0858,43.0449],[145.0868,43.0642],[145.1002,43.0778],[145.1223,43.0781],[145.1381,43.0681],[145.1652,43.0783],[145.159,43.0847],[145.1188,43.0806],[145.1111,43.0954],[145.1126,43.1189],[145.1222,43.1324],[145.1457,43.1447],[145.1692,43.1503],[145.1782,43.1481],[145.1835,43.1396],[145.2017,43.136],[145.2253,43.1419],[145.2488,43.1588],[145.2841,43.1702],[145.2971,43.1727],[145.3163,43.1675],[145.3471,43.1798],[145.4254,43.1874],[145.4893,43.1856],[145.5026,43.1743],[145.5035,43.1691],[145.4936,43.1666],[145.4957,43.1588],[145.52,43.1648],[145.524,43.1737],[145.5082,43.1779],[145.5075,43.1832],[145.5155,43.1904],[145.5287,43.1861],[145.5347,43.191],[145.5343,43.1982],[145.5289,43.1995],[145.5321,43.2101],[145.5565,43.2188],[145.5499,43.2227],[145.5491,43.2302],[145.5658,43.2809],[145.5805,43.2854],[145.585,43.2788],[145.5964,43.2838],[145.6111,43.3002],[145.6071,43.3046],[145.6096,43.3104],[145.6297,43.3191],[145.6594,43.321],[145.6764,43.3115],[145.6806,43.3236],[145.7009,43.3281],[145.7098,43.3354],[145.7252,43.3352],[145.7288,43.3284],[145.7367,43.3381],[145.7561,43.3363],[145.7886,43.3603],[145.811,43.3677],[145.8064,43.3768],[145.8158,43.3858],[145.7665,43.3908],[145.761,43.3923],[145.7628,43.3988],[145.7213,43.3831],[145.6507,43.3915],[145.6389,43.3745],[145.6233,43.3631],[145.5816,43.3468],[145.5871,43.3413],[145.5793,43.3401],[145.5654,43.326],[145.5511,43.3246],[145.5533,43.3185],[145.5223,43.307],[145.523,43.2989],[145.5139,43.2961],[145.4928,43.2666],[145.4806,43.2737],[145.4088,43.2923],[145.3969,43.291],[145.3229,43.3442],[145.2969,43.3726],[145.2779,43.4019],[145.2624,43.4383],[145.2415,43.5326],[145.2221,43.5579],[145.2238,43.5671],[145.2143,43.5774],[145.2177,43.5887],[145.1952,43.6008],[145.2017,43.6093],[145.2011,43.616],[145.1941,43.621],[145.2096,43.6232],[145.2304,43.6143],[145.2669,43.6104],[145.2722,43.5991],[145.2651,43.5971],[145.2706,43.5932],[145.2821,43.6002],[145.2827,43.592],[145.3022,43.595],[145.2997,43.598],[145.3072,43.6006],[145.335,43.5899],[145.3316,43.5838],[145.3213,43.5822],[145.3306,43.5807],[145.3346,43.5848],[145.3409,43.5793],[145.3408,43.5715],[145.3326,43.5629],[145.3054,43.5651],[145.3068,43.5582],[145.2883,43.5598],[145.3045,43.5538],[145.293,43.5513],[145.323,43.5501],[145.3448,43.5579],[145.3498,43.5665],[145.3433,43.5839],[145.3212,43.5983],[145.2456,43.6151],[145.1442,43.6463],[145.1362,43.6534],[145.132,43.6696],[145.0942,43.7256],[145.069,43.7482],[145.0591,43.7859],[145.0636,43.792],[145.0611,43.8059],[145.0813,43.8189],[145.0923,43.8395],[145.0985,43.8609],[145.0933,43.8726],[145.096,43.895],[145.1188,43.9235],[145.1422,43.9685],[145.2049,44.0294],[145.2226,44.0371],[145.2297,44.0458],[145.245,44.0683],[145.24,44.0892],[145.2596,44.1332],[145.2924,44.156],[145.3193,44.1879],[145.3288,44.1913],[145.3375,44.2136],[145.3482,44.223],[145.3474,44.2413],[145.3617,44.2511],[145.3662,44.2701],[145.3488,44.2946],[145.3462,44.3109],[145.3516,44.3151],[145.3503,44.321],[145.3419,44.3249],[145.3443,44.3394],[145.329,44.3451],[145.3137,44.3332],[145.3063,44.3124],[145.2921,44.3099],[145.281,44.2902],[145.2254,44.2479],[145.2227,44.2361],[145.1915,44.195],[145.1267,44.1656],[145.1188,44.1558],[145.0992,44.1488],[145.0693,44.1237],[145.0553,44.1197],[145.042,44.1083],[145.0193,44.1023],[145.0091,44.0945],[145.01,44.0862],[144.9972,44.0726],[144.9911,44.0746],[144.9898,44.0677],[144.9609,44.0551],[144.946,44.0399],[144.9336,44.0409],[144.9147,44.0081],[144.8804,43.9854],[144.8487,43.9737],[144.8348,43.9603],[144.8353,43.9525],[144.8057,43.9425],[144.796,43.9319],[144.6964,43.9182],[144.6038,43.9176],[144.4805,43.9302],[144.3659,43.9548],[144.2972,43.9842],[144.2977,43.9928],[144.2821,44.011],[144.2889,44.018],[144.2713,44.0247],[144.2549,44.0393],[144.2614,44.0571],[144.2521,44.0611],[144.2572,44.0851],[144.2501,44.1094],[144.2433,44.1135],[144.2364,44.1068],[144.2047,44.102],[144.1223,44.1157],[144.0993,44.1262],[144.0677,44.1243],[143.9126,44.1505],[143.7837,44.1797],[143.783,44.1843],[143.6913,44.2082],[143.5159,44.2677],[143.3825,44.3251],[143.3741,44.3311],[143.3765,44.3337],[143.3715,44.3395],[143.3622,44.3409],[143.3654,44.3428],[143.3601,44.3455],[143.3582,44.3543],[143.3641,44.3564],[143.3489,44.3704],[143.2336,44.4219],[143.2269,44.4387],[143.2141,44.4406],[143.0825,44.5075],[143.0642,44.5186],[143.0606,44.5235],[143.0646,44.5291],[143.0481,44.5287],[142.9942,44.5577],[142.976,44.5718],[142.9553,44.5983],[142.9447,44.6012],[142.943,44.608],[142.9332,44.6137],[142.9275,44.6289],[142.9181,44.6287],[142.8931,44.652],[142.8711,44.6621],[142.8628,44.6751],[142.8523,44.6779],[142.7776,44.7291],[142.7727,44.7378],[142.7378,44.7609],[142.7194,44.7861],[142.702,44.797],[142.7024,44.8059],[142.6833,44.8218],[142.6749,44.8356],[142.6598,44.8404],[142.6461,44.8664],[142.6354,44.8766],[142.6326,44.8877],[142.6159,44.8936],[142.5864,44.9215],[142.5899,44.9396],[142.5795,44.9476],[142.5787,44.9556],[142.5848,44.9609],[142.5658,44.9692],[142.5609,44.9775],[142.5396,44.9919],[142.5365,44.9997],[142.5411,45.0037],[142.5317,45.0123],[142.5322,45.0271],[142.5078,45.04],[142.5003,45.0506],[142.5044,45.0601],[142.4822,45.0614],[142.4067,45.1207],[142.2845,45.2257],[142.1661,45.3421],[142.0632,45.3936],[142.042,45.4089],[142.0335,45.4199],[142.0351,45.4296],[142.0243,45.4368],[142.0188,45.4536],[141.9928,45.4627],[141.9698,45.4826],[141.9614,45.5105],[141.9543,45.5163],[141.9365,45.523],[141.8963,45.5117],[141.8924,45.5022],[141.8791,45.4946],[141.8797,45.4824],[141.8736,45.4697],[141.8783,45.4609],[141.8635,45.4395],[141.8384,45.4221],[141.7956,45.4065],[141.7708,45.4039],[141.7458,45.4133],[141.7403,45.401],[141.7065,45.3967],[141.7027,45.4053],[141.6771,45.4106],[141.6819,45.4197],[141.645,45.4497],[141.6342,45.4206],[141.6343,45.4056],[141.638,45.3913],[141.6569,45.37],[141.6544,45.3502],[141.6356,45.3254],[141.6155,45.3107],[141.6199,45.2952],[141.609,45.2722],[141.574,45.2387],[141.569,45.1982],[141.5911,45.1468],[141.6717,45.0173],[141.7319,44.8999],[141.7655,44.8013],[141.7828,44.7282],[141.7805,44.7216],[141.7919,44.6616],[141.7899,44.6051],[141.7824,44.5717],[141.7675,44.5557],[141.7606,44.4724],[141.7471,44.4328],[141.7361,44.4154],[141.7095,44.3914],[141.707,44.378],[141.6921,44.3662],[141.6721,44.3239],[141.6617,44.3156],[141.647,44.3121],[141.658,44.2422],[141.6544,44.22],[141.6583,44.1618],[141.6532,44.1425],[141.6628,44.0584],[141.6599,44.0084],[141.6508,43.9976],[141.6463,43.976],[141.6359,43.9745],[141.6381,43.9701],[141.6455,43.9711],[141.6424,43.9558],[141.6376,43.9534],[141.6463,43.9468],[141.6376,43.9456],[141.6321,43.9517],[141.6294,43.9447],[141.6335,43.9357],[141.6268,43.921],[141.6169,43.9144],[141.5974,43.8843],[141.5881,43.8819],[141.5752,43.8681],[141.565,43.8667],[141.5621,43.8598],[141.5492,43.8614],[141.5373,43.8518],[141.5193,43.8589],[141.5098,43.8552],[141.4936,43.8362],[141.4575,43.8357],[141.3819,43.802],[141.3719,43.7915],[141.3617,43.7615],[141.351,43.7548],[141.3301,43.7255],[141.3311,43.7076],[141.3495,43.6675],[141.3522,43.6412],[141.3655,43.6174],[141.3828,43.6045],[141.3856,43.5913],[141.3761,43.5577],[141.3602,43.5366],[141.3587,43.5193],[141.3744,43.4915],[141.3922,43.4769],[141.4287,43.4169],[141.4317,43.3891],[141.4248,43.3703],[141.4285,43.3609],[141.4222,43.3475],[141.4234,43.3281],[141.3303,43.2313],[141.3154,43.2206],[141.3069,43.2218],[141.3046,43.2099],[141.2896,43.2086],[141.2942,43.1859],[141.2894,43.1851],[141.2863,43.1963],[141.2796,43.2006],[141.2643,43.1905],[141.2622,43.1837],[141.2441,43.174],[141.1621,43.1439],[141.0888,43.1713],[141.023,43.1848],[141.025,43.1879],[141.0019,43.2066],[141.0148,43.2128],[141.0153,43.2195],[141.0209,43.2228],[141.013,43.2324],[141.0158,43.239],[140.9785,43.2393],[140.9548,43.2292],[140.9185,43.2227],[140.9184,43.2124],[140.8764,43.2053],[140.8675,43.2074],[140.8641,43.2171],[140.8546,43.2163],[140.86,43.2116],[140.8496,43.1987],[140.791,43.1947],[140.7888,43.1999],[140.7742,43.2054],[140.7786,43.2165],[140.7741,43.2272],[140.7587,43.2263],[140.7458,43.2354],[140.7397,43.2336],[140.7342,43.2378],[140.7358,43.2421],[140.7291,43.2413],[140.7175,43.249],[140.6462,43.2629],[140.6364,43.2749],[140.6461,43.2846],[140.6345,43.2859],[140.63,43.2948],[140.6068,43.2957],[140.5898,43.3082],[140.5789,43.3105],[140.5702,43.3226],[140.5336,43.3457],[140.5267,43.3532],[140.5289,43.3579],[140.5115,43.3573],[140.5034,43.3702],[140.4875,43.3747],[140.4614,43.3712],[140.4681,43.3653],[140.4595,43.3443],[140.4301,43.3298],[140.4061,43.3354],[140.4007,43.3306],[140.3517,43.3302],[140.3593,43.3147],[140.3473,43.2855],[140.3364,43.2818],[140.3433,43.2718],[140.3324,43.2595],[140.3341,43.2461],[140.3247,43.221],[140.3382,43.2115],[140.359,43.1804],[140.4295,43.1424],[140.4281,43.1371],[140.4416,43.1274],[140.4504,43.1083],[140.4592,43.1049],[140.4644,43.0849],[140.4858,43.076],[140.5127,43.0311],[140.5291,43.0283],[140.529,43.006],[140.519,42.9886],[140.4159,42.9415],[140.4018,42.9247],[140.3902,42.9229],[140.391,42.9171],[140.3466,42.8577],[140.305,42.8253],[140.3037,42.8127],[140.3101,42.7951],[140.3044,42.7775],[140.2774,42.7687],[140.2459,42.7682],[140.2369,42.7849],[140.2381,42.7923],[140.2218,42.8058],[140.2047,42.8095],[140.187,42.8267],[140.1535,42.7829],[140.1443,42.7546],[140.1301,42.7465],[140.1188,42.7463],[140.1057,42.7362],[140.0733,42.7277],[140.0652,42.7068],[140.0478,42.6951],[140.0296,42.6878],[140.0181,42.6912],[140.0091,42.6868],[139.9891,42.6921],[139.9824,42.6881],[139.9407,42.6898],[139.8984,42.6798],[139.8685,42.6656],[139.856,42.6501],[139.8546,42.6411],[139.8421,42.6318],[139.8396,42.6242],[139.8263,42.6187],[139.8221,42.6101],[139.828,42.5958],[139.8233,42.5949],[139.8466,42.5256],[139.8435,42.4971],[139.8488,42.4933],[139.8464,42.4794],[139.8529,42.4657],[139.8445,42.4437],[139.8461,42.4324],[139.8289,42.3934],[139.7961,42.3563],[139.781,42.3529],[139.7763,42.3411],[139.7671,42.3025],[139.7753,42.2965],[139.7857,42.275],[139.7749,42.262],[139.7793,42.2509],[139.7934,42.2335],[139.8121,42.2291],[139.814,42.2228],[139.8256,42.2241],[139.8534,42.2164],[139.8638,42.219],[139.8806,42.2078],[139.8823,42.1909],[139.8949,42.1838],[139.8962,42.175],[139.9249,42.1329],[139.9916,42.1278],[140.0236,42.1146],[140.0573,42.0826],[140.072,42.0544],[140.084,42.0458],[140.0863,42.0395],[140.0827,42.0365],[140.0962,42.0329],[140.1059,42.0131],[140.1033,42.0077],[140.1192,42.004],[140.1328,41.9749],[140.1267,41.9616],[140.1358,41.9437],[140.141,41.9144],[140.1313,41.8722],[140.1201,41.8666],[140.1264,41.8553],[140.123,41.8253],[140.1088,41.8049],[140.0839,41.8095],[140.07,41.8045],[140.0738,41.7906],[140.0705,41.7674],[140.0554,41.7429],[140.0085,41.6911],[140.0026,41.6519],[139.9969,41.6471],[139.9987,41.6417],[139.9821,41.6004],[139.9846,41.5609],[140.0129,41.5083],[140.0174,41.4871],[140.0288,41.4731],[140.0273,41.4624],[140.0405,41.4473],[140.0599,41.4381],[140.0749,41.4244],[140.09,41.4207],[140.0925,41.4248],[140.1202,41.4303],[140.1432,41.4285],[140.1594,41.422],[140.1809,41.404],[140.1999,41.3983],[140.2161,41.4101],[140.2208,41.4253],[140.237,41.4413],[140.2465,41.4625],[140.256,41.4657],[140.2581,41.4802],[140.3096,41.4934],[140.3366,41.507],[140.3451,41.5049],[140.3636,41.5155],[140.4086,41.5167],[140.437,41.5481],[140.4291,41.5748],[140.4289,41.6066],[140.4346,41.6589],[140.4418,41.6811],[140.4621,41.6974],[140.527,41.7005],[140.562,41.7281],[140.5778,41.7314],[140.5893,41.7414],[140.6018,41.7427],[140.6044,41.7625],[140.612,41.7685],[140.6206,41.7875],[140.618,41.7951],[140.6227,41.8051],[140.6352,41.8146],[140.6551,41.821],[140.6825,41.8212],[140.7136,41.8065],[140.7114,41.8018],[140.7193,41.799],[140.7197,41.794],[140.7237,41.7952],[140.7269,41.7848],[140.7242,41.7737],[140.7147,41.7666],[140.7052,41.7803],[140.6926,41.7645],[140.6935,41.7539],[140.704,41.74],[140.7222,41.7455],[140.7181,41.7512],[140.7381,41.7685],[140.7632,41.7738],[140.79,41.7732],[140.836,41.759],[140.8647,41.7578],[140.9272,41.7384],[140.9413,41.7305],[140.9508,41.7154],[140.9683,41.7101],[140.9919,41.7172],[141.0066,41.7154],[141.0169,41.7225],[141.03,41.7182],[141.036,41.7277],[141.0474,41.7251],[141.0524,41.7344],[141.0748,41.7429],[141.0799,41.7573],[141.108,41.784],[141.1267,41.789],[141.1359,41.784],[141.156,41.7846],[141.1645,41.7932],[141.186,41.8024],[141.1874,41.8089],[141.1779,41.8208],[141.1641,41.8218],[141.1463,41.8322],[141.1435,41.8477],[141.1502,41.8527],[141.1438,41.8571],[141.1271,41.8609],[141.1069,41.875],[141.0778,41.886],[141.033,41.8954],[141.0109,41.8935],[140.9612,41.9152],[140.9494,41.9329],[140.9367,41.9378],[140.9326,41.952],[140.9096,41.9751],[140.9061,41.9862],[140.8755,42.007],[140.8646,42.0094]]],[[[148.3427,45.2911],[148.2718,45.272],[148.1664,45.2586],[148.1036,45.2567],[148.0387,45.2663],[148.0295,45.271],[148.0272,45.2794],[148.0168,45.2796],[148.021,45.2833],[148.0179,45.2893],[148.0087,45.2903],[148.0039,45.3011],[148.0067,45.3085],[147.9952,45.3296],[148.0048,45.3352],[147.984,45.3509],[147.9781,45.3609],[147.9691,45.3836],[147.9752,45.3894],[147.9652,45.3954],[147.964,45.4203],[147.9461,45.4251],[147.9255,45.438],[147.9043,45.4302],[147.8712,45.4003],[147.8492,45.367],[147.8554,45.3542],[147.8522,45.3457],[147.8588,45.3292],[147.8574,45.318],[147.8723,45.2957],[147.8664,45.2645],[147.8817,45.256],[147.8678,45.2331],[147.8723,45.2292],[147.8697,45.2241],[147.8424,45.207],[147.8269,45.2174],[147.8155,45.2165],[147.7967,45.2081],[147.773,45.2065],[147.7658,45.195],[147.7349,45.1937],[147.7286,45.1767],[147.707,45.1658],[147.7013,45.1456],[147.6929,45.1419],[147.6919,45.1331],[147.6989,45.1234],[147.6939,45.1104],[147.6977,45.1041],[147.6895,45.0947],[147.6509,45.0787],[147.6313,45.0753],[147.6225,45.0817],[147.5846,45.0844],[147.5693,45.0966],[147.5734,45.0997],[147.5651,45.1069],[147.5514,45.1095],[147.5367,45.1058],[147.5086,45.1177],[147.4954,45.1099],[147.5268,45.0989],[147.531,45.0905],[147.5302,45.0743],[147.5345,45.0716],[147.5265,45.0679],[147.5204,45.0432],[147.5234,45.0358],[147.5167,45.034],[147.5119,45.0247],[147.5183,45.0107],[147.5137,45.0072],[147.5172,44.9974],[147.5066,44.9893],[147.479,44.9862],[147.4534,44.9717],[147.4191,44.9383],[147.3831,44.9115],[147.3339,44.8892],[147.3255,44.8901],[147.3057,44.8813],[147.2979,44.8839],[147.2912,44.8762],[147.273,44.8727],[147.2633,44.8642],[147.2635,44.8487],[147.2423,44.8081],[147.1989,44.7966],[147.1929,44.7972],[147.1696,44.8188],[147.1591,44.8185],[147.1545,44.8246],[147.1452,44.8237],[147.1326,44.8298],[147.1072,44.8221],[147.0999,44.815],[147.1009,44.8014],[147.1135,44.7793],[147.1397,44.7681],[147.1606,44.7694],[147.1698,44.7636],[147.1901,44.7652],[147.1946,44.7613],[147.199,44.7524],[147.1988,44.7315],[147.1859,44.6972],[147.1298,44.6523],[147.0931,44.638],[147.0739,44.6371],[147.0704,44.6456],[147.0589,44.6496],[147.0613,44.6539],[147.0468,44.6553],[147.0473,44.6594],[147.0087,44.6606],[147.0039,44.6555],[147.0076,44.6508],[147.0332,44.6386],[147.0338,44.619],[147.0264,44.5986],[146.9916,44.5751],[146.9775,44.578],[146.9595,44.5945],[146.9513,44.6175],[146.953,44.6261],[146.9501,44.6306],[146.9459,44.6279],[146.9309,44.5894],[146.932,44.5801],[146.954,44.556],[146.9518,44.5488],[146.9212,44.5241],[146.897,44.5203],[146.8764,44.4998],[146.8599,44.4513],[146.8717,44.4393],[146.9079,44.4286],[146.9538,44.427],[146.9832,44.4448],[147.0186,44.5081],[147.0747,44.5557],[147.1091,44.5689],[147.1464,44.5594],[147.1982,44.5705],[147.2081,44.573],[147.2423,44.6],[147.251,44.5999],[147.2724,44.6466],[147.2829,44.6589],[147.3007,44.6682],[147.3075,44.6827],[147.3157,44.6858],[147.3171,44.6947],[147.3361,44.7149],[147.3596,44.722],[147.3849,44.7457],[147.4245,44.7656],[147.4335,44.7655],[147.4399,44.7725],[147.4625,44.7799],[147.4862,44.7812],[147.4948,44.787],[147.4962,44.7998],[147.5021,44.8051],[147.5254,44.8155],[147.5503,44.8161],[147.5969,44.8533],[147.5982,44.865],[147.6153,44.8886],[147.6404,44.9143],[147.6518,44.9199],[147.6509,44.9244],[147.6272,44.9293],[147.611,44.9397],[147.6169,44.9608],[147.6384,44.9837],[147.664,44.9986],[147.6857,45.0052],[147.7262,45.0028],[147.7302,44.9768],[147.756,44.9594],[147.7848,44.9477],[147.8123,44.9519],[147.8507,44.9654],[147.8781,44.9621],[147.8901,44.9687],[147.8965,44.9662],[147.8954,44.962],[147.9042,44.961],[147.9113,44.9653],[147.91,44.9707],[147.9187,44.9698],[147.9347,44.9882],[147.9808,45.0022],[148.0191,45.0457],[148.0411,45.0653],[148.055,45.067],[148.0669,45.0863],[148.0754,45.0889],[148.0753,45.0935],[148.0996,45.1126],[148.1675,45.1469],[148.1927,45.1491],[148.1994,45.158],[148.2137,45.1628],[148.2148,45.1691],[148.2402,45.1839],[148.2576,45.1885],[148.2661,45.185],[148.2638,45.1885],[148.2806,45.1975],[148.2783,45.2015],[148.3107,45.2185],[148.3911,45.2336],[148.4019,45.2321],[148.4342,45.2521],[148.4611,45.2507],[148.4778,45.2611],[148.492,45.2567],[148.5012,45.261],[148.4993,45.2721],[148.5054,45.2789],[148.5176,45.2802],[148.5634,45.312],[148.5953,45.3183],[148.6381,45.335],[148.6497,45.3311],[148.655,45.3364],[148.6926,45.3338],[148.74,45.3376],[148.7767,45.3226],[148.8088,45.3373],[148.8425,45.3367],[148.8483,45.3457],[148.8419,45.3502],[148.8432,45.3548],[148.861,45.3674],[148.8689,45.3845],[148.8755,45.3878],[148.8747,45.3973],[148.8523,45.4195],[148.8286,45.4283],[148.8271,45.4488],[148.8379,45.4633],[148.8745,45.4746],[148.8905,45.4869],[148.8896,45.5178],[148.867,45.5355],[148.8413,45.5438],[148.8383,45.5507],[148.8293,45.5484],[148.7845,45.5556],[148.7549,45.5535],[148.7101,45.5416],[148.6517,45.5373],[148.6391,45.5226],[148.6391,45.5088],[148.6302,45.5021],[148.6068,45.4914],[148.5782,45.4894],[148.5655,45.4695],[148.5584,45.4663],[148.5569,45.458],[148.5458,45.4515],[148.5207,45.4473],[148.5122,45.4321],[148.4862,45.4205],[148.4703,45.4],[148.48,45.3862],[148.4715,45.376],[148.4603,45.3766],[148.4552,45.3702],[148.4589,45.3595],[148.448,45.3593],[148.4447,45.3532],[148.4255,45.3459],[148.4166,45.3366],[148.42,45.3293],[148.4155,45.3265],[148.4029,45.3275],[148.3518,45.3066],[148.3427,45.2911]]],[[[145.8907,44.0945],[145.9036,44.0951],[145.8993,44.1082],[145.9061,44.1209],[145.9453,44.1529],[145.9574,44.1562],[145.966,44.1528],[145.9865,44.1717],[146.0244,44.1771],[146.0339,44.1861],[146.0471,44.1847],[146.0438,44.19],[146.0549,44.1942],[146.0482,44.2],[146.0653,44.2308],[146.1142,44.2639],[146.1434,44.2645],[146.1689,44.2714],[146.1958,44.2689],[146.2961,44.2757],[146.3078,44.2902],[146.3288,44.2973],[146.3275,44.3014],[146.3356,44.3084],[146.343,44.3091],[146.3439,44.3169],[146.3496,44.3204],[146.3649,44.318],[146.3697,44.3222],[146.3623,44.3271],[146.3675,44.3304],[146.3661,44.3382],[146.3885,44.3594],[146.4267,44.3747],[146.4535,44.3771],[146.4844,44.3534],[146.4907,44.354],[146.5015,44.3657],[146.5164,44.3687],[146.5198,44.3753],[146.5337,44.3803],[146.5386,44.4025],[146.5706,44.4532],[146.5343,44.4328],[146.4767,44.4211],[146.3377,44.4174],[146.3236,44.4257],[146.2833,44.4345],[146.279,44.4431],[146.2649,44.4428],[146.2558,44.4518],[146.2395,44.4554],[146.226,44.4821],[146.194,44.4936],[146.19,44.5015],[146.1694,44.5089],[146.1701,44.5159],[146.1293,44.5079],[146.0817,44.4741],[146.0509,44.4176],[146.0234,44.3905],[146.0059,44.3803],[146.0099,44.3716],[146.0002,44.3363],[145.9879,44.3188],[145.9642,44.2956],[145.9541,44.2918],[145.9465,44.2792],[145.9357,44.2788],[145.8858,44.2477],[145.861,44.2194],[145.8552,44.2018],[145.8375,44.1824],[145.7877,44.1488],[145.7539,44.1094],[145.744,44.1042],[145.7425,44.092],[145.7483,44.0714],[145.7424,44.0522],[145.717,44.0375],[145.6779,44.0256],[145.6806,44.0166],[145.6764,44.0117],[145.655,44.004],[145.6408,43.989],[145.6008,43.9731],[145.5942,43.9678],[145.5903,43.9521],[145.5827,43.9473],[145.5612,43.9442],[145.5524,43.9358],[145.535,43.9314],[145.5339,43.9216],[145.4731,43.8986],[145.4409,43.8505],[145.4069,43.8425],[145.3987,43.828],[145.4111,43.8169],[145.4261,43.7802],[145.4182,43.7518],[145.4275,43.7273],[145.4334,43.7209],[145.5119,43.735],[145.5506,43.7308],[145.535,43.6707],[145.5383,43.6538],[145.5441,43.6528],[145.5543,43.6703],[145.5604,43.7242],[145.5715,43.77],[145.5693,43.794],[145.5754,43.8412],[145.5849,43.8621],[145.5973,43.8715],[145.6041,43.868],[145.6159,43.8843],[145.6241,43.8834],[145.6474,43.9077],[145.7028,43.9089],[145.7652,43.932],[145.7786,43.9317],[145.7892,43.9486],[145.791,43.9793],[145.8169,44.0207],[145.8375,44.0317],[145.855,44.0294],[145.853,44.0212],[145.8752,44.0242],[145.8661,44.0292],[145.8645,44.0559],[145.8816,44.0797],[145.8807,44.0858],[145.8892,44.0886],[145.8907,44.0945]]]]},"properties":{"N03_001":"北海道"}},{"type":"Feature","geometry":{"type":"Polygon","coordinates":[[[140.6608,40.9485],[140.6455,41.0489],[140.632,41.0952],[140.6339,41.1332],[140.6437,41.1724],[140.6323,41.1916],[140.6178,41.197],[140.6024,41.215],[140.5497,41.2276],[140.5386,41.2179],[140.5269,41.2212],[140.5194,41.2054],[140.491,41.1861],[140.462,41.1829],[140.4593,41.1877],[140.4325,41.1959],[140.4264,41.2077],[140.4022,41.223],[140.3967,41.2345],[140.3522,41.2553],[140.3451,41.2629],[140.3394,41.2548],[140.3401,41.2391],[140.3321,41.2361],[140.3303,41.2305],[140.3354,41.1878],[140.3216,41.1478],[140.3121,41.1457],[140.3125,41.138],[140.3034,41.1313],[140.2775,41.1393],[140.2647,41.1356],[140.257,41.1407],[140.2505,41.1311],[140.2501,41.1237],[140.2884,41.1194],[140.3059,41.1066],[140.3195,41.0927],[140.3241,41.0557],[140.3189,40.9998],[140.3051,40.9285],[140.2847,40.8639],[140.2579,40.8108],[140.2276,40.7815],[140.2138,40.779],[140.2034,40.7855],[140.1915,40.7826],[140.1374,40.748],[140.116,40.7413],[140.0956,40.7472],[140.0848,40.7584],[140.0529,40.7692],[140.034,40.7605],[140.0271,40.7509],[140.0007,40.745],[139.985,40.7104],[139.9791,40.7028],[139.9678,40.6989],[139.9632,40.6817],[139.9508,40.6705],[139.939,40.6682],[139.9362,40.6545],[139.9263,40.647],[139.9284,40.6423],[139.9018,40.6454],[139.8899,40.6304],[139.8609,40.616],[139.862,40.595],[139.8686,40.5844],[139.9184,40.5858],[139.9335,40.5653],[139.9324,40.5554],[139.9402,40.5527],[139.9499,40.4938],[139.9389,40.4288],[139.9598,40.4348],[139.9735,40.4266],[140.001,40.4329],[140.0165,40.4211],[140.0253,40.4396],[140.0202,40.4466],[140.0249,40.4531],[140.0474,40.4607],[140.054,40.4678],[140.0683,40.4689],[140.0936,40.4589],[140.0995,40.453],[140.0992,40.444],[140.1076,40.4359],[140.1367,40.4396],[140.1514,40.435],[140.1855,40.4433],[140.1941,40.4348],[140.2101,40.4384],[140.2202,40.4311],[140.2501,40.443],[140.2669,40.4407],[140.2793,40.4461],[140.2989,40.4463],[140.3095,40.4366],[140.3352,40.4394],[140.3478,40.4675],[140.3613,40.4784],[140.3779,40.4765],[140.387,40.4871],[140.4061,40.4746],[140.4271,40.4826],[140.4357,40.48],[140.4335,40.4677],[140.4438,40.4506],[140.4594,40.4564],[140.4776,40.4531],[140.4852,40.4409],[140.5085,40.4285],[140.5279,40.4313],[140.5298,40.4203],[140.5244,40.419],[140.5238,40.4102],[140.5322,40.4113],[140.5408,40.4027],[140.5671,40.3986],[140.566,40.4065],[140.5532,40.42],[140.5576,40.4257],[140.5887,40.4302],[140.5897,40.4361],[140.6329,40.4177],[140.6341,40.4023],[140.6537,40.4036],[140.6847,40.4164],[140.6875,40.427],[140.6992,40.4294],[140.7161,40.4276],[140.723,40.4166],[140.7336,40.4158],[140.7341,40.4397],[140.7527,40.4392],[140.7694,40.4539],[140.7724,40.4512],[140.7868,40.4572],[140.7935,40.4493],[140.8034,40.4486],[140.8106,40.4871],[140.82,40.4953],[140.845,40.5074],[140.8801,40.5102],[140.8613,40.4406],[140.8923,40.4234],[140.9192,40.4273],[140.933,40.4213],[140.942,40.4302],[140.9513,40.4263],[140.9722,40.4309],[140.9852,40.4271],[140.9856,40.4217],[140.9797,40.4177],[140.9873,40.395],[140.9844,40.3884],[140.9936,40.377],[140.995,40.3702],[140.9912,40.3673],[140.9952,40.3552],[140.9812,40.3434],[140.9688,40.35],[140.9629,40.3467],[140.9686,40.3375],[140.9589,40.3216],[140.9576,40.3065],[140.944,40.2963],[140.9446,40.2881],[140.9576,40.282],[140.9457,40.2581],[140.9801,40.2196],[140.9914,40.2227],[141.006,40.2179],[141.026,40.2217],[141.0268,40.2266],[141.0465,40.2371],[141.0599,40.2383],[141.0764,40.2526],[141.1041,40.2557],[141.1101,40.2611],[141.0998,40.2802],[141.1344,40.2947],[141.1384,40.3005],[141.1542,40.3014],[141.172,40.3098],[141.1977,40.3077],[141.2187,40.3153],[141.2263,40.328],[141.2484,40.341],[141.2601,40.3419],[141.2624,40.3495],[141.2751,40.3447],[141.2888,40.3492],[141.2935,40.3632],[141.3171,40.3727],[141.3363,40.3602],[141.334,40.3456],[141.3484,40.3387],[141.351,40.3311],[141.3731,40.3431],[141.3818,40.3425],[141.3975,40.3673],[141.407,40.3572],[141.4192,40.3635],[141.4273,40.3618],[141.4416,40.376],[141.4543,40.373],[141.4805,40.3761],[141.4994,40.362],[141.5072,40.3629],[141.5182,40.3518],[141.539,40.348],[141.5856,40.3783],[141.5812,40.3984],[141.5869,40.407],[141.6146,40.4193],[141.6524,40.4277],[141.6826,40.4503],[141.6492,40.4702],[141.6336,40.4842],[141.6316,40.4938],[141.6111,40.5063],[141.6086,40.514],[141.5878,40.5222],[141.576,40.5429],[141.5661,40.543],[141.5534,40.5306],[141.5346,40.5272],[141.5243,40.5296],[141.5143,40.5431],[141.5053,40.5401],[141.5029,40.5429],[141.51,40.5458],[141.5076,40.5491],[141.5018,40.5466],[141.5001,40.5568],[141.4875,40.5568],[141.4851,40.5609],[141.492,40.5647],[141.4889,40.5712],[141.4824,40.5689],[141.4479,40.6388],[141.417,40.7425],[141.3976,40.8478],[141.3906,40.905],[141.3927,40.9237],[141.3869,40.9242],[141.3856,40.932],[141.3759,40.9367],[141.3857,40.9352],[141.3877,40.9401],[141.3857,41.0159],[141.3984,41.1004],[141.3947,41.101],[141.3958,41.1324],[141.3917,41.1334],[141.3884,41.1539],[141.4082,41.25],[141.4424,41.3573],[141.45,41.3732],[141.4592,41.3792],[141.4606,41.3894],[141.4532,41.3944],[141.4552,41.4014],[141.4633,41.4033],[141.4615,41.4162],[141.4685,41.4192],[141.4614,41.4312],[141.4229,41.3982],[141.3878,41.3757],[141.3106,41.3513],[141.2746,41.3537],[141.2314,41.3666],[141.1932,41.3867],[141.1464,41.4307],[141.1274,41.4421],[141.1127,41.4629],[141.0669,41.4823],[141.0027,41.4855],[140.9734,41.4989],[140.9526,41.522],[140.9241,41.5346],[140.9136,41.5465],[140.9081,41.5298],[140.8974,41.526],[140.9062,41.5139],[140.9091,41.4957],[140.8984,41.4766],[140.8822,41.4682],[140.8778,41.4523],[140.8661,41.4464],[140.8665,41.4364],[140.8352,41.4157],[140.8387,41.4129],[140.8278,41.3901],[140.8276,41.3709],[140.8204,41.3461],[140.7988,41.3208],[140.8063,41.3142],[140.7989,41.3014],[140.802,41.2928],[140.7895,41.2744],[140.7854,41.2564],[140.7799,41.2534],[140.785,41.2301],[140.7789,41.2075],[140.7642,41.1952],[140.7688,41.1648],[140.7643,41.1478],[140.7832,41.1313],[140.8115,41.1277],[140.8328,41.1497],[140.8546,41.1614],[140.8767,41.1669],[140.8899,41.1634],[140.9166,41.1761],[140.9452,41.1739],[140.9776,41.1985],[141.0087,41.1977],[141.0347,41.185],[141.0556,41.1826],[141.0745,41.2006],[141.1015,41.2135],[141.1133,41.2134],[141.1519,41.2408],[141.1556,41.2512],[141.1446,41.2411],[141.1345,41.24],[141.1332,41.2439],[141.16,41.2782],[141.1879,41.277],[141.2194,41.2553],[141.2477,41.2242],[141.2791,41.1583],[141.2723,41.1348],[141.2549,41.1207],[141.2465,41.1046],[141.2374,41.0219],[141.221,40.9714],[141.1896,40.9179],[141.161,40.8882],[141.1321,40.8726],[141.1033,40.8725],[141.0841,40.8862],[141.0642,40.9133],[141.0345,40.9175],[141.0206,40.9299],[140.9975,40.937],[140.9785,40.9331],[140.9707,40.936],[140.9802,40.9441],[140.9821,40.9614],[140.9612,40.9734],[140.9487,40.9924],[140.9235,40.9928],[140.9032,41.0079],[140.8801,41.0081],[140.8697,40.9839],[140.8728,40.9814],[140.86,40.9717],[140.8595,40.9623],[140.8639,40.9598],[140.8395,40.9524],[140.8569,40.944],[140.8618,40.9474],[140.8718,40.9437],[140.8669,40.9409],[140.8688,40.9256],[140.8652,40.9204],[140.8699,40.9153],[140.8651,40.9039],[140.8581,40.9007],[140.8604,40.8891],[140.85,40.8833],[140.8448,40.8728],[140.8349,40.8721],[140.8349,40.8665],[140.8223,40.8609],[140.8205,40.8542],[140.8017,40.8393],[140.7804,40.8319],[140.7596,40.8347],[140.7566,40.8304],[140.7381,40.83],[140.6919,40.8604],[140.6769,40.8895],[140.6608,40.9485]]]},"properties":{"N03_001":"青森県"}},{"type":"Feature","geometry":{"type":"Polygon","coordinates":[[[141.9785,39.8307],[141.9793,39.8403],[141.9745,39.8463],[141.9788,39.8641],[141.9709,39.8849],[141.9552,39.8911],[141.9499,39.9084],[141.9397,39.9196],[141.9431,39.9437],[141.9601,39.9472],[141.9541,39.9714],[141.9559,39.9836],[141.9395,39.9994],[141.9353,40.0097],[141.9051,40.0106],[141.8785,40.0471],[141.8515,40.0554],[141.8332,40.0748],[141.8257,40.1013],[141.8289,40.1133],[141.8487,40.1348],[141.8628,40.132],[141.8719,40.1356],[141.8758,40.1435],[141.8526,40.1686],[141.8313,40.179],[141.8037,40.183],[141.7985,40.1898],[141.8032,40.1938],[141.7987,40.2017],[141.8011,40.209],[141.8075,40.2154],[141.8196,40.2214],[141.8308,40.2209],[141.8321,40.2338],[141.8227,40.2461],[141.8203,40.2627],[141.7943,40.2958],[141.7858,40.3143],[141.7751,40.3204],[141.7714,40.3453],[141.7544,40.3555],[141.7551,40.3679],[141.7303,40.3876],[141.7133,40.4199],[141.7046,40.4229],[141.7015,40.4316],[141.6826,40.4503],[141.6524,40.4277],[141.6146,40.4193],[141.5869,40.407],[141.5812,40.3984],[141.5856,40.3783],[141.539,40.348],[141.5182,40.3518],[141.5072,40.3629],[141.4994,40.362],[141.4805,40.3761],[141.4543,40.373],[141.4416,40.376],[141.4273,40.3618],[141.4192,40.3635],[141.407,40.3572],[141.3975,40.3673],[141.3818,40.3425],[141.3731,40.3431],[141.351,40.3311],[141.3484,40.3387],[141.334,40.3456],[141.3363,40.3602],[141.3171,40.3727],[141.2935,40.3632],[141.2888,40.3492],[141.2751,40.3447],[141.2624,40.3495],[141.2601,40.3419],[141.2484,40.341],[141.2263,40.328],[141.2187,40.3153],[141.1977,40.3077],[141.172,40.3098],[141.1542,40.3014],[141.1384,40.3005],[141.1344,40.2947],[141.0998,40.2802],[141.1101,40.2611],[141.1041,40.2557],[141.0764,40.2526],[141.0599,40.2383],[141.0465,40.2371],[141.0224,40.2203],[140.9801,40.2196],[140.9551,40.2476],[140.9468,40.2469],[140.9401,40.2402],[140.9422,40.2287],[140.9055,40.2221],[140.8895,40.2005],[140.8924,40.1923],[140.8593,40.1716],[140.8691,40.1595],[140.8824,40.159],[140.8832,40.1536],[140.8672,40.1306],[140.874,40.1224],[140.8715,40.1158],[140.8787,40.115],[140.8794,40.1057],[140.8721,40.0912],[140.8633,40.0849],[140.8575,40.0862],[140.8445,40.0746],[140.8554,40.0467],[140.8504,40.0317],[140.8555,40.0139],[140.849,40.0081],[140.8508,39.9938],[140.8453,39.9751],[140.8479,39.9593],[140.8572,39.953],[140.8523,39.9364],[140.8571,39.9311],[140.8547,39.9233],[140.8681,39.9117],[140.8677,39.8996],[140.8796,39.8833],[140.8779,39.8743],[140.8529,39.8658],[140.8239,39.8857],[140.814,39.8791],[140.7995,39.8817],[140.7822,39.8678],[140.7892,39.8491],[140.783,39.8312],[140.7868,39.8234],[140.8034,39.8153],[140.8225,39.8148],[140.8246,39.8101],[140.8416,39.8049],[140.8483,39.7933],[140.8053,39.7566],[140.8037,39.7448],[140.7748,39.7346],[140.784,39.7291],[140.7945,39.7096],[140.8099,39.708],[140.8099,39.6984],[140.8226,39.6879],[140.8184,39.6801],[140.8223,39.6503],[140.807,39.6313],[140.8084,39.6243],[140.8026,39.6188],[140.805,39.6128],[140.7976,39.6042],[140.7825,39.6041],[140.7803,39.5902],[140.7643,39.5879],[140.7543,39.5707],[140.7304,39.5658],[140.7292,39.553],[140.7395,39.5468],[140.7414,39.5362],[140.7366,39.5214],[140.7247,39.5185],[140.7228,39.5041],[140.7137,39.4992],[140.7244,39.4805],[140.6895,39.4648],[140.677,39.4484],[140.6856,39.4373],[140.6851,39.4247],[140.6811,39.4184],[140.6582,39.4141],[140.6637,39.4038],[140.6532,39.3908],[140.679,39.3832],[140.6756,39.3683],[140.6929,39.3581],[140.6885,39.3475],[140.7032,39.3436],[140.706,39.3389],[140.7092,39.3299],[140.6986,39.3284],[140.694,39.3198],[140.6929,39.3134],[140.6972,39.3103],[140.6936,39.2996],[140.7173,39.2965],[140.7178,39.2726],[140.7513,39.2628],[140.7569,39.255],[140.7689,39.2525],[140.7772,39.2416],[140.7887,39.2384],[140.7876,39.2268],[140.7705,39.2235],[140.7631,39.2132],[140.7676,39.2045],[140.7648,39.1978],[140.7885,39.1886],[140.7974,39.19],[140.8079,39.1784],[140.7883,39.1725],[140.7835,39.1654],[140.7739,39.1676],[140.7655,39.1523],[140.7489,39.1381],[140.77,39.1242],[140.7559,39.1181],[140.7559,39.1122],[140.7632,39.1089],[140.7529,39.086],[140.772,39.0787],[140.7789,39.0821],[140.8,39.0765],[140.8044,39.0706],[140.7994,39.0628],[140.8052,39.052],[140.7935,39.0417],[140.7951,39.0307],[140.7788,39.0084],[140.7644,39.0004],[140.7679,38.9947],[140.7645,38.9856],[140.7747,38.969],[140.7736,38.9581],[140.794,38.964],[140.8241,38.9641],[140.8757,38.931],[140.9104,38.9274],[140.9144,38.9176],[140.9314,38.9204],[140.9615,38.9057],[140.9898,38.8743],[140.9951,38.8801],[141.0046,38.8787],[141.0207,38.8864],[141.0325,38.8779],[141.0435,38.8766],[141.0615,38.8839],[141.0748,38.8795],[141.0917,38.8874],[141.108,38.8777],[141.1395,38.8775],[141.1461,38.8693],[141.1468,38.8563],[141.1302,38.84],[141.1204,38.8351],[141.1048,38.8373],[141.1028,38.8306],[141.1161,38.8224],[141.1237,38.8255],[141.1236,38.8165],[141.1299,38.8128],[141.1425,38.8119],[141.1401,38.7886],[141.1675,38.7785],[141.181,38.7845],[141.2061,38.7695],[141.2073,38.7568],[141.2158,38.7485],[141.2325,38.7477],[141.2369,38.752],[141.2288,38.7526],[141.2573,38.7624],[141.2582,38.7764],[141.2725,38.797],[141.2798,38.7927],[141.2852,38.7976],[141.3045,38.7935],[141.303,38.8049],[141.309,38.8222],[141.3168,38.8233],[141.3347,38.8069],[141.3531,38.8124],[141.3714,38.8074],[141.3803,38.7961],[141.3938,38.7998],[141.3981,38.7895],[141.4149,38.7862],[141.4101,38.7678],[141.4231,38.7718],[141.4214,38.7795],[141.438,38.7831],[141.4325,38.7916],[141.4362,38.8058],[141.4294,38.8106],[141.4543,38.8109],[141.4591,38.8152],[141.454,38.8168],[141.4498,38.8374],[141.466,38.856],[141.4527,38.8626],[141.4507,38.8751],[141.466,38.8854],[141.4662,38.8937],[141.4891,38.907],[141.4921,38.9148],[141.4856,38.9357],[141.494,38.9553],[141.4835,38.9782],[141.4924,38.999],[141.5179,39.0017],[141.5231,38.9913],[141.567,38.996],[141.5745,38.9873],[141.6014,38.9863],[141.6317,38.9707],[141.6248,38.9856],[141.6291,38.9896],[141.6221,38.9939],[141.6282,38.9951],[141.6245,38.9988],[141.6272,39.0023],[141.6403,39.007],[141.659,39.0025],[141.6701,39.0051],[141.6827,38.9966],[141.6678,38.989],[141.668,38.9769],[141.6885,38.965],[141.6924,38.9517],[141.6892,38.9499],[141.7053,38.9389],[141.7064,38.9446],[141.7145,38.9466],[141.7123,38.9509],[141.7264,38.9553],[141.723,38.9634],[141.708,38.9675],[141.7021,38.9645],[141.6962,38.9707],[141.7138,38.9866],[141.7124,38.9975],[141.7419,38.9858],[141.7441,38.9963],[141.7225,39.0192],[141.71,39.0234],[141.7249,39.0407],[141.7222,39.0517],[141.7297,39.0709],[141.7385,39.0628],[141.7333,39.0532],[141.7408,39.0509],[141.7336,39.0454],[141.7385,39.0386],[141.7291,39.0249],[141.7326,39.023],[141.7451,39.0249],[141.7495,39.0198],[141.76,39.02],[141.7698,39.0349],[141.7797,39.0281],[141.7915,39.0383],[141.7978,39.0384],[141.7942,39.0316],[141.8019,39.0244],[141.8175,39.0228],[141.8253,39.0272],[141.8368,39.0247],[141.853,39.0291],[141.8491,39.0373],[141.8178,39.0493],[141.8154,39.0592],[141.861,39.0602],[141.8712,39.0626],[141.8704,39.0719],[141.8253,39.0746],[141.8184,39.0868],[141.8089,39.09],[141.8149,39.0955],[141.8095,39.1022],[141.8139,39.1052],[141.8113,39.1119],[141.8208,39.1138],[141.8387,39.1037],[141.86,39.104],[141.8626,39.0966],[141.8704,39.0966],[141.8825,39.085],[141.8918,39.0958],[141.9183,39.1054],[141.9053,39.117],[141.8757,39.1166],[141.8699,39.1317],[141.8524,39.1359],[141.8361,39.1471],[141.8553,39.1575],[141.8634,39.1539],[141.8874,39.1558],[141.9215,39.1774],[141.9201,39.1859],[141.8898,39.1818],[141.8813,39.186],[141.8804,39.1911],[141.8663,39.1918],[141.8692,39.1966],[141.8651,39.2038],[141.8707,39.207],[141.8901,39.1978],[141.8935,39.1998],[141.889,39.2087],[141.9023,39.2048],[141.9369,39.2237],[141.9426,39.2183],[141.9489,39.2193],[141.9544,39.2224],[141.9449,39.2424],[141.9708,39.2475],[141.96,39.251],[141.9382,39.2482],[141.9335,39.242],[141.9284,39.2462],[141.9203,39.2379],[141.9133,39.2408],[141.9128,39.248],[141.894,39.2489],[141.9027,39.2529],[141.8976,39.2663],[141.8868,39.2686],[141.8882,39.2732],[141.9277,39.267],[141.9215,39.28],[141.9269,39.2818],[141.9051,39.291],[141.906,39.2974],[141.8869,39.302],[141.8907,39.3078],[141.9083,39.3087],[141.9168,39.3037],[141.9222,39.31],[141.9362,39.3081],[141.9454,39.3159],[141.9702,39.313],[141.9765,39.3189],[141.9738,39.3245],[141.9826,39.339],[141.9963,39.3493],[141.9843,39.3477],[141.9759,39.3374],[141.9558,39.3404],[141.9445,39.3296],[141.9233,39.3328],[141.9164,39.3243],[141.8961,39.3321],[141.8977,39.3383],[141.9153,39.3456],[141.913,39.3502],[141.9195,39.3554],[141.9372,39.3502],[141.9574,39.356],[141.9563,39.3611],[141.9677,39.3746],[141.9647,39.3785],[141.9452,39.3717],[141.938,39.3848],[141.9739,39.4258],[141.9811,39.427],[141.9852,39.4177],[141.9824,39.4086],[142.0051,39.4109],[142.0111,39.4163],[142.008,39.4248],[142.0133,39.4265],[142.0312,39.4161],[142.044,39.4274],[142.039,39.4472],[142.0477,39.45],[142.0481,39.4564],[142.06,39.4694],[142.0485,39.4822],[142.036,39.4824],[142.0089,39.4649],[142.0023,39.455],[142.0027,39.4454],[141.9958,39.4518],[141.9796,39.439],[141.9725,39.4411],[141.9717,39.4479],[141.9631,39.45],[141.9538,39.4666],[141.956,39.4752],[141.9716,39.4814],[141.993,39.4834],[142.0089,39.476],[142.0124,39.4798],[142.0106,39.4999],[142.0234,39.5028],[142.0334,39.5294],[142.0448,39.5314],[142.0582,39.5226],[142.0525,39.5322],[142.0659,39.5344],[142.0719,39.5452],[142.0675,39.5627],[142.0563,39.5659],[142.0576,39.5743],[142.0337,39.5739],[142.0266,39.5795],[142.0313,39.5979],[142.0258,39.6071],[142.0318,39.61],[142.0234,39.6136],[142.0278,39.6471],[142.0212,39.6559],[141.9578,39.5857],[141.9481,39.5877],[141.9452,39.596],[141.9636,39.6111],[141.9634,39.6233],[141.9715,39.6259],[141.964,39.639],[141.9695,39.6464],[141.9809,39.6449],[141.9778,39.6532],[141.9701,39.6542],[141.9853,39.6869],[141.9673,39.691],[141.9724,39.6939],[141.9755,39.7061],[141.9862,39.7134],[141.9826,39.7162],[141.9845,39.7244],[141.9709,39.731],[141.9748,39.7353],[141.9795,39.7325],[141.9917,39.7477],[141.9995,39.7494],[141.9922,39.7527],[141.9882,39.7622],[142.003,39.7743],[141.9841,39.7883],[141.9886,39.7977],[141.9832,39.8033],[141.9837,39.8141],[141.9906,39.82],[141.9859,39.8303],[141.9785,39.8307]]]},"properties":{"N03_001":"岩手県"}},{"type":"Feature","geometry":{"type":"Polygon","coordinates":[[[140.5632,38.3772],[140.5526,38.3765],[140.5454,38.3641],[140.5263,38.3575],[140.5217,38.3497],[140.5297,38.3207],[140.5203,38.3095],[140.5043,38.3141],[140.5007,38.3038],[140.4926,38.3027],[140.4969,38.2831],[140.4879,38.2745],[140.4712,38.2694],[140.4685,38.2332],[140.4743,38.2245],[140.4709,38.2146],[140.4802,38.1821],[140.4696,38.1706],[140.4677,38.157],[140.452,38.1511],[140.4427,38.139],[140.4457,38.1299],[140.431,38.1269],[140.4239,38.1194],[140.4256,38.1149],[140.4174,38.1029],[140.4207,38.0853],[140.4177,38.0803],[140.4034,38.0707],[140.3802,38.0695],[140.3824,38.0644],[140.375,38.0574],[140.3556,38.0585],[140.3446,38.0534],[140.315,38.0584],[140.3005,38.054],[140.2819,38.0595],[140.2771,38.0562],[140.282,38.0491],[140.2766,38.0286],[140.2895,38.0071],[140.2769,37.9942],[140.275,37.9839],[140.2845,37.973],[140.3138,37.9645],[140.3166,37.9581],[140.3288,37.9582],[140.3323,37.9527],[140.3486,37.9502],[140.3558,37.9521],[140.3551,37.9579],[140.3642,37.9587],[140.3856,37.9537],[140.3856,37.9649],[140.3986,37.9744],[140.4075,37.9736],[140.4092,37.9637],[140.4242,37.957],[140.4341,37.9538],[140.4447,37.957],[140.4478,37.9511],[140.4615,37.9526],[140.4749,37.9468],[140.4675,37.9378],[140.4695,37.9179],[140.4879,37.8999],[140.5158,37.9035],[140.5218,37.9088],[140.5313,37.9052],[140.563,37.9114],[140.5664,37.9228],[140.5918,37.9062],[140.6157,37.9148],[140.6273,37.8991],[140.6447,37.8954],[140.66,37.9009],[140.6885,37.8891],[140.6909,37.8837],[140.6829,37.8795],[140.6828,37.8741],[140.6929,37.857],[140.6916,37.8495],[140.6795,37.8369],[140.6855,37.8153],[140.6944,37.8033],[140.7115,37.8007],[140.723,37.7925],[140.727,37.7815],[140.7457,37.7883],[140.7955,37.7735],[140.8029,37.78],[140.7745,37.794],[140.775,37.8063],[140.8108,37.7956],[140.8236,37.7987],[140.8304,37.7948],[140.8517,37.7953],[140.8579,37.8029],[140.8537,37.807],[140.8581,37.8144],[140.8505,37.8492],[140.8616,37.8628],[140.8546,37.8745],[140.8607,37.8792],[140.8563,37.8909],[140.8981,37.903],[140.9011,37.8976],[140.9152,37.8978],[140.9236,37.892],[140.931,37.8962],[140.9236,37.9128],[140.9146,37.9814],[140.9252,38.0739],[140.9388,38.1256],[140.9677,38.191],[141.0223,38.2643],[141.0262,38.2641],[141.0267,38.2676],[140.9985,38.27],[140.9989,38.2731],[141.025,38.2711],[141.0285,38.2823],[141.0296,38.2756],[141.0403,38.2727],[141.0634,38.283],[141.0694,38.2926],[141.0773,38.2957],[141.0847,38.2929],[141.088,38.3029],[141.0814,38.3058],[141.0764,38.3196],[141.0654,38.3217],[141.0599,38.3134],[141.0359,38.307],[141.0456,38.3186],[141.0274,38.3199],[141.0434,38.3235],[141.0522,38.3318],[141.0365,38.3396],[141.0451,38.3477],[141.055,38.3467],[141.0662,38.3522],[141.062,38.3694],[141.0875,38.3817],[141.1077,38.3705],[141.1072,38.375],[141.1139,38.3777],[141.1078,38.3801],[141.1072,38.3862],[141.1334,38.377],[141.1378,38.3716],[141.1322,38.3602],[141.1585,38.3536],[141.1628,38.3674],[141.1739,38.3756],[141.2303,38.4009],[141.2665,38.408],[141.2666,38.4194],[141.2853,38.4194],[141.2857,38.4162],[141.2748,38.4144],[141.2741,38.4092],[141.2861,38.409],[141.2868,38.3996],[141.2948,38.4001],[141.2929,38.4137],[141.3566,38.4142],[141.369,38.4074],[141.3666,38.3861],[141.3732,38.3833],[141.3902,38.3863],[141.4073,38.4028],[141.4157,38.3917],[141.4191,38.397],[141.4331,38.3967],[141.4227,38.3847],[141.4374,38.3821],[141.44,38.3755],[141.458,38.3739],[141.4299,38.3648],[141.418,38.3532],[141.4223,38.3443],[141.4316,38.3472],[141.4366,38.3415],[141.445,38.3517],[141.4521,38.3409],[141.4574,38.351],[141.4622,38.3513],[141.4633,38.3355],[141.4731,38.3342],[141.4741,38.3293],[141.4512,38.3175],[141.467,38.306],[141.4691,38.3137],[141.4794,38.3067],[141.494,38.3077],[141.4972,38.3045],[141.4921,38.2954],[141.4961,38.2917],[141.509,38.2967],[141.513,38.2746],[141.5234,38.2716],[141.526,38.2753],[141.5281,38.2986],[141.5369,38.3008],[141.541,38.3081],[141.5406,38.3167],[141.5247,38.3257],[141.5311,38.3295],[141.5344,38.3394],[141.5244,38.3474],[141.5197,38.3665],[141.5021,38.3712],[141.49,38.3675],[141.4813,38.3755],[141.4846,38.38],[141.5024,38.382],[141.5119,38.3916],[141.5266,38.3892],[141.5306,38.3815],[141.5387,38.4008],[141.5139,38.3929],[141.5009,38.4034],[141.5041,38.4095],[141.4994,38.4152],[141.47,38.3942],[141.4663,38.4003],[141.475,38.4198],[141.4717,38.4255],[141.4636,38.4238],[141.4658,38.4285],[141.4546,38.4412],[141.4481,38.4413],[141.4485,38.4458],[141.4598,38.4455],[141.4824,38.4369],[141.5029,38.4468],[141.4947,38.4562],[141.5002,38.4578],[141.4988,38.4612],[141.477,38.4632],[141.4761,38.4678],[141.4943,38.4737],[141.4974,38.4799],[141.4909,38.489],[141.4964,38.4991],[141.4905,38.4984],[141.4883,38.5069],[141.4751,38.5177],[141.4666,38.5171],[141.4696,38.5212],[141.4837,38.5195],[141.4941,38.5114],[141.5144,38.5116],[141.5169,38.4926],[141.5234,38.496],[141.5235,38.4913],[141.5305,38.4888],[141.54,38.4991],[141.5348,38.5082],[141.5463,38.5237],[141.5302,38.5327],[141.5325,38.549],[141.5213,38.5394],[141.5126,38.5412],[141.5111,38.5343],[141.4931,38.5333],[141.4858,38.5408],[141.4866,38.5511],[141.481,38.5589],[141.4629,38.5613],[141.4586,38.5785],[141.4743,38.5847],[141.4875,38.5835],[141.5046,38.5952],[141.5009,38.6028],[141.5178,38.6049],[141.525,38.6109],[141.5297,38.6359],[141.5103,38.6363],[141.5037,38.6411],[141.4642,38.6479],[141.4612,38.6422],[141.4429,38.6437],[141.4501,38.6574],[141.4443,38.6735],[141.4612,38.6702],[141.476,38.6798],[141.4818,38.6753],[141.4945,38.6765],[141.4901,38.6896],[141.5163,38.6893],[141.5252,38.71],[141.5223,38.7159],[141.5281,38.717],[141.5417,38.7085],[141.5487,38.7116],[141.5577,38.7057],[141.5548,38.6979],[141.564,38.6977],[141.5654,38.7124],[141.5567,38.7191],[141.5661,38.7252],[141.5616,38.7314],[141.5658,38.7372],[141.553,38.7387],[141.5482,38.7333],[141.5465,38.7391],[141.5374,38.7398],[141.5399,38.7473],[141.5302,38.7486],[141.5293,38.7585],[141.5192,38.7606],[141.5204,38.7646],[141.5129,38.7687],[141.5204,38.7885],[141.5552,38.8014],[141.5591,38.8125],[141.5725,38.8103],[141.5777,38.8136],[141.5774,38.823],[141.6034,38.8298],[141.5975,38.8358],[141.5928,38.8333],[141.5835,38.8483],[141.5903,38.8854],[141.5941,38.8858],[141.5813,38.9007],[141.5819,38.9101],[141.5868,38.9094],[141.5881,38.8948],[141.5969,38.8939],[141.6045,38.88],[141.6154,38.8821],[141.6147,38.8879],[141.6302,38.8961],[141.6331,38.9024],[141.6354,38.8904],[141.6475,38.88],[141.65,38.8702],[141.6746,38.8582],[141.6731,38.8682],[141.6626,38.8817],[141.6671,38.8929],[141.651,38.903],[141.6506,38.9171],[141.6346,38.9313],[141.643,38.9332],[141.6445,38.9415],[141.6313,38.9543],[141.6415,38.9587],[141.6317,38.9707],[141.6014,38.9863],[141.5745,38.9873],[141.567,38.996],[141.5231,38.9913],[141.5179,39.0017],[141.4924,38.999],[141.4835,38.9782],[141.494,38.9553],[141.4856,38.9357],[141.4921,38.9148],[141.4891,38.907],[141.4662,38.8937],[141.466,38.8854],[141.4507,38.8751],[141.4527,38.8626],[141.466,38.856],[141.4498,38.8374],[141.454,38.8168],[141.4591,38.8152],[141.4543,38.8109],[141.4294,38.8106],[141.4362,38.8058],[141.4325,38.7916],[141.438,38.7831],[141.4214,38.7795],[141.4231,38.7718],[141.4101,38.7678],[141.4149,38.7862],[141.3981,38.7895],[141.3938,38.7998],[141.3803,38.7961],[141.3714,38.8074],[141.3531,38.8124],[141.3347,38.8069],[141.3168,38.8233],[141.309,38.8222],[141.303,38.8049],[141.3045,38.7935],[141.2852,38.7976],[141.2798,38.7927],[141.2725,38.797],[141.2582,38.7764],[141.2573,38.7624],[141.2288,38.7526],[141.2369,38.752],[141.2325,38.7477],[141.2158,38.7485],[141.2073,38.7568],[141.2061,38.7695],[141.181,38.7845],[141.1675,38.7785],[141.1401,38.7886],[141.1425,38.8119],[141.1299,38.8128],[141.1236,38.8165],[141.1237,38.8255],[141.1161,38.8224],[141.1028,38.8306],[141.1048,38.8373],[141.1204,38.8351],[141.1302,38.84],[141.1468,38.8563],[141.1461,38.8693],[141.1395,38.8775],[141.108,38.8777],[141.0917,38.8874],[141.0748,38.8795],[141.0615,38.8839],[141.0435,38.8766],[141.0325,38.8779],[141.0207,38.8864],[141.0046,38.8787],[140.9951,38.8801],[140.9898,38.8743],[140.9615,38.9057],[140.9314,38.9204],[140.9144,38.9176],[140.9104,38.9274],[140.8757,38.931],[140.8241,38.9641],[140.7453,38.9564],[140.7321,38.9493],[140.7116,38.9232],[140.6856,38.9176],[140.6711,38.8971],[140.6403,38.8839],[140.6156,38.8937],[140.6071,38.8866],[140.5932,38.887],[140.5855,38.88],[140.5622,38.8732],[140.5543,38.8762],[140.5469,38.8889],[140.5393,38.8639],[140.553,38.8591],[140.5591,38.8473],[140.5907,38.836],[140.5929,38.8278],[140.5985,38.826],[140.5957,38.8022],[140.6035,38.7837],[140.6274,38.7739],[140.6368,38.7774],[140.6465,38.7695],[140.6204,38.7387],[140.6209,38.7315],[140.607,38.7213],[140.607,38.7033],[140.6236,38.6998],[140.6207,38.6963],[140.6244,38.6877],[140.602,38.6406],[140.5899,38.6338],[140.5694,38.6382],[140.5628,38.6481],[140.5465,38.6497],[140.5376,38.6338],[140.5522,38.6133],[140.5603,38.6095],[140.5584,38.5976],[140.5695,38.5942],[140.571,38.5803],[140.5786,38.5681],[140.5666,38.5596],[140.5699,38.5552],[140.5647,38.5459],[140.5541,38.5408],[140.5584,38.5298],[140.572,38.5256],[140.5678,38.5192],[140.5703,38.5153],[140.5635,38.5106],[140.5674,38.5013],[140.6044,38.482],[140.6082,38.4584],[140.62,38.4552],[140.5978,38.4365],[140.5924,38.4417],[140.5806,38.4374],[140.5783,38.4204],[140.5713,38.4106],[140.5782,38.393],[140.5632,38.3772]]]},"properties":{"N03_001":"宮城県"}},{"type":"Feature","geometry":{"type":"Polygon","coordinates":[[[140.0597,39.5978],[140.045,39.4987],[140.0244,39.4153],[140.005,39.36],[139.9858,39.322],[139.966,39.2951],[139.9306,39.2892],[139.9154,39.2747],[139.9098,39.2591],[139.9147,39.2486],[139.8926,39.2087],[139.8925,39.2044],[139.9036,39.1997],[139.905,39.1815],[139.8942,39.155],[139.8834,39.1453],[139.8851,39.1335],[139.878,39.1211],[139.8696,39.1183],[139.906,39.1188],[139.9457,39.1128],[139.9481,39.1172],[139.9944,39.1055],[139.9976,39.1158],[140.0078,39.123],[140.0624,39.1335],[140.0615,39.1134],[140.0671,39.0998],[140.0625,39.0929],[140.1149,39.0778],[140.1169,39.0682],[140.1298,39.063],[140.1374,39.0655],[140.1508,39.0492],[140.1625,39.0543],[140.1712,39.051],[140.1749,39.0573],[140.1981,39.0613],[140.2048,39.0535],[140.2006,39.0357],[140.2275,39.0271],[140.2529,39.0282],[140.2621,39.0347],[140.2866,39.0281],[140.2944,39.0181],[140.3107,39.0136],[140.3188,39.0313],[140.3291,39.0348],[140.3443,39.0258],[140.3614,39.0244],[140.364,39.0095],[140.3746,38.9957],[140.3941,38.9913],[140.4319,38.9919],[140.4512,38.9718],[140.4536,38.9518],[140.4496,38.9456],[140.4617,38.9204],[140.4923,38.9065],[140.4998,38.8951],[140.5158,38.9004],[140.538,38.9004],[140.5543,38.8762],[140.5622,38.8732],[140.5855,38.88],[140.5932,38.887],[140.6071,38.8866],[140.6156,38.8937],[140.6403,38.8839],[140.6546,38.8893],[140.6711,38.8971],[140.6856,38.9176],[140.7116,38.9232],[140.7321,38.9493],[140.7453,38.9564],[140.7736,38.9581],[140.7747,38.969],[140.7645,38.9856],[140.7679,38.9947],[140.7644,39.0004],[140.7788,39.0084],[140.7951,39.0307],[140.7935,39.0417],[140.8052,39.052],[140.7994,39.0628],[140.8044,39.0706],[140.8,39.0765],[140.7789,39.0821],[140.772,39.0787],[140.7529,39.086],[140.7632,39.1089],[140.7559,39.1122],[140.7559,39.1181],[140.77,39.1242],[140.7489,39.1381],[140.7655,39.1523],[140.7739,39.1676],[140.7835,39.1654],[140.7883,39.1725],[140.8079,39.1784],[140.7974,39.19],[140.7885,39.1886],[140.7648,39.1978],[140.7676,39.2045],[140.7631,39.2132],[140.7705,39.2235],[140.7876,39.2268],[140.7887,39.2384],[140.7772,39.2416],[140.7689,39.2525],[140.7569,39.255],[140.7513,39.2628],[140.7178,39.2726],[140.7173,39.2965],[140.6936,39.2996],[140.6972,39.3103],[140.6929,39.3134],[140.694,39.3198],[140.6986,39.3284],[140.7092,39.3299],[140.706,39.3389],[140.7032,39.3436],[140.6885,39.3475],[140.6929,39.3581],[140.6756,39.3683],[140.679,39.3832],[140.6532,39.3908],[140.6637,39.4038],[140.6582,39.4141],[140.6811,39.4184],[140.6851,39.4247],[140.6856,39.4373],[140.677,39.4484],[140.6895,39.4648],[140.7244,39.4805],[140.7137,39.4992],[140.7228,39.5041],[140.7247,39.5185],[140.7366,39.5214],[140.7414,39.5362],[140.7395,39.5468],[140.7292,39.553],[140.7304,39.5658],[140.7543,39.5707],[140.7643,39.5879],[140.7803,39.5902],[140.7825,39.6041],[140.7976,39.6042],[140.805,39.6128],[140.8026,39.6188],[140.8084,39.6243],[140.807,39.6313],[140.8223,39.6503],[140.8184,39.6801],[140.8226,39.6879],[140.8099,39.6984],[140.8099,39.708],[140.7945,39.7096],[140.784,39.7291],[140.7748,39.7346],[140.8037,39.7448],[140.8053,39.7566],[140.8483,39.7933],[140.8416,39.8049],[140.8246,39.8101],[140.8225,39.8148],[140.8034,39.8153],[140.7868,39.8234],[140.783,39.8312],[140.7892,39.8491],[140.7822,39.8678],[140.7995,39.8817],[140.814,39.8791],[140.8239,39.8857],[140.8529,39.8658],[140.8779,39.8743],[140.8796,39.8833],[140.8677,39.8996],[140.8681,39.9117],[140.8547,39.9233],[140.8571,39.9311],[140.8523,39.9364],[140.8572,39.953],[140.8479,39.9593],[140.8453,39.9751],[140.8508,39.9938],[140.849,40.0081],[140.8555,40.0139],[140.8556,40.0222],[140.8504,40.0317],[140.8554,40.0467],[140.8445,40.0746],[140.8773,40.0981],[140.8787,40.115],[140.8715,40.1158],[140.874,40.1224],[140.8672,40.1306],[140.8832,40.1536],[140.8824,40.159],[140.8691,40.1595],[140.8593,40.1716],[140.8924,40.1923],[140.8895,40.2005],[140.9055,40.2221],[140.9422,40.2287],[140.9401,40.2402],[140.9468,40.2469],[140.9551,40.2476],[140.9457,40.2581],[140.9576,40.282],[140.9446,40.2881],[140.944,40.2963],[140.9576,40.3065],[140.9589,40.3216],[140.9686,40.3375],[140.9629,40.3467],[140.9654,40.3503],[140.9812,40.3434],[140.9952,40.3552],[140.9912,40.3673],[140.995,40.3702],[140.9936,40.377],[140.9844,40.3884],[140.9873,40.395],[140.9797,40.4177],[140.9856,40.4217],[140.9852,40.4271],[140.9722,40.4309],[140.9513,40.4263],[140.942,40.4302],[140.933,40.4213],[140.9192,40.4273],[140.8923,40.4234],[140.8613,40.4406],[140.8801,40.5102],[140.845,40.5074],[140.82,40.4953],[140.8106,40.4871],[140.8034,40.4486],[140.7935,40.4493],[140.7868,40.4572],[140.7724,40.4512],[140.7694,40.4539],[140.7527,40.4392],[140.7341,40.4397],[140.7336,40.4158],[140.723,40.4166],[140.7161,40.4276],[140.6992,40.4294],[140.6875,40.427],[140.6847,40.4164],[140.6537,40.4036],[140.6341,40.4023],[140.6329,40.4177],[140.5897,40.4361],[140.5887,40.4302],[140.5576,40.4257],[140.5532,40.42],[140.566,40.4065],[140.5671,40.3986],[140.5408,40.4027],[140.5322,40.4113],[140.5238,40.4102],[140.5244,40.419],[140.5298,40.4203],[140.5279,40.4313],[140.5085,40.4285],[140.4852,40.4409],[140.4776,40.4531],[140.4594,40.4564],[140.4438,40.4506],[140.4335,40.4677],[140.4357,40.48],[140.4271,40.4826],[140.4061,40.4746],[140.387,40.4871],[140.3779,40.4765],[140.3613,40.4784],[140.3478,40.4675],[140.3352,40.4394],[140.3095,40.4366],[140.2989,40.4463],[140.2793,40.4461],[140.2669,40.4407],[140.2501,40.443],[140.2202,40.4311],[140.2101,40.4384],[140.1941,40.4348],[140.1855,40.4433],[140.1514,40.435],[140.1367,40.4396],[140.1076,40.4359],[140.0992,40.444],[140.0995,40.453],[140.0936,40.4589],[140.0683,40.4689],[140.054,40.4678],[140.0474,40.4607],[140.0249,40.4531],[140.0202,40.4466],[140.0253,40.4396],[140.0165,40.4211],[140.001,40.4329],[139.9735,40.4266],[139.9598,40.4348],[139.9389,40.4288],[139.948,40.4133],[139.9784,40.3983],[139.9802,40.3878],[140.0134,40.3717],[140.0147,40.3636],[140.023,40.3576],[140.0261,40.3387],[140.0157,40.2645],[140.0008,40.2202],[140.0052,40.2114],[139.9942,40.2131],[139.9978,40.2098],[139.995,40.1993],[139.9884,40.2002],[139.984,40.1835],[139.9921,40.1822],[139.9922,40.1758],[139.949,40.0787],[139.9238,40.0411],[139.8852,39.9995],[139.8314,39.9647],[139.7977,39.9568],[139.7657,39.9749],[139.7343,39.9839],[139.7235,39.9816],[139.7018,40.0068],[139.6932,39.9956],[139.6973,39.9868],[139.6945,39.9806],[139.7009,39.9767],[139.7008,39.9685],[139.7089,39.9565],[139.7144,39.9604],[139.7212,39.9543],[139.7191,39.9462],[139.705,39.9446],[139.7056,39.9283],[139.7106,39.9272],[139.7166,39.91],[139.7349,39.9054],[139.7406,39.8714],[139.7552,39.8632],[139.7538,39.8591],[139.7726,39.8646],[139.7869,39.8621],[139.7949,39.8675],[139.8148,39.8573],[139.8308,39.8689],[139.838,39.863],[139.8612,39.8663],[139.8587,39.8723],[139.8516,39.8706],[139.8472,39.8775],[139.8595,39.8853],[139.8531,39.8871],[139.8597,39.8945],[139.8637,39.8905],[139.8587,39.8956],[139.9132,39.9017],[139.9682,39.8802],[140.0042,39.8493],[140.034,39.8045],[140.0423,39.7828],[140.0334,39.781],[140.0408,39.7684],[140.0382,39.7648],[140.0461,39.7635],[140.0428,39.7728],[140.0493,39.7741],[140.0503,39.7706],[140.0463,39.7495],[140.0578,39.7296],[140.0619,39.6757],[140.0597,39.5978]]]},"properties":{"N03_001":"秋田県"}},{"type":"Feature","geometry":{"type":"Polygon","coordinates":[[[139.8748,38.3168],[139.8793,38.3034],[139.8989,38.2932],[139.8999,38.2758],[139.8766,38.2618],[139.8757,38.2521],[139.8686,38.248],[139.8602,38.2311],[139.811,38.2115],[139.7865,38.1942],[139.7637,38.199],[139.7535,38.1935],[139.7387,38.2021],[139.7132,38.2066],[139.6986,38.2029],[139.7026,38.1995],[139.6964,38.1866],[139.6879,38.1824],[139.6825,38.1696],[139.6847,38.1594],[139.6905,38.1553],[139.6884,38.1347],[139.6939,38.1159],[139.6827,38.1081],[139.6723,38.0769],[139.691,38.0737],[139.6866,38.066],[139.6927,38.057],[139.6801,38.0433],[139.6576,38.0374],[139.6524,38.0206],[139.6543,37.9965],[139.6435,37.9945],[139.6393,37.9844],[139.6443,37.9798],[139.6386,37.9687],[139.6452,37.9626],[139.6401,37.9523],[139.643,37.9468],[139.6394,37.9347],[139.625,37.9184],[139.6318,37.8893],[139.6808,37.847],[139.696,37.8485],[139.7062,37.8559],[139.7156,37.8542],[139.7209,37.8397],[139.7413,37.8203],[139.7824,37.832],[139.8082,37.8036],[139.856,37.8259],[139.8866,37.8092],[139.9075,37.8154],[139.9255,37.8142],[139.9326,37.8294],[139.9373,37.8282],[139.9409,37.8217],[139.9579,37.8149],[139.9621,37.8058],[139.9601,37.7956],[139.9788,37.7738],[139.978,37.7662],[139.9926,37.7587],[140.0375,37.768],[140.0485,37.779],[140.0525,37.7788],[140.0536,37.7708],[140.0646,37.7678],[140.069,37.7579],[140.0868,37.758],[140.1023,37.7376],[140.1154,37.7344],[140.1401,37.7394],[140.146,37.7527],[140.1616,37.7567],[140.1996,37.7528],[140.2044,37.7477],[140.2373,37.7465],[140.2662,37.7792],[140.2763,37.7818],[140.2822,37.7982],[140.2988,37.8078],[140.2688,37.8241],[140.2621,37.8344],[140.2673,37.8477],[140.2656,37.8625],[140.2699,37.8667],[140.2649,37.8862],[140.2707,37.8907],[140.2646,37.9121],[140.2793,37.9337],[140.2753,37.9472],[140.2781,37.9526],[140.2713,37.9666],[140.28,37.9766],[140.275,37.9839],[140.2769,37.9942],[140.2895,38.0071],[140.2766,38.0286],[140.282,38.0491],[140.2771,38.0562],[140.2891,38.0593],[140.3045,38.054],[140.315,38.0584],[140.3446,38.0534],[140.3556,38.0585],[140.375,38.0574],[140.3824,38.0644],[140.3802,38.0695],[140.4034,38.0707],[140.4177,38.0803],[140.4207,38.0853],[140.4174,38.1029],[140.4256,38.1149],[140.4239,38.1194],[140.431,38.1269],[140.4457,38.1299],[140.4427,38.139],[140.452,38.1511],[140.4677,38.157],[140.4696,38.1706],[140.4802,38.1821],[140.4709,38.2146],[140.4743,38.2245],[140.4685,38.2332],[140.4712,38.2694],[140.4879,38.2745],[140.4969,38.2831],[140.4926,38.3027],[140.5007,38.3038],[140.5043,38.3141],[140.5203,38.3095],[140.5297,38.3207],[140.5217,38.3497],[140.5263,38.3575],[140.5454,38.3641],[140.5526,38.3765],[140.5632,38.3772],[140.5782,38.393],[140.5713,38.4106],[140.5783,38.4204],[140.5806,38.4374],[140.5924,38.4417],[140.5978,38.4365],[140.62,38.4552],[140.6082,38.4584],[140.6044,38.482],[140.5674,38.5013],[140.5635,38.5106],[140.5703,38.5153],[140.5678,38.5192],[140.572,38.5256],[140.5584,38.5298],[140.5541,38.5408],[140.5647,38.5459],[140.5699,38.5552],[140.5666,38.5596],[140.5786,38.5681],[140.571,38.5803],[140.5695,38.5942],[140.5584,38.5976],[140.5603,38.6095],[140.5522,38.6133],[140.5376,38.6338],[140.5465,38.6497],[140.5628,38.6481],[140.5694,38.6382],[140.5899,38.6338],[140.602,38.6406],[140.6244,38.6877],[140.6207,38.6963],[140.6236,38.6998],[140.607,38.7033],[140.607,38.7213],[140.6209,38.7315],[140.6204,38.7387],[140.6465,38.7695],[140.6368,38.7774],[140.6274,38.7739],[140.6035,38.7837],[140.5957,38.8022],[140.5985,38.826],[140.5929,38.8278],[140.5907,38.836],[140.5591,38.8473],[140.553,38.8591],[140.5393,38.8639],[140.5388,38.8714],[140.5477,38.8812],[140.5475,38.8911],[140.538,38.9004],[140.5158,38.9004],[140.4998,38.8951],[140.4799,38.9147],[140.4666,38.9164],[140.4583,38.9339],[140.4517,38.9375],[140.4537,38.9586],[140.4455,38.9804],[140.4377,38.9821],[140.4319,38.9919],[140.3941,38.9913],[140.3746,38.9957],[140.364,39.0095],[140.3614,39.0244],[140.3443,39.0258],[140.3291,39.0348],[140.3188,39.0313],[140.3107,39.0136],[140.2944,39.0181],[140.2866,39.0281],[140.2621,39.0347],[140.2529,39.0282],[140.2275,39.0271],[140.2006,39.0357],[140.2048,39.0535],[140.1981,39.0613],[140.1749,39.0573],[140.1712,39.051],[140.1625,39.0543],[140.1508,39.0492],[140.1374,39.0655],[140.1298,39.063],[140.1169,39.0682],[140.1149,39.0778],[140.0625,39.0929],[140.0671,39.0998],[140.0615,39.1134],[140.0624,39.1335],[140.0078,39.123],[139.9976,39.1158],[139.9944,39.1055],[139.9481,39.1172],[139.9457,39.1128],[139.906,39.1188],[139.8696,39.1183],[139.8794,39.0967],[139.8681,39.0726],[139.8671,39.0521],[139.8369,38.9785],[139.8328,38.9735],[139.826,38.9749],[139.8189,38.9605],[139.8294,38.958],[139.8375,38.9629],[139.8315,38.9547],[139.8143,38.9503],[139.8116,38.9449],[139.8178,38.943],[139.816,38.9368],[139.8079,38.9362],[139.8052,38.9307],[139.8103,38.9292],[139.7929,38.8709],[139.7534,38.7854],[139.7464,38.7752],[139.7077,38.7502],[139.7087,38.745],[139.6918,38.7249],[139.6812,38.7176],[139.6709,38.7188],[139.6409,38.6883],[139.6352,38.6847],[139.6271,38.6875],[139.6147,38.6743],[139.5438,38.5562],[139.5607,38.5429],[139.5771,38.5396],[139.5994,38.5222],[139.6217,38.5254],[139.6314,38.5218],[139.636,38.5131],[139.6531,38.507],[139.6929,38.5068],[139.7025,38.4992],[139.7207,38.4963],[139.7258,38.4866],[139.7123,38.4792],[139.7201,38.4507],[139.7186,38.4292],[139.7034,38.4002],[139.7095,38.3875],[139.7221,38.394],[139.7329,38.3714],[139.7523,38.359],[139.7616,38.3611],[139.7707,38.3529],[139.7896,38.3487],[139.8165,38.356],[139.8272,38.345],[139.8484,38.3428],[139.8477,38.3366],[139.8748,38.3168]]]},"properties":{"N03_001":"山形県"}},{"type":"Feature","geometry":{"type":"Polygon","coordinates":[[[140.4749,37.9468],[140.4615,37.9526],[140.4478,37.9511],[140.4447,37.957],[140.4341,37.9538],[140.4242,37.957],[140.4092,37.9637],[140.4075,37.9736],[140.3884,37.9691],[140.3856,37.9537],[140.3642,37.9587],[140.3551,37.9579],[140.3558,37.9521],[140.3486,37.9502],[140.3323,37.9527],[140.3288,37.9582],[140.3166,37.9581],[140.3138,37.9645],[140.2772,37.9756],[140.2713,37.9666],[140.2781,37.9526],[140.2753,37.9472],[140.2793,37.9337],[140.2646,37.9121],[140.2707,37.8907],[140.2649,37.8862],[140.2699,37.8667],[140.2656,37.8625],[140.2673,37.8477],[140.2621,37.8344],[140.2688,37.8241],[140.2988,37.8078],[140.2822,37.7982],[140.2763,37.7818],[140.2662,37.7792],[140.2373,37.7465],[140.2044,37.7477],[140.1996,37.7528],[140.1616,37.7567],[140.146,37.7527],[140.1401,37.7394],[140.1154,37.7344],[140.1023,37.7376],[140.0868,37.758],[140.069,37.7579],[140.0646,37.7678],[140.0536,37.7708],[140.0525,37.7788],[140.0193,37.762],[139.9865,37.7604],[139.978,37.7662],[139.9788,37.7738],[139.9601,37.7956],[139.9621,37.8058],[139.9579,37.8149],[139.9409,37.8217],[139.9373,37.8282],[139.9326,37.8294],[139.9255,37.8142],[139.9075,37.8154],[139.8866,37.8092],[139.856,37.8259],[139.8082,37.8036],[139.7824,37.832],[139.7413,37.8203],[139.7209,37.8397],[139.7156,37.8542],[139.7062,37.8559],[139.696,37.8485],[139.6808,37.847],[139.715,37.8526],[139.7206,37.8396],[139.736,37.8279],[139.7415,37.8177],[139.7216,37.8094],[139.6802,37.775],[139.6665,37.757],[139.6579,37.755],[139.6572,37.7409],[139.6496,37.7291],[139.6429,37.7276],[139.6245,37.7083],[139.6217,37.6998],[139.6273,37.6884],[139.6094,37.6843],[139.6009,37.6688],[139.5938,37.6651],[139.5887,37.6672],[139.5685,37.6531],[139.5493,37.6491],[139.555,37.6415],[139.546,37.6289],[139.5521,37.6188],[139.5485,37.6099],[139.5623,37.6001],[139.5704,37.5795],[139.5702,37.5505],[139.5657,37.5461],[139.5785,37.5302],[139.5906,37.5279],[139.5851,37.5129],[139.567,37.5023],[139.5233,37.5145],[139.5138,37.5086],[139.486,37.5103],[139.4758,37.5026],[139.4572,37.5179],[139.4284,37.5142],[139.4142,37.5083],[139.4107,37.502],[139.414,37.4968],[139.4079,37.4925],[139.4064,37.4662],[139.3975,37.4598],[139.3626,37.47],[139.3351,37.4578],[139.3265,37.4624],[139.282,37.4498],[139.2772,37.4528],[139.2589,37.4471],[139.2512,37.4524],[139.2375,37.4451],[139.223,37.4486],[139.2075,37.4289],[139.2084,37.4171],[139.1972,37.4108],[139.2125,37.3919],[139.2219,37.3933],[139.2317,37.3874],[139.2315,37.3802],[139.238,37.3729],[139.2336,37.3436],[139.2179,37.334],[139.2242,37.3214],[139.2157,37.3086],[139.2123,37.2862],[139.1747,37.2563],[139.1648,37.2394],[139.1659,37.2322],[139.1948,37.204],[139.1967,37.194],[139.2053,37.1942],[139.2206,37.2092],[139.226,37.1979],[139.2446,37.1811],[139.2432,37.1704],[139.253,37.1613],[139.2354,37.1139],[139.2386,37.0905],[139.2487,37.0814],[139.247,37.0708],[139.2573,37.0559],[139.2596,37.0433],[139.2485,37.0309],[139.2434,37.0151],[139.2557,36.9887],[139.2472,36.9802],[139.2527,36.9735],[139.2481,36.9714],[139.2499,36.9559],[139.2328,36.9374],[139.2406,36.9295],[139.2682,36.9386],[139.2817,36.9311],[139.2948,36.9345],[139.3051,36.9258],[139.3424,36.9275],[139.3528,36.9158],[139.3731,36.9184],[139.3933,36.9108],[139.4079,36.9265],[139.4304,36.9259],[139.4344,36.9419],[139.4567,36.9538],[139.4599,36.9697],[139.4843,36.9754],[139.4943,36.9679],[139.5151,36.9778],[139.5353,36.9806],[139.5447,36.9909],[139.5764,37.0021],[139.5819,37.0149],[139.6116,37.0138],[139.6193,37.0166],[139.625,37.0327],[139.6402,37.0327],[139.6557,37.0419],[139.6678,37.0421],[139.6726,37.0572],[139.6921,37.0625],[139.7005,37.0594],[139.711,37.0684],[139.7527,37.0706],[139.7629,37.0757],[139.7749,37.0919],[139.8221,37.0851],[139.8183,37.0967],[139.8211,37.1087],[139.8152,37.1162],[139.8318,37.1336],[139.8478,37.1395],[139.8563,37.1378],[139.8663,37.1472],[139.8776,37.1461],[139.8946,37.1533],[139.9163,37.1476],[139.9546,37.1549],[139.9631,37.1485],[139.9905,37.1427],[140.0244,37.143],[140.0471,37.1354],[140.0575,37.126],[140.1004,37.1234],[140.128,37.1042],[140.137,37.1065],[140.1562,37.0914],[140.1535,37.0871],[140.1584,37.0806],[140.1728,37.0703],[140.1931,37.0655],[140.1907,37.0567],[140.1998,37.0477],[140.1957,37.0367],[140.2033,37.0239],[140.2197,37.0185],[140.2247,37.0238],[140.2489,37.0259],[140.2514,37.0092],[140.2463,37.0095],[140.2402,37.0003],[140.251,36.9834],[140.2442,36.979],[140.2439,36.9732],[140.2531,36.963],[140.2406,36.9498],[140.243,36.9435],[140.273,36.9302],[140.2836,36.9352],[140.2927,36.9332],[140.3219,36.9078],[140.324,36.8933],[140.3466,36.885],[140.3652,36.8843],[140.3772,36.8379],[140.4135,36.8321],[140.4309,36.8173],[140.4395,36.8205],[140.4637,36.7916],[140.4892,36.8094],[140.4889,36.8187],[140.5029,36.819],[140.5167,36.8266],[140.5191,36.8362],[140.5285,36.84],[140.5281,36.8486],[140.538,36.8588],[140.5569,36.8601],[140.5919,36.8729],[140.5933,36.8798],[140.5794,36.8961],[140.5808,36.9044],[140.5657,36.9164],[140.5705,36.9311],[140.5672,36.9355],[140.5747,36.9421],[140.5861,36.9453],[140.5939,36.9343],[140.593,36.9265],[140.6147,36.9045],[140.6373,36.8976],[140.6545,36.901],[140.6559,36.8973],[140.695,36.8888],[140.7141,36.8728],[140.7342,36.8716],[140.7405,36.8756],[140.7668,36.8615],[140.7772,36.8674],[140.7864,36.8619],[140.7858,36.8564],[140.791,36.8586],[140.7896,36.8728],[140.7947,36.8852],[140.8167,36.9084],[140.8266,36.9127],[140.8408,36.9095],[140.8759,36.9332],[140.8805,36.9277],[140.8883,36.9344],[140.8851,36.9378],[140.9026,36.9444],[140.9245,36.9352],[140.9375,36.9527],[140.9494,36.9565],[140.96,36.9706],[140.967,36.9704],[140.968,36.9841],[140.9828,36.9951],[140.9727,37.0226],[140.9739,37.0551],[140.9827,37.0893],[140.9993,37.1108],[141.0025,37.2004],[141.0124,37.2284],[141.0215,37.2349],[141.0205,37.2402],[141.0131,37.2411],[141.0139,37.2606],[141.0281,37.3164],[141.0283,37.3409],[141.0369,37.3636],[141.0341,37.4309],[141.0368,37.4708],[141.042,37.4832],[141.0266,37.5607],[141.024,37.6427],[141.0189,37.6574],[141.0223,37.6643],[141.0112,37.6884],[141.0113,37.739],[140.9881,37.7779],[140.9864,37.8237],[140.9597,37.8329],[140.9505,37.855],[140.9559,37.8594],[140.9453,37.8571],[140.941,37.8622],[140.931,37.8962],[140.9236,37.892],[140.9152,37.8978],[140.8905,37.9023],[140.8563,37.8909],[140.8607,37.8792],[140.8546,37.8745],[140.8616,37.8628],[140.8505,37.8492],[140.8581,37.8144],[140.8537,37.807],[140.8579,37.8029],[140.8517,37.7953],[140.8304,37.7948],[140.8236,37.7987],[140.8108,37.7956],[140.775,37.8063],[140.7745,37.794],[140.8029,37.78],[140.7955,37.7735],[140.7457,37.7883],[140.727,37.7815],[140.723,37.7925],[140.7115,37.8007],[140.6944,37.8033],[140.6855,37.8153],[140.6795,37.8369],[140.6916,37.8495],[140.6929,37.857],[140.6828,37.8741],[140.6829,37.8795],[140.6909,37.8837],[140.6885,37.8891],[140.66,37.9009],[140.6447,37.8954],[140.6273,37.8991],[140.6157,37.9148],[140.5918,37.9062],[140.5664,37.9228],[140.563,37.9114],[140.5313,37.9052],[140.5218,37.9088],[140.5158,37.9035],[140.4879,37.8999],[140.4695,37.9179],[140.4675,37.9378],[140.4749,37.9468]]]},"properties":{"N03_001":"福島県"}},{"type":"Feature","geometry":{"type":"Polygon","coordinates":[[[140.7165,36.6926],[140.7292,36.7168],[140.7331,36.7487],[140.7685,36.8183],[140.7773,36.825],[140.8057,36.8312],[140.7972,36.8427],[140.7967,36.8539],[140.791,36.8586],[140.7858,36.8564],[140.7864,36.8619],[140.7772,36.8674],[140.7668,36.8615],[140.7405,36.8756],[140.7342,36.8716],[140.7141,36.8728],[140.695,36.8888],[140.6559,36.8973],[140.6545,36.901],[140.6373,36.8976],[140.6147,36.9045],[140.593,36.9265],[140.5939,36.9343],[140.5861,36.9453],[140.5681,36.9374],[140.5705,36.9311],[140.5657,36.9164],[140.5808,36.9044],[140.5794,36.8961],[140.5933,36.8798],[140.5919,36.8729],[140.5569,36.8601],[140.538,36.8588],[140.5281,36.8486],[140.5285,36.84],[140.5191,36.8362],[140.5167,36.8266],[140.5029,36.819],[140.4889,36.8187],[140.4892,36.8094],[140.4637,36.7916],[140.4395,36.8205],[140.4309,36.8173],[140.4135,36.8321],[140.3772,36.8379],[140.3652,36.8843],[140.3466,36.885],[140.324,36.8933],[140.3219,36.9078],[140.2927,36.9332],[140.2578,36.9327],[140.2484,36.9213],[140.2567,36.8731],[140.2515,36.8525],[140.2657,36.829],[140.267,36.7995],[140.2664,36.7911],[140.2538,36.7837],[140.2574,36.7772],[140.2537,36.7745],[140.2611,36.7676],[140.2549,36.7602],[140.2622,36.7483],[140.2833,36.7341],[140.2922,36.7127],[140.2678,36.7023],[140.2467,36.7023],[140.2442,36.6978],[140.2334,36.7002],[140.2204,36.6871],[140.225,36.6778],[140.2216,36.6743],[140.2314,36.6701],[140.2293,36.6623],[140.2409,36.6509],[140.2427,36.6366],[140.2343,36.6346],[140.2347,36.6239],[140.2395,36.625],[140.2484,36.6109],[140.2438,36.5628],[140.2515,36.5546],[140.247,36.548],[140.2477,36.5345],[140.2602,36.5176],[140.2476,36.5151],[140.2489,36.5077],[140.2424,36.5075],[140.2415,36.5031],[140.2306,36.503],[140.2296,36.4909],[140.2166,36.479],[140.2029,36.4544],[140.2062,36.4465],[140.2013,36.4381],[140.2033,36.4207],[140.1852,36.3983],[140.1562,36.3982],[140.1443,36.414],[140.1318,36.4149],[140.1096,36.4073],[140.1112,36.3981],[140.0665,36.4038],[140.0691,36.389],[140.0482,36.3756],[140.0004,36.3766],[140.0016,36.3681],[139.9899,36.3672],[139.9746,36.3745],[139.9653,36.3675],[139.9645,36.3509],[139.9462,36.3492],[139.913,36.335],[139.9103,36.3098],[139.9148,36.3079],[139.9108,36.3012],[139.903,36.2986],[139.8943,36.3019],[139.8991,36.3063],[139.8966,36.3098],[139.8788,36.3107],[139.8814,36.3226],[139.8747,36.3232],[139.8725,36.3151],[139.8455,36.3079],[139.8352,36.2918],[139.8413,36.2753],[139.8319,36.2651],[139.8216,36.2397],[139.76,36.2192],[139.729,36.2023],[139.7075,36.2108],[139.7065,36.2019],[139.6906,36.2054],[139.6879,36.1964],[139.6936,36.1917],[139.6909,36.1753],[139.6961,36.1564],[139.7264,36.1125],[139.7283,36.0901],[139.7658,36.0804],[139.7719,36.0822],[139.7764,36.0965],[139.7868,36.1041],[139.8,36.0937],[139.8137,36.0624],[139.8782,36.0076],[139.8842,35.9888],[139.8994,35.9775],[139.9368,35.9659],[139.9317,35.9508],[139.9386,35.9406],[139.9952,35.9096],[140.0189,35.91],[140.0743,35.8766],[140.0928,35.8839],[140.1217,35.8737],[140.1507,35.8434],[140.1678,35.8455],[140.2054,35.8613],[140.2406,35.8544],[140.2762,35.8736],[140.3171,35.8643],[140.335,35.8724],[140.3637,35.8994],[140.3965,35.909],[140.4261,35.9077],[140.4485,35.915],[140.4584,35.9265],[140.4976,35.9063],[140.4872,35.9286],[140.495,35.9306],[140.5112,35.9587],[140.5374,35.9387],[140.5706,35.9241],[140.5885,35.906],[140.608,35.8958],[140.6307,35.8591],[140.6758,35.8513],[140.7066,35.8363],[140.7259,35.8007],[140.7417,35.7851],[140.8154,35.7415],[140.8499,35.7414],[140.852,35.7447],[140.8288,35.7572],[140.8106,35.777],[140.7419,35.8671],[140.7417,35.8741],[140.7079,35.9214],[140.7116,35.9406],[140.7102,35.9269],[140.7,35.9257],[140.6775,35.9123],[140.6786,35.9012],[140.691,35.8831],[140.6869,35.881],[140.6747,35.897],[140.6689,35.9192],[140.6524,35.9266],[140.6628,35.9286],[140.6769,35.9191],[140.6939,35.9288],[140.701,35.9378],[140.6849,35.9644],[140.696,35.9664],[140.6783,35.9675],[140.6706,35.9729],[140.6314,36.0423],[140.5837,36.146],[140.5633,36.2214],[140.5582,36.2731],[140.5605,36.2917],[140.5729,36.3027],[140.57,36.3078],[140.5869,36.3114],[140.5928,36.3191],[140.5966,36.3417],[140.6011,36.3396],[140.6098,36.3535],[140.6211,36.3596],[140.6273,36.3772],[140.615,36.3889],[140.6097,36.4052],[140.6089,36.4181],[140.6182,36.4213],[140.6182,36.4271],[140.6101,36.4272],[140.61,36.4313],[140.6272,36.4312],[140.6273,36.4415],[140.6103,36.4436],[140.611,36.475],[140.6139,36.4816],[140.6224,36.4836],[140.6544,36.5754],[140.6605,36.5786],[140.6802,36.615],[140.6894,36.6209],[140.6938,36.6447],[140.7161,36.6626],[140.7165,36.6926]]]},"properties":{"N03_001":"茨城県"}},{"type":"Feature","geometry":{"type":"Polygon","coordinates":[[[139.5365,36.2817],[139.544,36.2758],[139.5533,36.2795],[139.5613,36.2671],[139.6086,36.2681],[139.6198,36.2744],[139.6339,36.2702],[139.6422,36.2641],[139.6307,36.2548],[139.6649,36.2235],[139.6696,36.2151],[139.6644,36.2071],[139.6722,36.2092],[139.6773,36.2015],[139.6866,36.2033],[139.6879,36.1997],[139.6936,36.2065],[139.7065,36.2019],[139.7075,36.2108],[139.729,36.2023],[139.76,36.2192],[139.8216,36.2397],[139.8319,36.2651],[139.8413,36.2753],[139.8352,36.2918],[139.85,36.3118],[139.8725,36.3151],[139.8747,36.3232],[139.8814,36.3226],[139.8788,36.3107],[139.8966,36.3098],[139.8991,36.3063],[139.8943,36.3019],[139.903,36.2986],[139.9108,36.3012],[139.9148,36.3079],[139.9103,36.3098],[139.913,36.335],[139.9462,36.3492],[139.9645,36.3509],[139.9653,36.3675],[139.9746,36.3745],[139.9899,36.3672],[140.0016,36.3681],[140.0004,36.3766],[140.0482,36.3756],[140.0691,36.389],[140.0665,36.4038],[140.1112,36.3981],[140.1096,36.4073],[140.1318,36.4149],[140.1443,36.414],[140.1562,36.3982],[140.1852,36.3983],[140.1925,36.4046],[140.2033,36.4207],[140.2013,36.4381],[140.2062,36.4465],[140.2029,36.4544],[140.2166,36.479],[140.2296,36.4909],[140.2306,36.503],[140.2415,36.5031],[140.2424,36.5075],[140.2489,36.5077],[140.2476,36.5151],[140.2602,36.5176],[140.2477,36.5345],[140.247,36.548],[140.2515,36.5546],[140.2438,36.5628],[140.2484,36.6109],[140.2395,36.625],[140.2347,36.6239],[140.2343,36.6346],[140.2427,36.6366],[140.2409,36.6509],[140.2293,36.6623],[140.2314,36.6701],[140.2216,36.6743],[140.225,36.6778],[140.2204,36.6871],[140.2334,36.7002],[140.2442,36.6978],[140.2467,36.7023],[140.2678,36.7023],[140.2922,36.7127],[140.2833,36.7341],[140.2622,36.7483],[140.2549,36.7602],[140.2611,36.7676],[140.2537,36.7745],[140.2574,36.7772],[140.2538,36.7837],[140.2664,36.7911],[140.2666,36.8131],[140.2657,36.829],[140.2515,36.8525],[140.2567,36.8731],[140.2484,36.9213],[140.2535,36.9297],[140.2643,36.9333],[140.241,36.9455],[140.2445,36.957],[140.2531,36.963],[140.2439,36.9732],[140.2442,36.979],[140.251,36.9834],[140.2402,37.0003],[140.2463,37.0095],[140.2514,37.0092],[140.2489,37.0259],[140.2247,37.0238],[140.2197,37.0185],[140.2033,37.0239],[140.1957,37.0367],[140.1998,37.0477],[140.1907,37.0567],[140.1931,37.0655],[140.1728,37.0703],[140.1584,37.0806],[140.1535,37.0871],[140.1562,37.0914],[140.137,37.1065],[140.128,37.1042],[140.1004,37.1234],[140.0575,37.126],[140.0471,37.1354],[140.0244,37.143],[139.9905,37.1427],[139.9631,37.1485],[139.9546,37.1549],[139.9163,37.1476],[139.8946,37.1533],[139.8776,37.1461],[139.8663,37.1472],[139.8563,37.1378],[139.8478,37.1395],[139.8318,37.1336],[139.819,37.1218],[139.8152,37.1162],[139.8211,37.1087],[139.8183,37.0967],[139.8221,37.0851],[139.7749,37.0919],[139.7629,37.0757],[139.7527,37.0706],[139.711,37.0684],[139.7005,37.0594],[139.6921,37.0625],[139.6726,37.0572],[139.6678,37.0421],[139.6557,37.0419],[139.6402,37.0327],[139.625,37.0327],[139.6193,37.0166],[139.6116,37.0138],[139.5819,37.0149],[139.5764,37.0021],[139.5447,36.9909],[139.5353,36.9806],[139.5151,36.9778],[139.4943,36.9679],[139.4843,36.9754],[139.4599,36.9697],[139.4567,36.9538],[139.4344,36.9419],[139.4304,36.9259],[139.4079,36.9265],[139.3933,36.9108],[139.3939,36.9033],[139.3734,36.8933],[139.3719,36.8828],[139.3582,36.8722],[139.3556,36.8584],[139.3487,36.8526],[139.3909,36.8327],[139.3973,36.8347],[139.4067,36.8269],[139.3911,36.8144],[139.3937,36.8097],[139.3886,36.8053],[139.3779,36.8044],[139.3765,36.7865],[139.3531,36.7736],[139.3508,36.7634],[139.3561,36.7505],[139.3703,36.745],[139.3649,36.7197],[139.3369,36.6921],[139.3393,36.6783],[139.3267,36.6571],[139.3297,36.6276],[139.3457,36.6233],[139.3523,36.6151],[139.3867,36.612],[139.3987,36.6022],[139.4065,36.6048],[139.4057,36.6088],[139.4269,36.6011],[139.445,36.6073],[139.4526,36.6036],[139.4654,36.6065],[139.483,36.5833],[139.4608,36.5532],[139.4393,36.551],[139.4363,36.5381],[139.4399,36.5254],[139.419,36.5023],[139.4179,36.4946],[139.4281,36.4904],[139.4259,36.4845],[139.4317,36.4722],[139.4377,36.4743],[139.4365,36.466],[139.4278,36.4591],[139.4204,36.4571],[139.4147,36.4619],[139.4111,36.4584],[139.4123,36.4507],[139.3786,36.4146],[139.3755,36.4003],[139.361,36.3837],[139.3703,36.3661],[139.4228,36.3323],[139.4266,36.3244],[139.4149,36.3243],[139.4182,36.3214],[139.4157,36.3159],[139.4292,36.3062],[139.4304,36.2957],[139.4435,36.2937],[139.4436,36.2884],[139.4571,36.2892],[139.4675,36.2805],[139.4588,36.2771],[139.4639,36.2715],[139.4727,36.2716],[139.4715,36.2757],[139.4929,36.2738],[139.5032,36.2811],[139.5135,36.2786],[139.5256,36.2847],[139.5346,36.279],[139.5365,36.2817]]]},"properties":{"N03_001":"栃木県"}},{"type":"Feature","geometry":{"type":"Polygon","coordinates":[[[139.1297,36.2834],[139.1361,36.2784],[139.1639,36.2789],[139.198,36.2622],[139.2083,36.2625],[139.2121,36.2563],[139.224,36.2583],[139.2437,36.2445],[139.267,36.2426],[139.2668,36.2504],[139.3093,36.2374],[139.328,36.2374],[139.3473,36.2537],[139.3582,36.2533],[139.3767,36.2445],[139.3934,36.2276],[139.4191,36.2164],[139.4194,36.2113],[139.4624,36.1895],[139.5282,36.1915],[139.5879,36.2103],[139.625,36.187],[139.629,36.1952],[139.6515,36.1984],[139.6494,36.2112],[139.66,36.2149],[139.6644,36.2071],[139.6695,36.2126],[139.6589,36.2314],[139.6307,36.2548],[139.6417,36.267],[139.6367,36.2651],[139.6339,36.2702],[139.6198,36.2744],[139.6086,36.2681],[139.5613,36.2671],[139.5533,36.2795],[139.544,36.2758],[139.5256,36.2847],[139.5135,36.2786],[139.5032,36.2811],[139.4929,36.2738],[139.4715,36.2757],[139.4727,36.2716],[139.4639,36.2715],[139.4588,36.2771],[139.4675,36.2805],[139.4571,36.2892],[139.4436,36.2884],[139.4435,36.2937],[139.4304,36.2957],[139.4292,36.3062],[139.4157,36.3159],[139.4182,36.3214],[139.4149,36.3243],[139.4266,36.3244],[139.4228,36.3323],[139.3703,36.3661],[139.361,36.3837],[139.3755,36.4003],[139.3786,36.4146],[139.4123,36.4507],[139.4111,36.4584],[139.4147,36.4619],[139.4204,36.4571],[139.4278,36.4591],[139.4365,36.466],[139.4377,36.4743],[139.4317,36.4722],[139.4259,36.4845],[139.4281,36.4904],[139.4179,36.4946],[139.419,36.5023],[139.4399,36.5254],[139.4363,36.5381],[139.4393,36.551],[139.4608,36.5532],[139.483,36.5833],[139.4654,36.6065],[139.4526,36.6036],[139.445,36.6073],[139.4269,36.6011],[139.4057,36.6088],[139.4065,36.6048],[139.3987,36.6022],[139.3867,36.612],[139.3523,36.6151],[139.3457,36.6233],[139.3297,36.6276],[139.3267,36.6571],[139.3393,36.6783],[139.3369,36.6921],[139.3649,36.7197],[139.3703,36.745],[139.3561,36.7505],[139.3508,36.7634],[139.3531,36.7736],[139.3765,36.7865],[139.3779,36.8044],[139.3886,36.8053],[139.3937,36.8097],[139.3911,36.8144],[139.4067,36.8269],[139.3973,36.8347],[139.3909,36.8327],[139.3487,36.8526],[139.3556,36.8584],[139.3582,36.8722],[139.3719,36.8828],[139.3734,36.8933],[139.3939,36.9033],[139.3933,36.9108],[139.3731,36.9184],[139.3528,36.9158],[139.3424,36.9275],[139.3051,36.9258],[139.2948,36.9345],[139.2817,36.9311],[139.2682,36.9386],[139.2406,36.9295],[139.2328,36.9374],[139.2378,36.9463],[139.2287,36.9612],[139.2054,36.9559],[139.1865,36.9599],[139.1765,36.9696],[139.1794,36.9908],[139.171,37.002],[139.1496,37.0102],[139.1453,37.0189],[139.1319,37.0257],[139.1229,37.0471],[139.097,37.0586],[139.0904,37.0449],[139.0912,37.02],[139.0805,37.0086],[139.0546,36.9985],[139.0477,36.9877],[139.0303,36.9837],[139.0155,36.9883],[139.0006,36.9792],[138.9665,36.9788],[138.9668,36.9308],[138.9767,36.9208],[138.9792,36.8912],[138.9716,36.8873],[138.9537,36.8952],[138.9404,36.8951],[138.9324,36.8936],[138.9305,36.887],[138.923,36.8834],[138.9172,36.8704],[138.9221,36.861],[138.916,36.8507],[138.924,36.8472],[138.9291,36.8326],[138.8795,36.825],[138.8756,36.8186],[138.8573,36.8121],[138.8217,36.8176],[138.8297,36.7859],[138.8269,36.7723],[138.8178,36.7616],[138.8063,36.7645],[138.7953,36.7581],[138.7894,36.7449],[138.7703,36.7462],[138.727,36.7642],[138.7131,36.7392],[138.6218,36.7202],[138.6111,36.7066],[138.5977,36.7147],[138.5833,36.7013],[138.5749,36.7071],[138.5604,36.7069],[138.52,36.6923],[138.5179,36.677],[138.5343,36.6663],[138.5294,36.6553],[138.4901,36.6412],[138.4731,36.644],[138.4591,36.6348],[138.4606,36.6265],[138.455,36.6139],[138.4416,36.6107],[138.4414,36.6],[138.4288,36.5979],[138.4203,36.5772],[138.4284,36.5687],[138.4288,36.5562],[138.4114,36.5395],[138.414,36.5326],[138.4042,36.5221],[138.406,36.5074],[138.3973,36.4841],[138.4033,36.4669],[138.4014,36.434],[138.4472,36.4193],[138.457,36.4202],[138.4597,36.4048],[138.489,36.4009],[138.4888,36.4089],[138.4964,36.4142],[138.5406,36.4028],[138.555,36.4178],[138.5998,36.4241],[138.6212,36.4165],[138.6372,36.4172],[138.6484,36.4075],[138.6522,36.3951],[138.6496,36.3789],[138.6572,36.3689],[138.6501,36.3525],[138.6533,36.3244],[138.6479,36.3145],[138.6535,36.303],[138.6449,36.2945],[138.6003,36.2784],[138.606,36.2668],[138.6022,36.2495],[138.6125,36.2409],[138.6119,36.2294],[138.6222,36.2146],[138.6332,36.2161],[138.635,36.2118],[138.6367,36.2043],[138.6228,36.1969],[138.6371,36.1749],[138.6359,36.1709],[138.6048,36.1642],[138.5946,36.1656],[138.589,36.1705],[138.5896,36.1768],[138.584,36.1772],[138.5773,36.1681],[138.5933,36.1531],[138.6007,36.1356],[138.6341,36.134],[138.6373,36.1243],[138.6451,36.1196],[138.6402,36.1173],[138.6475,36.1059],[138.6452,36.0988],[138.6307,36.0914],[138.6428,36.0687],[138.6442,36.0496],[138.6315,36.0283],[138.6614,36.0164],[138.6617,36.012],[138.6797,36.0116],[138.6887,35.9918],[138.7012,35.988],[138.7126,35.9853],[138.7168,35.9929],[138.7322,35.9983],[138.7492,36.0167],[138.7544,36.0345],[138.773,36.0388],[138.791,36.0294],[138.8284,36.0373],[138.846,36.0666],[138.8615,36.0714],[138.8643,36.0771],[138.8979,36.0907],[138.9163,36.0937],[138.9311,36.0881],[138.9448,36.0945],[138.9566,36.1057],[138.9573,36.1181],[138.9642,36.1259],[138.9857,36.1156],[138.993,36.1245],[139.0156,36.1341],[139.0368,36.1262],[139.0424,36.1285],[139.0427,36.148],[139.0606,36.1523],[139.0638,36.1589],[139.0587,36.1643],[139.0564,36.1805],[139.063,36.1858],[139.0633,36.1957],[139.1075,36.2526],[139.1112,36.2585],[139.1077,36.2614],[139.1297,36.2834]]]},"properties":{"N03_001":"群馬県"}},{"type":"Feature","geometry":{"type":"Polygon","coordinates":[[[139.3279,36.2399],[139.3093,36.2374],[139.2668,36.2504],[139.267,36.2426],[139.2437,36.2445],[139.224,36.2583],[139.2121,36.2563],[139.2083,36.2625],[139.198,36.2622],[139.1639,36.2789],[139.1361,36.2784],[139.1294,36.2833],[139.1077,36.2614],[139.1112,36.2585],[139.1075,36.2526],[139.0633,36.1957],[139.063,36.1858],[139.0564,36.1805],[139.0587,36.1643],[139.0638,36.1589],[139.0606,36.1523],[139.0427,36.148],[139.0424,36.1285],[139.0368,36.1262],[139.0156,36.1341],[138.993,36.1245],[138.9857,36.1156],[138.9642,36.1259],[138.9573,36.1181],[138.9566,36.1057],[138.9448,36.0945],[138.9311,36.0881],[138.9163,36.0937],[138.8979,36.0907],[138.8643,36.0771],[138.8615,36.0714],[138.846,36.0666],[138.8284,36.0373],[138.791,36.0294],[138.773,36.0388],[138.7544,36.0345],[138.7438,36.0101],[138.7322,35.9983],[138.7168,35.9929],[138.7126,35.9853],[138.7142,35.9655],[138.7393,35.9391],[138.729,35.9092],[138.7349,35.904],[138.7772,35.9004],[138.7911,35.8908],[138.7918,35.876],[138.8084,35.87],[138.8136,35.8624],[138.8285,35.8657],[138.8324,35.8623],[138.8454,35.8674],[138.8566,35.8646],[138.8588,35.8576],[138.8694,35.8572],[138.892,35.8398],[138.9109,35.8527],[138.9264,35.8489],[138.9439,35.8548],[138.9451,35.8679],[138.968,35.8822],[139.0008,35.884],[139.0105,35.8971],[139.0236,35.8974],[139.0614,35.8737],[139.0825,35.8749],[139.1117,35.8647],[139.1475,35.8627],[139.1635,35.8509],[139.1924,35.8403],[139.2126,35.8466],[139.2325,35.8366],[139.2372,35.8402],[139.2605,35.836],[139.2818,35.8395],[139.3012,35.835],[139.3026,35.8241],[139.3162,35.8237],[139.315,35.8143],[139.3257,35.7952],[139.3328,35.7919],[139.3467,35.7964],[139.3687,35.7903],[139.3699,35.7815],[139.3801,35.7787],[139.3802,35.7664],[139.3896,35.7671],[139.3917,35.7634],[139.4049,35.7692],[139.445,35.7667],[139.4712,35.7734],[139.4795,35.7799],[139.4968,35.7787],[139.5203,35.7884],[139.5417,35.8073],[139.5472,35.8027],[139.5376,35.7908],[139.5438,35.7882],[139.543,35.7798],[139.5164,35.7656],[139.5478,35.774],[139.5472,35.7534],[139.5746,35.7662],[139.5888,35.7785],[139.623,35.7669],[139.6279,35.7847],[139.6406,35.7977],[139.6534,35.8002],[139.6969,35.7989],[139.7245,35.7873],[139.7339,35.79],[139.7385,35.7874],[139.738,35.7802],[139.755,35.7869],[139.7608,35.7974],[139.7508,35.8102],[139.7676,35.8177],[139.7792,35.8082],[139.7924,35.8053],[139.8133,35.8083],[139.8211,35.8151],[139.8249,35.8119],[139.8205,35.7975],[139.8261,35.7934],[139.838,35.8008],[139.8565,35.791],[139.8708,35.7973],[139.8766,35.7938],[139.8716,35.788],[139.8745,35.7818],[139.8938,35.7827],[139.8885,35.7965],[139.8915,35.8193],[139.888,35.8243],[139.89,35.844],[139.9003,35.8642],[139.8899,35.8926],[139.8674,35.9255],[139.8465,35.941],[139.8333,35.969],[139.8272,35.9714],[139.8267,35.9831],[139.8143,35.9971],[139.8154,36.0368],[139.7914,36.0581],[139.7762,36.0908],[139.7719,36.0822],[139.7658,36.0804],[139.7283,36.0901],[139.7264,36.1125],[139.6961,36.1564],[139.6909,36.1753],[139.6936,36.1917],[139.6866,36.2033],[139.6773,36.2015],[139.6749,36.2083],[139.6613,36.2084],[139.66,36.2149],[139.6494,36.2112],[139.6488,36.1961],[139.629,36.1952],[139.625,36.187],[139.5879,36.2103],[139.5282,36.1915],[139.4624,36.1895],[139.4194,36.2113],[139.4191,36.2164],[139.3934,36.2276],[139.3767,36.2445],[139.3615,36.2521],[139.3473,36.2537],[139.3402,36.2439],[139.3279,36.2399]]]},"properties":{"N03_001":"埼玉県"}},{"type":"Feature","geometry":{"type":"Polygon","coordinates":[[[140.1155,35.5506],[140.0923,35.5545],[140.0858,35.5489],[140.1011,35.5385],[140.0961,35.5354],[140.0739,35.55],[140.0613,35.5437],[140.0539,35.5351],[140.0607,35.5301],[140.0577,35.5266],[140.0501,35.5309],[140.0377,35.5163],[140.0459,35.5117],[140.0422,35.5073],[140.0339,35.5118],[140.0252,35.5017],[140.0362,35.4953],[140.033,35.4917],[140.0219,35.4968],[140.0121,35.4852],[140.0227,35.4676],[140.0065,35.4793],[139.998,35.4745],[140.0033,35.4683],[139.9993,35.466],[139.9947,35.4724],[139.9891,35.4699],[139.9923,35.4573],[139.982,35.4748],[139.9657,35.4685],[139.9745,35.4485],[139.9549,35.4452],[139.965,35.4507],[139.9622,35.4587],[139.9511,35.4561],[139.9486,35.4422],[139.9218,35.4399],[139.9033,35.4315],[139.8969,35.4232],[139.8972,35.4108],[139.9068,35.3895],[139.9133,35.3914],[139.9177,35.3824],[139.8976,35.375],[139.9045,35.375],[139.9074,35.3703],[139.9023,35.3682],[139.8998,35.3721],[139.8878,35.3709],[139.8971,35.3584],[139.8459,35.3754],[139.8391,35.3673],[139.8592,35.3481],[139.8471,35.3468],[139.8378,35.359],[139.823,35.3445],[139.8288,35.3367],[139.8371,35.3378],[139.8394,35.3337],[139.8165,35.324],[139.8197,35.3165],[139.786,35.3137],[139.8472,35.2906],[139.8528,35.2844],[139.847,35.2717],[139.8644,35.2542],[139.8707,35.2307],[139.8667,35.2194],[139.8312,35.2036],[139.8171,35.1857],[139.8167,35.1689],[139.8219,35.1665],[139.8182,35.1549],[139.8282,35.1514],[139.839,35.1294],[139.8247,35.1134],[139.8282,35.1111],[139.8263,35.1024],[139.8361,35.0997],[139.8424,35.0864],[139.8384,35.0788],[139.8216,35.0724],[139.8326,35.0451],[139.8231,35.0375],[139.8162,35.0429],[139.8104,35.0375],[139.833,35.0323],[139.8545,35.0201],[139.8584,35.0018],[139.8555,34.9904],[139.8497,34.9854],[139.8418,34.9862],[139.8414,34.9919],[139.829,34.9909],[139.8214,34.9792],[139.7969,34.9738],[139.7553,34.9766],[139.7535,34.9721],[139.7591,34.9594],[139.7797,34.9561],[139.8159,34.941],[139.8275,34.9273],[139.8227,34.9147],[139.8297,34.9084],[139.8461,34.903],[139.8647,34.9069],[139.8735,34.9029],[139.9027,34.9037],[139.9419,34.9175],[139.965,34.9458],[139.9605,34.9648],[139.9802,35.0101],[140.0027,35.0309],[140.0172,35.0356],[140.038,35.0515],[140.0551,35.0591],[140.0753,35.0575],[140.0754,35.0623],[140.083,35.0639],[140.079,35.0684],[140.1027,35.0784],[140.0982,35.0841],[140.1045,35.0908],[140.1052,35.1019],[140.1219,35.116],[140.1344,35.1217],[140.1516,35.117],[140.1535,35.1214],[140.1681,35.1237],[140.1831,35.1182],[140.1902,35.1271],[140.2027,35.1097],[140.2201,35.1166],[140.2325,35.1151],[140.2377,35.1183],[140.2343,35.1218],[140.245,35.1249],[140.2476,35.1331],[140.2579,35.1379],[140.2742,35.1373],[140.2754,35.1307],[140.2859,35.1342],[140.2972,35.1505],[140.3125,35.1472],[140.3125,35.1386],[140.3252,35.1397],[140.332,35.1617],[140.3493,35.1801],[140.3745,35.1796],[140.3937,35.2027],[140.3922,35.2106],[140.4053,35.2405],[140.4001,35.2694],[140.4148,35.3088],[140.4055,35.3264],[140.395,35.3354],[140.3913,35.3781],[140.3942,35.4087],[140.4235,35.4863],[140.4785,35.5581],[140.5555,35.6253],[140.6442,35.6833],[140.6925,35.6994],[140.7146,35.7004],[140.724,35.6936],[140.7501,35.6932],[140.8193,35.7134],[140.8381,35.7108],[140.8449,35.6982],[140.8651,35.694],[140.8707,35.7333],[140.8655,35.7413],[140.852,35.7447],[140.8377,35.7391],[140.8154,35.7415],[140.7417,35.7851],[140.7259,35.8007],[140.7066,35.8363],[140.6758,35.8513],[140.6307,35.8591],[140.608,35.8958],[140.5885,35.906],[140.5706,35.9241],[140.5374,35.9387],[140.5112,35.9587],[140.495,35.9306],[140.4872,35.9286],[140.4976,35.9063],[140.4584,35.9265],[140.4485,35.915],[140.4261,35.9077],[140.3965,35.909],[140.3637,35.8994],[140.335,35.8724],[140.3171,35.8643],[140.2762,35.8736],[140.2406,35.8544],[140.2054,35.8613],[140.1678,35.8455],[140.1507,35.8434],[140.1217,35.8737],[140.0928,35.8839],[140.0743,35.8766],[140.0189,35.91],[139.9952,35.9096],[139.9386,35.9406],[139.9317,35.9508],[139.9368,35.9659],[139.8994,35.9775],[139.8842,35.9888],[139.8782,36.0076],[139.8137,36.0624],[139.8,36.0937],[139.7868,36.1041],[139.778,36.0986],[139.7762,36.0908],[139.7914,36.0581],[139.8154,36.0368],[139.8143,35.9971],[139.8267,35.9831],[139.8252,35.9755],[139.8333,35.969],[139.8465,35.941],[139.8674,35.9255],[139.8899,35.8926],[139.9003,35.8642],[139.89,35.844],[139.888,35.8243],[139.8934,35.7783],[139.8795,35.7675],[139.8995,35.7444],[139.8972,35.7268],[139.9162,35.708],[139.9187,35.6977],[139.9086,35.6855],[139.8879,35.68],[139.8874,35.6562],[139.8835,35.6451],[139.8741,35.64],[139.8726,35.6255],[139.8884,35.6218],[139.8935,35.6249],[139.8976,35.6166],[139.9069,35.6231],[139.8995,35.629],[139.91,35.6244],[139.9395,35.6405],[139.9183,35.6555],[139.9304,35.6665],[139.9477,35.6696],[139.9451,35.673],[139.9298,35.6695],[139.9332,35.6731],[139.9467,35.6809],[139.9531,35.6718],[139.9632,35.6814],[139.9828,35.6816],[139.9915,35.6749],[139.9846,35.6715],[139.9859,35.6638],[140.0019,35.6656],[140.0029,35.6598],[139.9865,35.6601],[139.9875,35.6545],[140.0137,35.6575],[140.0839,35.5968],[140.0866,35.6019],[140.0779,35.6104],[140.0831,35.6133],[140.0941,35.6037],[140.0998,35.6047],[140.089,35.5945],[140.117,35.5933],[140.1106,35.5895],[140.1142,35.5725],[140.1268,35.5676],[140.091,35.5645],[140.1155,35.5506]]]},"properties":{"N03_001":"千葉県"}},{"type":"Feature","geometry":{"type":"Polygon","coordinates":[[[139.7896,35.6563],[139.7924,35.6529],[139.7761,35.6424],[139.7802,35.6394],[139.7947,35.6472],[139.7789,35.6371],[139.7986,35.6218],[139.8014,35.6364],[139.8081,35.6405],[139.8345,35.6441],[139.8337,35.6346],[139.8217,35.632],[139.8403,35.6339],[139.841,35.6431],[139.8741,35.64],[139.8835,35.6451],[139.8874,35.6562],[139.8879,35.68],[139.9086,35.6855],[139.9187,35.6977],[139.9162,35.708],[139.8972,35.7268],[139.8995,35.7444],[139.8795,35.7675],[139.8938,35.7827],[139.8745,35.7818],[139.8713,35.7856],[139.8747,35.7965],[139.8565,35.791],[139.838,35.8008],[139.8261,35.7934],[139.8205,35.7975],[139.8249,35.8119],[139.8211,35.8151],[139.8133,35.8083],[139.7924,35.8053],[139.7792,35.8082],[139.7676,35.8177],[139.7508,35.8102],[139.7608,35.7974],[139.755,35.7869],[139.738,35.7802],[139.7385,35.7874],[139.7339,35.79],[139.7245,35.7873],[139.6969,35.7989],[139.6534,35.8002],[139.6406,35.7977],[139.6279,35.7847],[139.623,35.7669],[139.5888,35.7785],[139.5746,35.7662],[139.5472,35.7534],[139.5478,35.774],[139.5164,35.7656],[139.543,35.7798],[139.5438,35.7882],[139.5376,35.7908],[139.5472,35.8027],[139.5417,35.8073],[139.5203,35.7884],[139.4968,35.7787],[139.4795,35.7799],[139.4712,35.7734],[139.445,35.7667],[139.4049,35.7692],[139.3917,35.7634],[139.3896,35.7671],[139.3802,35.7664],[139.3801,35.7787],[139.3699,35.7815],[139.3687,35.7903],[139.3467,35.7964],[139.3328,35.7919],[139.3257,35.7952],[139.315,35.8143],[139.3162,35.8237],[139.3026,35.8241],[139.3012,35.835],[139.2818,35.8395],[139.2605,35.836],[139.2372,35.8402],[139.2325,35.8366],[139.2126,35.8466],[139.1924,35.8403],[139.1635,35.8509],[139.1475,35.8627],[139.1117,35.8647],[139.0825,35.8749],[139.0614,35.8737],[139.0236,35.8974],[139.0105,35.8971],[139.0008,35.884],[138.968,35.8822],[138.9451,35.8679],[138.9429,35.8602],[138.9533,35.8365],[138.9622,35.8296],[138.9693,35.8314],[138.9718,35.799],[138.9864,35.7823],[138.9838,35.7695],[138.9924,35.7555],[139.0052,35.7505],[139.029,35.7168],[139.0721,35.6954],[139.1056,35.691],[139.1313,35.672],[139.1472,35.6668],[139.1616,35.6679],[139.1693,35.6515],[139.1792,35.6456],[139.198,35.6529],[139.2115,35.6491],[139.2202,35.6256],[139.2386,35.607],[139.2522,35.6017],[139.2648,35.6025],[139.2688,35.6094],[139.2829,35.6133],[139.3048,35.6047],[139.3206,35.6065],[139.3614,35.5991],[139.3991,35.5847],[139.4012,35.5775],[139.409,35.5753],[139.4287,35.5504],[139.4582,35.528],[139.4548,35.5227],[139.4633,35.5178],[139.4677,35.5024],[139.4849,35.504],[139.477,35.5112],[139.4865,35.5203],[139.4878,35.5279],[139.4803,35.5431],[139.482,35.5556],[139.4683,35.5633],[139.4732,35.5767],[139.4899,35.5836],[139.4829,35.5714],[139.491,35.5614],[139.507,35.5758],[139.4638,35.6092],[139.4529,35.6074],[139.4493,35.6118],[139.4642,35.6245],[139.4762,35.6189],[139.4891,35.6047],[139.4976,35.6049],[139.4949,35.6174],[139.5146,35.6247],[139.5233,35.6322],[139.5254,35.6426],[139.562,35.6326],[139.5773,35.6218],[139.6179,35.6139],[139.6551,35.5901],[139.6633,35.5899],[139.6811,35.5614],[139.7031,35.5533],[139.6979,35.5415],[139.7035,35.5366],[139.7261,35.5435],[139.7565,35.5446],[139.7765,35.5345],[139.7821,35.5387],[139.7949,35.5321],[139.8092,35.5391],[139.7854,35.5706],[139.771,35.569],[139.7637,35.5605],[139.753,35.5634],[139.7502,35.5674],[139.7564,35.5691],[139.7465,35.5902],[139.7503,35.6248],[139.7555,35.639],[139.7604,35.6368],[139.7613,35.6524],[139.7646,35.6562],[139.7728,35.646],[139.7896,35.6563]]]},"properties":{"N03_001":"東京都"}},{"type":"Feature","geometry":{"type":"Polygon","coordinates":[[[139.7115,35.4908],[139.7314,35.4991],[139.7301,35.5112],[139.7338,35.5006],[139.7488,35.5068],[139.7461,35.519],[139.7564,35.5303],[139.761,35.5303],[139.7762,35.5096],[139.7802,35.5133],[139.7907,35.5079],[139.7961,35.5186],[139.7565,35.5446],[139.7261,35.5435],[139.7035,35.5366],[139.6979,35.5415],[139.7031,35.5533],[139.6811,35.5614],[139.6633,35.5899],[139.6551,35.5901],[139.6179,35.6139],[139.5773,35.6218],[139.5586,35.6337],[139.5254,35.6426],[139.5233,35.6322],[139.5146,35.6247],[139.4949,35.6174],[139.4976,35.6049],[139.4891,35.6047],[139.4762,35.6189],[139.4642,35.6245],[139.4493,35.6118],[139.4529,35.6074],[139.4638,35.6092],[139.507,35.5758],[139.491,35.5614],[139.4829,35.5714],[139.4899,35.5836],[139.485,35.5846],[139.476,35.5807],[139.4699,35.5699],[139.4704,35.5604],[139.482,35.5556],[139.4803,35.5431],[139.4878,35.5279],[139.4865,35.5203],[139.477,35.5112],[139.4849,35.504],[139.4764,35.5014],[139.4677,35.5024],[139.4633,35.5178],[139.4548,35.5227],[139.4582,35.528],[139.4287,35.5504],[139.409,35.5753],[139.4012,35.5775],[139.3991,35.5847],[139.3614,35.5991],[139.3206,35.6065],[139.3048,35.6047],[139.2829,35.6133],[139.2688,35.6094],[139.2648,35.6025],[139.2522,35.6017],[139.2386,35.607],[139.2202,35.6256],[139.2115,35.6491],[139.198,35.6529],[139.1792,35.6456],[139.1693,35.6515],[139.1616,35.6679],[139.1472,35.6668],[139.1313,35.672],[139.1173,35.6549],[139.127,35.6419],[139.1235,35.6241],[139.1337,35.6158],[139.1278,35.6126],[139.133,35.6065],[139.1293,35.5946],[139.1214,35.5869],[139.1278,35.581],[139.1296,35.567],[139.112,35.5498],[139.1139,35.5385],[139.0858,35.5121],[139.0601,35.5075],[139.046,35.5097],[139.0439,35.4994],[139.0275,35.481],[138.9888,35.4736],[138.9788,35.4637],[138.9735,35.4665],[138.9593,35.4622],[138.9373,35.4488],[138.9274,35.4376],[138.9302,35.4209],[138.9158,35.4043],[138.9164,35.4006],[138.9377,35.3991],[138.9801,35.4046],[139.0018,35.3989],[138.9986,35.384],[139.0059,35.3754],[139.0068,35.3614],[139.0123,35.3581],[139.0081,35.3503],[139.0108,35.3382],[139.0185,35.3298],[139.0096,35.3136],[139.0046,35.2899],[138.9972,35.2887],[138.9822,35.2733],[138.9755,35.2638],[138.9745,35.2478],[138.9823,35.2176],[138.9878,35.2127],[138.9877,35.2008],[139.009,35.1834],[139.0216,35.1819],[139.0291,35.1703],[139.0264,35.1606],[139.0305,35.1587],[139.0304,35.1498],[139.0901,35.1402],[139.1114,35.1414],[139.1201,35.1492],[139.1318,35.1508],[139.1507,35.1406],[139.1618,35.1416],[139.1436,35.1519],[139.1405,35.1633],[139.1452,35.1673],[139.136,35.1825],[139.1401,35.1879],[139.1442,35.2339],[139.1711,35.254],[139.2079,35.2773],[139.2599,35.2955],[139.3383,35.3136],[139.438,35.3191],[139.4687,35.315],[139.4829,35.3047],[139.4887,35.3076],[139.5258,35.3018],[139.5395,35.3094],[139.5521,35.3029],[139.5537,35.2943],[139.571,35.2932],[139.5734,35.2872],[139.5686,35.2842],[139.571,35.2703],[139.5674,35.2673],[139.577,35.2627],[139.5798,35.2558],[139.5766,35.2531],[139.5859,35.2515],[139.5998,35.2389],[139.6027,35.2254],[139.6267,35.2167],[139.6231,35.2076],[139.609,35.2089],[139.5992,35.1964],[139.6157,35.1899],[139.6202,35.1735],[139.6169,35.1669],[139.6226,35.1656],[139.6101,35.1528],[139.6161,35.1473],[139.6076,35.1427],[139.6461,35.1377],[139.6519,35.1422],[139.6643,35.1402],[139.6654,35.1465],[139.677,35.1394],[139.6794,35.1567],[139.6634,35.1594],[139.6558,35.1734],[139.6595,35.1887],[139.6855,35.2071],[139.725,35.2119],[139.7134,35.2239],[139.7177,35.2283],[139.7267,35.2245],[139.7293,35.2291],[139.7202,35.2403],[139.7332,35.2408],[139.7462,35.2563],[139.7274,35.2641],[139.691,35.2665],[139.6773,35.2801],[139.6741,35.2869],[139.68,35.2893],[139.6798,35.2958],[139.6742,35.3005],[139.6618,35.3007],[139.6654,35.2926],[139.6575,35.291],[139.6608,35.2829],[139.6497,35.2881],[139.6424,35.2992],[139.6354,35.2962],[139.6324,35.3014],[139.639,35.3007],[139.6449,35.3127],[139.6612,35.3223],[139.6607,35.3282],[139.6407,35.3304],[139.6321,35.3222],[139.6235,35.3301],[139.635,35.3327],[139.639,35.3406],[139.657,35.3419],[139.6569,35.3535],[139.651,35.3598],[139.6565,35.3727],[139.6459,35.3781],[139.6532,35.3874],[139.6457,35.3905],[139.6293,35.384],[139.6365,35.3903],[139.6313,35.3946],[139.6246,35.3917],[139.6222,35.3961],[139.626,35.4016],[139.6454,35.4028],[139.6418,35.4069],[139.6313,35.4048],[139.6277,35.4091],[139.631,35.411],[139.6526,35.413],[139.6696,35.4029],[139.6794,35.4109],[139.6812,35.4264],[139.6854,35.4267],[139.6906,35.4392],[139.6853,35.442],[139.6753,35.4316],[139.6815,35.4416],[139.6753,35.4457],[139.6685,35.4402],[139.6743,35.4497],[139.6704,35.4513],[139.6603,35.4413],[139.657,35.4443],[139.6636,35.4468],[139.6616,35.4493],[139.6571,35.4513],[139.6519,35.4451],[139.6441,35.4539],[139.6355,35.4554],[139.6384,35.4638],[139.6335,35.465],[139.6381,35.4652],[139.6447,35.476],[139.6516,35.4764],[139.6483,35.4804],[139.6515,35.4815],[139.6539,35.4767],[139.6691,35.4775],[139.6672,35.4835],[139.6731,35.4751],[139.6679,35.4736],[139.6684,35.4678],[139.6928,35.4814],[139.6883,35.4898],[139.6932,35.4924],[139.6963,35.484],[139.7115,35.4908]]]},"properties":{"N03_001":"神奈川県"}},{"type":"Feature","geometry":{"type":"MultiPolygon","coordinates":[[[[139.132,37.9621],[139.0944,37.9585],[139.0663,37.9444],[139.058,37.9465],[139.0007,37.9083],[138.8923,37.853],[138.8353,37.8105],[138.8162,37.7881],[138.7861,37.7209],[138.786,37.7045],[138.7719,37.6576],[138.7484,37.606],[138.7328,37.5913],[138.7146,37.5602],[138.6653,37.5298],[138.6316,37.4887],[138.6174,37.4841],[138.6154,37.469],[138.5878,37.4208],[138.5439,37.3687],[138.5268,37.3657],[138.5075,37.3541],[138.4887,37.3515],[138.4463,37.3242],[138.4367,37.3246],[138.3156,37.2247],[138.2854,37.2041],[138.2776,37.2118],[138.2701,37.2042],[138.2758,37.1983],[138.2649,37.1978],[138.2496,37.1877],[138.2528,37.1847],[138.2317,37.1742],[138.1516,37.1611],[138.1317,37.1642],[138.1228,37.1703],[138.0956,37.1727],[138.0801,37.1556],[138.06,37.1434],[138.0487,37.1279],[138.0275,37.1167],[138.0051,37.1152],[137.9125,37.0609],[137.8292,37.0397],[137.8139,37.0301],[137.7004,36.9945],[137.635,36.9798],[137.6515,36.969],[137.6666,36.9502],[137.6875,36.9432],[137.7112,36.9442],[137.7205,36.9267],[137.713,36.8938],[137.7341,36.869],[137.7344,36.8314],[137.7301,36.8268],[137.7493,36.8097],[137.7543,36.7966],[137.7497,36.7797],[137.7624,36.7662],[137.7819,36.773],[137.7915,36.7792],[137.7933,36.7867],[137.82,36.7982],[137.8228,36.806],[137.831,36.808],[137.831,36.8178],[137.8569,36.8438],[137.8559,36.8495],[137.8682,36.8627],[137.8763,36.8661],[137.8779,36.8732],[137.8683,36.8778],[137.8617,36.8908],[137.8714,36.9027],[137.8626,36.907],[137.8681,36.9159],[137.8933,36.91],[137.9197,36.9199],[137.9474,36.913],[137.9532,36.905],[137.9624,36.9021],[137.9696,36.9108],[137.9916,36.9107],[138.0137,36.904],[138.0156,36.8932],[138.0311,36.8914],[138.0328,36.8862],[138.0316,36.8781],[138.0166,36.8604],[138.0201,36.8422],[138.0035,36.8264],[138.0289,36.8171],[138.0338,36.8088],[138.0518,36.8075],[138.0522,36.8],[138.0682,36.8038],[138.0752,36.8105],[138.073,36.8168],[138.0814,36.8299],[138.1151,36.8504],[138.169,36.8451],[138.1778,36.8518],[138.1956,36.8537],[138.213,36.8683],[138.2424,36.864],[138.2549,36.8699],[138.258,36.864],[138.2684,36.8605],[138.2705,36.8442],[138.2749,36.8409],[138.2876,36.8457],[138.2956,36.8551],[138.2886,36.8684],[138.2994,36.8867],[138.2903,36.8968],[138.2963,36.9108],[138.3176,36.9252],[138.3293,36.9269],[138.3432,36.9208],[138.3577,36.9338],[138.3695,36.964],[138.3823,36.9764],[138.3787,36.9804],[138.3938,36.9951],[138.4314,37.0061],[138.4551,37.0196],[138.4917,37.0205],[138.4974,37.0264],[138.5141,37.0297],[138.5247,37.0304],[138.5365,37.0209],[138.5585,37.0232],[138.5698,37.0155],[138.5757,36.9966],[138.5863,36.9869],[138.5831,36.9296],[138.592,36.9254],[138.5893,36.9155],[138.5962,36.9071],[138.6129,36.9085],[138.621,36.9041],[138.6178,36.8919],[138.6234,36.8847],[138.6355,36.8834],[138.6574,36.868],[138.6817,36.8653],[138.6932,36.8548],[138.69,36.8324],[138.6803,36.8201],[138.6955,36.807],[138.6842,36.7879],[138.6717,36.7836],[138.6695,36.7737],[138.688,36.7658],[138.6959,36.7385],[138.7053,36.7366],[138.7219,36.7497],[138.7214,36.7592],[138.727,36.7642],[138.7703,36.7462],[138.7894,36.7449],[138.7953,36.7581],[138.8063,36.7645],[138.8211,36.7639],[138.8297,36.7859],[138.8217,36.8176],[138.8573,36.8121],[138.8756,36.8186],[138.8795,36.825],[138.9291,36.8326],[138.924,36.8472],[138.916,36.8507],[138.9221,36.861],[138.9172,36.8704],[138.923,36.8834],[138.9305,36.887],[138.9324,36.8936],[138.9404,36.8951],[138.9537,36.8952],[138.9716,36.8873],[138.9792,36.8912],[138.9767,36.9208],[138.9668,36.9308],[138.9665,36.9788],[139.0006,36.9792],[139.0155,36.9883],[139.0303,36.9837],[139.0477,36.9877],[139.0546,36.9985],[139.0805,37.0086],[139.0912,37.02],[139.0904,37.0449],[139.097,37.0586],[139.1229,37.0471],[139.1319,37.0257],[139.1453,37.0189],[139.1496,37.0102],[139.171,37.002],[139.1794,36.9908],[139.1752,36.9736],[139.1803,36.9645],[139.2054,36.9559],[139.2287,36.9612],[139.2378,36.9463],[139.2319,36.9405],[139.2404,36.9413],[139.2512,36.962],[139.2481,36.9714],[139.2521,36.9766],[139.2472,36.9802],[139.2557,36.9887],[139.2434,37.0151],[139.2485,37.0309],[139.2596,37.0433],[139.2573,37.0559],[139.247,37.0708],[139.2487,37.0814],[139.2386,37.0905],[139.2354,37.1139],[139.253,37.1613],[139.2432,37.1704],[139.2446,37.1811],[139.226,37.1979],[139.2206,37.2092],[139.2053,37.1942],[139.1967,37.194],[139.1948,37.204],[139.1659,37.2322],[139.1648,37.2394],[139.1747,37.2563],[139.2123,37.2862],[139.2157,37.3086],[139.2242,37.3214],[139.2179,37.334],[139.2336,37.3436],[139.238,37.3729],[139.2315,37.3802],[139.2317,37.3874],[139.2219,37.3933],[139.2125,37.3919],[139.1972,37.4108],[139.2084,37.4171],[139.2075,37.4289],[139.223,37.4486],[139.2375,37.4451],[139.2512,37.4524],[139.2589,37.4471],[139.2772,37.4528],[139.282,37.4498],[139.3265,37.4624],[139.3351,37.4578],[139.3626,37.47],[139.3975,37.4598],[139.4064,37.4662],[139.4079,37.4925],[139.414,37.4968],[139.4107,37.502],[139.4142,37.5083],[139.4284,37.5142],[139.4572,37.5179],[139.4758,37.5026],[139.486,37.5103],[139.5138,37.5086],[139.5233,37.5145],[139.567,37.5023],[139.5851,37.5129],[139.5906,37.5279],[139.5785,37.5302],[139.5657,37.5461],[139.5702,37.5505],[139.5704,37.5795],[139.5623,37.6001],[139.5485,37.6099],[139.5521,37.6188],[139.546,37.6289],[139.555,37.6415],[139.5493,37.6491],[139.5685,37.6531],[139.5887,37.6672],[139.5938,37.6651],[139.6009,37.6688],[139.6094,37.6843],[139.6273,37.6884],[139.6217,37.6998],[139.6245,37.7083],[139.6429,37.7276],[139.6496,37.7291],[139.6572,37.7409],[139.6579,37.755],[139.6665,37.757],[139.6802,37.775],[139.7216,37.8094],[139.7415,37.8177],[139.736,37.8279],[139.7206,37.8396],[139.715,37.8526],[139.6819,37.8467],[139.6571,37.8635],[139.6567,37.8717],[139.6385,37.88],[139.6318,37.8893],[139.6263,37.9092],[139.627,37.9243],[139.6394,37.9347],[139.643,37.9468],[139.6401,37.9523],[139.6452,37.9626],[139.6386,37.9687],[139.6443,37.9798],[139.6393,37.9844],[139.6435,37.9945],[139.6543,37.9965],[139.6524,38.0206],[139.6576,38.0374],[139.6801,38.0433],[139.6927,38.057],[139.6866,38.066],[139.691,38.0737],[139.6723,38.0769],[139.6827,38.1081],[139.6939,38.1159],[139.6884,38.1347],[139.6905,38.1553],[139.6847,38.1594],[139.6825,38.1696],[139.6879,38.1824],[139.6964,38.1866],[139.7026,38.1995],[139.6986,38.2029],[139.7132,38.2066],[139.7387,38.2021],[139.7535,38.1935],[139.7637,38.199],[139.7865,38.1942],[139.811,38.2115],[139.8602,38.2311],[139.8686,38.248],[139.8757,38.2521],[139.8766,38.2618],[139.8999,38.2758],[139.8989,38.2932],[139.8793,38.3034],[139.8748,38.3168],[139.8477,38.3366],[139.8484,38.3428],[139.8272,38.345],[139.8165,38.356],[139.7896,38.3487],[139.7707,38.3529],[139.7616,38.3611],[139.7523,38.359],[139.7329,38.3714],[139.7221,38.394],[139.7095,38.3875],[139.7034,38.4002],[139.7186,38.4292],[139.7201,38.4507],[139.7123,38.4792],[139.7258,38.4866],[139.7207,38.4963],[139.7025,38.4992],[139.6929,38.5068],[139.6531,38.507],[139.636,38.5131],[139.6314,38.5218],[139.6217,38.5254],[139.5994,38.5222],[139.5771,38.5396],[139.5607,38.5429],[139.5478,38.5529],[139.5499,38.5433],[139.5461,38.5367],[139.5178,38.5047],[139.5208,38.5007],[139.508,38.4845],[139.4973,38.4588],[139.4573,38.3975],[139.455,38.3898],[139.4601,38.3807],[139.4499,38.3561],[139.4487,38.2732],[139.4413,38.247],[139.4502,38.2417],[139.4493,38.2341],[139.428,38.1974],[139.43,38.1813],[139.4121,38.1532],[139.3498,38.0816],[139.3136,38.0495],[139.2529,38.0081],[139.2274,37.999],[139.2307,37.9945],[139.2255,37.992],[139.2306,37.9819],[139.2455,37.9721],[139.234,37.9717],[139.2331,37.9658],[139.2278,37.9711],[139.2217,37.9677],[139.2284,37.9755],[139.2151,37.993],[139.2001,37.9821],[139.132,37.9621]]],[[[138.503,38.3322],[138.4733,38.3222],[138.4635,38.3234],[138.4638,38.3149],[138.4531,38.3085],[138.44,38.2868],[138.4439,38.2776],[138.437,38.27],[138.4373,38.262],[138.4287,38.2543],[138.4166,38.2541],[138.4087,38.2486],[138.4024,38.2544],[138.3875,38.2325],[138.3763,38.2274],[138.3639,38.2129],[138.3465,38.2015],[138.3261,38.1973],[138.3117,38.1688],[138.3035,38.1656],[138.301,38.1491],[138.2913,38.1427],[138.29,38.1339],[138.271,38.1216],[138.2723,38.1148],[138.2601,38.1019],[138.2612,38.0981],[138.2408,38.0846],[138.2397,38.0807],[138.2479,38.076],[138.2332,38.0622],[138.2389,38.0315],[138.2362,38.0254],[138.2213,38.0222],[138.2214,38.0145],[138.2344,38.0041],[138.2346,37.9839],[138.2272,37.9797],[138.2531,37.9642],[138.262,37.9846],[138.2728,37.9924],[138.2742,38.0022],[138.2987,38.007],[138.3282,37.9914],[138.3413,37.9778],[138.3437,37.9655],[138.3293,37.9498],[138.3054,37.9397],[138.2852,37.9202],[138.2785,37.9075],[138.2894,37.8969],[138.2899,37.8855],[138.2692,37.8478],[138.2596,37.8416],[138.2497,37.8433],[138.2454,37.8381],[138.2167,37.8372],[138.2045,37.8202],[138.2151,37.8105],[138.2497,37.8031],[138.2641,37.8061],[138.2733,37.8155],[138.2803,37.8113],[138.2815,37.8161],[138.3044,37.8266],[138.3444,37.825],[138.3596,37.8305],[138.4003,37.8607],[138.4107,37.8632],[138.411,37.869],[138.4272,37.8798],[138.4707,37.897],[138.4899,37.9196],[138.5001,37.9209],[138.5029,37.9439],[138.5209,37.9777],[138.5464,38.008],[138.5727,38.0675],[138.5695,38.0743],[138.5726,38.0786],[138.5609,38.0863],[138.5211,38.0714],[138.492,38.0699],[138.4802,38.0623],[138.4511,38.0719],[138.4343,38.0882],[138.4361,38.118],[138.4601,38.1615],[138.4911,38.2022],[138.4938,38.225],[138.5065,38.2499],[138.508,38.2955],[138.5122,38.3146],[138.521,38.3223],[138.515,38.3321],[138.503,38.3322]]]]},"properties":{"N03_001":"新潟県"}},{"type":"Feature","geometry":{"type":"Polygon","coordinates":[[[137.7037,36.5267],[137.7101,36.5346],[137.6846,36.5378],[137.6877,36.5621],[137.7251,36.5867],[137.7509,36.5883],[137.7531,36.5937],[137.7442,36.6175],[137.7546,36.6393],[137.7535,36.6578],[137.7617,36.667],[137.7597,36.6859],[137.7542,36.6875],[137.7566,36.6941],[137.7501,36.705],[137.751,36.7269],[137.7593,36.7406],[137.7518,36.7511],[137.7634,36.7682],[137.7497,36.7797],[137.7543,36.7966],[137.7493,36.8097],[137.7301,36.8268],[137.7344,36.8314],[137.7341,36.869],[137.713,36.8938],[137.7205,36.9267],[137.7112,36.9442],[137.6875,36.9432],[137.6666,36.9502],[137.6515,36.969],[137.635,36.9798],[137.5896,36.9752],[137.5746,36.9641],[137.4906,36.9542],[137.436,36.931],[137.4205,36.9172],[137.4097,36.8966],[137.4187,36.8741],[137.4096,36.861],[137.4114,36.8482],[137.3972,36.832],[137.3928,36.8071],[137.3497,36.7824],[137.3336,36.7627],[137.2951,36.757],[137.2428,36.7656],[137.1801,36.758],[137.1558,36.7632],[137.1219,36.7795],[137.1176,36.7753],[137.1183,36.7665],[137.1344,36.7599],[137.1332,36.7569],[137.0925,36.772],[137.1094,36.7729],[137.1137,36.7753],[137.108,36.7791],[137.1134,36.7814],[137.0863,36.7835],[137.0681,36.7939],[137.063,36.805],[137.0568,36.8016],[137.0444,36.8141],[137.0066,36.8369],[136.991,36.854],[136.9851,36.8773],[136.9927,36.879],[137.0179,36.9108],[137.0252,36.9139],[137.0326,36.9239],[137.027,36.9391],[137.0515,36.9593],[137.0377,36.9671],[137.0043,36.9614],[136.9866,36.9672],[136.9815,36.9514],[136.9737,36.9443],[136.954,36.956],[136.9319,36.9504],[136.915,36.9305],[136.8956,36.9247],[136.879,36.9063],[136.879,36.8927],[136.8856,36.8852],[136.883,36.8768],[136.8712,36.8627],[136.8624,36.8603],[136.8611,36.8548],[136.8669,36.8506],[136.8564,36.8398],[136.86,36.8291],[136.8487,36.8129],[136.854,36.7952],[136.8433,36.7813],[136.8511,36.7685],[136.849,36.759],[136.8391,36.7451],[136.8217,36.74],[136.8199,36.7306],[136.7995,36.73],[136.7902,36.7199],[136.8132,36.703],[136.8111,36.685],[136.8225,36.6806],[136.8238,36.6697],[136.8111,36.6587],[136.8076,36.648],[136.8013,36.6471],[136.7999,36.6364],[136.7842,36.6271],[136.7883,36.593],[136.7953,36.5834],[136.7909,36.5698],[136.8024,36.5688],[136.8171,36.5528],[136.8129,36.5381],[136.7951,36.5108],[136.7949,36.4963],[136.8025,36.4903],[136.8026,36.4847],[136.7956,36.4749],[136.7983,36.4618],[136.7891,36.4545],[136.7952,36.4434],[136.7782,36.4309],[136.7695,36.4307],[136.7697,36.4154],[136.7789,36.4144],[136.7951,36.4013],[136.8006,36.3694],[136.8082,36.3587],[136.7872,36.3483],[136.7837,36.3292],[136.7891,36.3249],[136.7923,36.2992],[136.8042,36.3062],[136.8266,36.3026],[136.8425,36.3333],[136.8373,36.3473],[136.844,36.3511],[136.8651,36.3497],[136.8642,36.3555],[136.873,36.3669],[136.876,36.3556],[136.8699,36.3493],[136.8757,36.3501],[136.8828,36.342],[136.9075,36.3608],[136.9549,36.3394],[136.9722,36.3107],[136.9574,36.28],[136.9753,36.2744],[136.9901,36.2871],[137.0078,36.2897],[137.0213,36.3092],[137.0182,36.3115],[137.0214,36.3185],[137.0376,36.3174],[137.0523,36.3295],[137.0525,36.3385],[137.0587,36.3425],[137.049,36.3457],[137.062,36.3658],[137.0584,36.372],[137.0787,36.3843],[137.0949,36.384],[137.0919,36.3964],[137.1019,36.3992],[137.1115,36.4154],[137.122,36.4172],[137.137,36.4378],[137.1435,36.4386],[137.1423,36.4431],[137.1597,36.4564],[137.1759,36.451],[137.1939,36.4536],[137.2048,36.4326],[137.2126,36.4302],[137.2132,36.438],[137.2314,36.4443],[137.2476,36.462],[137.2564,36.4511],[137.2778,36.4648],[137.2983,36.4583],[137.3066,36.4639],[137.3168,36.461],[137.3178,36.4512],[137.3133,36.4489],[137.3139,36.4417],[137.3051,36.4362],[137.3129,36.4253],[137.3195,36.4245],[137.3386,36.4339],[137.358,36.4363],[137.3615,36.4501],[137.3891,36.4573],[137.3949,36.4556],[137.3952,36.4364],[137.4102,36.4246],[137.4608,36.4122],[137.474,36.4254],[137.5042,36.4257],[137.5117,36.4234],[137.5203,36.4061],[137.5458,36.3899],[137.5595,36.3875],[137.5777,36.393],[137.5924,36.3897],[137.6054,36.4025],[137.6038,36.4087],[137.6092,36.4179],[137.6333,36.425],[137.6378,36.4314],[137.6453,36.4545],[137.6551,36.4587],[137.652,36.4882],[137.6662,36.4932],[137.6687,36.5095],[137.6773,36.5144],[137.6943,36.5107],[137.7055,36.5179],[137.7037,36.5267]]]},"properties":{"N03_001":"富山県"}},{"type":"Feature","geometry":{"type":"Polygon","coordinates":[[[136.7861,36.6296],[136.7999,36.6364],[136.8013,36.6471],[136.8076,36.648],[136.8111,36.6587],[136.8238,36.6697],[136.8225,36.6806],[136.8111,36.685],[136.8132,36.703],[136.7902,36.7199],[136.7995,36.73],[136.8199,36.7306],[136.8217,36.74],[136.8391,36.7451],[136.849,36.759],[136.8511,36.7685],[136.8433,36.7813],[136.854,36.7952],[136.8487,36.8129],[136.86,36.8291],[136.8564,36.8398],[136.8669,36.8506],[136.8611,36.8548],[136.8624,36.8603],[136.8712,36.8627],[136.883,36.8768],[136.8856,36.8852],[136.879,36.8927],[136.879,36.9063],[136.8956,36.9247],[136.915,36.9305],[136.9319,36.9504],[136.954,36.956],[136.9737,36.9443],[136.9815,36.9514],[136.9866,36.9672],[137.0043,36.9614],[137.0377,36.9671],[137.0515,36.9593],[137.0566,36.9677],[137.0503,36.9762],[137.0487,36.9871],[137.0533,36.9948],[137.0473,37.0033],[137.0511,37.0201],[137.0456,37.0377],[137.0538,37.0688],[137.0495,37.1012],[137.054,37.1065],[137.0343,37.1034],[137.0314,37.1069],[137.0214,37.101],[137.0024,37.0662],[137.0074,37.0629],[137.0052,37.0571],[137.0001,37.0551],[136.9964,37.0598],[136.9842,37.0482],[136.9762,37.0532],[136.9727,37.0469],[136.9557,37.0572],[136.9625,37.0673],[136.9404,37.068],[136.9353,37.0789],[136.941,37.0837],[136.9316,37.0875],[136.9065,37.0889],[136.9017,37.0737],[136.89,37.0744],[136.8878,37.0683],[136.8605,37.0755],[136.8595,37.08],[136.872,37.0878],[136.8657,37.097],[136.8676,37.111],[136.8739,37.114],[136.88,37.1096],[136.8836,37.1143],[136.8898,37.1105],[136.899,37.1314],[136.9004,37.1371],[136.8915,37.1435],[136.8749,37.1406],[136.8848,37.1648],[136.9124,37.1937],[136.9063,37.2032],[136.9259,37.2018],[136.9301,37.2062],[136.9081,37.2205],[136.9172,37.2267],[136.9234,37.2196],[136.9323,37.2205],[136.9244,37.2284],[136.9375,37.2299],[136.9379,37.2258],[136.9639,37.2357],[136.9655,37.2322],[136.951,37.2217],[136.9633,37.2046],[136.9912,37.1997],[137.0059,37.1837],[137.0263,37.188],[137.0295,37.2019],[137.0254,37.2044],[137.052,37.2108],[137.0565,37.2082],[137.0694,37.2181],[137.068,37.2315],[137.0778,37.2456],[137.0943,37.2567],[137.0913,37.2585],[137.0989,37.279],[137.1164,37.2885],[137.1445,37.2989],[137.1501,37.2962],[137.1528,37.3032],[137.1631,37.3012],[137.1636,37.3047],[137.1716,37.2996],[137.1951,37.2979],[137.2087,37.3015],[137.2063,37.2962],[137.2218,37.2971],[137.2232,37.2938],[137.2335,37.2997],[137.2306,37.3086],[137.2388,37.304],[137.247,37.3075],[137.2512,37.3176],[137.264,37.3254],[137.262,37.3314],[137.2677,37.3368],[137.2657,37.3409],[137.2528,37.3399],[137.2603,37.3443],[137.2662,37.3576],[137.2489,37.3541],[137.239,37.3732],[137.2376,37.39],[137.2449,37.3972],[137.244,37.4075],[137.2515,37.4256],[137.2741,37.4395],[137.2988,37.4429],[137.3115,37.4377],[137.3317,37.4393],[137.3605,37.4508],[137.3575,37.4648],[137.3403,37.4831],[137.3511,37.502],[137.3434,37.5107],[137.346,37.5146],[137.3288,37.5194],[137.3264,37.5295],[137.2824,37.527],[137.2753,37.5334],[137.2461,37.5255],[137.2454,37.5201],[137.2265,37.5172],[137.2103,37.5061],[137.1803,37.4996],[137.1727,37.5028],[137.1445,37.499],[137.0949,37.4787],[137.0731,37.4557],[137.0482,37.4493],[137.0293,37.4327],[137.0043,37.4287],[136.9243,37.395],[136.9033,37.3975],[136.8991,37.401],[136.9016,37.4055],[136.896,37.4067],[136.8944,37.4018],[136.8684,37.4071],[136.8477,37.4017],[136.826,37.3877],[136.8115,37.3866],[136.8029,37.3769],[136.7939,37.377],[136.7731,37.3659],[136.7565,37.3648],[136.7534,37.346],[136.7455,37.3426],[136.738,37.3478],[136.7372,37.3358],[136.7217,37.3204],[136.7276,37.305],[136.7249,37.2948],[136.735,37.2884],[136.7339,37.2795],[136.7209,37.2559],[136.7031,37.2457],[136.7004,37.2379],[136.7051,37.2311],[136.7013,37.2233],[136.6948,37.2222],[136.694,37.2151],[136.6802,37.2072],[136.6825,37.2021],[136.6778,37.1997],[136.6818,37.1927],[136.6754,37.1844],[136.6729,37.1698],[136.6765,37.1664],[136.6695,37.1472],[136.6742,37.1392],[136.6869,37.1379],[136.6954,37.1394],[136.7019,37.1486],[136.7111,37.1484],[136.7274,37.1352],[136.7294,37.0973],[136.7213,37.0863],[136.7263,37.0857],[136.7184,37.0795],[136.7218,37.0578],[136.7266,37.0506],[136.7338,37.0495],[136.7408,37.0301],[136.7466,37.0293],[136.7434,37.012],[136.7693,36.9991],[136.7684,36.9637],[136.7589,36.9504],[136.7621,36.9449],[136.7495,36.9313],[136.7536,36.9238],[136.766,36.9187],[136.7675,36.9026],[136.7436,36.8271],[136.6637,36.6924],[136.626,36.6452],[136.6036,36.6281],[136.6068,36.6217],[136.5865,36.6093],[136.5851,36.5983],[136.5137,36.5215],[136.3891,36.3964],[136.3366,36.3602],[136.2996,36.3517],[136.275,36.3186],[136.2439,36.2953],[136.2586,36.2893],[136.2562,36.2799],[136.2692,36.2664],[136.3021,36.2575],[136.3084,36.2468],[136.3153,36.2459],[136.3167,36.2351],[136.3324,36.2296],[136.3279,36.2099],[136.3357,36.1849],[136.3441,36.173],[136.358,36.1651],[136.3689,36.1698],[136.3907,36.1675],[136.4093,36.1722],[136.4143,36.1566],[136.4242,36.1546],[136.4404,36.1374],[136.4488,36.1407],[136.4565,36.1363],[136.4645,36.1379],[136.488,36.1591],[136.5057,36.1466],[136.5601,36.153],[136.5629,36.1464],[136.6034,36.1279],[136.6147,36.1083],[136.6513,36.0922],[136.6623,36.0676],[136.699,36.0739],[136.7153,36.0821],[136.7388,36.0804],[136.7543,36.0863],[136.7562,36.0991],[136.765,36.1056],[136.7807,36.1414],[136.7758,36.1439],[136.7735,36.1572],[136.766,36.1609],[136.7984,36.1726],[136.8029,36.1879],[136.8228,36.202],[136.821,36.2107],[136.8317,36.2177],[136.8517,36.2481],[136.8335,36.2649],[136.8146,36.2664],[136.806,36.2758],[136.8061,36.2836],[136.7923,36.2992],[136.7891,36.3249],[136.7837,36.3292],[136.7872,36.3483],[136.8082,36.3587],[136.8006,36.3694],[136.7951,36.4013],[136.7789,36.4144],[136.7697,36.4154],[136.7695,36.4307],[136.7782,36.4309],[136.7952,36.4434],[136.7891,36.4545],[136.7983,36.4618],[136.7956,36.4749],[136.8026,36.4847],[136.8025,36.4903],[136.7949,36.4963],[136.7951,36.5108],[136.8129,36.5381],[136.8171,36.5528],[136.8024,36.5688],[136.7909,36.5698],[136.7953,36.5834],[136.7883,36.593],[136.7895,36.6054],[136.7835,36.6151],[136.7861,36.6296]]]},"properties":{"N03_001":"石川県"}},{"type":"Feature","geometry":{"type":"Polygon","coordinates":[[[135.9644,35.9975],[135.9585,35.9761],[135.9967,35.9358],[135.9975,35.8845],[136.0703,35.8248],[136.0998,35.7792],[136.0967,35.7673],[136.1012,35.7582],[136.0999,35.7467],[136.0865,35.7382],[136.0955,35.7366],[136.0986,35.7263],[136.091,35.7169],[136.0924,35.711],[136.0785,35.7036],[136.0862,35.6853],[136.0743,35.6781],[136.0743,35.6674],[136.0626,35.6681],[136.0623,35.6638],[136.0718,35.6607],[136.0483,35.6571],[136.0432,35.66],[136.0428,35.6695],[136.0265,35.6791],[136.0315,35.6916],[136.0442,35.6911],[136.0442,35.698],[136.0377,35.7098],[136.0384,35.7252],[136.0225,35.7452],[136.024,35.75],[136.0363,35.7419],[136.02,35.7637],[135.9948,35.7487],[135.9811,35.7331],[135.9684,35.7351],[135.9545,35.7227],[135.9594,35.7167],[135.9597,35.7018],[135.9667,35.7015],[135.9656,35.7107],[135.9726,35.7088],[135.9776,35.6867],[135.9632,35.6572],[135.9746,35.6547],[135.9856,35.6432],[135.9809,35.6303],[135.9623,35.6225],[135.95,35.6339],[135.9514,35.6286],[135.9398,35.6157],[135.9258,35.6101],[135.9135,35.6094],[135.9076,35.6163],[135.9079,35.6244],[135.8989,35.624],[135.8944,35.62],[135.8955,35.6135],[135.8851,35.6178],[135.8702,35.6083],[135.8593,35.6111],[135.8593,35.6232],[135.8436,35.6266],[135.8461,35.6355],[135.8277,35.6388],[135.8228,35.6442],[135.8146,35.6422],[135.8155,35.6325],[135.8221,35.6375],[135.8277,35.6353],[135.8328,35.6314],[135.8231,35.6287],[135.839,35.6203],[135.8274,35.6082],[135.8342,35.6048],[135.843,35.6075],[135.8462,35.6014],[135.8535,35.6031],[135.8575,35.5895],[135.8574,35.5818],[135.8484,35.5775],[135.8482,35.5709],[135.8428,35.571],[135.8397,35.5631],[135.8279,35.564],[135.8212,35.5737],[135.8032,35.5684],[135.8246,35.5526],[135.8337,35.5359],[135.8132,35.5359],[135.8164,35.533],[135.8119,35.5275],[135.8059,35.532],[135.7962,35.5261],[135.7952,35.5309],[135.7885,35.5314],[135.7858,35.5365],[135.7901,35.5405],[135.7797,35.5503],[135.7659,35.5573],[135.7643,35.5532],[135.7714,35.5466],[135.7588,35.5426],[135.7501,35.5557],[135.7508,35.5657],[135.7451,35.5643],[135.7358,35.5713],[135.7151,35.57],[135.6892,35.5449],[135.7168,35.5407],[135.7181,35.5197],[135.7321,35.5254],[135.7371,35.5353],[135.758,35.5386],[135.765,35.534],[135.752,35.5321],[135.7507,35.5175],[135.7375,35.4944],[135.72,35.4911],[135.7196,35.485],[135.7142,35.4832],[135.7002,35.4928],[135.6917,35.4877],[135.6755,35.4876],[135.6629,35.4938],[135.6482,35.4783],[135.5835,35.4907],[135.5922,35.4945],[135.6063,35.4903],[135.6285,35.4918],[135.642,35.5069],[135.6348,35.5188],[135.6547,35.5309],[135.6689,35.5252],[135.6657,35.5337],[135.6596,35.5347],[135.6653,35.5414],[135.6569,35.5449],[135.6331,35.5375],[135.6197,35.5265],[135.6179,35.5188],[135.6067,35.5172],[135.5878,35.5002],[135.5769,35.4996],[135.5749,35.4934],[135.5561,35.4906],[135.5461,35.4945],[135.5361,35.4889],[135.519,35.4938],[135.5073,35.5057],[135.5167,35.5261],[135.5141,35.5357],[135.5183,35.5496],[135.5037,35.5495],[135.4993,35.5538],[135.5013,35.5401],[135.5093,35.5369],[135.5028,35.5333],[135.5026,35.5247],[135.4946,35.5222],[135.4938,35.5283],[135.4887,35.5291],[135.4875,35.5228],[135.4809,35.5219],[135.4779,35.5255],[135.4835,35.5343],[135.4682,35.5314],[135.4866,35.5579],[135.4668,35.5519],[135.4541,35.5369],[135.4499,35.5208],[135.4762,35.5055],[135.4726,35.5012],[135.4763,35.4897],[135.4707,35.4893],[135.4584,35.4689],[135.4703,35.4545],[135.4861,35.4486],[135.491,35.4386],[135.4978,35.4375],[135.5005,35.4325],[135.4954,35.4264],[135.502,35.42],[135.5101,35.4244],[135.527,35.4184],[135.53,35.4084],[135.5252,35.4031],[135.5316,35.3928],[135.5275,35.3802],[135.5796,35.3749],[135.5881,35.3683],[135.5949,35.3726],[135.6235,35.3699],[135.6366,35.3637],[135.6424,35.3667],[135.6771,35.3498],[135.701,35.3437],[135.7189,35.3553],[135.7315,35.3506],[135.7441,35.3589],[135.7552,35.3544],[135.7688,35.356],[135.7791,35.3735],[135.79,35.3784],[135.7909,35.3866],[135.8075,35.3854],[135.8132,35.413],[135.8531,35.4115],[135.8543,35.4008],[135.8645,35.3944],[135.8906,35.4032],[135.893,35.4198],[135.9027,35.4294],[135.9142,35.4321],[135.916,35.4706],[135.9248,35.49],[135.9298,35.492],[135.9396,35.5205],[135.947,35.5205],[135.9524,35.5062],[135.9726,35.5001],[135.981,35.4867],[135.9895,35.4927],[136.0067,35.4918],[136.016,35.5123],[136.0201,35.5119],[136.0288,35.5234],[136.0265,35.5295],[136.0464,35.5302],[136.0483,35.5345],[136.0692,35.5262],[136.0832,35.5406],[136.1056,35.5288],[136.1094,35.5451],[136.1054,35.5554],[136.1101,35.5593],[136.1122,35.5798],[136.1387,35.5757],[136.1433,35.5711],[136.1632,35.5711],[136.1669,35.5654],[136.1703,35.5711],[136.1665,35.5827],[136.1775,35.595],[136.1599,35.6252],[136.1504,35.6589],[136.1345,35.6698],[136.1481,35.6873],[136.1503,35.6977],[136.166,35.6973],[136.1668,35.7022],[136.1853,35.7037],[136.2118,35.6824],[136.2344,35.6825],[136.2446,35.6738],[136.2504,35.6762],[136.2694,35.6687],[136.2807,35.6586],[136.2989,35.6788],[136.2919,35.6841],[136.2918,35.6904],[136.3108,35.7057],[136.3131,35.7129],[136.3227,35.7156],[136.3205,35.7229],[136.327,35.7315],[136.325,35.7447],[136.3184,35.751],[136.3279,35.7751],[136.3468,35.7762],[136.3571,35.7868],[136.3767,35.7952],[136.4307,35.775],[136.4458,35.7729],[136.4589,35.7791],[136.4676,35.7732],[136.4846,35.7751],[136.5062,35.7503],[136.5137,35.7622],[136.5133,35.7753],[136.5252,35.788],[136.5453,35.7787],[136.5723,35.778],[136.586,35.7844],[136.59,35.7957],[136.5991,35.7985],[136.6115,35.7888],[136.623,35.7878],[136.6277,35.7911],[136.6261,35.7954],[136.6382,35.7975],[136.6452,35.8068],[136.6577,35.7835],[136.672,35.7913],[136.71,35.792],[136.7245,35.8081],[136.7411,35.8011],[136.7639,35.8106],[136.7744,35.8067],[136.776,35.7988],[136.7893,35.7994],[136.7959,35.8091],[136.8023,35.844],[136.8251,35.8454],[136.8324,35.8574],[136.8202,35.8794],[136.8238,35.8928],[136.8137,35.9109],[136.7995,35.9203],[136.7865,35.9223],[136.7839,35.9278],[136.7935,35.9456],[136.7529,35.9565],[136.7488,35.9636],[136.7535,35.9681],[136.7497,35.9909],[136.7271,35.9956],[136.7357,36.0323],[136.733,36.0487],[136.7444,36.0599],[136.7643,36.0677],[136.7543,36.0863],[136.7388,36.0804],[136.7153,36.0821],[136.699,36.0739],[136.6623,36.0676],[136.6513,36.0922],[136.6147,36.1083],[136.6034,36.1279],[136.5629,36.1464],[136.5601,36.153],[136.5057,36.1466],[136.488,36.1591],[136.4645,36.1379],[136.4565,36.1363],[136.4488,36.1407],[136.4404,36.1374],[136.4242,36.1546],[136.4143,36.1566],[136.4093,36.1722],[136.3907,36.1675],[136.3689,36.1698],[136.358,36.1651],[136.3441,36.173],[136.3357,36.1849],[136.3279,36.2099],[136.3324,36.2296],[136.3167,36.2351],[136.3153,36.2459],[136.3084,36.2468],[136.3021,36.2575],[136.2692,36.2664],[136.2562,36.2799],[136.2586,36.2893],[136.2459,36.2939],[136.1719,36.2526],[136.1234,36.25],[136.1308,36.2418],[136.1255,36.2382],[136.1347,36.2207],[136.1297,36.219],[136.132,36.2139],[136.1218,36.2011],[136.1266,36.1989],[136.134,36.2038],[136.1277,36.1901],[136.1144,36.1927],[136.0904,36.1605],[136.095,36.1579],[136.0934,36.1532],[136.0766,36.1385],[136.0548,36.1279],[136.0486,36.11],[136.0323,36.0973],[136.0166,36.0497],[136.0096,36.0431],[136.0106,36.0333],[135.9856,36.0089],[135.9644,35.9975]]]},"properties":{"N03_001":"福井県"}},{"type":"Feature","geometry":{"type":"Polygon","coordinates":[[[138.6216,35.8704],[138.6068,35.8785],[138.6072,35.8997],[138.6123,35.9087],[138.6025,35.9098],[138.5968,35.9169],[138.5858,35.9184],[138.5767,35.9114],[138.5538,35.919],[138.5294,35.9145],[138.5106,35.9223],[138.4977,35.9114],[138.4898,35.8965],[138.4717,35.8962],[138.4542,35.9032],[138.4444,35.9177],[138.4543,35.9383],[138.4432,35.9511],[138.3705,35.9714],[138.3619,35.9626],[138.3601,35.951],[138.345,35.9413],[138.342,35.9257],[138.3263,35.9032],[138.2836,35.8593],[138.2486,35.8859],[138.2382,35.8824],[138.2268,35.8574],[138.2047,35.8281],[138.2057,35.8157],[138.1856,35.7954],[138.1915,35.7843],[138.2087,35.7806],[138.2367,35.7577],[138.2221,35.7505],[138.1801,35.7145],[138.194,35.6955],[138.1933,35.6723],[138.2055,35.6643],[138.2186,35.6444],[138.2284,35.646],[138.2323,35.6401],[138.2283,35.6272],[138.2361,35.6223],[138.2357,35.6062],[138.2406,35.6051],[138.2436,35.5915],[138.2388,35.5835],[138.2405,35.5763],[138.2444,35.5635],[138.2595,35.553],[138.2573,35.5308],[138.269,35.5141],[138.2602,35.5059],[138.2535,35.466],[138.2441,35.459],[138.2594,35.4311],[138.2581,35.4074],[138.2464,35.3998],[138.2459,35.3911],[138.2369,35.3843],[138.232,35.3712],[138.2513,35.3635],[138.257,35.3386],[138.2487,35.3316],[138.2579,35.3165],[138.2698,35.3144],[138.2764,35.3074],[138.2853,35.3043],[138.2965,35.3165],[138.328,35.3277],[138.3647,35.312],[138.3725,35.2994],[138.3668,35.2903],[138.367,35.2702],[138.3862,35.2462],[138.3943,35.2078],[138.3987,35.2003],[138.4076,35.2029],[138.419,35.1976],[138.4309,35.1804],[138.4611,35.1795],[138.4915,35.1684],[138.5173,35.1986],[138.5332,35.2009],[138.5274,35.2168],[138.5323,35.2234],[138.5142,35.2622],[138.5217,35.2835],[138.5121,35.3136],[138.5351,35.3306],[138.5282,35.379],[138.5358,35.3899],[138.5318,35.4094],[138.553,35.423],[138.5591,35.4342],[138.5819,35.4457],[138.5977,35.4318],[138.6091,35.3932],[138.6634,35.3983],[138.6712,35.3928],[138.6805,35.3577],[138.7995,35.3767],[138.8219,35.3742],[138.8508,35.3905],[138.8624,35.3901],[138.8735,35.3817],[138.9164,35.4006],[138.9181,35.4113],[138.9302,35.4209],[138.9274,35.4376],[138.9545,35.4598],[138.9735,35.4665],[138.9788,35.4637],[138.9888,35.4736],[139.0275,35.481],[139.0439,35.4994],[139.046,35.5097],[139.0601,35.5075],[139.0858,35.5121],[139.1139,35.5385],[139.112,35.5498],[139.1296,35.567],[139.1278,35.581],[139.1214,35.5869],[139.1293,35.5946],[139.133,35.6065],[139.1278,35.6126],[139.1337,35.6158],[139.1235,35.6241],[139.127,35.6419],[139.1173,35.6549],[139.1313,35.672],[139.1056,35.691],[139.0721,35.6954],[139.0225,35.722],[139.0052,35.7505],[138.9924,35.7555],[138.9838,35.7695],[138.9864,35.7823],[138.9718,35.799],[138.9693,35.8314],[138.9622,35.8296],[138.9533,35.8365],[138.9439,35.8548],[138.9264,35.8489],[138.9109,35.8527],[138.892,35.8398],[138.8694,35.8572],[138.8588,35.8576],[138.8566,35.8646],[138.8454,35.8674],[138.8324,35.8623],[138.8285,35.8657],[138.8136,35.8624],[138.8084,35.87],[138.7918,35.876],[138.7911,35.8908],[138.7772,35.9004],[138.7349,35.904],[138.729,35.9092],[138.708,35.9096],[138.6858,35.8939],[138.676,35.8698],[138.6572,35.8759],[138.6216,35.8704]]]},"properties":{"N03_001":"山梨県"}},{"type":"Feature","geometry":{"type":"Polygon","coordinates":[[[138.0035,36.8264],[138.0201,36.8422],[138.0166,36.8604],[138.0316,36.8781],[138.0328,36.8862],[138.0311,36.8914],[138.0156,36.8932],[138.0137,36.904],[137.9916,36.9107],[137.9696,36.9108],[137.9624,36.9021],[137.9532,36.905],[137.9474,36.913],[137.9197,36.9199],[137.8933,36.91],[137.8681,36.9159],[137.8626,36.907],[137.8714,36.9027],[137.8617,36.8908],[137.8683,36.8778],[137.8779,36.8732],[137.8763,36.8661],[137.8559,36.8495],[137.8569,36.8438],[137.831,36.8178],[137.831,36.808],[137.8228,36.806],[137.82,36.7982],[137.7933,36.7867],[137.7915,36.7792],[137.7819,36.773],[137.7674,36.7705],[137.76,36.7643],[137.7518,36.7511],[137.7593,36.7406],[137.751,36.7269],[137.7501,36.705],[137.7566,36.6941],[137.7542,36.6875],[137.7597,36.6859],[137.7617,36.667],[137.7535,36.6578],[137.7563,36.6469],[137.7439,36.6127],[137.7531,36.5937],[137.7509,36.5883],[137.7251,36.5867],[137.6877,36.5621],[137.6846,36.5378],[137.7101,36.5346],[137.7028,36.5247],[137.7055,36.5179],[137.6943,36.5107],[137.6773,36.5144],[137.6687,36.5095],[137.6662,36.4932],[137.652,36.4882],[137.6551,36.4587],[137.6453,36.4545],[137.6378,36.4314],[137.6333,36.425],[137.6092,36.4179],[137.6038,36.4087],[137.6054,36.4025],[137.5924,36.3897],[137.5873,36.3898],[137.5871,36.372],[137.6192,36.3642],[137.6355,36.3425],[137.6456,36.3413],[137.6464,36.3302],[137.6507,36.3274],[137.6489,36.3089],[137.6531,36.3047],[137.6469,36.2965],[137.6478,36.2891],[137.6288,36.2784],[137.6059,36.2488],[137.5964,36.243],[137.5897,36.2286],[137.5837,36.2272],[137.583,36.2204],[137.573,36.2184],[137.5787,36.1974],[137.5952,36.1903],[137.5911,36.1863],[137.5951,36.172],[137.5912,36.1641],[137.5679,36.1534],[137.568,36.1482],[137.5547,36.1377],[137.5605,36.1305],[137.5509,36.1099],[137.5777,36.0853],[137.5968,36.0758],[137.614,36.0764],[137.6137,36.0596],[137.5983,36.0432],[137.6002,36.0286],[137.594,36.0119],[137.5747,35.9957],[137.5435,35.9829],[137.5443,35.9724],[137.5326,35.9616],[137.5245,35.9425],[137.5019,35.9376],[137.4842,35.9161],[137.4819,35.9005],[137.4762,35.894],[137.4586,35.8893],[137.4349,35.9055],[137.3808,35.8924],[137.3644,35.8789],[137.3676,35.8607],[137.3611,35.8462],[137.3568,35.8427],[137.336,35.8442],[137.3273,35.8256],[137.326,35.8121],[137.3323,35.8093],[137.3363,35.7988],[137.3918,35.7986],[137.3964,35.7908],[137.3933,35.7777],[137.424,35.7744],[137.4345,35.7709],[137.4402,35.7586],[137.4534,35.7622],[137.4648,35.7564],[137.4655,35.7438],[137.4852,35.7247],[137.486,35.7055],[137.4973,35.6984],[137.4972,35.6885],[137.5354,35.6658],[137.5454,35.6511],[137.5382,35.6383],[137.5281,35.636],[137.5138,35.608],[137.5383,35.5848],[137.5681,35.5859],[137.5704,35.5799],[137.5646,35.5664],[137.5711,35.5626],[137.5745,35.5445],[137.6025,35.5307],[137.6073,35.5335],[137.6318,35.5092],[137.6244,35.4938],[137.6318,35.47],[137.6183,35.4678],[137.5931,35.4469],[137.6153,35.4308],[137.622,35.4119],[137.632,35.4107],[137.6337,35.399],[137.6184,35.3917],[137.5907,35.3936],[137.5752,35.4],[137.5779,35.3901],[137.5865,35.3894],[137.5984,35.3792],[137.6039,35.3332],[137.5905,35.3305],[137.5876,35.3237],[137.5601,35.3096],[137.5576,35.2947],[137.5707,35.2831],[137.5572,35.2749],[137.5575,35.2646],[137.5484,35.2597],[137.546,35.2518],[137.5504,35.2429],[137.5787,35.2194],[137.5787,35.1985],[137.6268,35.2119],[137.6446,35.209],[137.6454,35.214],[137.6535,35.2175],[137.6539,35.2267],[137.6679,35.2273],[137.6813,35.2351],[137.6872,35.2307],[137.7037,35.2338],[137.7118,35.2289],[137.7219,35.2308],[137.7224,35.2221],[137.768,35.2185],[137.7677,35.2069],[137.7791,35.2028],[137.8004,35.2057],[137.8215,35.2156],[137.8381,35.2125],[137.8449,35.221],[137.8592,35.2233],[137.8725,35.2189],[137.8849,35.2362],[137.8825,35.2481],[137.8954,35.258],[137.9186,35.2544],[137.9293,35.2755],[137.9673,35.2842],[137.9734,35.293],[137.9824,35.2924],[137.9921,35.3017],[138.0057,35.3044],[138.0188,35.3011],[138.0277,35.3116],[138.0261,35.3202],[138.039,35.326],[138.0374,35.3325],[138.0506,35.3355],[138.0613,35.3472],[138.0712,35.3471],[138.0875,35.338],[138.0963,35.3399],[138.0938,35.35],[138.097,35.3543],[138.124,35.368],[138.1293,35.3653],[138.1411,35.3695],[138.1525,35.398],[138.1444,35.4061],[138.1349,35.4077],[138.1398,35.4226],[138.1215,35.4286],[138.124,35.4357],[138.1193,35.446],[138.1219,35.4564],[138.1316,35.4533],[138.141,35.459],[138.1569,35.46],[138.1602,35.4678],[138.1564,35.4769],[138.1646,35.4939],[138.1402,35.4997],[138.1463,35.5186],[138.1383,35.5222],[138.1594,35.5449],[138.1461,35.557],[138.1621,35.5813],[138.1728,35.5816],[138.1844,35.5731],[138.1895,35.5768],[138.2061,35.6084],[138.2034,35.6322],[138.2186,35.6444],[138.2055,35.6643],[138.1933,35.6723],[138.194,35.6955],[138.1801,35.7145],[138.2221,35.7505],[138.2367,35.7577],[138.2087,35.7806],[138.1915,35.7843],[138.1856,35.7954],[138.2057,35.8157],[138.2047,35.8281],[138.2268,35.8574],[138.2382,35.8824],[138.2486,35.8859],[138.2836,35.8593],[138.3263,35.9032],[138.342,35.9257],[138.345,35.9413],[138.3601,35.951],[138.3619,35.9626],[138.3705,35.9714],[138.4432,35.9511],[138.4543,35.9383],[138.4444,35.9177],[138.4542,35.9032],[138.4717,35.8962],[138.4898,35.8965],[138.4977,35.9114],[138.5106,35.9223],[138.5294,35.9145],[138.5538,35.919],[138.5767,35.9114],[138.5858,35.9184],[138.5968,35.9169],[138.6025,35.9098],[138.6123,35.9087],[138.6072,35.8997],[138.6068,35.8785],[138.6216,35.8704],[138.6572,35.8759],[138.676,35.8698],[138.6858,35.8939],[138.708,35.9096],[138.729,35.9092],[138.7291,35.9172],[138.7385,35.929],[138.7393,35.9391],[138.7114,35.9713],[138.7126,35.9853],[138.6887,35.9918],[138.6797,36.0116],[138.6617,36.012],[138.6614,36.0164],[138.6315,36.0283],[138.6442,36.0496],[138.6428,36.0687],[138.6307,36.0914],[138.6452,36.0988],[138.6475,36.1059],[138.6402,36.1173],[138.6451,36.1196],[138.6373,36.1243],[138.6341,36.134],[138.6007,36.1356],[138.5933,36.1531],[138.5773,36.1681],[138.584,36.1772],[138.5896,36.1768],[138.589,36.1705],[138.5946,36.1656],[138.6048,36.1642],[138.6359,36.1709],[138.6371,36.1749],[138.6228,36.1969],[138.6367,36.2043],[138.635,36.2118],[138.6332,36.2161],[138.6222,36.2146],[138.6119,36.2294],[138.6125,36.2409],[138.6022,36.2495],[138.606,36.2668],[138.6003,36.2784],[138.6449,36.2945],[138.6535,36.303],[138.6479,36.3145],[138.6533,36.3244],[138.6501,36.3525],[138.6572,36.3689],[138.6496,36.3789],[138.6522,36.3951],[138.6484,36.4075],[138.6372,36.4172],[138.6266,36.4155],[138.6079,36.4232],[138.5902,36.4239],[138.555,36.4178],[138.5406,36.4028],[138.5293,36.403],[138.5068,36.4139],[138.4921,36.4133],[138.489,36.4009],[138.4597,36.4048],[138.457,36.4202],[138.4472,36.4193],[138.401,36.4347],[138.4033,36.4669],[138.3971,36.4906],[138.406,36.5074],[138.4042,36.5221],[138.414,36.5326],[138.4124,36.5415],[138.4288,36.5562],[138.4284,36.5687],[138.4203,36.5772],[138.4263,36.5935],[138.4288,36.5979],[138.4414,36.6],[138.4416,36.6107],[138.455,36.6139],[138.4606,36.6265],[138.4591,36.6348],[138.4731,36.644],[138.4901,36.6412],[138.5251,36.6513],[138.5343,36.6663],[138.5179,36.677],[138.52,36.6923],[138.5436,36.7038],[138.5749,36.7071],[138.5833,36.7013],[138.5977,36.7147],[138.6111,36.7066],[138.6218,36.7202],[138.6959,36.7385],[138.688,36.7658],[138.6734,36.77],[138.669,36.7791],[138.6842,36.7879],[138.6955,36.807],[138.6803,36.8201],[138.69,36.8324],[138.6932,36.8548],[138.6817,36.8653],[138.6574,36.868],[138.6355,36.8834],[138.6234,36.8847],[138.6178,36.8919],[138.621,36.9041],[138.6129,36.9085],[138.5962,36.9071],[138.5893,36.9155],[138.592,36.9254],[138.5831,36.9296],[138.5863,36.9869],[138.5757,36.9966],[138.5659,37.0213],[138.5365,37.0209],[138.5247,37.0304],[138.5141,37.0297],[138.4974,37.0264],[138.4917,37.0205],[138.4551,37.0196],[138.4314,37.0061],[138.3938,36.9951],[138.3787,36.9804],[138.3823,36.9764],[138.3695,36.964],[138.3577,36.9338],[138.3432,36.9208],[138.3293,36.9269],[138.3176,36.9252],[138.2963,36.9108],[138.2903,36.8968],[138.2994,36.8867],[138.2886,36.8684],[138.2956,36.8551],[138.2876,36.8457],[138.2749,36.8409],[138.2705,36.8442],[138.2684,36.8605],[138.258,36.864],[138.2549,36.8699],[138.2424,36.864],[138.213,36.8683],[138.1956,36.8537],[138.1778,36.8518],[138.169,36.8451],[138.1151,36.8504],[138.0933,36.8402],[138.073,36.8168],[138.0752,36.8105],[138.0569,36.8008],[138.0522,36.8],[138.0518,36.8075],[138.0338,36.8088],[138.0289,36.8171],[138.0035,36.8264]]]},"properties":{"N03_001":"長野県"}},{"type":"Feature","geometry":{"type":"Polygon","coordinates":[[[136.5277,35.2575],[136.5414,35.2457],[136.541,35.2372],[136.5498,35.2341],[136.547,35.2224],[136.5568,35.2207],[136.5617,35.2055],[136.5816,35.1971],[136.5847,35.1886],[136.597,35.1773],[136.6023,35.178],[136.6156,35.1499],[136.6243,35.1465],[136.6305,35.1502],[136.6444,35.1444],[136.6463,35.1658],[136.6556,35.1611],[136.6696,35.1337],[136.6728,35.1348],[136.6723,35.1888],[136.6831,35.1998],[136.6779,35.2411],[136.6981,35.2619],[136.7104,35.2827],[136.7257,35.2956],[136.7681,35.3669],[136.7945,35.3683],[136.7929,35.3635],[136.834,35.3559],[136.8649,35.3726],[136.9215,35.379],[136.9617,35.3998],[136.9644,35.4209],[136.9857,35.4245],[136.9932,35.4242],[136.9783,35.4032],[136.9873,35.402],[137.0021,35.3815],[137.0142,35.3818],[137.034,35.368],[137.0476,35.3647],[137.0463,35.3395],[137.0499,35.3344],[137.0618,35.339],[137.0682,35.3357],[137.073,35.3265],[137.0635,35.3182],[137.0668,35.309],[137.0798,35.3068],[137.0813,35.2922],[137.0963,35.2907],[137.101,35.3016],[137.1316,35.2936],[137.1458,35.2798],[137.1655,35.2823],[137.1761,35.2704],[137.1764,35.2604],[137.1895,35.2526],[137.2,35.2515],[137.2113,35.2597],[137.2246,35.2565],[137.2574,35.2726],[137.2627,35.2852],[137.2758,35.2906],[137.2829,35.2877],[137.3081,35.2912],[137.3446,35.2737],[137.34,35.2645],[137.3441,35.2579],[137.3731,35.2633],[137.3851,35.2587],[137.3832,35.2467],[137.3882,35.2401],[137.401,35.2416],[137.4089,35.2349],[137.4168,35.2404],[137.4303,35.223],[137.4534,35.2405],[137.4621,35.2411],[137.4766,35.2534],[137.4966,35.259],[137.4972,35.2642],[137.5048,35.2629],[137.5162,35.275],[137.5208,35.2736],[137.5214,35.2843],[137.5434,35.2806],[137.5608,35.2857],[137.5601,35.3096],[137.5876,35.3237],[137.5905,35.3305],[137.6039,35.3332],[137.5984,35.3792],[137.5865,35.3894],[137.5779,35.3901],[137.5752,35.4],[137.5907,35.3936],[137.6184,35.3917],[137.6337,35.399],[137.632,35.4107],[137.622,35.4119],[137.6153,35.4308],[137.5931,35.4469],[137.6183,35.4678],[137.6318,35.47],[137.6244,35.4938],[137.6318,35.5092],[137.6073,35.5335],[137.6025,35.5307],[137.5745,35.5445],[137.5711,35.5626],[137.5646,35.5664],[137.5704,35.5799],[137.5681,35.5859],[137.5383,35.5848],[137.5138,35.608],[137.5281,35.636],[137.5382,35.6383],[137.5454,35.6511],[137.5354,35.6658],[137.4972,35.6885],[137.4973,35.6984],[137.486,35.7055],[137.4852,35.7247],[137.4655,35.7438],[137.4648,35.7564],[137.4534,35.7622],[137.4402,35.7586],[137.4345,35.7709],[137.424,35.7744],[137.3933,35.7777],[137.3964,35.7908],[137.3918,35.7986],[137.3363,35.7988],[137.325,35.8167],[137.336,35.8442],[137.3568,35.8427],[137.3611,35.8462],[137.3676,35.8607],[137.3644,35.8789],[137.3808,35.8924],[137.4349,35.9055],[137.4586,35.8893],[137.4762,35.894],[137.4819,35.9005],[137.4842,35.9161],[137.5019,35.9376],[137.5245,35.9425],[137.5326,35.9616],[137.5443,35.9724],[137.5435,35.9829],[137.5747,35.9957],[137.594,36.0119],[137.6002,36.0286],[137.5983,36.0432],[137.6137,36.0596],[137.614,36.0764],[137.5968,36.0758],[137.5777,36.0853],[137.5502,36.1126],[137.5569,36.1178],[137.5605,36.1305],[137.5547,36.1377],[137.5597,36.1445],[137.5777,36.1595],[137.5912,36.1641],[137.5951,36.172],[137.5911,36.1863],[137.5952,36.1903],[137.5787,36.1974],[137.573,36.2184],[137.583,36.2204],[137.5837,36.2272],[137.5897,36.2286],[137.5964,36.243],[137.6059,36.2488],[137.6288,36.2784],[137.6478,36.2891],[137.6469,36.2965],[137.6531,36.3047],[137.6489,36.3089],[137.6507,36.3274],[137.6464,36.3302],[137.6456,36.3413],[137.6355,36.3425],[137.6192,36.3642],[137.5871,36.372],[137.5873,36.3898],[137.5777,36.393],[137.5595,36.3875],[137.54,36.3927],[137.53,36.4033],[137.5203,36.4061],[137.5117,36.4234],[137.474,36.4254],[137.4608,36.4122],[137.4422,36.4143],[137.436,36.4204],[137.4038,36.4273],[137.3952,36.4364],[137.3949,36.4556],[137.3891,36.4573],[137.3615,36.4501],[137.3592,36.4381],[137.3501,36.433],[137.3386,36.4339],[137.3129,36.4253],[137.3051,36.4362],[137.3139,36.4417],[137.3168,36.461],[137.3066,36.4639],[137.2983,36.4583],[137.2778,36.4648],[137.2564,36.4511],[137.2476,36.462],[137.2314,36.4443],[137.2132,36.438],[137.2126,36.4302],[137.2048,36.4326],[137.1939,36.4536],[137.1759,36.451],[137.1597,36.4564],[137.1423,36.4431],[137.1435,36.4386],[137.137,36.4378],[137.122,36.4172],[137.1115,36.4154],[137.1019,36.3992],[137.0919,36.3964],[137.0949,36.384],[137.0787,36.3843],[137.0584,36.372],[137.062,36.3658],[137.049,36.3457],[137.0587,36.3425],[137.0525,36.3385],[137.0523,36.3295],[137.0376,36.3174],[137.0214,36.3185],[137.0182,36.3115],[137.0213,36.3092],[137.0078,36.2897],[136.9901,36.2871],[136.9753,36.2744],[136.9582,36.2777],[136.9722,36.3107],[136.9468,36.3458],[136.9075,36.3608],[136.8828,36.342],[136.8757,36.3501],[136.8699,36.3493],[136.876,36.3556],[136.873,36.3669],[136.8642,36.3555],[136.8651,36.3497],[136.844,36.3511],[136.8373,36.3473],[136.8425,36.3333],[136.8266,36.3026],[136.8042,36.3062],[136.7923,36.2992],[136.8146,36.2664],[136.8335,36.2649],[136.8517,36.2481],[136.8317,36.2177],[136.821,36.2107],[136.8228,36.202],[136.8029,36.1879],[136.7984,36.1726],[136.766,36.1609],[136.7735,36.1572],[136.7758,36.1439],[136.7807,36.1414],[136.7786,36.1296],[136.7725,36.1262],[136.7705,36.1157],[136.754,36.0902],[136.7643,36.0677],[136.7444,36.0599],[136.733,36.0487],[136.7357,36.0323],[136.7271,35.9956],[136.7497,35.9909],[136.7535,35.9681],[136.7488,35.9636],[136.7529,35.9565],[136.7935,35.9456],[136.7839,35.9278],[136.7865,35.9223],[136.7995,35.9203],[136.8137,35.9109],[136.8238,35.8928],[136.8202,35.8794],[136.8301,35.8656],[136.8311,35.8518],[136.8154,35.8425],[136.8023,35.844],[136.7959,35.8091],[136.7893,35.7994],[136.776,35.7988],[136.7744,35.8067],[136.7639,35.8106],[136.7411,35.8011],[136.7245,35.8081],[136.71,35.792],[136.672,35.7913],[136.6577,35.7835],[136.6452,35.8068],[136.6382,35.7975],[136.6261,35.7954],[136.6277,35.7911],[136.623,35.7878],[136.6115,35.7888],[136.5991,35.7985],[136.59,35.7957],[136.586,35.7844],[136.5723,35.778],[136.5453,35.7787],[136.5252,35.788],[136.5133,35.7753],[136.5137,35.7622],[136.5062,35.7503],[136.4846,35.7751],[136.4676,35.7732],[136.4589,35.7791],[136.4458,35.7729],[136.4307,35.775],[136.3767,35.7952],[136.3571,35.7868],[136.3468,35.7762],[136.3279,35.7751],[136.3184,35.751],[136.325,35.7447],[136.327,35.7315],[136.3205,35.7229],[136.3227,35.7156],[136.3131,35.7129],[136.3108,35.7057],[136.2918,35.6904],[136.2919,35.6841],[136.2989,35.6788],[136.2771,35.6556],[136.2831,35.6437],[136.2792,35.6367],[136.2886,35.6206],[136.2982,35.6175],[136.3156,35.6234],[136.3237,35.6165],[136.315,35.6057],[136.3217,35.5983],[136.3242,35.5851],[136.3175,35.5474],[136.3221,35.5443],[136.3298,35.551],[136.3373,35.5503],[136.3409,35.5373],[136.3459,35.5361],[136.3567,35.5399],[136.3625,35.5585],[136.3736,35.5594],[136.3843,35.5331],[136.4004,35.5301],[136.3993,35.5211],[136.4056,35.5134],[136.3923,35.504],[136.3869,35.4884],[136.398,35.4809],[136.4018,35.4699],[136.4204,35.4662],[136.4262,35.4482],[136.4118,35.4186],[136.4444,35.3894],[136.4369,35.3791],[136.4119,35.3699],[136.411,35.3522],[136.4214,35.3539],[136.4223,35.3484],[136.4112,35.3279],[136.4123,35.3156],[136.4068,35.3053],[136.3911,35.2902],[136.3969,35.2579],[136.3892,35.2498],[136.3791,35.2474],[136.3797,35.2409],[136.4122,35.2184],[136.4309,35.2294],[136.4407,35.2167],[136.4658,35.2375],[136.469,35.2334],[136.4742,35.2374],[136.4803,35.2349],[136.4828,35.2398],[136.506,35.2351],[136.5174,35.2546],[136.5277,35.2575]]]},"properties":{"N03_001":"岐阜県"}},{"type":"Feature","geometry":{"type":"Polygon","coordinates":[[[138.2186,35.6444],[138.2034,35.6322],[138.2061,35.6084],[138.1895,35.5768],[138.1844,35.5731],[138.1728,35.5816],[138.1621,35.5813],[138.1461,35.557],[138.1594,35.5449],[138.1383,35.5222],[138.1463,35.5186],[138.1402,35.4997],[138.1646,35.4939],[138.1564,35.4769],[138.1602,35.4678],[138.1569,35.46],[138.141,35.459],[138.1316,35.4533],[138.1219,35.4564],[138.1193,35.446],[138.124,35.4357],[138.1215,35.4286],[138.1398,35.4226],[138.1349,35.4077],[138.1444,35.4061],[138.1525,35.398],[138.1411,35.3695],[138.1293,35.3653],[138.124,35.368],[138.097,35.3543],[138.0938,35.35],[138.0963,35.3399],[138.0875,35.338],[138.0712,35.3471],[138.0613,35.3472],[138.0506,35.3355],[138.0374,35.3325],[138.039,35.326],[138.0261,35.3202],[138.0277,35.3116],[138.0188,35.3011],[138.0057,35.3044],[137.9921,35.3017],[137.9824,35.2924],[137.9734,35.293],[137.9673,35.2842],[137.9293,35.2755],[137.9186,35.2544],[137.8954,35.258],[137.8825,35.2481],[137.8849,35.2362],[137.8725,35.2189],[137.8592,35.2233],[137.8449,35.221],[137.8381,35.2125],[137.8286,35.2116],[137.8289,35.2043],[137.8217,35.2032],[137.8166,35.1884],[137.8032,35.1831],[137.8255,35.1682],[137.8213,35.1584],[137.829,35.1519],[137.8219,35.148],[137.8136,35.151],[137.8149,35.1405],[137.8059,35.1311],[137.7931,35.1352],[137.8013,35.1066],[137.793,35.0956],[137.7783,35.0996],[137.7757,35.078],[137.7403,35.0565],[137.7288,35.0403],[137.7173,35.0351],[137.701,35.0035],[137.7081,34.9945],[137.6999,34.9848],[137.7073,34.9723],[137.6961,34.9714],[137.6895,34.9568],[137.6755,34.9454],[137.6706,34.9483],[137.6595,34.9446],[137.651,34.9334],[137.6528,34.9255],[137.647,34.9188],[137.6464,34.9084],[137.6404,34.9046],[137.6413,34.8931],[137.6163,34.8753],[137.5975,34.8725],[137.5952,34.8591],[137.587,34.85],[137.5516,34.8519],[137.5423,34.842],[137.5344,34.8442],[137.5,34.8313],[137.5017,34.8234],[137.487,34.8117],[137.4944,34.8018],[137.4929,34.7869],[137.4767,34.7748],[137.4741,34.7499],[137.4918,34.7025],[137.485,34.6741],[137.5821,34.6799],[137.7149,34.664],[137.7775,34.6476],[137.7986,34.6463],[137.9025,34.6665],[137.9702,34.6654],[138.0575,34.6486],[138.1919,34.6008],[138.2272,34.5951],[138.2339,34.6053],[138.2173,34.6098],[138.1942,34.6391],[138.1954,34.6646],[138.2236,34.7224],[138.2457,34.7407],[138.2891,34.7624],[138.3042,34.7773],[138.2949,34.7763],[138.2887,34.7812],[138.2923,34.7846],[138.3011,34.7792],[138.3372,34.8284],[138.3352,34.8446],[138.3254,34.8525],[138.3244,34.8726],[138.3384,34.8811],[138.3549,34.9123],[138.4021,34.9318],[138.4162,34.9433],[138.4783,34.9633],[138.5075,34.9776],[138.5267,34.9949],[138.5335,35.013],[138.5158,35.0209],[138.5186,35.0133],[138.5025,35.0115],[138.5011,35.0022],[138.5109,34.9964],[138.5111,34.9906],[138.5056,34.9857],[138.5007,34.9874],[138.4957,35.0168],[138.4909,35.0193],[138.4948,35.0218],[138.4961,35.0183],[138.5025,35.0313],[138.4998,35.0358],[138.5085,35.0335],[138.5061,35.0417],[138.5131,35.0432],[138.5149,35.0383],[138.5237,35.0427],[138.5191,35.0477],[138.5345,35.0561],[138.5588,35.1016],[138.5787,35.1118],[138.6454,35.1177],[138.6977,35.1344],[138.6892,35.1436],[138.6957,35.1446],[138.7006,35.1429],[138.6956,35.14],[138.6989,35.1364],[138.7525,35.1315],[138.8183,35.1119],[138.8452,35.0945],[138.8632,35.0718],[138.8737,35.0693],[138.887,35.0468],[138.8918,35.0517],[138.9037,35.0475],[138.8924,35.0313],[138.8986,35.0243],[138.8916,35.0171],[138.885,35.019],[138.8831,35.0252],[138.8817,35.0215],[138.8737,35.0248],[138.8443,35.0144],[138.8268,35.0224],[138.8124,35.02],[138.7902,35.025],[138.7835,35.0249],[138.7802,35.0181],[138.7799,35.0013],[138.7688,34.9823],[138.7767,34.974],[138.7753,34.9696],[138.7622,34.9724],[138.763,34.9629],[138.7899,34.9099],[138.7566,34.8854],[138.758,34.8702],[138.7543,34.8665],[138.7756,34.8553],[138.7724,34.8471],[138.7602,34.8422],[138.7673,34.8306],[138.7663,34.8237],[138.7601,34.8292],[138.7512,34.8207],[138.7561,34.8116],[138.7649,34.811],[138.7627,34.8026],[138.7525,34.8004],[138.7681,34.7785],[138.7656,34.7693],[138.7726,34.7695],[138.7769,34.7599],[138.7758,34.7545],[138.7607,34.7494],[138.7616,34.7393],[138.7563,34.7333],[138.7469,34.7329],[138.7419,34.7242],[138.7399,34.705],[138.7435,34.6935],[138.7394,34.6911],[138.7423,34.6877],[138.756,34.6917],[138.7774,34.6756],[138.7808,34.6663],[138.7897,34.6695],[138.7915,34.6622],[138.7803,34.6589],[138.7715,34.6489],[138.776,34.6412],[138.7876,34.6401],[138.7939,34.6344],[138.793,34.6236],[138.8083,34.6283],[138.8155,34.6149],[138.8236,34.6161],[138.826,34.6079],[138.8434,34.6009],[138.865,34.6194],[138.8858,34.6232],[138.8925,34.6351],[138.9048,34.6292],[138.9124,34.6348],[138.9183,34.6527],[138.9378,34.6619],[138.9399,34.6683],[138.9483,34.6664],[138.9491,34.6733],[138.9567,34.6765],[138.9642,34.6728],[138.9592,34.6697],[138.956,34.6548],[138.9771,34.6535],[138.9847,34.6585],[138.9865,34.6672],[138.9781,34.6703],[138.9741,34.6953],[138.9798,34.7095],[138.9928,34.7178],[138.9916,34.7262],[139.0004,34.736],[138.9976,34.742],[139.0046,34.7514],[139.0201,34.754],[139.0304,34.768],[139.0485,34.7687],[139.0417,34.7738],[139.0581,34.7855],[139.0621,34.8009],[139.0793,34.824],[139.0758,34.8323],[139.0826,34.8527],[139.087,34.8583],[139.0983,34.8579],[139.1038,34.8702],[139.1321,34.8797],[139.1394,34.8908],[139.1318,34.8984],[139.1403,34.9101],[139.1402,34.921],[139.1479,34.9359],[139.144,34.9392],[139.1469,34.9542],[139.1325,34.9522],[139.1283,34.9691],[139.1124,34.9733],[139.1057,34.9698],[139.0975,34.9744],[139.0941,34.9892],[139.0829,35.001],[139.0864,35.008],[139.1,35.0089],[139.1003,35.0447],[139.0928,35.05],[139.0861,35.0448],[139.0741,35.0468],[139.0694,35.0534],[139.0796,35.0692],[139.0747,35.0809],[139.082,35.0859],[139.0803,35.0924],[139.0756,35.0907],[139.0769,35.0979],[139.1086,35.1297],[139.1114,35.1414],[139.0901,35.1402],[139.0304,35.1498],[139.0265,35.1754],[138.9877,35.2008],[138.9878,35.2127],[138.9761,35.2356],[138.9755,35.2638],[138.9972,35.2887],[139.0046,35.2899],[139.0096,35.3136],[139.0185,35.3298],[139.0108,35.3382],[139.0081,35.3503],[139.0123,35.3581],[139.0068,35.3614],[139.0059,35.3754],[138.9986,35.384],[139.0018,35.3989],[138.9695,35.4049],[138.9457,35.3997],[138.9164,35.4006],[138.8735,35.3817],[138.8624,35.3901],[138.8508,35.3905],[138.8219,35.3742],[138.7995,35.3767],[138.6805,35.3577],[138.6712,35.3928],[138.6634,35.3983],[138.6091,35.3932],[138.5977,35.4318],[138.5819,35.4457],[138.5591,35.4342],[138.553,35.423],[138.5318,35.4094],[138.5358,35.3899],[138.5282,35.379],[138.5351,35.3306],[138.5121,35.3136],[138.5217,35.2835],[138.5142,35.2622],[138.5323,35.2234],[138.5274,35.2168],[138.5332,35.2009],[138.5173,35.1986],[138.4915,35.1684],[138.4611,35.1795],[138.4309,35.1804],[138.419,35.1976],[138.4076,35.2029],[138.3987,35.2003],[138.3943,35.2078],[138.3862,35.2462],[138.367,35.2702],[138.3668,35.2903],[138.3725,35.2994],[138.3647,35.312],[138.328,35.3277],[138.2965,35.3165],[138.2853,35.3043],[138.2579,35.3165],[138.2487,35.3316],[138.257,35.3386],[138.2513,35.3635],[138.232,35.3712],[138.2369,35.3843],[138.2459,35.3911],[138.2464,35.3998],[138.2581,35.4074],[138.2594,35.4311],[138.2441,35.459],[138.2535,35.466],[138.2602,35.5059],[138.269,35.5141],[138.2573,35.5308],[138.2595,35.553],[138.2444,35.5635],[138.2405,35.5763],[138.2388,35.5835],[138.2436,35.5915],[138.2406,35.6051],[138.2357,35.6062],[138.2361,35.6223],[138.2283,35.6272],[138.2323,35.6401],[138.2284,35.646],[138.2186,35.6444]]]},"properties":{"N03_001":"静岡県"}},{"type":"Feature","geometry":{"type":"Polygon","coordinates":[[[136.884,35.0673],[136.8792,35.0474],[136.8893,35.0423],[136.8703,35.0422],[136.8527,35.0152],[136.8706,35.0126],[136.8698,35.0084],[136.8671,35.0047],[136.8497,35.0106],[136.8438,35.0047],[136.8543,35.0032],[136.8515,34.9983],[136.8463,34.999],[136.8339,34.9823],[136.8387,34.9801],[136.8361,34.9764],[136.8311,34.9787],[136.8206,34.9664],[136.8289,34.9614],[136.8228,34.9356],[136.8222,34.902],[136.826,34.8926],[136.8217,34.8842],[136.8328,34.8744],[136.8369,34.8841],[136.8411,34.8778],[136.8372,34.8759],[136.8547,34.866],[136.8666,34.838],[136.8561,34.7936],[136.842,34.7624],[136.8717,34.7303],[136.9304,34.7048],[136.9356,34.7082],[136.9426,34.7009],[136.9738,34.6994],[136.9699,34.7103],[136.973,34.717],[136.9632,34.7188],[136.9696,34.7243],[136.9665,34.732],[136.952,34.7381],[136.9274,34.7571],[136.927,34.7641],[136.9148,34.7701],[136.9211,34.7932],[136.92,34.811],[136.9254,34.814],[136.9269,34.8276],[136.9354,34.83],[136.9267,34.8529],[136.9346,34.8485],[136.9354,34.8571],[136.9281,34.8586],[136.9282,34.8655],[136.9397,34.8614],[136.946,34.8742],[136.9343,34.8747],[136.9442,34.8809],[136.9627,34.8741],[136.9572,34.8811],[136.9693,34.9012],[136.9726,34.9118],[136.9683,34.9147],[136.9732,34.9176],[136.9832,34.9558],[136.9864,34.952],[136.9794,34.9333],[136.9774,34.8946],[136.9831,34.897],[136.9838,34.8933],[136.9768,34.8933],[136.9706,34.8775],[136.9762,34.8753],[136.9681,34.8749],[136.9553,34.8548],[136.9647,34.853],[136.9542,34.8483],[136.9567,34.8333],[136.9644,34.8228],[136.997,34.8165],[137.0002,34.8047],[137.0251,34.7779],[137.0408,34.7756],[137.0763,34.7871],[137.0882,34.7762],[137.1074,34.7876],[137.1056,34.7907],[137.1177,34.79],[137.1324,34.782],[137.1343,34.7886],[137.1459,34.7881],[137.1526,34.7813],[137.1684,34.7876],[137.1778,34.7793],[137.1682,34.7682],[137.1779,34.7657],[137.1894,34.7757],[137.1906,34.7928],[137.1873,34.7937],[137.1931,34.8049],[137.1986,34.8111],[137.2097,34.8027],[137.2191,34.8125],[137.2145,34.8159],[137.2229,34.8168],[137.2161,34.8232],[137.2579,34.8044],[137.2794,34.8076],[137.2928,34.8045],[137.2945,34.8106],[137.3012,34.8101],[137.3155,34.7989],[137.3033,34.7929],[137.3085,34.7788],[137.3256,34.7855],[137.331,34.7805],[137.3257,34.771],[137.3211,34.7713],[137.3203,34.7328],[137.349,34.7291],[137.3382,34.7211],[137.3086,34.7246],[137.3085,34.7021],[137.3251,34.7016],[137.3218,34.6951],[137.3115,34.6963],[137.3082,34.6921],[137.3158,34.6885],[137.3071,34.68],[137.294,34.6837],[137.2862,34.6802],[137.2905,34.6937],[137.3009,34.6938],[137.3009,34.7281],[137.2848,34.7309],[137.2617,34.7159],[137.2669,34.7086],[137.2617,34.6988],[137.258,34.6968],[137.2522,34.7052],[137.2455,34.7062],[137.2327,34.6991],[137.2395,34.6906],[137.233,34.6887],[137.2236,34.6756],[137.2063,34.6779],[137.1978,34.6689],[137.1861,34.6691],[137.1698,34.6565],[137.127,34.6547],[137.1402,34.6466],[137.1194,34.6346],[137.1077,34.637],[137.1026,34.6328],[137.1065,34.6416],[137.0877,34.6481],[137.0902,34.6561],[137.0816,34.6618],[137.0683,34.6612],[137.0596,34.6532],[137.0273,34.5905],[137.0153,34.5813],[137.0388,34.5789],[137.0947,34.5908],[137.1321,34.5882],[137.3089,34.6397],[137.485,34.6741],[137.4918,34.7025],[137.4741,34.7499],[137.4767,34.7748],[137.4929,34.7869],[137.4944,34.8018],[137.487,34.8117],[137.5017,34.8234],[137.5,34.8313],[137.5344,34.8442],[137.5423,34.842],[137.5516,34.8519],[137.587,34.85],[137.5952,34.8591],[137.5975,34.8725],[137.6163,34.8753],[137.6413,34.8931],[137.6404,34.9046],[137.6464,34.9084],[137.647,34.9188],[137.6528,34.9255],[137.651,34.9334],[137.6595,34.9446],[137.6706,34.9483],[137.6755,34.9454],[137.6895,34.9568],[137.6961,34.9714],[137.7073,34.9723],[137.6999,34.9848],[137.7081,34.9945],[137.701,35.0035],[137.7173,35.0351],[137.7288,35.0403],[137.7403,35.0565],[137.7757,35.078],[137.7783,35.0996],[137.793,35.0956],[137.8013,35.1066],[137.7931,35.1352],[137.8059,35.1311],[137.8149,35.1405],[137.8136,35.151],[137.8219,35.148],[137.829,35.1519],[137.8213,35.1584],[137.8255,35.1682],[137.8032,35.1831],[137.8166,35.1884],[137.8217,35.2032],[137.8289,35.2043],[137.8286,35.2116],[137.8381,35.2125],[137.8215,35.2156],[137.8004,35.2057],[137.7791,35.2028],[137.7677,35.2069],[137.768,35.2185],[137.7224,35.2221],[137.7219,35.2308],[137.7118,35.2289],[137.7037,35.2338],[137.6872,35.2307],[137.6813,35.2351],[137.6679,35.2273],[137.6539,35.2267],[137.6535,35.2175],[137.6454,35.214],[137.6446,35.209],[137.6268,35.2119],[137.5787,35.1985],[137.5787,35.2194],[137.5504,35.2429],[137.546,35.2518],[137.5484,35.2597],[137.5575,35.2646],[137.5572,35.2749],[137.5707,35.2831],[137.5668,35.29],[137.5434,35.2806],[137.5214,35.2843],[137.5208,35.2736],[137.5162,35.275],[137.5048,35.2629],[137.4972,35.2642],[137.4966,35.259],[137.4766,35.2534],[137.4621,35.2411],[137.4534,35.2405],[137.4303,35.223],[137.4168,35.2404],[137.4089,35.2349],[137.401,35.2416],[137.3882,35.2401],[137.3832,35.2467],[137.3851,35.2587],[137.3731,35.2633],[137.3441,35.2579],[137.34,35.2645],[137.3446,35.2737],[137.3081,35.2912],[137.2829,35.2877],[137.2758,35.2906],[137.2627,35.2852],[137.2574,35.2726],[137.2246,35.2565],[137.2113,35.2597],[137.2,35.2515],[137.1895,35.2526],[137.1764,35.2604],[137.1761,35.2704],[137.1655,35.2823],[137.1458,35.2798],[137.1316,35.2936],[137.101,35.3016],[137.0963,35.2907],[137.0813,35.2922],[137.0798,35.3068],[137.0668,35.309],[137.0635,35.3182],[137.073,35.3265],[137.0682,35.3357],[137.0618,35.339],[137.0499,35.3344],[137.0463,35.3395],[137.0476,35.3647],[137.034,35.368],[137.0142,35.3818],[137.0021,35.3815],[136.9873,35.402],[136.9783,35.4032],[136.9932,35.4242],[136.9687,35.4221],[136.9611,35.4146],[136.9617,35.3998],[136.9215,35.379],[136.8649,35.3726],[136.834,35.3559],[136.7929,35.3635],[136.7945,35.3683],[136.7681,35.3669],[136.7257,35.2956],[136.7104,35.2827],[136.6981,35.2619],[136.6779,35.2411],[136.6831,35.1998],[136.6723,35.1888],[136.6728,35.1348],[136.6764,35.1289],[136.6952,35.1246],[136.7141,35.1052],[136.7313,35.0973],[136.7496,35.0807],[136.7534,35.053],[136.7727,35.0244],[136.7706,35.0214],[136.7939,35.0145],[136.7966,35.0223],[136.7808,35.0335],[136.7861,35.0357],[136.8002,35.0288],[136.7969,35.0515],[136.8301,35.0502],[136.8336,35.0639],[136.8236,35.0683],[136.8236,35.0634],[136.8187,35.0646],[136.828,35.0826],[136.8473,35.083],[136.8497,35.078],[136.8426,35.0593],[136.8555,35.0566],[136.8584,35.07],[136.8625,35.0698],[136.8693,35.0821],[136.8685,35.0882],[136.8848,35.0888],[136.8882,35.0937],[136.8896,35.0703],[136.884,35.0673]]]},"properties":{"N03_001":"愛知県"}},{"type":"Feature","geometry":{"type":"Polygon","coordinates":[[[136.5704,34.8045],[136.6155,34.8533],[136.6388,34.8974],[136.6469,34.9042],[136.6457,34.9344],[136.6669,34.937],[136.6631,34.9454],[136.6485,34.9468],[136.6411,34.9387],[136.6376,34.9464],[136.6455,34.9559],[136.6378,34.9596],[136.6461,34.9591],[136.6504,34.9747],[136.646,34.9765],[136.6518,34.9933],[136.6761,35.0084],[136.6847,35.0082],[136.6863,35.004],[136.7,35.0072],[136.6977,35.0203],[136.7344,35.0275],[136.7498,35.036],[136.7631,35.0214],[136.7727,35.0244],[136.7534,35.053],[136.7496,35.0807],[136.7313,35.0973],[136.7141,35.1052],[136.6952,35.1246],[136.6696,35.1337],[136.6556,35.1611],[136.6463,35.1658],[136.6444,35.1444],[136.6305,35.1502],[136.6243,35.1465],[136.6156,35.1499],[136.6023,35.178],[136.597,35.1773],[136.5847,35.1886],[136.5816,35.1971],[136.5617,35.2055],[136.5568,35.2207],[136.547,35.2224],[136.5498,35.2341],[136.541,35.2372],[136.5414,35.2457],[136.5277,35.2575],[136.5174,35.2546],[136.506,35.2351],[136.4828,35.2398],[136.4803,35.2349],[136.4742,35.2374],[136.469,35.2334],[136.4658,35.2375],[136.4407,35.2167],[136.4309,35.2294],[136.4151,35.2177],[136.4161,35.2055],[136.4087,35.1872],[136.4245,35.1845],[136.4547,35.1614],[136.455,35.1524],[136.446,35.1499],[136.4356,35.1307],[136.448,35.1238],[136.44,35.1166],[136.442,35.0866],[136.4353,35.0825],[136.4416,35.0667],[136.4179,35.0495],[136.4165,35.0373],[136.4188,35.0299],[136.4238,35.0298],[136.417,35.0112],[136.4212,34.9996],[136.4135,34.9954],[136.4159,34.9808],[136.4031,34.9692],[136.3953,34.9519],[136.3877,34.9531],[136.3727,34.9423],[136.3739,34.9238],[136.3678,34.9219],[136.3661,34.905],[136.346,34.8947],[136.3132,34.887],[136.3129,34.8806],[136.305,34.8752],[136.2891,34.8696],[136.276,34.8718],[136.2507,34.8577],[136.1981,34.8699],[136.1822,34.8782],[136.1783,34.8826],[136.1808,34.8858],[136.1669,34.8879],[136.1485,34.882],[136.1364,34.8882],[136.1315,34.8831],[136.1163,34.8922],[136.1123,34.9019],[136.1063,34.9001],[136.0984,34.8895],[136.0862,34.8891],[136.0896,34.8825],[136.0852,34.8788],[136.0989,34.8706],[136.1221,34.8728],[136.1264,34.862],[136.1083,34.8528],[136.1044,34.8406],[136.0862,34.8366],[136.0952,34.8191],[136.0906,34.8122],[136.0223,34.7916],[136.0226,34.7823],[136.0336,34.7794],[136.0284,34.7583],[136.0381,34.7562],[136.0393,34.7494],[136.068,34.7239],[136.0711,34.7147],[136.0542,34.7062],[136.0549,34.7029],[136.0751,34.6977],[136.0857,34.6764],[136.0778,34.6588],[136.0645,34.652],[136.041,34.6592],[136.0505,34.6523],[136.0648,34.6516],[136.0736,34.6341],[136.0689,34.6223],[136.0466,34.6006],[136.0521,34.5931],[136.0465,34.5852],[136.0498,34.5803],[136.0608,34.575],[136.0603,34.5694],[136.0834,34.5593],[136.1106,34.5565],[136.1136,34.5464],[136.1396,34.5593],[136.1514,34.5557],[136.1555,34.5597],[136.1598,34.5467],[136.1718,34.5348],[136.1674,34.5202],[136.1821,34.5168],[136.1898,34.524],[136.2166,34.528],[136.2195,34.5105],[136.2147,34.5013],[136.229,34.4947],[136.2285,34.4891],[136.2156,34.4812],[136.2062,34.4487],[136.1885,34.4506],[136.1785,34.4455],[136.1582,34.449],[136.1514,34.4419],[136.1313,34.4451],[136.118,34.4427],[136.1113,34.4357],[136.0959,34.4352],[136.0887,34.4287],[136.0903,34.416],[136.0691,34.3943],[136.0693,34.3893],[136.0861,34.3796],[136.1024,34.336],[136.1222,34.3254],[136.1295,34.3162],[136.1116,34.305],[136.0949,34.3015],[136.0978,34.2888],[136.1218,34.2671],[136.1181,34.2606],[136.1318,34.2519],[136.1303,34.2429],[136.1107,34.2294],[136.1097,34.2242],[136.1173,34.2231],[136.1187,34.2155],[136.0976,34.2025],[136.0927,34.1904],[136.1089,34.1851],[136.1056,34.1716],[136.1147,34.1608],[136.1019,34.1413],[136.1084,34.1268],[136.0997,34.1204],[136.1079,34.1031],[136.1024,34.096],[136.1172,34.0842],[136.0961,34.0863],[136.0933,34.0829],[136.0971,34.0574],[136.0922,34.0482],[136.0978,34.0448],[136.1045,34.027],[136.0964,34.0225],[136.0727,34.0339],[136.0509,34.0334],[136.0441,34.0358],[136.0435,34.0407],[136.039,34.0365],[136.0358,34.0391],[136.0317,34.0319],[136.0196,34.0368],[136.015,34.0246],[136.0073,34.0197],[136.0053,34.0033],[135.9962,34.0023],[136.0134,33.9742],[136.0104,33.9656],[135.9972,33.9569],[135.9854,33.9686],[135.9776,33.967],[135.978,33.9515],[135.9698,33.93],[135.9646,33.9284],[135.9442,33.9396],[135.9295,33.9414],[135.9173,33.9251],[135.9237,33.9198],[135.9327,33.9227],[135.9325,33.9169],[135.9223,33.9141],[135.9158,33.9199],[135.8937,33.92],[135.8963,33.9074],[135.879,33.9084],[135.8879,33.8963],[135.8865,33.8827],[135.891,33.881],[135.8931,33.8935],[135.9013,33.8854],[135.8976,33.8697],[135.8811,33.8725],[135.8731,33.8592],[135.8671,33.8599],[135.8622,33.8627],[135.8621,33.8765],[135.8533,33.8623],[135.8606,33.849],[135.8557,33.8367],[135.858,33.8162],[135.8804,33.803],[135.8909,33.8017],[135.9057,33.7685],[135.9159,33.767],[135.9284,33.754],[135.9389,33.7563],[135.9399,33.7386],[135.9459,33.732],[135.9732,33.723],[135.9771,33.7248],[135.973,33.7354],[135.9833,33.7364],[136.0119,33.7233],[136.0571,33.8261],[136.1009,33.8855],[136.117,33.8906],[136.1181,33.8988],[136.1248,33.8974],[136.1284,33.8869],[136.1361,33.888],[136.1388,33.8987],[136.1446,33.8963],[136.1508,33.9002],[136.1389,33.908],[136.1517,33.9122],[136.1547,33.9207],[136.1473,33.9267],[136.1504,33.9314],[136.164,33.9298],[136.1698,33.9134],[136.1761,33.9124],[136.198,33.9221],[136.1948,33.9277],[136.1988,33.9326],[136.1807,33.9379],[136.2034,33.944],[136.2112,33.9374],[136.2101,33.9313],[136.2199,33.9412],[136.2166,33.9466],[136.2318,33.9463],[136.2249,33.9668],[136.2186,33.9671],[136.219,33.9746],[136.2038,33.9647],[136.1944,33.968],[136.1949,33.9731],[136.2019,33.9712],[136.2154,33.9832],[136.2102,33.9985],[136.2137,34.0011],[136.2269,33.9887],[136.2508,33.9827],[136.2355,33.9801],[136.2393,33.9687],[136.2455,33.973],[136.2526,33.9673],[136.2708,33.9713],[136.2723,33.9884],[136.26,33.9886],[136.2712,34.0058],[136.2532,34.0068],[136.2504,34.0172],[136.2633,34.0107],[136.2826,34.0196],[136.2809,34.0227],[136.2444,34.0384],[136.2432,34.0597],[136.2505,34.0603],[136.249,34.0635],[136.2109,34.0655],[136.2016,34.077],[136.2364,34.0868],[136.2275,34.0987],[136.2525,34.1117],[136.2682,34.1291],[136.2744,34.1227],[136.2643,34.1146],[136.2667,34.1127],[136.2481,34.1029],[136.2543,34.0881],[136.2592,34.0884],[136.2587,34.098],[136.2667,34.1028],[136.2729,34.0999],[136.2649,34.0971],[136.2737,34.0828],[136.2812,34.089],[136.2801,34.0943],[136.2928,34.0967],[136.2937,34.0887],[136.2983,34.0905],[136.3132,34.1175],[136.2988,34.1183],[136.2988,34.113],[136.2926,34.1125],[136.284,34.1181],[136.2832,34.1225],[136.2918,34.1271],[136.2801,34.131],[136.2765,34.1395],[136.2846,34.148],[136.2776,34.1604],[136.2829,34.1632],[136.2872,34.1593],[136.2899,34.1651],[136.2971,34.1654],[136.2961,34.1719],[136.3032,34.1799],[136.3173,34.1795],[136.321,34.1861],[136.3317,34.1803],[136.3351,34.1834],[136.3322,34.1877],[136.3386,34.1929],[136.339,34.2047],[136.3539,34.2082],[136.3507,34.1956],[136.356,34.1989],[136.3623,34.1894],[136.3862,34.2083],[136.3891,34.2183],[136.3992,34.2185],[136.3937,34.2112],[136.4001,34.205],[136.4307,34.2199],[136.4555,34.2216],[136.4588,34.2265],[136.4521,34.2309],[136.4535,34.2451],[136.4404,34.2479],[136.4603,34.2475],[136.4588,34.251],[136.466,34.257],[136.4687,34.2496],[136.4603,34.2392],[136.4643,34.2311],[136.4828,34.228],[136.482,34.2199],[136.4959,34.2245],[136.4968,34.2296],[136.5081,34.2311],[136.5026,34.238],[136.4906,34.2386],[136.4918,34.2423],[136.5021,34.2427],[136.5001,34.2517],[136.4908,34.2522],[136.5025,34.2549],[136.5103,34.2479],[136.5098,34.2428],[136.5193,34.2429],[136.5083,34.2525],[136.5056,34.279],[136.514,34.2783],[136.5126,34.2699],[136.5247,34.2671],[136.5292,34.2733],[136.5319,34.2703],[136.5255,34.2622],[136.5287,34.2601],[136.5304,34.2684],[136.5408,34.2776],[136.5428,34.2662],[136.5378,34.2608],[136.5458,34.2532],[136.5576,34.268],[136.5484,34.2818],[136.5737,34.2867],[136.5805,34.2932],[136.5985,34.2851],[136.5787,34.2796],[136.5809,34.2859],[136.5712,34.2781],[136.5853,34.2751],[136.5902,34.2694],[136.5811,34.275],[136.5794,34.269],[136.5859,34.2575],[136.6053,34.2586],[136.6129,34.2694],[136.6351,34.2757],[136.6356,34.2846],[136.6582,34.2888],[136.6536,34.2968],[136.6745,34.3121],[136.6674,34.3166],[136.6557,34.3098],[136.6582,34.3143],[136.6532,34.3165],[136.6369,34.3088],[136.6458,34.3165],[136.6583,34.3188],[136.6593,34.3263],[136.6729,34.3264],[136.6655,34.3304],[136.6702,34.3316],[136.6707,34.3372],[136.6569,34.3393],[136.6614,34.3455],[136.6721,34.3432],[136.6722,34.3393],[136.6877,34.3436],[136.6788,34.3359],[136.6862,34.3354],[136.6825,34.3277],[136.6857,34.3253],[136.6947,34.3357],[136.6938,34.3486],[136.7057,34.3487],[136.7043,34.3422],[136.7094,34.3366],[136.7122,34.3409],[136.7185,34.3423],[136.7217,34.3383],[136.7267,34.3432],[136.7204,34.3303],[136.7103,34.3306],[136.698,34.3234],[136.6894,34.3057],[136.6909,34.2945],[136.6843,34.2932],[136.69,34.2876],[136.7115,34.2936],[136.7185,34.3039],[136.7357,34.3023],[136.7509,34.2931],[136.7596,34.2972],[136.7547,34.299],[136.7606,34.3021],[136.7583,34.306],[136.765,34.3046],[136.7626,34.3132],[136.7758,34.3139],[136.7731,34.2964],[136.7799,34.2974],[136.7787,34.2917],[136.7936,34.2889],[136.809,34.2978],[136.8044,34.3057],[136.7976,34.3076],[136.8029,34.3189],[136.8092,34.3136],[136.8052,34.3096],[136.8212,34.315],[136.8296,34.3081],[136.8377,34.3079],[136.8415,34.3143],[136.8482,34.3135],[136.848,34.3039],[136.829,34.303],[136.8328,34.2969],[136.8404,34.2978],[136.8565,34.2878],[136.8638,34.2918],[136.8627,34.2859],[136.8392,34.2914],[136.8325,34.2842],[136.833,34.2714],[136.8543,34.2798],[136.8573,34.2773],[136.8519,34.2684],[136.8468,34.2697],[136.8357,34.261],[136.8296,34.271],[136.8214,34.2733],[136.8141,34.2661],[136.8137,34.272],[136.785,34.2784],[136.7656,34.2782],[136.752,34.2725],[136.7631,34.2669],[136.7654,34.2606],[136.8474,34.25],[136.853,34.2617],[136.8702,34.2627],[136.8699,34.2734],[136.9013,34.2789],[136.894,34.2927],[136.8853,34.2972],[136.8923,34.3129],[136.8789,34.3253],[136.8778,34.3354],[136.8819,34.3455],[136.9012,34.3555],[136.9031,34.3628],[136.8945,34.3618],[136.8921,34.3656],[136.8747,34.354],[136.8697,34.3446],[136.8654,34.345],[136.8677,34.3588],[136.8613,34.3616],[136.8509,34.357],[136.8521,34.3686],[136.8403,34.3651],[136.8412,34.3589],[136.8342,34.3543],[136.8266,34.3527],[136.8201,34.3578],[136.823,34.3649],[136.8376,34.3637],[136.8471,34.372],[136.8579,34.3638],[136.8708,34.37],[136.8763,34.3739],[136.8702,34.3872],[136.8816,34.3811],[136.8818,34.3871],[136.8974,34.3891],[136.898,34.3787],[136.9125,34.376],[136.907,34.3852],[136.909,34.3963],[136.9239,34.412],[136.9189,34.4265],[136.9246,34.4442],[136.915,34.4523],[136.8971,34.4537],[136.8853,34.4434],[136.8829,34.4398],[136.887,34.4357],[136.8834,34.4346],[136.8842,34.4497],[136.8681,34.4558],[136.8723,34.4642],[136.8666,34.4811],[136.8473,34.4805],[136.8452,34.4877],[136.8347,34.4916],[136.8313,34.5062],[136.8245,34.505],[136.8288,34.4928],[136.8257,34.4878],[136.816,34.4852],[136.813,34.4918],[136.816,34.4966],[136.8089,34.5083],[136.7769,34.5089],[136.716,34.5445],[136.6942,34.547],[136.6669,34.5583],[136.6411,34.592],[136.5881,34.6024],[136.5733,34.6099],[136.5649,34.6077],[136.5525,34.6127],[136.5488,34.6069],[136.5294,34.6083],[136.5394,34.6236],[136.5442,34.6219],[136.55,34.6381],[136.5485,34.6663],[136.5577,34.6714],[136.5531,34.6759],[136.5493,34.6708],[136.5424,34.6747],[136.5468,34.6802],[136.5414,34.6832],[136.5361,34.6803],[136.5234,34.6851],[136.5211,34.6985],[136.5288,34.7372],[136.5446,34.7737],[136.5704,34.8045]]]},"properties":{"N03_001":"三重県"}},{"type":"Feature","geometry":{"type":"Polygon","coordinates":[[[135.9432,34.8782],[135.941,34.8637],[135.9462,34.8518],[135.9629,34.8531],[135.9721,34.846],[135.9715,34.8385],[136.0008,34.8451],[136.0053,34.8431],[136.0023,34.8328],[136.0054,34.8266],[136.0277,34.8218],[136.0274,34.8149],[136.0187,34.8127],[136.0103,34.7996],[136.0284,34.7907],[136.0412,34.7985],[136.0637,34.8016],[136.0906,34.8122],[136.0952,34.8191],[136.0862,34.8366],[136.1044,34.8406],[136.1083,34.8528],[136.1264,34.862],[136.1221,34.8728],[136.0989,34.8706],[136.0852,34.8788],[136.0896,34.8825],[136.0862,34.8891],[136.0984,34.8895],[136.1063,34.9001],[136.1123,34.9019],[136.1163,34.8922],[136.1315,34.8831],[136.1364,34.8882],[136.1485,34.882],[136.1669,34.8879],[136.1808,34.8858],[136.1783,34.8826],[136.1822,34.8782],[136.1981,34.8699],[136.2507,34.8577],[136.276,34.8718],[136.2891,34.8696],[136.305,34.8752],[136.3129,34.8806],[136.3132,34.887],[136.346,34.8947],[136.3661,34.905],[136.3678,34.9219],[136.3739,34.9238],[136.3727,34.9423],[136.3877,34.9531],[136.3953,34.9519],[136.4031,34.9692],[136.4159,34.9808],[136.4135,34.9954],[136.4212,34.9996],[136.417,35.0112],[136.4238,35.0298],[136.4188,35.0299],[136.4165,35.0373],[136.4179,35.0495],[136.4416,35.0667],[136.4353,35.0825],[136.442,35.0866],[136.44,35.1166],[136.448,35.1238],[136.4356,35.1307],[136.446,35.1499],[136.455,35.1524],[136.4547,35.1614],[136.4245,35.1845],[136.4087,35.1872],[136.4168,35.2144],[136.4083,35.2237],[136.3857,35.2351],[136.3791,35.2474],[136.3892,35.2498],[136.3969,35.2579],[136.3911,35.2902],[136.4068,35.3053],[136.4123,35.3156],[136.4112,35.3279],[136.4223,35.3484],[136.4214,35.3539],[136.411,35.3522],[136.4119,35.3699],[136.4369,35.3791],[136.4444,35.3894],[136.4118,35.4186],[136.4262,35.4482],[136.4204,35.4662],[136.4018,35.4699],[136.398,35.4809],[136.3869,35.4884],[136.3923,35.504],[136.4056,35.5134],[136.3993,35.5211],[136.4004,35.5301],[136.3843,35.5331],[136.3736,35.5594],[136.3625,35.5585],[136.3567,35.5399],[136.3459,35.5361],[136.3409,35.5373],[136.3373,35.5503],[136.3298,35.551],[136.3221,35.5443],[136.3175,35.5474],[136.3242,35.5851],[136.3217,35.5983],[136.315,35.6057],[136.3237,35.6165],[136.3156,35.6234],[136.2982,35.6175],[136.2886,35.6206],[136.2792,35.6367],[136.2831,35.6437],[136.2766,35.6515],[136.2805,35.6613],[136.2504,35.6762],[136.2446,35.6738],[136.2344,35.6825],[136.2118,35.6824],[136.1853,35.7037],[136.1668,35.7022],[136.166,35.6973],[136.1503,35.6977],[136.1481,35.6873],[136.1345,35.6698],[136.1504,35.6589],[136.1599,35.6252],[136.1775,35.595],[136.1665,35.5827],[136.1703,35.5711],[136.1669,35.5654],[136.1632,35.5711],[136.1433,35.5711],[136.1387,35.5757],[136.1122,35.5798],[136.1101,35.5593],[136.1054,35.5554],[136.1094,35.5451],[136.1056,35.5288],[136.0832,35.5406],[136.0692,35.5262],[136.0483,35.5345],[136.0464,35.5302],[136.0265,35.5295],[136.0288,35.5234],[136.0201,35.5119],[136.016,35.5123],[136.0067,35.4918],[135.9895,35.4927],[135.981,35.4867],[135.9726,35.5001],[135.9524,35.5062],[135.947,35.5205],[135.9396,35.5205],[135.9298,35.492],[135.9248,35.49],[135.916,35.4706],[135.9142,35.4321],[135.9027,35.4294],[135.893,35.4198],[135.8906,35.4032],[135.8645,35.3944],[135.8543,35.4008],[135.8531,35.4115],[135.8132,35.413],[135.8075,35.3854],[135.7909,35.3866],[135.792,35.3811],[135.7791,35.3735],[135.7641,35.3446],[135.7808,35.3406],[135.7909,35.3238],[135.8088,35.3169],[135.8296,35.2767],[135.8401,35.2756],[135.8551,35.2883],[135.8608,35.283],[135.8475,35.2667],[135.8352,35.2396],[135.8374,35.226],[135.8293,35.2205],[135.8419,35.1898],[135.8468,35.1624],[135.8562,35.1594],[135.8568,35.1536],[135.8487,35.1419],[135.8523,35.1343],[135.8498,35.1205],[135.835,35.0913],[135.8398,35.0861],[135.8319,35.0715],[135.8349,35.0556],[135.8159,35.0474],[135.8154,35.0422],[135.8281,35.0284],[135.8264,35.0236],[135.8345,35.0221],[135.8355,35.0123],[135.8202,35.013],[135.8327,35.0094],[135.8366,35.0012],[135.8275,34.9911],[135.8493,34.9917],[135.8491,34.9848],[135.855,34.9847],[135.8568,34.98],[135.8523,34.9713],[135.8784,34.9474],[135.8799,34.9345],[135.8707,34.926],[135.8712,34.9099],[135.8631,34.9037],[135.8666,34.8921],[135.8997,34.8714],[135.9127,34.8835],[135.9403,34.8924],[135.9432,34.8782]]]},"properties":{"N03_001":"滋賀県"}},{"type":"Feature","geometry":{"type":"Polygon","coordinates":[[[135.8608,35.283],[135.8551,35.2883],[135.8401,35.2756],[135.8296,35.2767],[135.8088,35.3169],[135.7909,35.3238],[135.7808,35.3406],[135.7641,35.3446],[135.7688,35.356],[135.7552,35.3544],[135.7441,35.3589],[135.7315,35.3506],[135.7189,35.3553],[135.701,35.3437],[135.6771,35.3498],[135.6424,35.3667],[135.6366,35.3637],[135.6235,35.3699],[135.5949,35.3726],[135.5881,35.3683],[135.5796,35.3749],[135.5275,35.3802],[135.5316,35.3928],[135.5252,35.4031],[135.53,35.4084],[135.527,35.4184],[135.5101,35.4244],[135.502,35.42],[135.4954,35.4264],[135.5005,35.4325],[135.4978,35.4375],[135.491,35.4386],[135.4861,35.4486],[135.4703,35.4545],[135.4584,35.4689],[135.4707,35.4893],[135.4763,35.4897],[135.4726,35.5012],[135.4762,35.5055],[135.4499,35.5208],[135.4499,35.5272],[135.4605,35.5485],[135.4866,35.5579],[135.4743,35.5569],[135.465,35.5638],[135.4686,35.5663],[135.4651,35.5712],[135.4535,35.5674],[135.4495,35.5722],[135.4496,35.5805],[135.4561,35.5848],[135.4525,35.5914],[135.4642,35.6002],[135.4627,35.6037],[135.4352,35.5884],[135.4267,35.5665],[135.4133,35.5701],[135.3901,35.5565],[135.3794,35.562],[135.3482,35.5429],[135.344,35.5445],[135.3441,35.5514],[135.3404,35.5499],[135.3363,35.5321],[135.3391,35.5236],[135.3495,35.5179],[135.344,35.5153],[135.3474,35.5099],[135.3421,35.5074],[135.355,35.5024],[135.3725,35.5063],[135.3798,35.5024],[135.3889,35.5164],[135.3941,35.5172],[135.3959,35.5126],[135.3908,35.5063],[135.3941,35.4998],[135.4009,35.5005],[135.3949,35.4845],[135.3982,35.4789],[135.3941,35.4776],[135.3919,35.4828],[135.3735,35.4769],[135.3727,35.4814],[135.3811,35.4831],[135.3796,35.4903],[135.351,35.4916],[135.3439,35.4748],[135.3318,35.4691],[135.3205,35.4564],[135.3217,35.4524],[135.3167,35.4512],[135.3109,35.4581],[135.3179,35.4634],[135.3158,35.4728],[135.3211,35.4776],[135.319,35.4808],[135.3243,35.4819],[135.3243,35.4901],[135.3321,35.4952],[135.3347,35.5057],[135.3312,35.5168],[135.3234,35.5257],[135.3106,35.5123],[135.2887,35.5163],[135.2718,35.525],[135.2693,35.5333],[135.2456,35.5353],[135.2404,35.5397],[135.2365,35.55],[135.2425,35.5602],[135.2492,35.5616],[135.2507,35.5541],[135.2611,35.5537],[135.2748,35.5602],[135.251,35.5704],[135.2477,35.5875],[135.2549,35.5881],[135.2562,35.5985],[135.2378,35.5816],[135.2278,35.5853],[135.2269,35.5697],[135.2042,35.5595],[135.2109,35.5479],[135.2088,35.5427],[135.2018,35.5376],[135.1925,35.5402],[135.1867,35.5572],[135.1927,35.571],[135.2144,35.5983],[135.2448,35.6207],[135.2529,35.649],[135.2676,35.6668],[135.2878,35.6756],[135.2945,35.6706],[135.2877,35.6648],[135.2932,35.6605],[135.3034,35.6631],[135.2989,35.679],[135.3087,35.6938],[135.3065,35.6992],[135.2875,35.7078],[135.2885,35.7243],[135.273,35.7324],[135.2737,35.7398],[135.2572,35.7444],[135.252,35.7548],[135.2552,35.759],[135.2435,35.7603],[135.2253,35.778],[135.2211,35.7788],[135.2201,35.7704],[135.207,35.7639],[135.1961,35.7675],[135.1468,35.7499],[135.1386,35.7577],[135.1244,35.7457],[135.085,35.7394],[135.0853,35.7258],[135.0679,35.718],[135.0592,35.7074],[135.0421,35.6996],[135.0368,35.7023],[135.0256,35.6895],[134.9864,35.6921],[134.9817,35.6847],[134.9747,35.6835],[134.9728,35.6764],[134.9667,35.6757],[134.9631,35.6622],[134.9432,35.6526],[134.9233,35.6464],[134.8837,35.6466],[134.8857,35.6567],[134.8788,35.6609],[134.8675,35.6582],[134.8642,35.6518],[134.8739,35.6212],[134.8665,35.6135],[134.8655,35.5994],[134.854,35.5893],[134.8627,35.5869],[134.8811,35.564],[134.9148,35.5449],[134.9193,35.5381],[134.9151,35.5277],[134.9234,35.5163],[134.9301,35.5117],[134.955,35.5161],[134.9582,35.513],[134.9934,35.5343],[135.0355,35.5398],[135.0452,35.5087],[135.0324,35.4976],[135.0422,35.4941],[135.0351,35.477],[135.041,35.4733],[135.0518,35.4425],[135.0471,35.4299],[135.0487,35.4074],[135.03,35.4101],[135.0192,35.3941],[134.9906,35.3857],[134.9855,35.3962],[134.9709,35.399],[134.9589,35.4091],[134.9461,35.4133],[134.9323,35.4059],[134.923,35.3911],[134.9268,35.3775],[134.9189,35.3644],[134.9235,35.3542],[134.9172,35.3402],[134.9256,35.3367],[134.9281,35.3302],[134.9213,35.3174],[134.9247,35.3117],[135.0073,35.2856],[135.0119,35.2805],[135.0105,35.2697],[135.0375,35.2607],[135.0569,35.2645],[135.0679,35.2374],[135.0829,35.2464],[135.0912,35.2581],[135.1093,35.2663],[135.1289,35.2607],[135.138,35.2652],[135.1573,35.2612],[135.167,35.2427],[135.1547,35.2267],[135.1751,35.2146],[135.1821,35.216],[135.1971,35.203],[135.1991,35.1936],[135.1867,35.1902],[135.1901,35.1832],[135.1873,35.1719],[135.1934,35.1721],[135.2066,35.1606],[135.2286,35.1658],[135.232,35.1775],[135.2741,35.1772],[135.2893,35.1724],[135.2922,35.1613],[135.2785,35.1511],[135.2876,35.1427],[135.341,35.1497],[135.3374,35.1441],[135.3432,35.1356],[135.3898,35.1288],[135.3861,35.1207],[135.3933,35.1105],[135.3877,35.0992],[135.4043,35.089],[135.3995,35.0761],[135.3766,35.066],[135.3772,35.0609],[135.3687,35.0549],[135.3712,35.0453],[135.38,35.0391],[135.3817,35.0262],[135.3777,35.0206],[135.3816,35.0104],[135.4032,35.0067],[135.4098,35.0115],[135.4228,35.0021],[135.4362,35.0084],[135.4874,34.9923],[135.4931,34.9877],[135.4832,34.9819],[135.4885,34.9666],[135.4819,34.9652],[135.4848,34.9546],[135.4809,34.9503],[135.4904,34.9418],[135.4997,34.9413],[135.504,34.9463],[135.5147,34.9437],[135.5173,34.9335],[135.537,34.9255],[135.5411,34.9153],[135.5731,34.9168],[135.5813,34.9225],[135.5811,34.937],[135.5719,34.9391],[135.5647,34.933],[135.566,34.9401],[135.5572,34.9387],[135.5631,34.9537],[135.5786,34.9559],[135.5709,34.9698],[135.5847,34.9751],[135.5921,34.9661],[135.6133,34.9712],[135.6188,34.9588],[135.6108,34.9397],[135.6011,34.9297],[135.6152,34.9276],[135.6238,34.9349],[135.633,34.9346],[135.6485,34.926],[135.6523,34.9171],[135.6485,34.9095],[135.6746,34.9002],[135.6827,34.8878],[135.6826,34.8722],[135.6911,34.8685],[135.6916,34.8533],[135.6957,34.8482],[135.7023,34.8517],[135.7102,34.8466],[135.7243,34.8232],[135.7351,34.8199],[135.7466,34.8012],[135.7407,34.7884],[135.7286,34.778],[135.7334,34.7548],[135.7571,34.7359],[135.7555,34.7275],[135.792,34.7247],[135.8198,34.7117],[135.839,34.7118],[135.849,34.706],[135.8633,34.7062],[135.8761,34.7139],[135.8902,34.7094],[135.8974,34.7309],[135.9244,34.7577],[135.9289,34.7527],[135.9239,34.7414],[135.9411,34.739],[135.9549,34.7483],[135.9583,34.7409],[135.9728,34.7421],[135.981,34.7371],[135.9862,34.7153],[135.9997,34.713],[136.0093,34.7166],[136.0139,34.7078],[136.0268,34.7061],[136.0293,34.7137],[136.0394,34.7201],[136.0419,34.7343],[136.0555,34.7386],[136.0393,34.7494],[136.0381,34.7562],[136.0302,34.7559],[136.0336,34.7794],[136.0226,34.7823],[136.0223,34.7916],[136.0113,34.7958],[136.0151,34.8091],[136.0274,34.8149],[136.0277,34.8218],[136.0054,34.8266],[136.0023,34.8328],[136.0053,34.8431],[136.0008,34.8451],[135.9715,34.8385],[135.9721,34.846],[135.9629,34.8531],[135.9462,34.8518],[135.941,34.8637],[135.9403,34.8924],[135.9127,34.8835],[135.8997,34.8714],[135.8666,34.8921],[135.8631,34.9037],[135.8712,34.9099],[135.8707,34.926],[135.8799,34.9345],[135.8784,34.9474],[135.8523,34.9713],[135.8568,34.98],[135.855,34.9847],[135.8491,34.9848],[135.8493,34.9917],[135.8275,34.9911],[135.8366,35.0012],[135.8327,35.0094],[135.8202,35.013],[135.8355,35.0123],[135.8345,35.0221],[135.8264,35.0236],[135.8281,35.0284],[135.8154,35.0422],[135.8159,35.0474],[135.8349,35.0556],[135.8319,35.0715],[135.8398,35.0861],[135.835,35.0913],[135.8498,35.1205],[135.8523,35.1343],[135.8487,35.1419],[135.8568,35.1536],[135.8562,35.1594],[135.8468,35.1624],[135.8419,35.1898],[135.8293,35.2205],[135.8374,35.226],[135.8352,35.2396],[135.8475,35.2667],[135.8608,35.283]]]},"properties":{"N03_001":"京都府"}},{"type":"Feature","geometry":{"type":"Polygon","coordinates":[[[135.4263,34.6557],[135.4441,34.6445],[135.4504,34.6459],[135.4482,34.6349],[135.4527,34.6349],[135.4536,34.6292],[135.4481,34.6307],[135.4476,34.6179],[135.4429,34.6181],[135.4413,34.6262],[135.4313,34.6218],[135.433,34.613],[135.4266,34.613],[135.4234,34.619],[135.4234,34.6108],[135.4375,34.6108],[135.437,34.6047],[135.4466,34.6019],[135.4438,34.5977],[135.4235,34.6049],[135.4255,34.5933],[135.4368,34.589],[135.4518,34.5919],[135.4524,34.5648],[135.4453,34.5674],[135.4415,34.5829],[135.4344,34.5827],[135.4262,34.5896],[135.4294,34.5707],[135.4208,34.5697],[135.4158,34.5937],[135.4021,34.5997],[135.4105,34.5607],[135.4448,34.5572],[135.4319,34.5323],[135.4189,34.5195],[135.4104,34.5229],[135.401,34.5168],[135.397,34.509],[135.3875,34.5144],[135.3817,34.5117],[135.386,34.5175],[135.3783,34.5319],[135.3672,34.517],[135.3778,34.5078],[135.3737,34.5073],[135.3703,34.4902],[135.3774,34.4865],[135.3769,34.4786],[135.3638,34.4776],[135.3702,34.4678],[135.354,34.4629],[135.3594,34.4598],[135.3535,34.4514],[135.3372,34.4458],[135.3325,34.435],[135.3249,34.4369],[135.3229,34.4279],[135.318,34.4309],[135.3138,34.4266],[135.3196,34.4227],[135.2934,34.4141],[135.2861,34.4001],[135.2638,34.3811],[135.2507,34.377],[135.2256,34.3495],[135.1931,34.3381],[135.1529,34.3311],[135.1413,34.3182],[135.1301,34.3205],[135.1306,34.3262],[135.1015,34.3193],[135.0928,34.312],[135.1059,34.3089],[135.0969,34.2971],[135.0987,34.289],[135.1091,34.2827],[135.1103,34.2738],[135.126,34.2774],[135.1366,34.2735],[135.1465,34.2836],[135.1574,34.2771],[135.1807,34.2799],[135.2027,34.2876],[135.208,34.3082],[135.225,34.3009],[135.2542,34.3158],[135.271,34.3125],[135.2826,34.3179],[135.2916,34.2995],[135.2976,34.3008],[135.304,34.3137],[135.3242,34.3191],[135.3304,34.3167],[135.328,34.324],[135.3391,34.3294],[135.3389,34.335],[135.3462,34.3305],[135.3868,34.3291],[135.4054,34.3339],[135.4092,34.3419],[135.4248,34.34],[135.4343,34.3482],[135.4701,34.3505],[135.4854,34.3628],[135.4887,34.3564],[135.5017,34.3502],[135.5035,34.3365],[135.509,34.3368],[135.5271,34.3512],[135.5544,34.3594],[135.5771,34.376],[135.595,34.3754],[135.6014,34.3801],[135.6133,34.3766],[135.6199,34.3845],[135.6547,34.3838],[135.6634,34.3965],[135.6756,34.3995],[135.68,34.4083],[135.6694,34.4137],[135.6653,34.4242],[135.6786,34.4324],[135.6867,34.4488],[135.6824,34.456],[135.6812,34.4802],[135.6848,34.4836],[135.673,34.5029],[135.6775,34.5096],[135.6769,34.5255],[135.6628,34.5296],[135.6601,34.5411],[135.6503,34.5442],[135.6558,34.5492],[135.6569,34.5623],[135.6731,34.5707],[135.6715,34.5799],[135.6818,34.5848],[135.6749,34.6017],[135.6523,34.6039],[135.651,34.61],[135.6588,34.6147],[135.6643,34.65],[135.6787,34.6778],[135.6731,34.7018],[135.7017,34.7217],[135.6968,34.7439],[135.6978,34.7495],[135.7068,34.7486],[135.7102,34.7559],[135.7066,34.7723],[135.712,34.7813],[135.7202,34.7746],[135.7278,34.7766],[135.7407,34.7884],[135.7466,34.8012],[135.7351,34.8199],[135.7243,34.8232],[135.7102,34.8466],[135.7023,34.8517],[135.6957,34.8482],[135.6911,34.8685],[135.6826,34.8722],[135.6827,34.8878],[135.6746,34.9002],[135.6485,34.9095],[135.6523,34.9171],[135.6485,34.926],[135.633,34.9346],[135.6238,34.9349],[135.6152,34.9276],[135.6011,34.9297],[135.6108,34.9397],[135.6188,34.9588],[135.6133,34.9712],[135.5921,34.9661],[135.5847,34.9751],[135.5709,34.9698],[135.5786,34.9559],[135.5631,34.9537],[135.5572,34.9387],[135.566,34.9401],[135.5647,34.933],[135.5719,34.9391],[135.5811,34.937],[135.5813,34.9225],[135.5731,34.9168],[135.5411,34.9153],[135.537,34.9255],[135.5173,34.9335],[135.5147,34.9437],[135.504,34.9463],[135.4997,34.9413],[135.4904,34.9418],[135.4809,34.9503],[135.4848,34.9546],[135.4819,34.9652],[135.4885,34.9666],[135.4832,34.9819],[135.4931,34.9877],[135.4874,34.9923],[135.4362,35.0084],[135.4228,35.0021],[135.4098,35.0115],[135.4032,35.0067],[135.3816,35.0104],[135.3777,35.0206],[135.3817,35.0262],[135.38,35.0391],[135.376,35.0441],[135.3495,35.0509],[135.3491,35.0462],[135.3337,35.0396],[135.3398,35.0259],[135.3547,35.0246],[135.3526,34.9904],[135.3595,34.9825],[135.3485,34.9758],[135.3451,34.9668],[135.3607,34.9544],[135.3819,34.9562],[135.3924,34.9414],[135.4073,34.9437],[135.4158,34.9408],[135.4185,34.9339],[135.4416,34.9394],[135.461,34.9263],[135.4671,34.9288],[135.4621,34.9179],[135.4393,34.9205],[135.4191,34.9098],[135.4257,34.9067],[135.4305,34.8935],[135.4436,34.8989],[135.4451,34.8954],[135.4314,34.8564],[135.4186,34.8495],[135.4238,34.8299],[135.416,34.8177],[135.4237,34.8021],[135.4411,34.7919],[135.4447,34.7685],[135.4504,34.7663],[135.4501,34.76],[135.4602,34.7479],[135.4603,34.7331],[135.449,34.7341],[135.4458,34.7181],[135.4073,34.6971],[135.4221,34.6833],[135.4223,34.6796],[135.4089,34.6755],[135.4082,34.6718],[135.4167,34.6732],[135.4144,34.6521],[135.4181,34.6595],[135.4263,34.6557]]]},"properties":{"N03_001":"大阪府"}},{"type":"Feature","geometry":{"type":"MultiPolygon","coordinates":[[[[135.3035,34.7191],[135.306,34.7145],[135.3239,34.7181],[135.3243,34.7258],[135.3359,34.7257],[135.3639,34.7051],[135.3539,34.6968],[135.3632,34.6885],[135.3738,34.693],[135.3685,34.6832],[135.3712,34.6808],[135.3776,34.6927],[135.3893,34.6919],[135.396,34.7003],[135.4001,34.6976],[135.3762,34.6766],[135.392,34.68],[135.4064,34.6976],[135.4458,34.7181],[135.449,34.7341],[135.4603,34.7331],[135.4594,34.752],[135.4447,34.7685],[135.4411,34.7919],[135.4237,34.8021],[135.416,34.8177],[135.4238,34.8299],[135.4186,34.8495],[135.4314,34.8564],[135.4451,34.8954],[135.4436,34.8989],[135.4305,34.8935],[135.4257,34.9067],[135.4191,34.9098],[135.4393,34.9205],[135.4621,34.9179],[135.4671,34.9288],[135.461,34.9263],[135.4416,34.9394],[135.4185,34.9339],[135.4158,34.9408],[135.4073,34.9437],[135.3924,34.9414],[135.3819,34.9562],[135.3607,34.9544],[135.3451,34.9668],[135.3485,34.9758],[135.3595,34.9825],[135.3526,34.9904],[135.3547,35.0246],[135.3398,35.0259],[135.3337,35.0396],[135.3491,35.0462],[135.3495,35.0509],[135.3712,35.0453],[135.3687,35.0549],[135.3772,35.0609],[135.3766,35.066],[135.3995,35.0761],[135.4043,35.089],[135.3877,35.0992],[135.3933,35.1105],[135.3861,35.1207],[135.3898,35.1288],[135.3432,35.1356],[135.3374,35.1441],[135.341,35.1497],[135.2876,35.1427],[135.2785,35.1511],[135.2922,35.1613],[135.2893,35.1724],[135.2741,35.1772],[135.232,35.1775],[135.2286,35.1658],[135.2066,35.1606],[135.1934,35.1721],[135.1873,35.1719],[135.1901,35.1832],[135.1867,35.1902],[135.1991,35.1936],[135.1971,35.203],[135.1821,35.216],[135.1751,35.2146],[135.1547,35.2267],[135.167,35.2427],[135.1573,35.2612],[135.138,35.2652],[135.1289,35.2607],[135.1093,35.2663],[135.0912,35.2581],[135.0829,35.2464],[135.0679,35.2374],[135.0569,35.2645],[135.0375,35.2607],[135.0105,35.2697],[135.0119,35.2805],[135.0073,35.2856],[134.9247,35.3117],[134.9213,35.3174],[134.9281,35.3302],[134.9256,35.3367],[134.9172,35.3402],[134.9235,35.3542],[134.9189,35.3644],[134.9268,35.3775],[134.923,35.3911],[134.9323,35.4059],[134.9461,35.4133],[134.9589,35.4091],[134.9709,35.399],[134.9855,35.3962],[134.9906,35.3857],[135.0192,35.3941],[135.03,35.4101],[135.0487,35.4074],[135.0471,35.4299],[135.0518,35.4425],[135.041,35.4733],[135.0351,35.477],[135.0422,35.4941],[135.0324,35.4976],[135.0452,35.5087],[135.0355,35.5398],[134.9934,35.5343],[134.9582,35.513],[134.955,35.5161],[134.9301,35.5117],[134.9151,35.5277],[134.9193,35.5381],[134.9148,35.5449],[134.8811,35.564],[134.8627,35.5869],[134.854,35.5893],[134.8655,35.5994],[134.8665,35.6135],[134.8739,35.6212],[134.8713,35.6363],[134.8657,35.6394],[134.8675,35.6582],[134.8575,35.66],[134.8394,35.6429],[134.8336,35.6488],[134.8393,35.6557],[134.8263,35.6554],[134.7955,35.6697],[134.7739,35.6589],[134.761,35.6642],[134.7332,35.6585],[134.725,35.667],[134.7115,35.6655],[134.7076,35.6535],[134.694,35.6552],[134.6941,35.665],[134.6897,35.6645],[134.687,35.6564],[134.6786,35.6551],[134.6759,35.6602],[134.6632,35.6481],[134.6598,35.6505],[134.6668,35.6626],[134.664,35.6668],[134.6471,35.66],[134.6414,35.6499],[134.6298,35.6498],[134.6295,35.6421],[134.6216,35.6396],[134.6144,35.6405],[134.6134,35.6487],[134.6007,35.658],[134.5927,35.6552],[134.5786,35.6602],[134.5761,35.6523],[134.5709,35.657],[134.5582,35.6511],[134.539,35.6702],[134.5195,35.6624],[134.5173,35.6662],[134.5189,35.6613],[134.5124,35.6581],[134.5055,35.6614],[134.4719,35.6388],[134.4628,35.64],[134.4531,35.629],[134.4442,35.6276],[134.4348,35.6333],[134.434,35.621],[134.4206,35.6243],[134.4135,35.6184],[134.3699,35.6146],[134.3715,35.6086],[134.4016,35.595],[134.4083,35.5873],[134.4051,35.5707],[134.41,35.5629],[134.4215,35.5629],[134.4233,35.5349],[134.4138,35.5138],[134.4276,35.5087],[134.4309,35.5025],[134.4274,35.4966],[134.4379,35.4743],[134.4346,35.4636],[134.4401,35.4428],[134.4523,35.4365],[134.4627,35.4368],[134.4799,35.425],[134.4767,35.4146],[134.4814,35.4105],[134.4714,35.38],[134.4866,35.3692],[134.5029,35.366],[134.5046,35.3594],[134.5135,35.3541],[134.5019,35.3265],[134.505,35.3163],[134.5148,35.3077],[134.5093,35.2938],[134.5152,35.2772],[134.4867,35.2627],[134.4765,35.2491],[134.4618,35.2431],[134.4638,35.2374],[134.4442,35.2368],[134.4353,35.2292],[134.4028,35.241],[134.397,35.2276],[134.3825,35.2217],[134.383,35.1944],[134.4125,35.1842],[134.4062,35.1658],[134.4132,35.1586],[134.4116,35.152],[134.407,35.1473],[134.3831,35.1525],[134.3674,35.147],[134.3564,35.1248],[134.3607,35.1203],[134.3535,35.1143],[134.355,35.0994],[134.3496,35.0902],[134.3191,35.0834],[134.3212,35.0675],[134.3145,35.0609],[134.3163,35.0432],[134.3077,35.0455],[134.3053,35.0402],[134.2978,35.0431],[134.2812,35.0369],[134.2752,35.0233],[134.2644,35.0167],[134.2658,35.005],[134.2824,34.9966],[134.2711,34.9839],[134.2771,34.9758],[134.277,34.9633],[134.26,34.9523],[134.2537,34.9391],[134.2731,34.9326],[134.2748,34.9243],[134.2845,34.921],[134.295,34.9075],[134.2891,34.8977],[134.2778,34.8951],[134.2675,34.8833],[134.2644,34.8851],[134.2671,34.8755],[134.2593,34.8704],[134.2546,34.8493],[134.261,34.847],[134.2638,34.8267],[134.2833,34.8297],[134.2884,34.8269],[134.2879,34.8216],[134.3164,34.8026],[134.3192,34.7882],[134.3158,34.781],[134.3348,34.7689],[134.3215,34.7617],[134.313,34.7384],[134.3237,34.731],[134.3217,34.7219],[134.3397,34.7389],[134.345,34.7355],[134.3638,34.7408],[134.3577,34.751],[134.3739,34.7366],[134.3799,34.7362],[134.3756,34.7315],[134.3853,34.7261],[134.3875,34.7306],[134.4065,34.7269],[134.4163,34.7312],[134.4343,34.7476],[134.4261,34.7552],[134.4321,34.7559],[134.4331,34.7662],[134.4554,34.7671],[134.4508,34.7537],[134.4643,34.7643],[134.4568,34.7789],[134.4573,34.7858],[134.4647,34.788],[134.4654,34.7925],[134.4761,34.7871],[134.4697,34.7843],[134.4743,34.7552],[134.4812,34.7599],[134.4812,34.7659],[134.4907,34.7668],[134.4997,34.7745],[134.5047,34.7612],[134.5268,34.7827],[134.5397,34.771],[134.5537,34.7722],[134.5595,34.7695],[134.5583,34.7643],[134.573,34.758],[134.5864,34.7619],[134.5848,34.7687],[134.6035,34.7747],[134.6088,34.775],[134.6115,34.7678],[134.6286,34.7731],[134.6224,34.7838],[134.6423,34.7838],[134.6439,34.7803],[134.6319,34.7775],[134.6334,34.7673],[134.6457,34.7673],[134.6462,34.7794],[134.6539,34.7795],[134.6526,34.7706],[134.6635,34.7847],[134.6703,34.78],[134.6597,34.7738],[134.6679,34.7706],[134.6737,34.7765],[134.6833,34.7721],[134.6853,34.7782],[134.6928,34.7702],[134.7019,34.7721],[134.6994,34.7761],[134.7115,34.7766],[134.7463,34.7688],[134.7613,34.7622],[134.7572,34.7518],[134.7633,34.7485],[134.7664,34.7526],[134.7971,34.7325],[134.8129,34.7307],[134.8088,34.7185],[134.8266,34.7064],[134.8285,34.7102],[134.8366,34.7074],[134.8436,34.7206],[134.8482,34.7196],[134.8473,34.7153],[134.8956,34.689],[134.9076,34.6765],[134.9297,34.671],[134.9726,34.6438],[135.0187,34.6431],[135.0364,34.6286],[135.0517,34.6244],[135.1079,34.6405],[135.1832,34.6495],[135.1867,34.6522],[135.1805,34.6556],[135.1798,34.6624],[135.1874,34.6669],[135.1781,34.6667],[135.1777,34.6704],[135.1894,34.6723],[135.1844,34.682],[135.2075,34.6843],[135.2182,34.69],[135.2189,34.6955],[135.224,34.6917],[135.2383,34.6933],[135.235,34.6985],[135.2398,34.7014],[135.2682,34.7018],[135.271,34.7068],[135.2719,34.7022],[135.288,34.704],[135.2855,34.7141],[135.3035,34.7191]]],[[[134.8947,34.399],[134.8989,34.4093],[134.8957,34.413],[134.9112,34.4297],[134.9065,34.4335],[134.9116,34.4374],[134.9159,34.4347],[134.924,34.4441],[134.9193,34.4472],[134.9259,34.4465],[134.9584,34.4888],[134.9796,34.5036],[134.9927,34.5225],[134.9955,34.5456],[135.0257,34.5766],[135.021,34.5898],[135.0022,34.6092],[134.9766,34.5981],[134.9351,34.5494],[134.9261,34.5485],[134.9135,34.536],[134.8791,34.5243],[134.847,34.4769],[134.836,34.4667],[134.8186,34.4683],[134.7985,34.4487],[134.7638,34.3869],[134.755,34.3848],[134.7341,34.3395],[134.7251,34.3293],[134.7061,34.3211],[134.6879,34.3302],[134.6817,34.3201],[134.674,34.3175],[134.6584,34.2946],[134.6627,34.2892],[134.6594,34.2724],[134.6718,34.2686],[134.6744,34.2449],[134.6951,34.2478],[134.7008,34.2414],[134.7181,34.2567],[134.7208,34.2449],[134.7102,34.2389],[134.6998,34.2222],[134.7035,34.2167],[134.7189,34.2149],[134.7307,34.2066],[134.7293,34.1902],[134.7341,34.1887],[134.7752,34.2005],[134.8004,34.2],[134.8463,34.231],[134.8984,34.2522],[134.9516,34.2665],[134.954,34.2742],[134.949,34.2743],[134.944,34.2971],[134.921,34.3114],[134.9149,34.3365],[134.9036,34.3412],[134.8937,34.3532],[134.898,34.3691],[134.8947,34.399]]]]},"properties":{"N03_001":"兵庫県"}},{"type":"Feature","geometry":{"type":"Polygon","coordinates":[[[136.0555,34.7386],[136.0419,34.7343],[136.0394,34.7201],[136.0293,34.7137],[136.0268,34.7061],[136.0139,34.7078],[136.0093,34.7166],[135.9997,34.713],[135.9862,34.7153],[135.981,34.7371],[135.9728,34.7421],[135.9583,34.7409],[135.9549,34.7483],[135.9411,34.739],[135.9239,34.7414],[135.9289,34.7527],[135.9244,34.7577],[135.8974,34.7309],[135.8902,34.7094],[135.8761,34.7139],[135.8633,34.7062],[135.849,34.706],[135.839,34.7118],[135.8198,34.7117],[135.792,34.7247],[135.7555,34.7275],[135.7571,34.7359],[135.7334,34.7548],[135.7286,34.778],[135.7202,34.7746],[135.712,34.7813],[135.7066,34.7723],[135.7102,34.7559],[135.7068,34.7486],[135.6978,34.7495],[135.6968,34.7439],[135.7017,34.7217],[135.6731,34.7018],[135.6787,34.6778],[135.6643,34.65],[135.6588,34.6147],[135.651,34.61],[135.6523,34.6039],[135.6749,34.6017],[135.6818,34.5848],[135.6715,34.5799],[135.6731,34.5707],[135.6569,34.5623],[135.6558,34.5492],[135.6503,34.5442],[135.6601,34.5411],[135.6628,34.5296],[135.6769,34.5255],[135.6775,34.5096],[135.673,34.5029],[135.6848,34.4836],[135.6812,34.4802],[135.6824,34.456],[135.687,34.4515],[135.6786,34.4324],[135.6653,34.4242],[135.6694,34.4137],[135.68,34.4083],[135.6756,34.3995],[135.6634,34.3965],[135.6511,34.3832],[135.6635,34.3554],[135.659,34.334],[135.6603,34.3269],[135.6681,34.3257],[135.6664,34.3087],[135.6752,34.2881],[135.6728,34.2815],[135.6828,34.2702],[135.6894,34.2717],[135.6925,34.2783],[135.7184,34.2633],[135.7234,34.2401],[135.73,34.2316],[135.7275,34.2207],[135.7078,34.2082],[135.6777,34.2234],[135.6678,34.2242],[135.6553,34.2163],[135.6481,34.219],[135.6345,34.2046],[135.6341,34.1991],[135.6451,34.1907],[135.642,34.1832],[135.6286,34.1769],[135.6206,34.1661],[135.6219,34.1584],[135.5909,34.149],[135.5788,34.1164],[135.5573,34.1081],[135.5584,34.1034],[135.5463,34.098],[135.5498,34.085],[135.5397,34.0754],[135.5521,34.0657],[135.5635,34.0633],[135.5671,34.0573],[135.5806,34.0562],[135.5917,34.0466],[135.5997,34.032],[135.5915,34.0194],[135.5936,34.0133],[135.6218,34.0098],[135.6309,33.991],[135.6367,33.9899],[135.6403,33.9674],[135.6369,33.9505],[135.6181,33.9546],[135.6168,33.9369],[135.6114,33.937],[135.6095,33.9321],[135.6141,33.9251],[135.6102,33.9129],[135.6,33.9083],[135.6062,33.8991],[135.6229,33.898],[135.6268,33.8847],[135.618,33.8721],[135.648,33.8769],[135.6622,33.8891],[135.6606,33.8976],[135.6787,33.8982],[135.6854,33.9037],[135.7241,33.9033],[135.7559,33.8852],[135.7661,33.8908],[135.7777,33.8882],[135.8018,33.8958],[135.8086,33.9065],[135.8522,33.8926],[135.8531,33.8773],[135.8579,33.8732],[135.8621,33.8765],[135.8622,33.8627],[135.8731,33.8592],[135.8748,33.8729],[135.8827,33.8789],[135.8716,33.8887],[135.8615,33.8871],[135.8587,33.9012],[135.8689,33.9145],[135.8675,33.9205],[135.8802,33.9179],[135.8822,33.9078],[135.894,33.9062],[135.8979,33.9126],[135.8937,33.92],[135.9091,33.9185],[135.9097,33.9227],[135.8984,33.9267],[135.8925,33.946],[135.9221,33.9785],[135.9266,33.9814],[135.9436,33.9765],[135.9846,33.9916],[135.9895,34.0022],[136.0008,34.006],[136.0196,34.0368],[136.0317,34.0319],[136.0358,34.0391],[136.039,34.0365],[136.0435,34.0407],[136.0441,34.0358],[136.0509,34.0334],[136.0727,34.0339],[136.0964,34.0225],[136.1045,34.027],[136.0978,34.0448],[136.0922,34.0482],[136.0971,34.0574],[136.0933,34.0829],[136.0961,34.0863],[136.1172,34.0842],[136.1024,34.096],[136.1079,34.1031],[136.0997,34.1204],[136.1084,34.1268],[136.1019,34.1413],[136.1147,34.1608],[136.1056,34.1716],[136.1089,34.1851],[136.0927,34.1904],[136.0976,34.2025],[136.1187,34.2155],[136.1173,34.2231],[136.1097,34.2242],[136.1107,34.2294],[136.1303,34.2429],[136.1318,34.2519],[136.1181,34.2606],[136.1218,34.2671],[136.0978,34.2888],[136.0949,34.3015],[136.1116,34.305],[136.1295,34.3162],[136.1222,34.3254],[136.1024,34.336],[136.0861,34.3796],[136.0693,34.3893],[136.0691,34.3943],[136.0903,34.416],[136.0887,34.4287],[136.0959,34.4352],[136.1113,34.4357],[136.118,34.4427],[136.1313,34.4451],[136.1514,34.4419],[136.1582,34.449],[136.1785,34.4455],[136.1885,34.4506],[136.2062,34.4487],[136.2156,34.4812],[136.2285,34.4891],[136.229,34.4947],[136.2147,34.5013],[136.2195,34.5105],[136.2166,34.528],[136.1898,34.524],[136.1821,34.5168],[136.1674,34.5202],[136.1718,34.5348],[136.1598,34.5467],[136.1555,34.5597],[136.1514,34.5557],[136.1396,34.5593],[136.1136,34.5464],[136.1106,34.5565],[136.0834,34.5593],[136.0603,34.5694],[136.0608,34.575],[136.0498,34.5803],[136.0465,34.5852],[136.0521,34.5931],[136.0466,34.6006],[136.0689,34.6223],[136.0736,34.6341],[136.0648,34.6516],[136.0505,34.6523],[136.041,34.6592],[136.0645,34.652],[136.0778,34.6588],[136.0857,34.6764],[136.0751,34.6977],[136.0549,34.7029],[136.0542,34.7062],[136.0711,34.7147],[136.0555,34.7386]]]},"properties":{"N03_001":"奈良県"}},{"type":"Feature","geometry":{"type":"Polygon","coordinates":[[[135.208,34.3082],[135.2027,34.2876],[135.1574,34.2771],[135.1465,34.2836],[135.1321,34.2724],[135.126,34.2774],[135.1103,34.2738],[135.1091,34.2827],[135.0987,34.289],[135.0969,34.2971],[135.1064,34.3058],[135.1027,34.3109],[135.0797,34.3082],[135.07,34.2981],[135.0681,34.2908],[135.0743,34.281],[135.0652,34.2732],[135.0627,34.2624],[135.0891,34.2609],[135.0969,34.2577],[135.0958,34.2529],[135.1231,34.2416],[135.1327,34.2299],[135.1282,34.2273],[135.1184,34.2347],[135.1004,34.2356],[135.1104,34.227],[135.1395,34.2254],[135.1448,34.2148],[135.1399,34.2121],[135.1435,34.2028],[135.1501,34.2003],[135.1498,34.1946],[135.1373,34.2011],[135.1404,34.1892],[135.1486,34.1878],[135.1475,34.1839],[135.18,34.1869],[135.1777,34.1791],[135.1844,34.1571],[135.1926,34.1594],[135.1841,34.1483],[135.197,34.1487],[135.2,34.1436],[135.1831,34.1426],[135.1668,34.1343],[135.1555,34.139],[135.1261,34.1368],[135.1218,34.1305],[135.1312,34.1313],[135.1345,34.1261],[135.131,34.1221],[135.1447,34.1116],[135.1371,34.1099],[135.1143,34.1191],[135.1079,34.0983],[135.0967,34.0912],[135.0957,34.0794],[135.087,34.0698],[135.1044,34.0713],[135.1359,34.0646],[135.139,34.057],[135.1464,34.0561],[135.1462,34.0453],[135.1577,34.0473],[135.1624,34.0368],[135.1713,34.0319],[135.17,34.0263],[135.1508,34.0246],[135.1521,34.0198],[135.1369,34.0169],[135.1516,34.0072],[135.1261,33.9975],[135.1202,33.9992],[135.1077,33.9889],[135.1049,33.993],[135.0935,33.9932],[135.0881,33.9792],[135.0722,33.9775],[135.086,33.9674],[135.0838,33.9614],[135.074,33.9591],[135.08,33.9558],[135.0952,33.9577],[135.1019,33.9643],[135.1108,33.9629],[135.1144,33.9568],[135.1055,33.9562],[135.096,33.9479],[135.089,33.9491],[135.0839,33.9349],[135.0683,33.9317],[135.0699,33.9247],[135.0793,33.9256],[135.0761,33.9197],[135.0822,33.9193],[135.0785,33.9132],[135.0826,33.9125],[135.0818,33.9066],[135.0762,33.903],[135.059,33.9049],[135.0649,33.8962],[135.057,33.8887],[135.0577,33.8799],[135.0801,33.891],[135.0911,33.8872],[135.1119,33.8934],[135.1419,33.8848],[135.1559,33.8728],[135.1594,33.8583],[135.1747,33.8397],[135.1745,33.8326],[135.1848,33.8271],[135.1861,33.8195],[135.207,33.8092],[135.2158,33.8141],[135.2207,33.8047],[135.2359,33.7979],[135.2333,33.7841],[135.2382,33.7805],[135.2707,33.7826],[135.2979,33.7674],[135.3171,33.7677],[135.3305,33.7442],[135.3511,33.7467],[135.3574,33.74],[135.352,33.7276],[135.3659,33.7319],[135.3892,33.7156],[135.3934,33.7152],[135.3962,33.7223],[135.3972,33.7114],[135.3925,33.7097],[135.396,33.7035],[135.3871,33.7008],[135.3871,33.6956],[135.3771,33.695],[135.3825,33.6911],[135.3729,33.6892],[135.376,33.684],[135.3696,33.6861],[135.359,33.6801],[135.3557,33.6921],[135.3341,33.6925],[135.3445,33.6888],[135.3444,33.6818],[135.3297,33.6703],[135.3426,33.6588],[135.3819,33.6511],[135.3914,33.643],[135.3959,33.6265],[135.3902,33.6173],[135.3978,33.6161],[135.386,33.6],[135.3912,33.5977],[135.3926,33.5886],[135.41,33.5756],[135.4167,33.5806],[135.4193,33.5696],[135.4284,33.5707],[135.4439,33.5632],[135.4491,33.5565],[135.4464,33.5489],[135.4577,33.5532],[135.4588,33.546],[135.4745,33.551],[135.4797,33.5506],[135.4789,33.546],[135.4917,33.5488],[135.5012,33.5352],[135.5139,33.5319],[135.5123,33.5255],[135.518,33.5219],[135.5448,33.5203],[135.5597,33.5142],[135.5695,33.5174],[135.5789,33.5071],[135.6016,33.5043],[135.6065,33.5097],[135.6261,33.5031],[135.6282,33.5082],[135.654,33.5006],[135.6632,33.4907],[135.699,33.4904],[135.7271,33.4774],[135.7334,33.4829],[135.7383,33.4768],[135.7593,33.4844],[135.7674,33.4812],[135.7652,33.4729],[135.7696,33.4786],[135.7765,33.4634],[135.75,33.4494],[135.7559,33.4443],[135.7538,33.4364],[135.7647,33.4354],[135.7696,33.4469],[135.7888,33.4404],[135.7928,33.4525],[135.7812,33.4633],[135.7971,33.4968],[135.8111,33.5017],[135.8252,33.5146],[135.8424,33.5128],[135.842,33.5172],[135.8665,33.5304],[135.8742,33.5338],[135.8784,33.5289],[135.8874,33.5395],[135.9125,33.55],[135.9226,33.5623],[135.8918,33.5558],[135.9116,33.5693],[135.9211,33.5704],[135.9214,33.5746],[135.9276,33.5772],[135.9344,33.5734],[135.9595,33.5821],[135.9607,33.5935],[135.9504,33.5896],[135.9489,33.6024],[135.944,33.6037],[135.9348,33.5937],[135.9261,33.6051],[135.9366,33.6172],[135.944,33.6172],[135.9449,33.6279],[135.9527,33.621],[135.9533,33.6312],[135.941,33.634],[135.9365,33.6402],[135.939,33.6454],[135.961,33.6545],[135.9789,33.6555],[135.9799,33.6513],[135.9862,33.6552],[135.9848,33.6605],[135.9764,33.6595],[135.9731,33.67],[135.979,33.6799],[135.9884,33.6845],[135.9922,33.6998],[136.0119,33.7233],[135.9833,33.7364],[135.973,33.7354],[135.9771,33.7248],[135.9732,33.723],[135.9459,33.732],[135.9399,33.7386],[135.9389,33.7563],[135.9284,33.754],[135.9159,33.767],[135.9057,33.7685],[135.8909,33.8017],[135.8804,33.803],[135.858,33.8162],[135.8557,33.8367],[135.8606,33.849],[135.8534,33.8578],[135.8589,33.8685],[135.8531,33.8773],[135.8522,33.8926],[135.8086,33.9065],[135.8018,33.8958],[135.7777,33.8882],[135.7661,33.8908],[135.7559,33.8852],[135.7241,33.9033],[135.6854,33.9037],[135.6787,33.8982],[135.6606,33.8976],[135.6622,33.8891],[135.648,33.8769],[135.618,33.8721],[135.6268,33.8847],[135.6229,33.898],[135.6011,33.9026],[135.6,33.9083],[135.6102,33.9129],[135.6141,33.9251],[135.6095,33.9321],[135.6114,33.937],[135.6168,33.9369],[135.6181,33.9546],[135.6369,33.9505],[135.6392,33.9827],[135.6218,34.0098],[135.5936,34.0133],[135.5915,34.0194],[135.5997,34.032],[135.5946,34.044],[135.5806,34.0562],[135.5671,34.0573],[135.5635,34.0633],[135.5521,34.0657],[135.5397,34.0754],[135.5498,34.085],[135.5463,34.098],[135.5584,34.1034],[135.5573,34.1081],[135.5788,34.1164],[135.5909,34.149],[135.6219,34.1584],[135.6206,34.1661],[135.6286,34.1769],[135.642,34.1832],[135.6451,34.1907],[135.6341,34.1991],[135.6345,34.2046],[135.6481,34.219],[135.6553,34.2163],[135.6678,34.2242],[135.6777,34.2234],[135.7078,34.2082],[135.7275,34.2207],[135.73,34.2316],[135.7234,34.2401],[135.7184,34.2633],[135.6925,34.2783],[135.6894,34.2717],[135.6828,34.2702],[135.6728,34.2815],[135.6752,34.2881],[135.6664,34.3087],[135.6681,34.3257],[135.6603,34.3269],[135.659,34.334],[135.6635,34.3554],[135.6511,34.3832],[135.6199,34.3845],[135.6133,34.3766],[135.6014,34.3801],[135.595,34.3754],[135.5771,34.376],[135.5544,34.3594],[135.5271,34.3512],[135.509,34.3368],[135.5035,34.3365],[135.5017,34.3502],[135.4887,34.3564],[135.4854,34.3628],[135.4701,34.3505],[135.4343,34.3482],[135.4248,34.34],[135.4092,34.3419],[135.4054,34.3339],[135.3868,34.3291],[135.3462,34.3305],[135.3389,34.335],[135.3391,34.3294],[135.328,34.324],[135.3304,34.3167],[135.3242,34.3191],[135.304,34.3137],[135.3026,34.3049],[135.2916,34.2995],[135.2826,34.3179],[135.271,34.3125],[135.2542,34.3158],[135.225,34.3009],[135.208,34.3082]]]},"properties":{"N03_001":"和歌山県"}},{"type":"Feature","geometry":{"type":"Polygon","coordinates":[[[134.4344,35.4708],[134.4379,35.4743],[134.4274,35.4966],[134.4309,35.5025],[134.4131,35.5176],[134.4233,35.5349],[134.4215,35.5629],[134.41,35.5629],[134.4051,35.5707],[134.4083,35.5873],[134.4016,35.595],[134.3715,35.6086],[134.3699,35.6146],[134.371,35.6061],[134.3664,35.6021],[134.3477,35.6013],[134.3445,35.6062],[134.3315,35.5911],[134.3159,35.5939],[134.2969,35.5901],[134.2874,35.5735],[134.2778,35.5727],[134.2725,35.5607],[134.2576,35.5546],[134.2078,35.5417],[134.1871,35.5429],[134.1863,35.5385],[134.1695,35.5336],[134.0826,35.5253],[134.0767,35.5209],[134.0218,35.5197],[134.0085,35.5377],[133.9956,35.5242],[133.9602,35.5231],[133.9593,35.5195],[133.9459,35.5194],[133.9255,35.51],[133.7552,35.5008],[133.7042,35.5079],[133.6719,35.5064],[133.6332,35.5194],[133.6082,35.5222],[133.5901,35.532],[133.568,35.5304],[133.5457,35.5215],[133.5348,35.5236],[133.5311,35.5195],[133.4977,35.5158],[133.4728,35.499],[133.4464,35.4942],[133.4331,35.4821],[133.4277,35.4629],[133.4025,35.4533],[133.3325,35.4639],[133.2934,35.4778],[133.2688,35.495],[133.2534,35.5129],[133.2531,35.517],[133.2606,35.5197],[133.2558,35.5283],[133.2463,35.5277],[133.2504,35.5372],[133.2652,35.5489],[133.2185,35.5463],[133.201,35.5352],[133.1981,35.5287],[133.222,35.4814],[133.272,35.446],[133.3087,35.4309],[133.3206,35.4103],[133.3211,35.3955],[133.3136,35.3873],[133.3244,35.3743],[133.3182,35.3724],[133.316,35.3655],[133.3087,35.3665],[133.296,35.3494],[133.2986,35.3251],[133.2926,35.3207],[133.3069,35.3035],[133.2995,35.2923],[133.3105,35.2684],[133.2752,35.2578],[133.2519,35.2593],[133.2434,35.2505],[133.2332,35.2467],[133.2256,35.2496],[133.212,35.2417],[133.1816,35.2344],[133.1525,35.2188],[133.1529,35.2038],[133.1718,35.2087],[133.1808,35.2027],[133.1847,35.1954],[133.1821,35.188],[133.1887,35.1851],[133.1949,35.1699],[133.1842,35.1569],[133.1575,35.1489],[133.1484,35.1398],[133.1466,35.1237],[133.1403,35.1173],[133.1456,35.1053],[133.1367,35.0887],[133.1413,35.0828],[133.1363,35.0696],[133.142,35.0647],[133.1613,35.0741],[133.1685,35.0674],[133.1795,35.0673],[133.2149,35.0739],[133.2272,35.0682],[133.2399,35.079],[133.2488,35.0787],[133.2691,35.0577],[133.2769,35.0661],[133.2908,35.0709],[133.2909,35.1004],[133.299,35.1038],[133.3255,35.0935],[133.3382,35.1066],[133.3549,35.1008],[133.3788,35.1147],[133.4034,35.1143],[133.4118,35.1211],[133.4112,35.1388],[133.394,35.1666],[133.3961,35.1806],[133.4156,35.1847],[133.4222,35.1761],[133.4476,35.1713],[133.5081,35.1931],[133.5163,35.1905],[133.5192,35.1829],[133.5261,35.1829],[133.5291,35.1869],[133.5215,35.2106],[133.5055,35.2282],[133.5172,35.2407],[133.5348,35.2367],[133.5459,35.2437],[133.5549,35.2418],[133.5682,35.2571],[133.5705,35.2871],[133.5776,35.2973],[133.5768,35.3144],[133.5924,35.3308],[133.5893,35.3379],[133.5964,35.3449],[133.6222,35.3367],[133.6492,35.3363],[133.6774,35.3193],[133.6918,35.3208],[133.6961,35.3269],[133.7271,35.317],[133.745,35.3196],[133.757,35.3082],[133.7623,35.3111],[133.7757,35.2996],[133.7999,35.2927],[133.8181,35.2526],[133.8321,35.2488],[133.8446,35.2495],[133.8556,35.2681],[133.8659,35.2723],[133.862,35.2924],[133.8878,35.2951],[133.9068,35.3066],[133.9252,35.3069],[133.9313,35.3147],[133.9278,35.3221],[133.9315,35.3332],[133.9453,35.3326],[133.9696,35.3478],[133.9798,35.3434],[133.9977,35.3529],[134.0148,35.3504],[134.0108,35.3404],[134.0154,35.3339],[134.0042,35.3253],[133.9995,35.3147],[134.0078,35.3084],[134.0547,35.2982],[134.0622,35.303],[134.0707,35.2993],[134.0817,35.3023],[134.0863,35.3073],[134.0978,35.3057],[134.1138,35.286],[134.1392,35.279],[134.1376,35.2696],[134.1506,35.258],[134.1428,35.2494],[134.1454,35.2428],[134.1375,35.2392],[134.1445,35.2313],[134.1582,35.2346],[134.1642,35.228],[134.1531,35.2002],[134.154,35.1946],[134.165,35.188],[134.1675,35.1718],[134.1724,35.1697],[134.1899,35.1759],[134.1929,35.1886],[134.2216,35.1904],[134.2276,35.1971],[134.2498,35.2007],[134.2609,35.2105],[134.2785,35.1969],[134.3227,35.2028],[134.3366,35.2195],[134.3689,35.2317],[134.3747,35.2372],[134.3732,35.2459],[134.3897,35.2521],[134.4028,35.241],[134.4353,35.2292],[134.4442,35.2368],[134.4638,35.2374],[134.4618,35.2431],[134.4765,35.2491],[134.4867,35.2627],[134.5152,35.2772],[134.5093,35.2938],[134.5148,35.3077],[134.505,35.3163],[134.5019,35.3265],[134.5135,35.3541],[134.5046,35.3594],[134.5029,35.366],[134.4747,35.3747],[134.4714,35.38],[134.4814,35.4105],[134.4767,35.4146],[134.4799,35.425],[134.4627,35.4368],[134.4523,35.4365],[134.4401,35.4428],[134.4344,35.4708]]]},"properties":{"N03_001":"鳥取県"}},{"type":"Feature","geometry":{"type":"Polygon","coordinates":[[[133.2446,35.5491],[133.2649,35.5556],[133.3064,35.5585],[133.3268,35.568],[133.3073,35.5761],[133.3034,35.5732],[133.2676,35.5787],[133.2549,35.5699],[133.252,35.5755],[133.2446,35.5703],[133.225,35.5711],[133.2319,35.5767],[133.2176,35.5802],[133.2109,35.5671],[133.1948,35.5681],[133.1926,35.5801],[133.187,35.5777],[133.192,35.5622],[133.1836,35.5673],[133.1684,35.5633],[133.1615,35.5719],[133.1563,35.5606],[133.1413,35.5609],[133.1327,35.5757],[133.134,35.5817],[133.1188,35.5801],[133.1122,35.5889],[133.1145,35.594],[133.0967,35.5991],[133.0949,35.6045],[133.084,35.6017],[133.0983,35.5889],[133.0916,35.5884],[133.0983,35.5805],[133.0686,35.5839],[133.066,35.5783],[133.0594,35.5822],[133.0507,35.5744],[133.0604,35.5715],[133.0607,35.5672],[133.0476,35.5585],[133.049,35.5544],[133.0345,35.5589],[133.0285,35.5402],[133.0097,35.5378],[132.9897,35.545],[132.9797,35.5456],[132.9793,35.5407],[132.9679,35.5429],[132.9686,35.529],[132.9742,35.5275],[132.9714,35.516],[132.9178,35.5172],[132.8769,35.5101],[132.8664,35.5134],[132.8601,35.5073],[132.8562,35.5101],[132.8419,35.5032],[132.831,35.505],[132.8259,35.4975],[132.8064,35.4931],[132.8003,35.4835],[132.7315,35.4694],[132.7571,35.4561],[132.7534,35.4476],[132.7469,35.4511],[132.7393,35.4464],[132.7061,35.4422],[132.7014,35.4486],[132.6849,35.4517],[132.6841,35.444],[132.6757,35.4478],[132.6585,35.4447],[132.6554,35.4401],[132.6425,35.4388],[132.641,35.4313],[132.6276,35.433],[132.6228,35.4186],[132.6563,35.4106],[132.6717,35.4007],[132.6748,35.3874],[132.6714,35.355],[132.6625,35.3309],[132.6286,35.2879],[132.5387,35.2571],[132.5302,35.2529],[132.5275,35.2421],[132.508,35.2365],[132.4983,35.2276],[132.487,35.2285],[132.4831,35.2207],[132.4677,35.2174],[132.4653,35.2092],[132.4509,35.1991],[132.4214,35.189],[132.4222,35.1833],[132.4156,35.1827],[132.4169,35.1773],[132.4031,35.1696],[132.4044,35.1601],[132.3932,35.1549],[132.3908,35.1463],[132.3839,35.1473],[132.3829,35.144],[132.391,35.1401],[132.3894,35.1317],[132.3639,35.1196],[132.3656,35.1148],[132.3534,35.1065],[132.3368,35.1014],[132.3394,35.0962],[132.3255,35.0898],[132.3234,35.0843],[132.3281,35.0777],[132.318,35.0732],[132.3108,35.0578],[132.2692,35.0393],[132.254,35.0412],[132.2363,35.0346],[132.1892,34.9943],[132.1546,34.9765],[132.1479,34.9662],[132.1108,34.9505],[132.1051,34.9455],[132.1063,34.9355],[132.0903,34.9329],[132.0748,34.9188],[132.0712,34.913],[132.078,34.9058],[132.0684,34.908],[132.0635,34.9042],[132.0706,34.8922],[132.0576,34.889],[132.0589,34.8844],[132.0543,34.883],[132.0596,34.8776],[132.0568,34.873],[132.0444,34.8722],[132.0464,34.8769],[132.036,34.8821],[132.0262,34.872],[132.0138,34.8703],[132.008,34.8654],[132.0153,34.8591],[132.0081,34.8473],[131.9954,34.8425],[131.9902,34.8288],[131.9573,34.8173],[131.9468,34.7931],[131.9254,34.7824],[131.9231,34.7887],[131.9145,34.7741],[131.8973,34.7757],[131.8941,34.7624],[131.8861,34.7567],[131.8758,34.7598],[131.8646,34.7553],[131.8743,34.7438],[131.8713,34.734],[131.8491,34.7113],[131.8108,34.6921],[131.7397,34.6746],[131.705,34.6726],[131.691,34.6771],[131.6906,34.681],[131.6844,34.6672],[131.6899,34.6631],[131.6888,34.6568],[131.6952,34.656],[131.6989,34.6489],[131.6948,34.6207],[131.7067,34.6129],[131.7184,34.6134],[131.7208,34.582],[131.7273,34.5761],[131.7132,34.5628],[131.706,34.5634],[131.7009,34.551],[131.7051,34.5421],[131.7012,34.5387],[131.7067,34.5331],[131.6693,34.5107],[131.668,34.5041],[131.6821,34.4928],[131.6835,34.4785],[131.6934,34.4816],[131.7,34.4747],[131.6939,34.4657],[131.6991,34.4515],[131.6939,34.4436],[131.6974,34.4353],[131.7129,34.4285],[131.7296,34.4327],[131.7378,34.4286],[131.7519,34.439],[131.7614,34.4337],[131.7938,34.4362],[131.7848,34.3999],[131.7747,34.3948],[131.7636,34.3771],[131.771,34.3562],[131.778,34.3534],[131.7795,34.3446],[131.7746,34.3375],[131.7776,34.3329],[131.7961,34.3266],[131.7965,34.3189],[131.8165,34.3102],[131.8195,34.303],[131.8314,34.3026],[131.8341,34.3112],[131.8603,34.3046],[131.8813,34.3086],[131.8864,34.3136],[131.884,34.3213],[131.8905,34.3243],[131.8998,34.3191],[131.9189,34.338],[131.9422,34.3253],[131.9587,34.3063],[131.9635,34.3136],[131.9608,34.3208],[131.9742,34.329],[131.974,34.3411],[132.001,34.3662],[132.0121,34.3674],[132.0135,34.382],[131.9899,34.414],[131.9975,34.4278],[132.0162,34.4375],[132.0154,34.452],[132.0233,34.4612],[132.0348,34.4634],[132.0391,34.4689],[132.0686,34.4677],[132.0581,34.4803],[132.0597,34.4923],[132.0522,34.4989],[132.0364,34.5013],[132.0471,34.5125],[132.0527,34.5303],[132.084,34.5375],[132.1137,34.5626],[132.1179,34.5783],[132.1255,34.5832],[132.1297,34.5955],[132.1206,34.6006],[132.1171,34.6115],[132.1308,34.6292],[132.1278,34.6418],[132.1344,34.6451],[132.1611,34.6881],[132.1575,34.6927],[132.1365,34.6949],[132.1296,34.7],[132.1308,34.708],[132.1415,34.71],[132.1431,34.7161],[132.1778,34.7366],[132.1847,34.7338],[132.1965,34.7386],[132.1957,34.7444],[132.2034,34.7488],[132.2099,34.7449],[132.2225,34.7497],[132.2252,34.77],[132.2429,34.7837],[132.243,34.798],[132.2384,34.8019],[132.2428,34.8067],[132.2596,34.8068],[132.2747,34.8],[132.2796,34.7844],[132.2896,34.7784],[132.2987,34.777],[132.3059,34.7933],[132.3158,34.8014],[132.3338,34.79],[132.3731,34.8012],[132.383,34.7948],[132.3814,34.7858],[132.3967,34.7794],[132.4145,34.7972],[132.4247,34.7991],[132.4212,34.8118],[132.4366,34.821],[132.4658,34.8017],[132.4835,34.7972],[132.495,34.8014],[132.5051,34.796],[132.5205,34.8036],[132.5381,34.795],[132.5541,34.8083],[132.568,34.8065],[132.5969,34.8307],[132.6125,34.8335],[132.6109,34.8378],[132.6196,34.8435],[132.643,34.8376],[132.6528,34.8402],[132.6598,34.8323],[132.6674,34.8323],[132.6752,34.8476],[132.6839,34.8514],[132.6987,34.8429],[132.7106,34.8499],[132.6998,34.8822],[132.6815,34.8843],[132.6746,34.8944],[132.664,34.8897],[132.6512,34.9007],[132.6374,34.8986],[132.634,34.9048],[132.6412,34.9038],[132.6512,34.9199],[132.6759,34.9328],[132.6851,34.9506],[132.7065,34.9549],[132.7204,34.948],[132.7277,34.9564],[132.7497,34.9603],[132.7514,34.9698],[132.7451,34.9768],[132.7687,34.9839],[132.7634,34.9929],[132.7879,35.0049],[132.787,35.0133],[132.8088,35.0286],[132.8137,35.0406],[132.8368,35.0471],[132.8379,35.0509],[132.8278,35.0612],[132.8613,35.0958],[132.8733,35.1023],[132.8974,35.1041],[132.9095,35.0862],[132.9266,35.0811],[132.9336,35.0839],[132.9476,35.0758],[132.975,35.0832],[132.9824,35.0976],[132.9907,35.1013],[133.0146,35.0876],[133.0164,35.0784],[133.0239,35.0778],[133.0331,35.0682],[133.0524,35.0702],[133.06,35.0811],[133.0854,35.0782],[133.0962,35.0854],[133.1222,35.084],[133.1266,35.0769],[133.1408,35.0756],[133.1367,35.0887],[133.1456,35.1053],[133.1403,35.1173],[133.1466,35.1237],[133.1484,35.1398],[133.1575,35.1489],[133.1842,35.1569],[133.1949,35.1699],[133.1887,35.1851],[133.1821,35.188],[133.1847,35.1954],[133.1808,35.2027],[133.1718,35.2087],[133.1529,35.2038],[133.1525,35.2188],[133.1816,35.2344],[133.212,35.2417],[133.2256,35.2496],[133.2332,35.2467],[133.2434,35.2505],[133.2519,35.2593],[133.2752,35.2578],[133.3105,35.2684],[133.2995,35.2923],[133.3069,35.3035],[133.2926,35.3207],[133.2986,35.3251],[133.296,35.3494],[133.3087,35.3665],[133.316,35.3655],[133.3182,35.3724],[133.3244,35.3743],[133.3136,35.3873],[133.3211,35.3955],[133.3206,35.4103],[133.3087,35.4309],[133.272,35.446],[133.222,35.4814],[133.1986,35.526],[133.201,35.5352],[133.2185,35.5463],[133.2446,35.5491]]]},"properties":{"N03_001":"島根県"}},{"type":"Feature","geometry":{"type":"Polygon","coordinates":[[[133.9958,34.6135],[134.029,34.6064],[134.0422,34.6083],[134.0474,34.5976],[134.058,34.6078],[134.064,34.6075],[134.0532,34.596],[134.0544,34.5864],[134.0601,34.5846],[134.0798,34.5865],[134.0914,34.5809],[134.1035,34.5896],[134.12,34.5886],[134.128,34.5985],[134.1384,34.5995],[134.1344,34.6078],[134.1471,34.6118],[134.147,34.617],[134.1666,34.613],[134.1732,34.6173],[134.1787,34.6299],[134.1855,34.6313],[134.1831,34.6367],[134.1791,34.6317],[134.1746,34.6341],[134.1705,34.6529],[134.1885,34.6508],[134.1952,34.6583],[134.1928,34.665],[134.2026,34.6636],[134.2179,34.6758],[134.222,34.682],[134.2169,34.6838],[134.2277,34.688],[134.2263,34.6918],[134.2354,34.6915],[134.2453,34.7011],[134.2356,34.7149],[134.2202,34.7086],[134.2055,34.7107],[134.2134,34.7168],[134.1976,34.7153],[134.1939,34.7201],[134.2044,34.7228],[134.2043,34.7272],[134.1805,34.7352],[134.1859,34.7423],[134.187,34.7378],[134.208,34.73],[134.2293,34.7311],[134.232,34.7227],[134.2441,34.7153],[134.2686,34.7192],[134.2763,34.7282],[134.2754,34.7346],[134.2826,34.7299],[134.2981,34.7365],[134.3151,34.7322],[134.3217,34.7219],[134.3237,34.731],[134.313,34.7384],[134.3215,34.7617],[134.3348,34.7689],[134.3158,34.781],[134.3192,34.7882],[134.3164,34.8026],[134.2879,34.8216],[134.2884,34.8269],[134.2833,34.8297],[134.2638,34.8267],[134.261,34.847],[134.2546,34.8493],[134.2593,34.8704],[134.2671,34.8755],[134.2644,34.8851],[134.2675,34.8833],[134.2778,34.8951],[134.2891,34.8977],[134.295,34.9075],[134.2845,34.921],[134.2748,34.9243],[134.2731,34.9326],[134.2537,34.9391],[134.2542,34.946],[134.277,34.9633],[134.2771,34.9758],[134.2711,34.9839],[134.2824,34.9966],[134.2658,35.005],[134.2676,35.0215],[134.2752,35.0233],[134.2812,35.0369],[134.2978,35.0431],[134.3053,35.0402],[134.3077,35.0455],[134.3163,35.0432],[134.3145,35.0609],[134.3212,35.0675],[134.3191,35.0834],[134.3496,35.0902],[134.355,35.0994],[134.3535,35.1143],[134.3607,35.1203],[134.3564,35.1248],[134.3674,35.147],[134.3831,35.1525],[134.407,35.1473],[134.4116,35.152],[134.4132,35.1586],[134.4062,35.1658],[134.4126,35.1776],[134.4111,35.187],[134.383,35.1944],[134.3825,35.2217],[134.397,35.2276],[134.4028,35.241],[134.3937,35.2517],[134.3732,35.2459],[134.3747,35.2372],[134.3689,35.2317],[134.3366,35.2195],[134.3227,35.2028],[134.2785,35.1969],[134.2609,35.2105],[134.2498,35.2007],[134.2276,35.1971],[134.2216,35.1904],[134.1929,35.1886],[134.1899,35.1759],[134.1724,35.1697],[134.1675,35.1718],[134.165,35.188],[134.154,35.1946],[134.1531,35.2002],[134.1642,35.228],[134.1582,35.2346],[134.1445,35.2313],[134.1375,35.2392],[134.1454,35.2428],[134.1428,35.2494],[134.1506,35.258],[134.1376,35.2696],[134.1392,35.279],[134.1138,35.286],[134.0978,35.3057],[134.0863,35.3073],[134.0817,35.3023],[134.0707,35.2993],[134.0622,35.303],[134.0547,35.2982],[134.0078,35.3084],[133.9995,35.3147],[134.0042,35.3253],[134.0154,35.3339],[134.0108,35.3404],[134.0148,35.3504],[133.9977,35.3529],[133.9798,35.3434],[133.9696,35.3478],[133.9453,35.3326],[133.9315,35.3332],[133.9278,35.3221],[133.9313,35.3147],[133.9252,35.3069],[133.9068,35.3066],[133.8878,35.2951],[133.862,35.2924],[133.8659,35.2723],[133.8556,35.2681],[133.8446,35.2495],[133.8321,35.2488],[133.8181,35.2526],[133.7999,35.2927],[133.7757,35.2996],[133.7623,35.3111],[133.757,35.3082],[133.745,35.3196],[133.7271,35.317],[133.6961,35.3269],[133.6918,35.3208],[133.6774,35.3193],[133.6492,35.3363],[133.6222,35.3367],[133.5964,35.3449],[133.5893,35.3379],[133.5924,35.3308],[133.5768,35.3144],[133.5776,35.2973],[133.5705,35.2871],[133.5682,35.2571],[133.5549,35.2418],[133.5459,35.2437],[133.5348,35.2367],[133.5172,35.2407],[133.5055,35.2282],[133.5215,35.2106],[133.5291,35.1869],[133.5261,35.1829],[133.5192,35.1829],[133.5163,35.1905],[133.5004,35.1924],[133.467,35.1752],[133.4598,35.1778],[133.4476,35.1713],[133.4222,35.1761],[133.4156,35.1847],[133.4074,35.1859],[133.3961,35.1806],[133.3934,35.1691],[133.4126,35.1335],[133.4118,35.1211],[133.4034,35.1143],[133.3788,35.1147],[133.3549,35.1008],[133.3382,35.1066],[133.3255,35.0935],[133.299,35.1038],[133.2909,35.1004],[133.2908,35.0709],[133.2769,35.0661],[133.2669,35.0524],[133.291,35.036],[133.305,35.0152],[133.3157,35.0124],[133.3212,35.0036],[133.3195,34.9832],[133.3031,34.972],[133.3049,34.965],[133.2973,34.956],[133.3094,34.937],[133.3019,34.9289],[133.3048,34.9177],[133.2958,34.904],[133.298,34.8893],[133.3094,34.874],[133.324,34.8644],[133.3231,34.8593],[133.3307,34.8559],[133.3361,34.8347],[133.353,34.8306],[133.3589,34.8196],[133.3679,34.819],[133.3781,34.8084],[133.3776,34.7971],[133.3698,34.7898],[133.3768,34.7818],[133.3674,34.7743],[133.3672,34.7612],[133.3618,34.7556],[133.3702,34.7481],[133.3609,34.7345],[133.3615,34.7271],[133.3691,34.7236],[133.3742,34.6954],[133.3864,34.6854],[133.3855,34.6775],[133.4034,34.6719],[133.3965,34.6521],[133.3885,34.6434],[133.3872,34.6364],[133.3919,34.6311],[133.385,34.6254],[133.3848,34.6168],[133.3959,34.6053],[133.397,34.5949],[133.4232,34.5855],[133.4267,34.5691],[133.446,34.5564],[133.4539,34.5302],[133.4449,34.5059],[133.4534,34.5067],[133.4564,34.5001],[133.4459,34.4831],[133.4552,34.4774],[133.4563,34.4545],[133.484,34.4647],[133.4903,34.46],[133.476,34.4522],[133.4738,34.4415],[133.4891,34.441],[133.5009,34.4517],[133.5144,34.4492],[133.5275,34.4539],[133.527,34.4712],[133.5194,34.4731],[133.5,34.5],[133.5147,34.4901],[133.5184,34.4791],[133.5295,34.4771],[133.5404,34.4614],[133.5607,34.4683],[133.5766,34.4658],[133.5787,34.4705],[133.5944,34.4696],[133.5998,34.4753],[133.5887,34.4825],[133.5942,34.4911],[133.6037,34.4951],[133.6194,34.4919],[133.6253,34.501],[133.6472,34.5038],[133.6508,34.5085],[133.648,34.5121],[133.6586,34.5203],[133.6769,34.5184],[133.6702,34.5073],[133.6841,34.5071],[133.684,34.5125],[133.6905,34.5124],[133.6907,34.5196],[133.6843,34.5236],[133.6897,34.5255],[133.7053,34.5231],[133.704,34.4778],[133.7312,34.471],[133.7333,34.4745],[133.7434,34.4706],[133.7372,34.4906],[133.719,34.4964],[133.7217,34.5009],[133.7351,34.4986],[133.739,34.5176],[133.7483,34.4895],[133.7596,34.4858],[133.7596,34.4702],[133.7666,34.4723],[133.7675,34.4625],[133.7731,34.4629],[133.7754,34.4591],[133.7713,34.4553],[133.7852,34.4361],[133.7917,34.4394],[133.8177,34.4318],[133.809,34.4611],[133.8148,34.4601],[133.8171,34.4668],[133.8365,34.4746],[133.8404,34.4689],[133.8671,34.4673],[133.8801,34.4568],[133.8995,34.457],[133.9197,34.4501],[133.9277,34.4509],[133.9252,34.4554],[133.9285,34.4561],[133.9347,34.4509],[133.9432,34.4552],[133.9436,34.4643],[133.9343,34.4733],[133.9392,34.4754],[133.938,34.4812],[133.9477,34.4848],[133.9502,34.4928],[133.9648,34.4952],[133.9565,34.506],[133.9617,34.5135],[133.9569,34.5147],[133.9623,34.5192],[133.9595,34.5227],[133.9778,34.5331],[133.9874,34.5307],[133.9931,34.5185],[134.0051,34.5129],[134.0057,34.5179],[134.0015,34.5173],[133.9957,34.5281],[134.0012,34.5455],[134.0147,34.5507],[134.0194,34.5441],[134.0286,34.5548],[134.031,34.57],[134.0411,34.5764],[134.0407,34.5875],[134.0327,34.5978],[134.0029,34.593],[133.9738,34.5945],[133.9587,34.5841],[133.9461,34.599],[133.9524,34.6025],[133.9572,34.597],[133.9729,34.6033],[133.9774,34.6003],[133.9958,34.6135]]]},"properties":{"N03_001":"岡山県"}},{"type":"Feature","geometry":{"type":"Polygon","coordinates":[[[132.4367,34.3531],[132.4399,34.3524],[132.438,34.3456],[132.4498,34.3408],[132.4525,34.3528],[132.4785,34.3567],[132.492,34.3535],[132.5062,34.3557],[132.5176,34.3651],[132.5225,34.3628],[132.5249,34.3594],[132.5087,34.3527],[132.5115,34.3438],[132.5077,34.3489],[132.4964,34.3481],[132.4919,34.3362],[132.505,34.3341],[132.4943,34.3162],[132.519,34.282],[132.5146,34.2569],[132.527,34.2565],[132.5316,34.2415],[132.5517,34.2425],[132.5585,34.2382],[132.5481,34.2252],[132.5381,34.2286],[132.5316,34.2222],[132.5439,34.2096],[132.5383,34.1958],[132.5535,34.1944],[132.5684,34.198],[132.5877,34.2136],[132.5935,34.2125],[132.5961,34.2168],[132.59,34.2198],[132.5962,34.2292],[132.6057,34.2265],[132.6028,34.2201],[132.6091,34.2185],[132.612,34.2237],[132.6162,34.2206],[132.618,34.2104],[132.6261,34.2111],[132.6267,34.2063],[132.6382,34.2032],[132.6583,34.2067],[132.6614,34.209],[132.6575,34.2141],[132.6675,34.2191],[132.684,34.2102],[132.6851,34.2225],[132.7001,34.2355],[132.7119,34.2394],[132.7603,34.2409],[132.7584,34.2466],[132.7724,34.2531],[132.772,34.2588],[132.7648,34.2626],[132.756,34.257],[132.7531,34.2594],[132.7598,34.2679],[132.7537,34.2757],[132.7561,34.2815],[132.7852,34.277],[132.7995,34.3127],[132.8019,34.3089],[132.8276,34.3163],[132.8365,34.3119],[132.8348,34.3047],[132.8507,34.2922],[132.856,34.3],[132.8622,34.2977],[132.8683,34.3051],[132.8738,34.3022],[132.875,34.3075],[132.8689,34.3118],[132.884,34.3156],[132.8936,34.3265],[132.9112,34.3278],[132.9162,34.3325],[132.9199,34.3257],[132.9308,34.3263],[132.9448,34.3362],[132.9646,34.337],[132.9831,34.3312],[132.9945,34.3375],[133.0154,34.3287],[133.0402,34.3317],[133.0598,34.3452],[133.0735,34.3431],[133.0812,34.3494],[133.0891,34.3803],[133.0967,34.3794],[133.0849,34.3956],[133.1275,34.3826],[133.2095,34.4106],[133.2326,34.4116],[133.2382,34.4213],[133.2455,34.4241],[133.2421,34.4359],[133.2472,34.4363],[133.2514,34.4227],[133.2556,34.4269],[133.2516,34.4411],[133.2704,34.4327],[133.2739,34.419],[133.2721,34.4066],[133.2452,34.3982],[133.2445,34.3911],[133.2554,34.3889],[133.2628,34.3946],[133.2708,34.3918],[133.2822,34.3992],[133.2845,34.3866],[133.2925,34.3827],[133.3057,34.3875],[133.3147,34.381],[133.3349,34.381],[133.3471,34.3758],[133.3459,34.3666],[133.3668,34.369],[133.3846,34.3842],[133.3805,34.3917],[133.3854,34.4205],[133.4077,34.4285],[133.4046,34.4354],[133.4085,34.4375],[133.4313,34.4241],[133.4405,34.4363],[133.4082,34.4572],[133.4085,34.4785],[133.4147,34.4768],[133.4145,34.4593],[133.4427,34.4451],[133.4459,34.4831],[133.4564,34.5001],[133.4534,34.5067],[133.4449,34.5059],[133.4539,34.5302],[133.446,34.5564],[133.4267,34.5691],[133.4232,34.5855],[133.397,34.5949],[133.3959,34.6053],[133.3834,34.6219],[133.3919,34.6311],[133.3872,34.6364],[133.3885,34.6434],[133.3965,34.6521],[133.4034,34.6719],[133.3855,34.6775],[133.3864,34.6854],[133.3742,34.6954],[133.3691,34.7236],[133.3615,34.7271],[133.3609,34.7345],[133.3702,34.7481],[133.3618,34.7556],[133.3672,34.7612],[133.3674,34.7743],[133.3768,34.7818],[133.3698,34.7898],[133.3776,34.7971],[133.3781,34.8084],[133.3679,34.819],[133.3589,34.8196],[133.353,34.8306],[133.3361,34.8347],[133.3307,34.8559],[133.3231,34.8593],[133.324,34.8644],[133.3094,34.874],[133.298,34.8893],[133.2958,34.904],[133.3048,34.9177],[133.3019,34.9289],[133.3094,34.937],[133.2973,34.956],[133.3049,34.965],[133.3031,34.972],[133.3108,34.9746],[133.3217,34.9879],[133.3196,35.0086],[133.305,35.0152],[133.291,35.036],[133.2669,35.0524],[133.2691,35.0577],[133.2488,35.0787],[133.2399,35.079],[133.2272,35.0682],[133.2149,35.0739],[133.1685,35.0674],[133.1613,35.0741],[133.142,35.0647],[133.1222,35.084],[133.0962,35.0854],[133.0854,35.0782],[133.06,35.0811],[133.0524,35.0702],[133.0331,35.0682],[133.0239,35.0778],[133.0164,35.0784],[133.0146,35.0876],[132.9907,35.1013],[132.9824,35.0976],[132.975,35.0832],[132.9476,35.0758],[132.9336,35.0839],[132.9266,35.0811],[132.9095,35.0862],[132.8974,35.1041],[132.8835,35.1049],[132.8613,35.0958],[132.8315,35.066],[132.8278,35.0612],[132.8379,35.0509],[132.8368,35.0471],[132.8137,35.0406],[132.8088,35.0286],[132.787,35.0133],[132.7879,35.0049],[132.7634,34.9929],[132.7687,34.9839],[132.7451,34.9768],[132.7514,34.9698],[132.7497,34.9603],[132.7277,34.9564],[132.7204,34.948],[132.7065,34.9549],[132.6851,34.9506],[132.6759,34.9328],[132.6512,34.9199],[132.6412,34.9038],[132.634,34.9048],[132.6374,34.8986],[132.6512,34.9007],[132.664,34.8897],[132.6746,34.8944],[132.6815,34.8843],[132.6998,34.8822],[132.7106,34.8499],[132.6987,34.8429],[132.6839,34.8514],[132.6752,34.8476],[132.6674,34.8323],[132.6598,34.8323],[132.6528,34.8402],[132.643,34.8376],[132.6196,34.8435],[132.6109,34.8378],[132.6125,34.8335],[132.5969,34.8307],[132.568,34.8065],[132.5541,34.8083],[132.5381,34.795],[132.5205,34.8036],[132.5051,34.796],[132.495,34.8014],[132.4835,34.7972],[132.4658,34.8017],[132.4366,34.821],[132.4212,34.8118],[132.4247,34.7991],[132.4145,34.7972],[132.3967,34.7794],[132.3814,34.7858],[132.383,34.7948],[132.3731,34.8012],[132.3338,34.79],[132.3158,34.8014],[132.3059,34.7933],[132.2987,34.777],[132.2896,34.7784],[132.2796,34.7844],[132.2747,34.8],[132.2596,34.8068],[132.2428,34.8067],[132.2384,34.8019],[132.243,34.798],[132.2429,34.7837],[132.2252,34.77],[132.2225,34.7497],[132.2099,34.7449],[132.2034,34.7488],[132.1957,34.7444],[132.1965,34.7386],[132.1847,34.7338],[132.1778,34.7366],[132.1431,34.7161],[132.1415,34.71],[132.1308,34.708],[132.1296,34.7],[132.1365,34.6949],[132.1575,34.6927],[132.1611,34.6881],[132.1344,34.6451],[132.1278,34.6418],[132.1308,34.6292],[132.1171,34.6115],[132.1206,34.6006],[132.1297,34.5955],[132.1255,34.5832],[132.1179,34.5783],[132.1137,34.5626],[132.084,34.5375],[132.0527,34.5303],[132.0471,34.5125],[132.0364,34.5013],[132.0522,34.4989],[132.0597,34.4923],[132.0581,34.4803],[132.0672,34.472],[132.081,34.4435],[132.0689,34.4163],[132.0746,34.402],[132.07,34.392],[132.0774,34.3892],[132.0751,34.3747],[132.0704,34.371],[132.0713,34.3554],[132.0853,34.3579],[132.1013,34.3453],[132.1055,34.3296],[132.1251,34.3338],[132.1295,34.327],[132.1239,34.3188],[132.1227,34.3116],[132.1292,34.3047],[132.124,34.2968],[132.1382,34.2879],[132.1397,34.2819],[132.1336,34.2724],[132.1464,34.2568],[132.1447,34.2364],[132.15,34.2372],[132.1565,34.2294],[132.1701,34.2338],[132.1711,34.2253],[132.1803,34.2299],[132.1935,34.2265],[132.1985,34.2304],[132.2001,34.2252],[132.203,34.2287],[132.2051,34.2252],[132.1933,34.207],[132.2102,34.2026],[132.2456,34.2107],[132.2475,34.215],[132.2389,34.2271],[132.2207,34.2328],[132.2274,34.2354],[132.2343,34.2588],[132.2821,34.286],[132.2873,34.2974],[132.319,34.3233],[132.3196,34.3377],[132.3268,34.3441],[132.3333,34.3441],[132.3368,34.3377],[132.3477,34.3414],[132.3461,34.3446],[132.3389,34.342],[132.3388,34.3464],[132.355,34.3488],[132.3542,34.3539],[132.347,34.3565],[132.3627,34.3587],[132.3647,34.3475],[132.3769,34.3524],[132.3751,34.3597],[132.3993,34.3654],[132.4132,34.3572],[132.4229,34.363],[132.4205,34.3592],[132.4367,34.3531]]]},"properties":{"N03_001":"広島県"}},{"type":"Feature","geometry":{"type":"Polygon","coordinates":[[[131.0678,34.0389],[131.0832,34.0337],[131.0844,34.0375],[131.096,34.0355],[131.1029,34.0308],[131.1185,34.0068],[131.1343,33.9926],[131.1385,33.9943],[131.1344,34.0033],[131.1506,34.0035],[131.1462,33.9954],[131.1555,33.9892],[131.1694,33.9965],[131.1606,33.9863],[131.167,33.9783],[131.161,33.9739],[131.1743,33.9733],[131.1629,33.9705],[131.1577,33.9553],[131.1784,33.9314],[131.1855,33.9316],[131.1848,33.939],[131.2105,33.9445],[131.2117,33.9583],[131.2191,33.9576],[131.2177,33.9498],[131.224,33.9491],[131.2275,33.9626],[131.2272,33.9448],[131.2153,33.9367],[131.2225,33.9338],[131.2312,33.9378],[131.239,33.9514],[131.2432,33.9386],[131.234,33.9364],[131.2326,33.9271],[131.2518,33.934],[131.2467,33.9314],[131.2506,33.9236],[131.2421,33.9198],[131.2534,33.9251],[131.2665,33.9229],[131.2926,33.9343],[131.29,33.9373],[131.2954,33.9417],[131.3001,33.9407],[131.3172,33.9547],[131.3334,33.9534],[131.3487,33.9662],[131.3558,33.9665],[131.3481,33.9817],[131.3782,34.0083],[131.3834,34.0219],[131.3718,34.0285],[131.3865,34.032],[131.3846,34.05],[131.3987,34.0493],[131.3944,34.0262],[131.415,34.0214],[131.4067,34.0139],[131.4014,33.9983],[131.3948,33.9959],[131.4058,33.9973],[131.4191,34.0154],[131.4273,34.0143],[131.4318,34.0067],[131.4238,33.9913],[131.4417,33.9829],[131.4421,33.9916],[131.4495,33.9954],[131.4611,33.988],[131.4636,33.9933],[131.4546,34.0023],[131.4795,34.0133],[131.4784,34.0174],[131.4698,34.0187],[131.4664,34.0287],[131.472,34.037],[131.4842,34.0282],[131.4876,34.0307],[131.5087,34.0229],[131.5156,34.0142],[131.5096,34.0036],[131.5218,34.0078],[131.5268,33.9994],[131.5402,33.9976],[131.5618,34.007],[131.5627,34.0127],[131.5754,34.0178],[131.5994,34.0386],[131.6042,34.0372],[131.6022,34.0277],[131.6114,34.0235],[131.6233,34.0397],[131.6348,34.0468],[131.6435,34.0468],[131.6462,34.039],[131.6689,34.0451],[131.6763,34.0429],[131.6786,34.0544],[131.698,34.0467],[131.7003,34.0556],[131.7097,34.0605],[131.7202,34.0573],[131.7516,34.0655],[131.7336,34.0489],[131.7372,34.0457],[131.7424,34.0524],[131.75,34.0471],[131.758,34.0486],[131.7596,34.0564],[131.7917,34.0539],[131.8008,34.0485],[131.7894,34.0424],[131.7811,34.0275],[131.7885,34.0247],[131.8023,34.0432],[131.826,34.0282],[131.8268,34.0235],[131.8148,34.0227],[131.8119,34.0159],[131.8044,34.0161],[131.7827,33.9952],[131.7874,33.9877],[131.7767,33.9852],[131.772,33.9778],[131.7894,33.9736],[131.7984,33.9772],[131.8102,33.9678],[131.8167,33.9696],[131.8219,33.9759],[131.8174,33.9762],[131.8161,33.9822],[131.7986,33.9822],[131.7947,33.9877],[131.8185,33.9931],[131.8328,34.0056],[131.8317,34.0114],[131.8594,34.0067],[131.8568,34.0018],[131.8624,34.0046],[131.8687,33.9983],[131.8649,33.9893],[131.8752,33.9905],[131.8827,33.9811],[131.9111,33.9715],[131.9364,33.9472],[131.957,33.9496],[131.9626,33.9451],[131.969,33.9328],[131.963,33.9282],[131.9648,33.9188],[131.9724,33.9168],[131.9695,33.9218],[131.9802,33.9298],[132.0251,33.9017],[132.0529,33.9158],[132.0527,33.9222],[132.0562,33.9208],[132.055,33.9127],[132.0449,33.9097],[132.074,33.9054],[132.0775,33.8931],[132.12,33.8755],[132.1132,33.8608],[132.1183,33.8469],[132.1155,33.8337],[132.1399,33.8318],[132.1574,33.8447],[132.1583,33.8597],[132.1463,33.8671],[132.1483,33.8746],[132.1285,33.8882],[132.1316,33.8947],[132.1268,33.8995],[132.1319,33.9101],[132.1251,33.926],[132.1266,33.9408],[132.1187,33.9491],[132.1209,33.9527],[132.1246,33.947],[132.1281,33.9572],[132.1527,33.9562],[132.1875,33.9632],[132.2129,34.002],[132.2207,34.0464],[132.2096,34.0593],[132.2112,34.083],[132.2003,34.1157],[132.2044,34.1162],[132.2032,34.1253],[132.2199,34.127],[132.2225,34.1311],[132.2315,34.127],[132.2363,34.1318],[132.2499,34.13],[132.2507,34.1655],[132.2353,34.1814],[132.2375,34.19],[132.232,34.1873],[132.2327,34.1957],[132.2468,34.2049],[132.2456,34.2107],[132.2102,34.2026],[132.2013,34.2078],[132.1976,34.2047],[132.1933,34.207],[132.2051,34.2252],[132.203,34.2287],[132.2001,34.2252],[132.1985,34.2304],[132.1935,34.2265],[132.1803,34.2299],[132.1711,34.2253],[132.1701,34.2338],[132.1565,34.2294],[132.15,34.2372],[132.1447,34.2364],[132.1464,34.2568],[132.1336,34.2724],[132.1397,34.2819],[132.1382,34.2879],[132.124,34.2968],[132.1292,34.3047],[132.1227,34.3116],[132.1239,34.3188],[132.1295,34.327],[132.1251,34.3338],[132.1055,34.3296],[132.1013,34.3453],[132.0853,34.3579],[132.0713,34.3554],[132.0704,34.371],[132.0751,34.3747],[132.0774,34.3892],[132.07,34.392],[132.0746,34.402],[132.0689,34.4163],[132.081,34.4435],[132.0686,34.4677],[132.0642,34.4689],[132.0391,34.4689],[132.0348,34.4634],[132.0233,34.4612],[132.0154,34.452],[132.0162,34.4375],[131.9975,34.4278],[131.9899,34.414],[132.0135,34.382],[132.0121,34.3674],[132.001,34.3662],[131.974,34.3411],[131.9742,34.329],[131.9608,34.3208],[131.9635,34.3136],[131.9587,34.3063],[131.9422,34.3253],[131.9189,34.338],[131.8998,34.3191],[131.8905,34.3243],[131.884,34.3213],[131.8864,34.3136],[131.8813,34.3086],[131.8603,34.3046],[131.8341,34.3112],[131.8314,34.3026],[131.8195,34.303],[131.8165,34.3102],[131.7965,34.3189],[131.7961,34.3266],[131.7776,34.3329],[131.7746,34.3375],[131.7795,34.3446],[131.778,34.3534],[131.7662,34.3649],[131.7635,34.3809],[131.7788,34.3986],[131.7848,34.3999],[131.7938,34.4362],[131.7614,34.4337],[131.7519,34.439],[131.7378,34.4286],[131.7296,34.4327],[131.7129,34.4285],[131.6974,34.4353],[131.6939,34.4436],[131.6991,34.4515],[131.6939,34.4657],[131.7,34.4747],[131.6934,34.4816],[131.6835,34.4785],[131.6821,34.4928],[131.668,34.5041],[131.6693,34.5107],[131.7067,34.5331],[131.7012,34.5387],[131.7051,34.5421],[131.7009,34.551],[131.706,34.5634],[131.7132,34.5628],[131.7273,34.5761],[131.7208,34.582],[131.7184,34.6134],[131.7067,34.6129],[131.6948,34.6207],[131.6989,34.6489],[131.6952,34.656],[131.6888,34.6568],[131.6899,34.6631],[131.6844,34.6672],[131.6906,34.681],[131.6847,34.6748],[131.6678,34.6756],[131.6703,34.6597],[131.6487,34.6534],[131.6443,34.6492],[131.6496,34.6471],[131.6476,34.6425],[131.6383,34.6468],[131.6433,34.6562],[131.6346,34.6645],[131.6123,34.6661],[131.602,34.6603],[131.5958,34.6462],[131.5917,34.6459],[131.5898,34.6341],[131.5911,34.6291],[131.6012,34.6312],[131.603,34.623],[131.5892,34.6192],[131.5795,34.6256],[131.58,34.6203],[131.5615,34.6184],[131.5548,34.6075],[131.5573,34.5995],[131.551,34.593],[131.556,34.5883],[131.5548,34.5799],[131.539,34.563],[131.5155,34.5526],[131.504,34.5339],[131.4809,34.5316],[131.4704,34.5333],[131.4668,34.5384],[131.4554,34.5255],[131.4525,34.5082],[131.4673,34.4976],[131.4619,34.4859],[131.4534,34.4802],[131.4477,34.4849],[131.4406,34.4832],[131.4463,34.4765],[131.415,34.4488],[131.3974,34.4588],[131.3963,34.4484],[131.4143,34.4463],[131.4216,34.4393],[131.4093,34.433],[131.4121,34.4265],[131.4008,34.428],[131.3914,34.4173],[131.3791,34.4221],[131.376,34.4154],[131.3616,34.4111],[131.3526,34.4112],[131.3484,34.4171],[131.3368,34.4163],[131.3278,34.406],[131.3252,34.3926],[131.3073,34.3872],[131.3047,34.3824],[131.2931,34.3803],[131.2719,34.3901],[131.2482,34.3815],[131.2247,34.3921],[131.2237,34.3789],[131.2153,34.3708],[131.2051,34.3749],[131.2076,34.3825],[131.1998,34.3975],[131.188,34.3806],[131.1691,34.3729],[131.1537,34.3731],[131.1434,34.3806],[131.1372,34.3927],[131.1396,34.3993],[131.1289,34.4126],[131.1118,34.4095],[131.1004,34.4187],[131.0744,34.4246],[131.0433,34.4103],[131.02,34.411],[131.005,34.415],[131.0033,34.4278],[130.9743,34.4401],[130.9702,34.4283],[130.9611,34.4276],[130.9588,34.4118],[130.9461,34.4032],[130.9396,34.4044],[130.9364,34.3946],[130.9402,34.3894],[130.9552,34.3891],[130.9566,34.3969],[130.9504,34.4004],[130.9585,34.4079],[130.98,34.3995],[131.0018,34.3986],[131.0167,34.4048],[131.021,34.3911],[131.029,34.3894],[131.0365,34.3789],[131.0338,34.3704],[131.0211,34.3748],[131.0056,34.3705],[131.0009,34.374],[130.967,34.3576],[130.9348,34.3518],[130.9311,34.3427],[130.9252,34.3423],[130.9261,34.3477],[130.9116,34.3543],[130.9058,34.3624],[130.8998,34.3607],[130.8992,34.3509],[130.8897,34.3443],[130.8957,34.3201],[130.8836,34.3059],[130.8847,34.2988],[130.8705,34.2938],[130.8669,34.2878],[130.8896,34.2726],[130.9004,34.2545],[130.9216,34.2395],[130.922,34.2247],[130.9162,34.2151],[130.9288,34.2128],[130.9335,34.1891],[130.9263,34.181],[130.9256,34.1697],[130.9132,34.158],[130.8982,34.153],[130.9046,34.1474],[130.9027,34.1406],[130.8917,34.1345],[130.8806,34.1418],[130.8775,34.1362],[130.8671,34.137],[130.8653,34.1144],[130.8608,34.1105],[130.8619,34.1041],[130.8728,34.0987],[130.8726,34.0906],[130.8814,34.0848],[130.878,34.0808],[130.8881,34.0721],[130.8871,34.0681],[130.8914,34.0646],[130.8956,34.0707],[130.9109,34.0617],[130.9149,34.0459],[130.9036,34.0252],[130.9163,34.0197],[130.9087,33.9925],[130.9169,33.9785],[130.9091,33.9553],[130.9205,33.951],[130.9143,33.9408],[130.9284,33.9384],[130.9246,33.9474],[130.938,33.9492],[130.995,33.989],[130.9988,33.9997],[131.0063,34.0031],[131.0005,34.0089],[131.0044,34.0145],[131.0117,34.0096],[131.0213,34.0201],[131.0155,34.0295],[131.0303,34.0391],[131.0284,34.0457],[131.0368,34.0571],[131.0479,34.0503],[131.0476,34.0422],[131.0678,34.0389]]]},"properties":{"N03_001":"山口県"}},{"type":"Feature","geometry":{"type":"Polygon","coordinates":[[[134.6074,34.1009],[134.6014,34.1073],[134.6043,34.1193],[134.6076,34.1255],[134.6234,34.1282],[134.6255,34.1365],[134.6185,34.1378],[134.6162,34.1444],[134.6419,34.18],[134.6244,34.1807],[134.5865,34.2013],[134.5824,34.2103],[134.5905,34.2241],[134.5861,34.2398],[134.566,34.2327],[134.5723,34.2226],[134.5056,34.2257],[134.4838,34.2188],[134.4718,34.2088],[134.4402,34.2079],[134.4389,34.1908],[134.4293,34.1833],[134.4339,34.1695],[134.4129,34.1569],[134.4042,34.167],[134.3855,34.1651],[134.3831,34.1721],[134.3757,34.1718],[134.358,34.1847],[134.3498,34.1853],[134.3442,34.1724],[134.3144,34.1772],[134.3081,34.1708],[134.3002,34.1703],[134.2922,34.1791],[134.2772,34.1765],[134.2603,34.1836],[134.2474,34.1787],[134.2206,34.1799],[134.2043,34.1727],[134.1731,34.1758],[134.1457,34.1645],[134.1353,34.1515],[134.1393,34.1341],[134.1223,34.1188],[134.0945,34.1146],[134.0796,34.1211],[134.0709,34.1127],[134.0614,34.111],[134.0499,34.1174],[134.04,34.1009],[134.0256,34.0919],[134.0263,34.0851],[134.0104,34.0868],[133.9939,34.0726],[133.973,34.073],[133.969,34.0813],[133.9591,34.0825],[133.9439,34.0945],[133.9444,34.1018],[133.9376,34.1082],[133.9398,34.1149],[133.9223,34.1144],[133.9031,34.1001],[133.8929,34.1082],[133.8671,34.1002],[133.863,34.1053],[133.8548,34.1042],[133.8422,34.095],[133.8341,34.0977],[133.8222,34.0922],[133.8202,34.074],[133.8001,34.0695],[133.7853,34.0798],[133.778,34.0789],[133.7495,34.0543],[133.729,34.0442],[133.7231,34.0365],[133.7213,34.0223],[133.7088,34.0154],[133.7003,34.0178],[133.6795,34.0125],[133.6857,34.0037],[133.6751,33.9837],[133.6806,33.9842],[133.6841,33.9764],[133.6803,33.9702],[133.683,33.9646],[133.6924,33.9625],[133.6871,33.9553],[133.6926,33.944],[133.6765,33.9329],[133.6757,33.9264],[133.6856,33.9257],[133.6879,33.9163],[133.6745,33.9032],[133.6779,33.8931],[133.6619,33.8858],[133.6629,33.8703],[133.6777,33.8585],[133.6949,33.8563],[133.7017,33.8498],[133.7402,33.8478],[133.7482,33.8368],[133.7758,33.8423],[133.7867,33.8408],[133.7886,33.8362],[133.8178,33.8373],[133.8285,33.8447],[133.8387,33.8452],[133.8535,33.8346],[133.8735,33.8059],[133.896,33.8024],[133.9011,33.7944],[133.9128,33.7914],[133.9249,33.8006],[133.9413,33.7992],[133.9475,33.8037],[133.9527,33.8155],[133.9511,33.8287],[133.9598,33.8347],[133.9875,33.8395],[133.9959,33.8219],[134.0328,33.8284],[134.0369,33.8203],[134.0333,33.8093],[134.0466,33.7991],[134.0459,33.79],[134.0553,33.7847],[134.0588,33.7767],[134.0561,33.7519],[134.0684,33.7284],[134.065,33.7195],[134.0701,33.7112],[134.0581,33.691],[134.1263,33.6959],[134.1486,33.6857],[134.1638,33.6881],[134.1748,33.684],[134.1755,33.6759],[134.169,33.6708],[134.1753,33.6616],[134.1713,33.6577],[134.1842,33.649],[134.1493,33.6271],[134.1549,33.623],[134.1521,33.6182],[134.1561,33.6117],[134.176,33.6071],[134.1706,33.597],[134.1847,33.5887],[134.1878,33.5758],[134.1954,33.5687],[134.1932,33.5616],[134.2187,33.5675],[134.2385,33.5529],[134.2872,33.5598],[134.314,33.5456],[134.3169,33.5577],[134.3087,33.5637],[134.3114,33.5767],[134.3224,33.5826],[134.3388,33.5781],[134.3627,33.5808],[134.3323,33.5844],[134.3642,33.5909],[134.3643,33.602],[134.3883,33.6196],[134.3881,33.6244],[134.3646,33.6243],[134.3625,33.6281],[134.3848,33.6414],[134.3899,33.6506],[134.3966,33.6505],[134.3959,33.6561],[134.4044,33.6598],[134.4137,33.6548],[134.4188,33.6654],[134.4232,33.6659],[134.425,33.6608],[134.4441,33.6665],[134.4882,33.6913],[134.5101,33.6984],[134.5432,33.7201],[134.5417,33.7343],[134.5508,33.7363],[134.5538,33.742],[134.5583,33.7335],[134.5657,33.7324],[134.5749,33.7534],[134.5699,33.7617],[134.5728,33.7657],[134.5815,33.7633],[134.5804,33.7701],[134.5937,33.7702],[134.5959,33.7648],[134.6023,33.7643],[134.6018,33.7721],[134.6202,33.7867],[134.6388,33.7847],[134.6697,33.802],[134.689,33.8055],[134.6954,33.8125],[134.7497,33.8346],[134.742,33.8421],[134.7212,33.8323],[134.7008,33.8362],[134.6798,33.8305],[134.688,33.839],[134.7186,33.8475],[134.6925,33.8482],[134.6903,33.8516],[134.6428,33.843],[134.6393,33.8455],[134.6462,33.8502],[134.645,33.8653],[134.6312,33.8567],[134.6357,33.8687],[134.6608,33.8758],[134.6534,33.8808],[134.6674,33.8793],[134.6693,33.8853],[134.6841,33.8921],[134.6885,33.901],[134.6959,33.9036],[134.7056,33.9259],[134.696,33.9517],[134.6649,33.9651],[134.6409,34.0063],[134.6261,34.009],[134.6249,34.004],[134.6313,33.9997],[134.622,33.989],[134.6094,33.9929],[134.6143,33.9968],[134.5999,33.9989],[134.5918,34.0079],[134.5918,34.016],[134.6005,34.0187],[134.5888,34.028],[134.591,34.0446],[134.5856,34.0523],[134.5969,34.068],[134.6074,34.1009]]]},"properties":{"N03_001":"徳島県"}},{"type":"Feature","geometry":{"type":"Polygon","coordinates":[[[134.1353,34.1515],[134.1457,34.1645],[134.1731,34.1758],[134.2043,34.1727],[134.2206,34.1799],[134.2474,34.1787],[134.2603,34.1836],[134.2772,34.1765],[134.2922,34.1791],[134.3002,34.1703],[134.3081,34.1708],[134.3144,34.1772],[134.3442,34.1724],[134.3481,34.1839],[134.358,34.1847],[134.3757,34.1718],[134.3831,34.1721],[134.3855,34.1651],[134.4042,34.167],[134.4129,34.1569],[134.4196,34.1579],[134.4339,34.1695],[134.4293,34.1833],[134.4389,34.1908],[134.4402,34.2079],[134.4099,34.223],[134.4068,34.2311],[134.4121,34.235],[134.3992,34.2365],[134.3937,34.2511],[134.3775,34.2606],[134.3769,34.2537],[134.3684,34.2498],[134.3468,34.2525],[134.3059,34.2785],[134.2881,34.2753],[134.2717,34.2891],[134.2624,34.2828],[134.2557,34.2871],[134.2467,34.3039],[134.2648,34.3191],[134.2618,34.3294],[134.2658,34.3366],[134.2585,34.3366],[134.2574,34.3453],[134.2501,34.3516],[134.2408,34.3404],[134.2262,34.342],[134.2183,34.3497],[134.2113,34.3691],[134.2043,34.3668],[134.2134,34.3499],[134.2088,34.3452],[134.1923,34.3439],[134.1901,34.3497],[134.1831,34.3517],[134.1869,34.346],[134.185,34.3336],[134.1782,34.3322],[134.174,34.3243],[134.1657,34.3261],[134.1557,34.3427],[134.1637,34.3826],[134.1595,34.3891],[134.1363,34.4003],[134.1197,34.3948],[134.1288,34.3861],[134.1164,34.3763],[134.1206,34.3595],[134.1153,34.3589],[134.1078,34.372],[134.0923,34.3846],[134.0907,34.3627],[134.0787,34.35],[134.0796,34.3592],[134.075,34.3618],[134.0747,34.3513],[134.0695,34.352],[134.0693,34.3622],[134.0633,34.3626],[134.0642,34.3576],[134.0552,34.3562],[134.0603,34.3509],[134.0473,34.3555],[134.0192,34.3529],[134.0032,34.3592],[133.9988,34.3546],[133.9781,34.3725],[133.9636,34.365],[133.9592,34.3776],[133.9474,34.3809],[133.9385,34.3757],[133.9388,34.3807],[133.9276,34.3897],[133.9176,34.3769],[133.9097,34.382],[133.9005,34.3777],[133.894,34.3824],[133.888,34.3752],[133.8949,34.3546],[133.8821,34.3441],[133.857,34.3307],[133.8578,34.3267],[133.8343,34.3249],[133.8304,34.3333],[133.8576,34.3458],[133.8579,34.3574],[133.8496,34.36],[133.8289,34.3421],[133.8405,34.3607],[133.8207,34.3513],[133.8227,34.3256],[133.8293,34.3235],[133.8193,34.321],[133.7897,34.2987],[133.7827,34.3107],[133.7721,34.306],[133.7787,34.3003],[133.7753,34.2965],[133.7684,34.3038],[133.7619,34.2999],[133.7681,34.2878],[133.757,34.2851],[133.7517,34.2787],[133.7468,34.2854],[133.7404,34.2819],[133.7471,34.2773],[133.7439,34.2718],[133.7359,34.2811],[133.7313,34.2787],[133.7356,34.2614],[133.7019,34.236],[133.6816,34.234],[133.674,34.222],[133.6785,34.2363],[133.6752,34.2369],[133.6724,34.2269],[133.6681,34.233],[133.6743,34.2427],[133.6716,34.2465],[133.6491,34.2328],[133.6339,34.2389],[133.6229,34.2356],[133.609,34.2524],[133.5914,34.2553],[133.5878,34.2609],[133.574,34.2651],[133.5578,34.2625],[133.5757,34.2565],[133.5736,34.252],[133.5793,34.2507],[133.5751,34.2443],[133.6038,34.2344],[133.6094,34.2234],[133.6349,34.2099],[133.6435,34.1915],[133.6482,34.1917],[133.6454,34.1589],[133.64,34.1541],[133.6392,34.1248],[133.628,34.119],[133.6369,34.1139],[133.6381,34.0923],[133.6316,34.0802],[133.6312,34.0601],[133.6228,34.0494],[133.5985,34.0436],[133.6133,34.0323],[133.6269,34.0378],[133.6395,34.0259],[133.6654,34.0271],[133.6795,34.0125],[133.7003,34.0178],[133.7088,34.0154],[133.7213,34.0223],[133.7231,34.0365],[133.729,34.0442],[133.7495,34.0543],[133.778,34.0789],[133.7853,34.0798],[133.8001,34.0695],[133.8202,34.074],[133.8222,34.0922],[133.8341,34.0977],[133.8422,34.095],[133.8548,34.1042],[133.863,34.1053],[133.8671,34.1002],[133.8929,34.1082],[133.9031,34.1001],[133.9223,34.1144],[133.9398,34.1149],[133.9376,34.1082],[133.9444,34.1018],[133.9439,34.0945],[133.9591,34.0825],[133.969,34.0813],[133.973,34.073],[133.9939,34.0726],[134.0104,34.0868],[134.0263,34.0851],[134.0256,34.0919],[134.04,34.1009],[134.0499,34.1174],[134.0614,34.111],[134.0709,34.1127],[134.0796,34.1211],[134.0945,34.1146],[134.1223,34.1188],[134.1393,34.1341],[134.1353,34.1515]]]},"properties":{"N03_001":"香川県"}},{"type":"Feature","geometry":{"type":"Polygon","coordinates":[[[132.6858,33.805],[132.6924,33.7948],[132.6881,33.7932],[132.6899,33.7883],[132.6992,33.7867],[132.7,33.761],[132.6799,33.7458],[132.6594,33.7035],[132.6465,33.6922],[132.586,33.6536],[132.5107,33.6274],[132.5081,33.6303],[132.4901,33.6175],[132.4785,33.6168],[132.4746,33.6071],[132.457,33.5951],[132.456,33.5885],[132.4335,33.5685],[132.4337,33.5596],[132.4243,33.5492],[132.3953,33.5362],[132.391,33.5292],[132.3575,33.5159],[132.3417,33.5037],[132.308,33.4927],[132.3071,33.4874],[132.2953,33.4873],[132.2796,33.475],[132.2727,33.4775],[132.2586,33.4725],[132.265,33.4686],[132.2648,33.4564],[132.2597,33.4499],[132.2434,33.459],[132.2469,33.4651],[132.2402,33.4649],[132.2397,33.46],[132.2258,33.4591],[132.2246,33.4445],[132.2109,33.4454],[132.1996,33.4561],[132.1942,33.442],[132.1828,33.4485],[132.1739,33.4468],[132.1738,33.4263],[132.1563,33.4377],[132.148,33.434],[132.1697,33.4187],[132.1652,33.411],[132.1533,33.4071],[132.1383,33.4211],[132.1362,33.4065],[132.131,33.4054],[132.1241,33.4202],[132.1201,33.4199],[132.1079,33.4085],[132.0844,33.3981],[132.0795,33.3886],[132.0392,33.3665],[132.028,33.3508],[132.0182,33.3478],[132.0178,33.3447],[132.0258,33.3444],[132.0684,33.3765],[132.1141,33.391],[132.1208,33.3883],[132.1204,33.3812],[132.112,33.3793],[132.1176,33.3727],[132.1039,33.3734],[132.1033,33.3619],[132.1291,33.3636],[132.1347,33.3704],[132.1522,33.3759],[132.1532,33.3889],[132.1837,33.4126],[132.2029,33.4149],[132.2203,33.4249],[132.2371,33.4255],[132.2553,33.4413],[132.2806,33.4471],[132.2863,33.462],[132.2951,33.4649],[132.2998,33.4747],[132.3065,33.4733],[132.3174,33.457],[132.3243,33.473],[132.3531,33.4737],[132.3426,33.486],[132.3494,33.4875],[132.3701,33.4743],[132.3729,33.4631],[132.3776,33.4618],[132.3828,33.4744],[132.3903,33.477],[132.402,33.4711],[132.4,33.4656],[132.3904,33.4683],[132.3877,33.4594],[132.4082,33.4577],[132.417,33.4618],[132.4176,33.4559],[132.4081,33.4465],[132.3886,33.4423],[132.4162,33.4429],[132.4041,33.4306],[132.4067,33.4255],[132.3955,33.4294],[132.3863,33.4198],[132.3939,33.4132],[132.3896,33.4044],[132.3965,33.3971],[132.3788,33.3848],[132.3901,33.3652],[132.4035,33.3709],[132.4106,33.384],[132.4194,33.3831],[132.4102,33.3641],[132.4204,33.3566],[132.4092,33.3532],[132.4095,33.3432],[132.4002,33.3471],[132.3888,33.3377],[132.3764,33.3371],[132.3706,33.3186],[132.3923,33.3195],[132.399,33.3165],[132.4006,33.3093],[132.4167,33.3037],[132.4231,33.3042],[132.4297,33.3192],[132.452,33.309],[132.4625,33.3106],[132.4671,33.3187],[132.4866,33.3176],[132.4908,33.3252],[132.4982,33.3118],[132.5121,33.3189],[132.5265,33.3128],[132.5282,33.3066],[132.5242,33.3042],[132.5084,33.3061],[132.4831,33.2896],[132.4838,33.2822],[132.4728,33.2722],[132.4752,33.2681],[132.4697,33.2572],[132.4751,33.2566],[132.4769,33.2633],[132.484,33.2663],[132.4757,33.2698],[132.4829,33.2749],[132.4889,33.2693],[132.5009,33.2701],[132.5067,33.2597],[132.5429,33.2704],[132.5409,33.2587],[132.52,33.2497],[132.5231,33.2451],[132.5307,33.2457],[132.5388,33.2351],[132.55,33.2339],[132.5544,33.2223],[132.5395,33.2269],[132.5393,33.2161],[132.5119,33.2133],[132.5036,33.2027],[132.5055,33.1966],[132.4904,33.1951],[132.5003,33.1905],[132.5068,33.1946],[132.5098,33.176],[132.5149,33.1725],[132.5013,33.1701],[132.5045,33.1752],[132.4988,33.1802],[132.4967,33.1713],[132.4867,33.1644],[132.4772,33.1698],[132.4838,33.1748],[132.4803,33.1754],[132.4835,33.1809],[132.4702,33.1764],[132.4582,33.1844],[132.4546,33.2037],[132.4596,33.2079],[132.4553,33.2094],[132.4511,33.2024],[132.4442,33.2011],[132.4337,33.2097],[132.4227,33.211],[132.3952,33.2063],[132.3895,33.198],[132.3987,33.195],[132.3956,33.1872],[132.401,33.1847],[132.4151,33.1904],[132.4178,33.1973],[132.4102,33.1957],[132.4036,33.2054],[132.4146,33.204],[132.4201,33.2084],[132.4311,33.2031],[132.4391,33.188],[132.4479,33.1919],[132.4471,33.1847],[132.4641,33.1704],[132.4365,33.1697],[132.434,33.1584],[132.4253,33.1553],[132.443,33.1486],[132.4421,33.1379],[132.4519,33.1318],[132.4536,33.1425],[132.4594,33.1377],[132.4673,33.1411],[132.4735,33.1357],[132.5003,33.1371],[132.4998,33.1272],[132.4992,33.1204],[132.4837,33.1247],[132.4808,33.1197],[132.4625,33.1269],[132.4576,33.1214],[132.4675,33.1175],[132.4662,33.112],[132.4751,33.1071],[132.4709,33.0994],[132.4797,33.0988],[132.4612,33.0862],[132.4704,33.0836],[132.4653,33.0772],[132.4711,33.0713],[132.4765,33.0831],[132.4868,33.0674],[132.4842,33.0569],[132.4796,33.0566],[132.4781,33.0648],[132.4487,33.0554],[132.4444,33.0651],[132.444,33.0572],[132.4282,33.0567],[132.4249,33.0673],[132.4129,33.0631],[132.4136,33.0723],[132.4059,33.0696],[132.4053,33.0608],[132.3972,33.0573],[132.4049,33.0474],[132.403,33.0398],[132.3952,33.0388],[132.3961,33.0283],[132.3786,33.0229],[132.3832,33.0183],[132.3936,33.0199],[132.4048,33.0291],[132.4106,33.0268],[132.4041,33.0346],[132.4098,33.0459],[132.4075,33.0549],[132.412,33.0566],[132.4375,33.0517],[132.4523,33.0352],[132.4555,33.0389],[132.4496,33.048],[132.4708,33.0493],[132.4689,33.0407],[132.4804,33.0495],[132.4859,33.0422],[132.4815,33.0279],[132.4849,33.0107],[132.4905,33.0109],[132.495,33.0184],[132.496,33.0121],[132.506,33.0049],[132.5006,32.9938],[132.5112,32.9767],[132.5422,32.9701],[132.5539,32.9602],[132.5503,32.9569],[132.531,32.9657],[132.5165,32.9609],[132.5152,32.9664],[132.4996,32.9651],[132.5015,32.9732],[132.4962,32.9772],[132.5009,32.9795],[132.4957,32.9857],[132.4849,32.9806],[132.4867,32.9734],[132.4717,32.9686],[132.5028,32.956],[132.4998,32.9485],[132.4943,32.9479],[132.4938,32.9407],[132.4816,32.9382],[132.4656,32.9425],[132.4605,32.9382],[132.4712,32.9345],[132.4735,32.9234],[132.4775,32.9223],[132.4773,32.9095],[132.4722,32.9075],[132.4764,32.9046],[132.5153,32.9032],[132.5216,32.9083],[132.5189,32.9103],[132.5259,32.9137],[132.5271,32.9198],[132.505,32.9147],[132.4972,32.9194],[132.5243,32.9338],[132.5151,32.9415],[132.5044,32.943],[132.5127,32.9501],[132.5378,32.9471],[132.5399,32.9362],[132.5659,32.9303],[132.5499,32.9389],[132.5481,32.9449],[132.5718,32.9461],[132.5776,32.9391],[132.5931,32.9458],[132.5968,32.9433],[132.5861,32.9346],[132.5923,32.9239],[132.5987,32.9229],[132.599,32.9126],[132.6279,32.924],[132.6473,32.9281],[132.6555,32.9252],[132.6525,32.9392],[132.6834,32.9468],[132.6835,32.9631],[132.6915,32.9736],[132.6814,32.9938],[132.6867,32.9973],[132.6757,33.0167],[132.678,33.038],[132.6577,33.0571],[132.6695,33.0712],[132.6693,33.0924],[132.6633,33.1091],[132.6466,33.1156],[132.6375,33.1324],[132.6282,33.1348],[132.6323,33.1492],[132.6149,33.1693],[132.6194,33.1809],[132.6357,33.1864],[132.6387,33.1736],[132.6467,33.1719],[132.6624,33.1544],[132.6736,33.15],[132.6869,33.1348],[132.6958,33.1376],[132.6986,33.1464],[132.7106,33.1532],[132.7378,33.1822],[132.7406,33.2013],[132.768,33.2033],[132.7759,33.2084],[132.7709,33.221],[132.7749,33.234],[132.7719,33.2411],[132.7931,33.2748],[132.8577,33.2932],[132.8725,33.3049],[132.8985,33.3147],[132.9035,33.331],[132.8901,33.3575],[132.86,33.3685],[132.853,33.3882],[132.8545,33.3983],[132.8354,33.4006],[132.8316,33.4089],[132.834,33.4202],[132.8249,33.4229],[132.8234,33.4298],[132.8266,33.4456],[132.8081,33.4539],[132.8111,33.4661],[132.8475,33.4792],[132.8737,33.471],[132.8939,33.4725],[132.9152,33.4677],[132.9442,33.4719],[132.9596,33.4663],[133.0154,33.481],[133.0134,33.4906],[133.0343,33.5118],[133.0379,33.5264],[133.0592,33.5387],[133.0626,33.5454],[133.0623,33.5615],[133.0468,33.5752],[133.0546,33.5935],[133.0796,33.6087],[133.0672,33.6226],[133.075,33.6506],[133.0908,33.6578],[133.1165,33.6601],[133.1215,33.674],[133.1192,33.6886],[133.1253,33.6983],[133.1446,33.7047],[133.1398,33.7157],[133.1612,33.7315],[133.1578,33.7503],[133.1837,33.7681],[133.1927,33.7938],[133.2037,33.7947],[133.2198,33.7804],[133.2369,33.7827],[133.2572,33.7939],[133.2692,33.8256],[133.2842,33.8318],[133.3103,33.8159],[133.3263,33.8148],[133.3558,33.8344],[133.3917,33.8244],[133.4008,33.8362],[133.4121,33.8391],[133.4412,33.8337],[133.4705,33.8368],[133.4995,33.8292],[133.5079,33.8359],[133.5097,33.8483],[133.5181,33.8473],[133.5264,33.8537],[133.5264,33.8621],[133.5362,33.8661],[133.5402,33.8787],[133.5499,33.882],[133.5571,33.8822],[133.5711,33.8703],[133.583,33.8677],[133.5962,33.8798],[133.6111,33.8808],[133.6273,33.872],[133.6441,33.883],[133.6607,33.8818],[133.6779,33.8931],[133.6745,33.9032],[133.6879,33.9163],[133.6856,33.9257],[133.6757,33.9264],[133.6765,33.9329],[133.6926,33.944],[133.6871,33.9553],[133.6924,33.9625],[133.683,33.9646],[133.6803,33.9702],[133.6841,33.9764],[133.6806,33.9842],[133.6751,33.9837],[133.6857,34.0037],[133.6782,34.0182],[133.6654,34.0271],[133.6395,34.0259],[133.6269,34.0378],[133.6133,34.0323],[133.5985,34.0436],[133.5906,34.0335],[133.5785,34.0313],[133.5799,34.0239],[133.568,34.0202],[133.5613,34.009],[133.5517,34.013],[133.549,34.0106],[133.5556,34.001],[133.5461,34.0078],[133.5411,34.0033],[133.552,33.9956],[133.5469,33.989],[133.5429,33.9878],[133.5393,33.9941],[133.5336,33.9884],[133.5398,33.9862],[133.5379,33.9833],[133.5326,33.987],[133.5161,33.9755],[133.5184,33.9726],[133.4905,33.9693],[133.4666,33.9746],[133.4535,33.9841],[133.4144,33.9859],[133.4106,33.9906],[133.3933,33.9904],[133.3823,33.9837],[133.3564,33.9792],[133.3461,33.9905],[133.3369,33.9921],[133.3374,33.9838],[133.333,33.9837],[133.3332,33.9907],[133.3205,33.9942],[133.3059,33.9828],[133.2857,33.9803],[133.2801,33.9864],[133.2769,33.9807],[133.2703,33.9836],[133.267,33.9802],[133.2726,33.9778],[133.2638,33.9699],[133.2637,33.9612],[133.2609,33.9798],[133.2557,33.9807],[133.2485,33.9749],[133.2491,33.9607],[133.2342,33.9521],[133.1993,33.9462],[133.198,33.9359],[133.1958,33.946],[133.1887,33.9443],[133.1859,33.9495],[133.1782,33.9476],[133.1804,33.9419],[133.1719,33.9399],[133.1768,33.9307],[133.1716,33.9279],[133.1679,33.9382],[133.133,33.9273],[133.1259,33.9317],[133.1258,33.9415],[133.1168,33.9258],[133.1123,33.9305],[133.1193,33.9411],[133.1078,33.9478],[133.1012,33.9407],[133.0939,33.9484],[133.0883,33.9454],[133.085,33.9575],[133.0679,33.9753],[133.0647,33.9736],[133.0611,33.9791],[133.0666,33.9827],[133.03,34.0461],[133.0343,34.049],[133.0315,34.053],[133.0253,34.05],[133.0228,34.0626],[133.0068,34.0659],[132.9847,34.0976],[132.9774,34.1164],[132.9692,34.1096],[132.9654,34.1188],[132.9531,34.1239],[132.943,34.1396],[132.9353,34.1255],[132.9237,34.116],[132.9162,34.1206],[132.8947,34.1182],[132.8993,34.1099],[132.9031,34.1133],[132.9262,34.1094],[132.9302,34.0884],[132.9203,34.0871],[132.9222,34.0746],[132.9164,34.0636],[132.8988,34.0667],[132.8858,34.0586],[132.8651,34.0592],[132.8574,34.0547],[132.8554,34.046],[132.8436,34.0433],[132.8374,34.0335],[132.8305,34.0336],[132.8007,34.0105],[132.7861,34.009],[132.7706,33.9966],[132.7743,33.9923],[132.7698,33.9762],[132.7715,33.9611],[132.7552,33.9113],[132.7402,33.9037],[132.7107,33.9067],[132.7,33.8767],[132.7075,33.8745],[132.7125,33.8588],[132.7104,33.8541],[132.6962,33.852],[132.7008,33.8388],[132.6873,33.8341],[132.6929,33.8242],[132.689,33.818],[132.693,33.8169],[132.6897,33.8092],[132.6846,33.8134],[132.6858,33.805]]]},"properties":{"N03_001":"愛媛県"}},{"type":"Feature","geometry":{"type":"Polygon","coordinates":[[[133.6014,33.5196],[133.6996,33.5367],[133.7382,33.5381],[133.7559,33.5315],[133.7544,33.5205],[133.77,33.5158],[133.8298,33.5141],[133.8436,33.5062],[133.8806,33.5026],[133.9319,33.4886],[133.9443,33.4753],[133.9416,33.4634],[133.9586,33.4425],[133.993,33.4279],[134.0153,33.4239],[134.0287,33.4144],[134.0378,33.3925],[134.0338,33.3784],[134.039,33.3706],[134.0537,33.3684],[134.0808,33.3371],[134.0995,33.3297],[134.1055,33.3229],[134.1073,33.2986],[134.1116,33.2939],[134.1296,33.299],[134.1434,33.2907],[134.1644,33.2661],[134.1764,33.2432],[134.185,33.2641],[134.1865,33.2924],[134.1985,33.3297],[134.2001,33.3502],[134.2119,33.3773],[134.2119,33.4006],[134.2416,33.4507],[134.2421,33.4639],[134.2704,33.5028],[134.2899,33.5204],[134.2837,33.5214],[134.2856,33.531],[134.2957,33.5417],[134.2998,33.5378],[134.3007,33.5467],[134.3059,33.5484],[134.3037,33.5539],[134.2872,33.5598],[134.2385,33.5529],[134.2187,33.5675],[134.1932,33.5616],[134.1954,33.5687],[134.1878,33.5758],[134.1847,33.5887],[134.1706,33.597],[134.176,33.6071],[134.1561,33.6117],[134.1521,33.6182],[134.1549,33.623],[134.1493,33.6271],[134.1842,33.649],[134.1713,33.6577],[134.1753,33.6616],[134.169,33.6708],[134.1755,33.6759],[134.1748,33.684],[134.1638,33.6881],[134.1486,33.6857],[134.1263,33.6959],[134.0581,33.691],[134.0701,33.7112],[134.065,33.7195],[134.0684,33.7284],[134.0561,33.7519],[134.0588,33.7767],[134.0553,33.7847],[134.0459,33.79],[134.0466,33.7991],[134.0333,33.8093],[134.0369,33.8203],[134.0328,33.8284],[133.9959,33.8219],[133.9831,33.8408],[133.9511,33.8287],[133.9512,33.8105],[133.9413,33.7992],[133.9249,33.8006],[133.9128,33.7914],[133.9011,33.7944],[133.896,33.8024],[133.8735,33.8059],[133.8535,33.8346],[133.8387,33.8452],[133.8285,33.8447],[133.8178,33.8373],[133.7886,33.8362],[133.7867,33.8408],[133.7758,33.8423],[133.7482,33.8368],[133.7402,33.8478],[133.7017,33.8498],[133.6949,33.8563],[133.6777,33.8585],[133.6629,33.8703],[133.6607,33.8818],[133.6441,33.883],[133.6273,33.872],[133.6111,33.8808],[133.5962,33.8798],[133.583,33.8677],[133.5711,33.8703],[133.5571,33.8822],[133.5499,33.882],[133.5402,33.8787],[133.5362,33.8661],[133.5264,33.8621],[133.5264,33.8537],[133.5181,33.8473],[133.5097,33.8483],[133.5079,33.8359],[133.4995,33.8292],[133.4705,33.8368],[133.4412,33.8337],[133.4121,33.8391],[133.4008,33.8362],[133.3917,33.8244],[133.3558,33.8344],[133.3263,33.8148],[133.3103,33.8159],[133.2842,33.8318],[133.2692,33.8256],[133.2572,33.7939],[133.2369,33.7827],[133.2198,33.7804],[133.2037,33.7947],[133.1927,33.7938],[133.1837,33.7681],[133.1578,33.7503],[133.1612,33.7315],[133.1398,33.7157],[133.1446,33.7047],[133.1253,33.6983],[133.1192,33.6886],[133.1215,33.674],[133.1165,33.6601],[133.0908,33.6578],[133.075,33.6506],[133.0672,33.6226],[133.0796,33.6087],[133.0546,33.5935],[133.0468,33.5752],[133.0623,33.5615],[133.0626,33.5454],[133.0592,33.5387],[133.0379,33.5264],[133.0343,33.5118],[133.0134,33.4906],[133.0154,33.481],[132.9596,33.4663],[132.9442,33.4719],[132.9152,33.4677],[132.8939,33.4725],[132.8737,33.471],[132.8475,33.4792],[132.823,33.4729],[132.807,33.4608],[132.8081,33.4539],[132.8266,33.4456],[132.8234,33.4298],[132.8249,33.4229],[132.834,33.4202],[132.8316,33.4089],[132.8354,33.4006],[132.8545,33.3983],[132.853,33.3882],[132.86,33.3685],[132.8838,33.3623],[132.9004,33.3437],[132.9035,33.331],[132.8985,33.3147],[132.8725,33.3049],[132.8497,33.2896],[132.7931,33.2748],[132.7719,33.2411],[132.7749,33.234],[132.7709,33.221],[132.7759,33.2084],[132.768,33.2033],[132.7406,33.2013],[132.7378,33.1822],[132.7106,33.1532],[132.6986,33.1464],[132.6958,33.1376],[132.6869,33.1348],[132.6736,33.15],[132.6624,33.1544],[132.6467,33.1719],[132.6387,33.1736],[132.6357,33.1864],[132.6194,33.1809],[132.6149,33.1693],[132.6323,33.1492],[132.6282,33.1348],[132.6375,33.1324],[132.6466,33.1156],[132.6633,33.1091],[132.6693,33.0924],[132.6695,33.0712],[132.6577,33.0571],[132.678,33.038],[132.6757,33.0167],[132.6867,32.9973],[132.6814,32.9938],[132.6915,32.9736],[132.6835,32.9631],[132.6834,32.9468],[132.6525,32.9392],[132.6555,32.9252],[132.6667,32.9191],[132.6837,32.923],[132.6861,32.9198],[132.6894,32.9266],[132.6968,32.9266],[132.6943,32.9215],[132.6982,32.9184],[132.7083,32.926],[132.7171,32.9086],[132.7129,32.9076],[132.714,32.9029],[132.7219,32.8991],[132.7197,32.894],[132.7063,32.8969],[132.7059,32.8935],[132.721,32.8776],[132.7136,32.8753],[132.7159,32.8797],[132.7048,32.8881],[132.6924,32.884],[132.6905,32.8749],[132.6648,32.8601],[132.6609,32.8534],[132.6686,32.8415],[132.6588,32.838],[132.6646,32.8326],[132.6563,32.8238],[132.6534,32.8283],[132.6505,32.8205],[132.644,32.8198],[132.6525,32.8064],[132.6495,32.8009],[132.6292,32.801],[132.6347,32.79],[132.6439,32.7878],[132.6434,32.7839],[132.634,32.7837],[132.6404,32.7695],[132.6288,32.7661],[132.6304,32.7619],[132.6514,32.7683],[132.6477,32.7739],[132.6546,32.7811],[132.6679,32.7843],[132.682,32.7813],[132.6908,32.7883],[132.6949,32.7853],[132.6965,32.7893],[132.6872,32.7915],[132.7105,32.799],[132.7141,32.7942],[132.7187,32.7971],[132.7293,32.7788],[132.7434,32.7729],[132.758,32.753],[132.7726,32.761],[132.7792,32.7542],[132.7864,32.757],[132.7893,32.7496],[132.8019,32.7479],[132.8037,32.7526],[132.8155,32.7533],[132.8165,32.7619],[132.8238,32.7607],[132.8354,32.769],[132.8397,32.7815],[132.8527,32.7868],[132.8645,32.7895],[132.8715,32.7857],[132.8712,32.7765],[132.866,32.7734],[132.8696,32.7676],[132.8792,32.7705],[132.8759,32.7751],[132.8804,32.783],[132.875,32.7875],[132.8795,32.7897],[132.9121,32.7879],[132.9205,32.7812],[132.9385,32.7865],[132.9455,32.7659],[132.9589,32.7782],[132.9656,32.7751],[132.953,32.7656],[132.9539,32.7592],[132.9639,32.7579],[132.9629,32.7534],[132.9692,32.7515],[132.9713,32.7449],[132.9657,32.7384],[132.966,32.7293],[132.9935,32.7313],[133.0004,32.7227],[133.0196,32.7236],[133.0221,32.729],[133.0142,32.7548],[133.0179,32.7615],[133.0103,32.7675],[133.0027,32.7871],[132.9655,32.799],[132.9519,32.813],[132.9518,32.8253],[132.9607,32.8288],[132.9543,32.8343],[132.956,32.85],[132.9494,32.8575],[132.9592,32.8601],[132.961,32.8647],[132.9872,32.868],[132.9934,32.8623],[133.002,32.8798],[133.0094,32.8812],[133.0088,32.912],[132.9979,32.9225],[132.9947,32.9317],[133.0,32.9461],[132.993,32.9523],[133.0039,32.9764],[132.9993,32.9803],[133.0083,33.0093],[133.0186,33.0232],[133.0349,33.0364],[133.0562,33.0391],[133.0725,33.0375],[133.0812,33.0276],[133.0945,33.0236],[133.0993,33.0581],[133.1089,33.0626],[133.1052,33.0731],[133.1181,33.0864],[133.1384,33.0941],[133.1706,33.1504],[133.1919,33.1674],[133.207,33.165],[133.2054,33.1593],[133.2121,33.1481],[133.223,33.1533],[133.219,33.1669],[133.2216,33.1739],[133.2105,33.1837],[133.2153,33.1923],[133.2358,33.1982],[133.2392,33.2167],[133.2561,33.2252],[133.2495,33.2329],[133.2561,33.2378],[133.2477,33.244],[133.2477,33.2496],[133.2555,33.2497],[133.2642,33.2573],[133.2556,33.2667],[133.2602,33.2773],[133.2576,33.2807],[133.2497,33.2753],[133.2421,33.2763],[133.2459,33.292],[133.2385,33.2971],[133.2605,33.3099],[133.2316,33.3241],[133.2381,33.3324],[133.2561,33.3328],[133.26,33.3414],[133.2638,33.3406],[133.2602,33.3476],[133.2647,33.3591],[133.2588,33.3633],[133.2616,33.3692],[133.281,33.3766],[133.2827,33.3863],[133.2956,33.3896],[133.2882,33.4025],[133.2911,33.4051],[133.3038,33.3905],[133.29,33.3831],[133.2995,33.3788],[133.2991,33.375],[133.3041,33.3799],[133.3104,33.376],[133.3202,33.383],[133.3245,33.3792],[133.3242,33.3656],[133.3159,33.365],[133.3185,33.3558],[133.3279,33.3653],[133.328,33.3715],[133.3321,33.3716],[133.3296,33.3874],[133.3457,33.4009],[133.389,33.4056],[133.3934,33.4019],[133.4015,33.4046],[133.408,33.3985],[133.411,33.4096],[133.4415,33.4139],[133.4456,33.4212],[133.457,33.4198],[133.4624,33.4294],[133.4575,33.4334],[133.4416,33.4394],[133.4344,33.4282],[133.4243,33.429],[133.4164,33.4391],[133.4075,33.4237],[133.4041,33.4256],[133.3997,33.4194],[133.3982,33.4236],[133.3918,33.4173],[133.3861,33.4214],[133.3848,33.413],[133.3693,33.4233],[133.3663,33.4071],[133.3597,33.4077],[133.3648,33.4114],[133.362,33.4153],[133.3511,33.4161],[133.3699,33.4305],[133.3875,33.4318],[133.3872,33.4276],[133.4068,33.4336],[133.3979,33.4453],[133.4057,33.4476],[133.4109,33.4431],[133.4214,33.45],[133.4238,33.44],[133.4322,33.4372],[133.4472,33.4517],[133.4592,33.4486],[133.5143,33.4756],[133.5728,33.4955],[133.5772,33.5008],[133.563,33.4965],[133.557,33.5052],[133.5597,33.5085],[133.5535,33.51],[133.5462,33.5229],[133.561,33.5302],[133.5605,33.5421],[133.5714,33.5391],[133.5654,33.5311],[133.5648,33.5146],[133.5695,33.5154],[133.5643,33.5012],[133.5841,33.513],[133.5882,33.5089],[133.5908,33.516],[133.6014,33.5196]]]},"properties":{"N03_001":"高知県"}},{"type":"Feature","geometry":{"type":"Polygon","coordinates":[[[130.9151,33.8958],[130.8878,33.8885],[130.8881,33.8934],[130.8815,33.8919],[130.893,33.8963],[130.8878,33.9021],[130.871,33.8994],[130.8842,33.9052],[130.8718,33.916],[130.8548,33.9087],[130.8533,33.9039],[130.852,33.9101],[130.8691,33.9175],[130.8666,33.9205],[130.8505,33.9149],[130.8483,33.9193],[130.8576,33.9244],[130.855,33.9295],[130.8248,33.9205],[130.8227,33.9036],[130.8057,33.8917],[130.8058,33.8756],[130.8001,33.8754],[130.8047,33.8816],[130.8036,33.8906],[130.7823,33.8782],[130.7823,33.882],[130.7499,33.8739],[130.7444,33.8877],[130.7537,33.8782],[130.7838,33.8859],[130.7695,33.8892],[130.7958,33.8904],[130.8143,33.9022],[130.8167,33.9142],[130.8097,33.9181],[130.8174,33.917],[130.8186,33.923],[130.8074,33.9315],[130.7775,33.9343],[130.7753,33.9272],[130.7571,33.9204],[130.7516,33.9232],[130.7688,33.9291],[130.7688,33.9339],[130.7601,33.9339],[130.7601,33.9396],[130.7688,33.9406],[130.7687,33.9473],[130.7526,33.9452],[130.7526,33.932],[130.7396,33.9319],[130.738,33.927],[130.7127,33.9386],[130.6874,33.9344],[130.6824,33.9243],[130.6621,33.9134],[130.6632,33.9011],[130.6297,33.8833],[130.5771,33.8784],[130.5697,33.8803],[130.5627,33.8902],[130.5293,33.8879],[130.5282,33.8734],[130.5215,33.8631],[130.4957,33.852],[130.482,33.8535],[130.4782,33.8279],[130.4658,33.8117],[130.452,33.8108],[130.4483,33.8171],[130.444,33.8154],[130.4512,33.8016],[130.4459,33.7907],[130.4503,33.7848],[130.4657,33.7857],[130.4708,33.7742],[130.4674,33.7538],[130.4582,33.7362],[130.4322,33.7161],[130.4213,33.7184],[130.4163,33.7028],[130.3869,33.6788],[130.3463,33.6619],[130.325,33.6601],[130.3338,33.6493],[130.3394,33.6519],[130.3613,33.6442],[130.3603,33.6583],[130.3684,33.6651],[130.3985,33.671],[130.4051,33.6747],[130.4035,33.6811],[130.4305,33.6868],[130.4319,33.6786],[130.4256,33.675],[130.4345,33.6622],[130.405,33.6522],[130.4218,33.6467],[130.4205,33.6412],[130.4074,33.6425],[130.4041,33.6344],[130.4096,33.6329],[130.4036,33.623],[130.414,33.617],[130.4013,33.6185],[130.396,33.6102],[130.402,33.605],[130.3945,33.6023],[130.39,33.6098],[130.3847,33.6075],[130.3932,33.5973],[130.3857,33.5942],[130.3813,33.6027],[130.3736,33.6051],[130.3718,33.6007],[130.3529,33.5951],[130.3297,33.5986],[130.3237,33.5937],[130.3234,33.5985],[130.3136,33.5981],[130.3119,33.5879],[130.3038,33.5834],[130.2926,33.5801],[130.2729,33.5826],[130.2644,33.594],[130.26,33.5912],[130.2507,33.5999],[130.2625,33.6028],[130.2708,33.5961],[130.2751,33.6098],[130.2318,33.6169],[130.225,33.6367],[130.2371,33.6488],[130.2101,33.6674],[130.2064,33.6636],[130.2066,33.6466],[130.1978,33.6398],[130.1753,33.6299],[130.1674,33.6326],[130.1569,33.6281],[130.1542,33.6211],[130.162,33.6126],[130.1488,33.5967],[130.128,33.5898],[130.108,33.5963],[130.106,33.5848],[130.1025,33.5875],[130.0888,33.5833],[130.0882,33.5778],[130.0973,33.5743],[130.0977,33.5644],[130.1197,33.5746],[130.135,33.5663],[130.1321,33.5587],[130.1265,33.5617],[130.1202,33.5584],[130.1161,33.5467],[130.1261,33.5568],[130.1413,33.5499],[130.1557,33.56],[130.1641,33.561],[130.1653,33.555],[130.1539,33.5371],[130.125,33.5245],[130.132,33.5228],[130.1331,33.5174],[130.1268,33.51],[130.1142,33.5077],[130.1026,33.5129],[130.0947,33.5071],[130.0484,33.4952],[130.0396,33.4697],[130.0449,33.4674],[130.0681,33.4725],[130.0984,33.4698],[130.1077,33.4778],[130.1388,33.4704],[130.1485,33.4773],[130.1568,33.4767],[130.1759,33.4659],[130.2056,33.4814],[130.2334,33.4789],[130.2524,33.471],[130.2575,33.4761],[130.2767,33.4789],[130.2959,33.4636],[130.3111,33.462],[130.335,33.4504],[130.3364,33.4452],[130.3454,33.445],[130.3558,33.4332],[130.3706,33.4332],[130.3782,33.425],[130.3962,33.4274],[130.4151,33.4093],[130.4077,33.4021],[130.411,33.395],[130.419,33.4011],[130.4288,33.3969],[130.4383,33.4006],[130.4422,33.4156],[130.4583,33.42],[130.458,33.425],[130.4766,33.4385],[130.4801,33.4361],[130.5035,33.4469],[130.5096,33.4438],[130.5111,33.4491],[130.5365,33.439],[130.5411,33.4212],[130.542,33.3663],[130.536,33.343],[130.5196,33.3405],[130.5121,33.3441],[130.4995,33.3256],[130.4871,33.3327],[130.4799,33.3309],[130.477,33.326],[130.4894,33.3159],[130.4849,33.3062],[130.4556,33.3008],[130.4562,33.2938],[130.468,33.2878],[130.4487,33.2784],[130.4497,33.2651],[130.4425,33.264],[130.4362,33.2698],[130.4385,33.2894],[130.4269,33.2901],[130.4297,33.2746],[130.4175,33.2683],[130.4195,33.2616],[130.4149,33.2526],[130.4021,33.2487],[130.4,33.2591],[130.392,33.2602],[130.3903,33.2453],[130.3852,33.2405],[130.3739,33.2444],[130.3701,33.2398],[130.379,33.2292],[130.3788,33.2222],[130.3397,33.205],[130.3406,33.1884],[130.3531,33.1805],[130.3558,33.1404],[130.3733,33.1413],[130.377,33.1282],[130.3733,33.1197],[130.3977,33.1079],[130.3876,33.0966],[130.4135,33.085],[130.4253,33.053],[130.4193,33.0361],[130.4231,33.0295],[130.4078,33.0173],[130.41,33.0133],[130.4143,33.0168],[130.4193,33.0079],[130.4093,33.0094],[130.3966,33.0048],[130.3967,33.0],[130.4248,33.0052],[130.5071,33.0039],[130.5159,33.012],[130.5056,33.0261],[130.4967,33.0518],[130.5169,33.0656],[130.5322,33.0655],[130.5354,33.0781],[130.5425,33.0817],[130.5657,33.0873],[130.5618,33.1042],[130.5802,33.116],[130.601,33.1148],[130.6156,33.1086],[130.6401,33.1134],[130.6557,33.1086],[130.6547,33.1154],[130.6587,33.115],[130.663,33.1346],[130.6689,33.139],[130.6675,33.157],[130.6787,33.1642],[130.68,33.1713],[130.6931,33.16],[130.6934,33.1513],[130.7124,33.1553],[130.7345,33.1534],[130.7375,33.1464],[130.7709,33.1243],[130.7892,33.124],[130.8118,33.1166],[130.821,33.1114],[130.8204,33.1066],[130.8398,33.1041],[130.8533,33.1091],[130.8662,33.1268],[130.8713,33.1475],[130.8796,33.153],[130.8735,33.1679],[130.8857,33.1763],[130.8875,33.1863],[130.8637,33.1931],[130.8365,33.2106],[130.845,33.2229],[130.8596,33.2291],[130.8263,33.2368],[130.8249,33.2534],[130.8287,33.2575],[130.868,33.2641],[130.8521,33.2775],[130.8663,33.2921],[130.8544,33.3247],[130.8573,33.3269],[130.8506,33.3367],[130.8421,33.3367],[130.8353,33.3435],[130.8618,33.3626],[130.8624,33.3767],[130.8858,33.3792],[130.8917,33.4299],[130.8976,33.4385],[130.8949,33.4462],[130.9263,33.4576],[130.9424,33.4856],[130.9616,33.4936],[130.9723,33.5052],[131.0014,33.5122],[131.0152,33.5091],[131.0298,33.5188],[131.0533,33.5079],[131.0631,33.5102],[131.0971,33.5046],[131.1055,33.5078],[131.119,33.5021],[131.1774,33.5083],[131.1681,33.5162],[131.1667,33.5287],[131.1869,33.544],[131.1906,33.558],[131.1862,33.5679],[131.1732,33.5782],[131.1733,33.5909],[131.1848,33.6204],[131.1618,33.6165],[131.1447,33.6254],[131.124,33.6263],[131.1207,33.6304],[131.115,33.6305],[131.1165,33.6194],[131.113,33.6179],[131.1134,33.6239],[131.108,33.6239],[131.1066,33.617],[131.0937,33.6235],[131.0804,33.648],[131.0673,33.6588],[131.0532,33.6885],[131.043,33.6892],[131.0306,33.7055],[131.0211,33.7309],[131.0149,33.7347],[131.0193,33.7454],[131.0162,33.7508],[131.0099,33.75],[131.0083,33.7439],[131.0008,33.7573],[131.0177,33.768],[131.0117,33.7775],[130.9993,33.7694],[130.9945,33.7749],[131.003,33.781],[130.9983,33.7915],[131.0024,33.7942],[130.9935,33.7946],[130.9911,33.7891],[130.9869,33.7921],[130.9879,33.7965],[131.0007,33.8018],[130.9988,33.8071],[131.0155,33.8114],[131.0118,33.8196],[130.9853,33.8103],[130.9666,33.8095],[130.9567,33.8296],[130.9604,33.839],[130.9762,33.8344],[130.9774,33.8444],[130.9935,33.851],[130.9982,33.8683],[130.9887,33.8687],[130.9842,33.864],[130.9821,33.8671],[130.9905,33.8856],[130.9952,33.8851],[130.994,33.8751],[130.9998,33.8737],[131.004,33.8895],[130.9886,33.9003],[130.9969,33.9073],[131.0044,33.904],[131.0052,33.9153],[131.0132,33.9158],[131.0146,33.9193],[131.0014,33.9246],[131.0106,33.9303],[131.0108,33.9419],[131.0211,33.9419],[131.0184,33.9511],[131.0239,33.9577],[131.0108,33.9655],[131.0064,33.9621],[131.0084,33.9678],[131.0022,33.9699],[130.9922,33.9618],[130.963,33.9622],[130.9624,33.9477],[130.9462,33.9384],[130.9319,33.9078],[130.9151,33.8958]]]},"properties":{"N03_001":"福岡県"}},{"type":"Feature","geometry":{"type":"Polygon","coordinates":[[[130.2721,33.4794],[130.2524,33.471],[130.2334,33.4789],[130.2056,33.4814],[130.1759,33.4659],[130.1485,33.4773],[130.1388,33.4704],[130.1077,33.4778],[130.0984,33.4698],[130.0889,33.4687],[130.0681,33.4725],[130.0396,33.4697],[130.0355,33.4658],[130.0407,33.4577],[130.0383,33.4531],[130.0266,33.4476],[129.9989,33.4468],[129.9631,33.4594],[129.9661,33.4611],[129.96,33.4687],[129.9711,33.4755],[129.9652,33.4832],[129.9477,33.4724],[129.9374,33.4816],[129.9456,33.4848],[129.944,33.493],[129.9535,33.5036],[129.9647,33.5058],[129.9693,33.5115],[129.9571,33.5175],[129.9579,33.529],[129.9459,33.5284],[129.9295,33.5368],[129.9329,33.5488],[129.9281,33.5506],[129.9285,33.546],[129.9194,33.5421],[129.9093,33.5494],[129.906,33.545],[129.8977,33.5492],[129.8909,33.5461],[129.8819,33.5343],[129.8823,33.5232],[129.878,33.5235],[129.8776,33.5367],[129.8584,33.5438],[129.858,33.5514],[129.8514,33.5535],[129.8473,33.5474],[129.8519,33.5397],[129.8481,33.5379],[129.8565,33.5332],[129.8481,33.5223],[129.8488,33.5156],[129.8569,33.5114],[129.8546,33.5068],[129.8431,33.5175],[129.8286,33.5175],[129.8331,33.5119],[129.8296,33.5052],[129.8404,33.4947],[129.8367,33.4872],[129.8445,33.4809],[129.8345,33.476],[129.8351,33.4721],[129.8481,33.4755],[129.8572,33.4648],[129.8515,33.4472],[129.8433,33.4449],[129.8349,33.4508],[129.8393,33.4622],[129.826,33.4684],[129.8266,33.4793],[129.8155,33.4834],[129.8128,33.4795],[129.8064,33.4857],[129.7938,33.4723],[129.7985,33.4636],[129.8084,33.4588],[129.8008,33.4548],[129.7905,33.4591],[129.7833,33.4507],[129.825,33.424],[129.8238,33.4119],[129.8332,33.414],[129.8378,33.4078],[129.855,33.4057],[129.86,33.4066],[129.8605,33.4123],[129.8687,33.4009],[129.8658,33.3986],[129.8718,33.3936],[129.865,33.3932],[129.869,33.3918],[129.8648,33.3852],[129.8669,33.3759],[129.8493,33.365],[129.851,33.3593],[129.8454,33.354],[129.8509,33.3517],[129.844,33.3486],[129.8478,33.3436],[129.8305,33.3359],[129.8334,33.3289],[129.841,33.3324],[129.8468,33.3278],[129.841,33.3169],[129.8361,33.3189],[129.8361,33.3118],[129.8282,33.3124],[129.8311,33.3042],[129.8466,33.3009],[129.8536,33.2937],[129.8378,33.2881],[129.8043,33.3288],[129.8072,33.3358],[129.7908,33.3404],[129.7766,33.3329],[129.759,33.2909],[129.7682,33.2858],[129.791,33.2574],[129.8136,33.243],[129.8099,33.2304],[129.8131,33.2212],[129.8069,33.2112],[129.8171,33.1845],[129.8373,33.1742],[129.8535,33.1763],[129.8578,33.1709],[129.8861,33.1615],[129.8881,33.1562],[129.9433,33.1643],[129.9449,33.1463],[129.9489,33.1341],[129.9563,33.1286],[129.9567,33.1182],[129.9513,33.11],[129.9407,33.1129],[129.9252,33.1057],[129.9224,33.0905],[129.9331,33.0883],[129.9426,33.0717],[129.9833,33.0568],[129.9941,33.048],[129.9945,33.0371],[130.0082,33.0198],[130.0274,33.0203],[130.028,33.0124],[130.0445,33.0041],[130.0612,32.9859],[130.0761,32.9876],[130.0889,32.9741],[130.1309,32.9683],[130.1441,32.9717],[130.1497,32.9628],[130.2103,32.9565],[130.2244,32.9622],[130.2227,32.9738],[130.2094,32.9795],[130.2101,32.9861],[130.2008,32.9916],[130.1911,32.9914],[130.1925,32.9995],[130.188,33.011],[130.1829,33.0129],[130.179,33.0296],[130.1715,33.0355],[130.1697,33.051],[130.1451,33.0727],[130.1457,33.0862],[130.1405,33.0945],[130.1305,33.0918],[130.1352,33.0978],[130.132,33.1043],[130.1277,33.1036],[130.1261,33.1172],[130.1498,33.1126],[130.1688,33.1297],[130.1923,33.1416],[130.1901,33.1461],[130.2233,33.1664],[130.2334,33.1942],[130.2475,33.1924],[130.2464,33.2029],[130.254,33.2025],[130.2513,33.1902],[130.26,33.18],[130.2857,33.1617],[130.2885,33.1467],[130.3558,33.1404],[130.3531,33.1805],[130.3406,33.1884],[130.3397,33.205],[130.3788,33.2222],[130.379,33.2292],[130.3701,33.2398],[130.3739,33.2444],[130.3852,33.2405],[130.3903,33.2453],[130.392,33.2602],[130.4,33.2591],[130.4021,33.2487],[130.4149,33.2526],[130.4195,33.2616],[130.4175,33.2683],[130.4297,33.2746],[130.4269,33.2901],[130.4385,33.2894],[130.4362,33.2698],[130.4425,33.264],[130.4497,33.2651],[130.4487,33.2784],[130.468,33.2878],[130.4562,33.2938],[130.4556,33.3008],[130.4849,33.3062],[130.4894,33.3159],[130.477,33.326],[130.4799,33.3309],[130.4871,33.3327],[130.4995,33.3256],[130.5121,33.3441],[130.5196,33.3405],[130.536,33.343],[130.542,33.3663],[130.5411,33.4212],[130.5337,33.4415],[130.5111,33.4491],[130.5096,33.4438],[130.5035,33.4469],[130.4801,33.4361],[130.4766,33.4385],[130.458,33.425],[130.4583,33.42],[130.4422,33.4156],[130.4383,33.4006],[130.4288,33.3969],[130.419,33.4011],[130.411,33.395],[130.4077,33.4021],[130.4151,33.4093],[130.3962,33.4274],[130.3782,33.425],[130.3706,33.4332],[130.3558,33.4332],[130.3454,33.445],[130.3364,33.4452],[130.335,33.4504],[130.3111,33.462],[130.2959,33.4636],[130.2721,33.4794]]]},"properties":{"N03_001":"佐賀県"}},{"type":"Feature","geometry":{"type":"Polygon","coordinates":[[[129.9877,32.7591],[129.9909,32.7537],[129.9989,32.7619],[130.0051,32.7579],[130.024,32.7584],[130.0835,32.7945],[130.1243,32.7878],[130.1466,32.7965],[130.1791,32.7946],[130.1868,32.7891],[130.1933,32.7805],[130.1861,32.7753],[130.1874,32.7645],[130.195,32.7556],[130.2078,32.7528],[130.21,32.7388],[130.205,32.7277],[130.1864,32.7077],[130.1724,32.7027],[130.1682,32.6972],[130.1714,32.6922],[130.1601,32.6941],[130.1544,32.6829],[130.127,32.6842],[130.1331,32.6782],[130.1285,32.6637],[130.1296,32.6408],[130.1489,32.6332],[130.1573,32.6236],[130.1616,32.6271],[130.1697,32.6193],[130.1751,32.6073],[130.1657,32.5981],[130.1697,32.5909],[130.1964,32.5998],[130.1859,32.6081],[130.2018,32.6083],[130.2038,32.6042],[130.2299,32.6106],[130.2381,32.6265],[130.2553,32.6287],[130.2657,32.6474],[130.2594,32.6505],[130.2618,32.6532],[130.3005,32.6513],[130.3191,32.6593],[130.3223,32.6653],[130.3277,32.6637],[130.3361,32.6705],[130.3373,32.667],[130.3433,32.6685],[130.3576,32.6905],[130.3458,32.7081],[130.3765,32.74],[130.3706,32.7642],[130.3787,32.7787],[130.3773,32.7888],[130.3571,32.8169],[130.341,32.8552],[130.3113,32.8705],[130.3044,32.8795],[130.2972,32.8814],[130.2611,32.8715],[130.2438,32.8756],[130.2247,32.8603],[130.1952,32.8481],[130.1841,32.8577],[130.153,32.8991],[130.1563,32.9055],[130.1645,32.9069],[130.1655,32.9139],[130.1834,32.9135],[130.1887,32.9186],[130.187,32.9246],[130.2019,32.9291],[130.2012,32.9591],[130.1497,32.9628],[130.1441,32.9717],[130.1309,32.9683],[130.0889,32.9741],[130.0761,32.9876],[130.0612,32.9859],[130.0445,33.0041],[130.028,33.0124],[130.0274,33.0203],[130.015,33.0175],[130.0011,33.0257],[129.9945,33.0371],[129.9964,33.0445],[129.9833,33.0568],[129.9388,33.0742],[129.9331,33.0883],[129.9224,33.0905],[129.9252,33.1057],[129.9407,33.1129],[129.9513,33.11],[129.9567,33.1182],[129.9563,33.1286],[129.9489,33.1341],[129.9449,33.1463],[129.9433,33.1643],[129.8881,33.1562],[129.8861,33.1615],[129.8578,33.1709],[129.8535,33.1763],[129.8373,33.1742],[129.8171,33.1845],[129.8069,33.2112],[129.8131,33.2212],[129.8099,33.2304],[129.8136,33.243],[129.791,33.2574],[129.7682,33.2858],[129.759,33.2909],[129.7766,33.3329],[129.7926,33.3433],[129.7887,33.3716],[129.7765,33.3719],[129.7711,33.3545],[129.7631,33.3543],[129.7546,33.3661],[129.7454,33.367],[129.7345,33.3587],[129.7314,33.3611],[129.7222,33.3506],[129.7057,33.3465],[129.6967,33.3539],[129.697,33.3613],[129.6868,33.3615],[129.6869,33.3546],[129.6778,33.3531],[129.6684,33.3658],[129.674,33.3686],[129.6758,33.3847],[129.6852,33.3851],[129.6728,33.3993],[129.6654,33.3944],[129.6651,33.3813],[129.6536,33.3706],[129.6462,33.3713],[129.6458,33.3648],[129.6357,33.3681],[129.6329,33.3622],[129.6274,33.3631],[129.612,33.3738],[129.6056,33.3685],[129.5989,33.374],[129.5952,33.37],[129.5907,33.3746],[129.5971,33.3793],[129.5925,33.3813],[129.5702,33.3757],[129.5689,33.3711],[129.5773,33.3628],[129.5716,33.346],[129.5757,33.3338],[129.5635,33.3332],[129.562,33.3249],[129.5767,33.3133],[129.5753,33.3087],[129.5829,33.3114],[129.5917,33.3043],[129.6083,33.3149],[129.5952,33.2976],[129.5832,33.2903],[129.5894,33.2846],[129.5861,33.2803],[129.5891,33.2717],[129.5781,33.2664],[129.5762,33.2748],[129.5723,33.2736],[129.5656,33.2484],[129.5576,33.2473],[129.556,33.2413],[129.5679,33.2428],[129.5666,33.2297],[129.5525,33.2176],[129.5837,33.216],[129.5828,33.2129],[129.594,33.2099],[129.6075,33.2216],[129.6006,33.2071],[129.6138,33.203],[129.62,33.209],[129.6186,33.1949],[129.6261,33.1898],[129.6395,33.2052],[129.6371,33.2247],[129.6446,33.2086],[129.6497,33.2078],[129.6442,33.2027],[129.6452,33.1958],[129.6515,33.1956],[129.6534,33.1888],[129.6527,33.1813],[129.643,33.1794],[129.6395,33.1696],[129.6506,33.1737],[129.6616,33.1712],[129.6623,33.1648],[129.6708,33.1671],[129.6832,33.1482],[129.6923,33.1403],[129.6983,33.1415],[129.6966,33.1362],[129.6841,33.1378],[129.6794,33.1262],[129.6571,33.1291],[129.6665,33.1013],[129.6724,33.1063],[129.6755,33.1201],[129.6795,33.1139],[129.7108,33.1155],[129.7055,33.1233],[129.7105,33.1246],[129.7051,33.1559],[129.6989,33.1601],[129.717,33.1665],[129.719,33.1612],[129.7238,33.1642],[129.7287,33.1589],[129.7288,33.1553],[129.721,33.1541],[129.7223,33.1461],[129.7287,33.1459],[129.7206,33.1424],[129.7311,33.1257],[129.7355,33.1364],[129.7399,33.1322],[129.7536,33.1448],[129.7601,33.1402],[129.7665,33.1447],[129.794,33.1384],[129.7979,33.1315],[129.7935,33.1251],[129.7961,33.1112],[129.7879,33.1029],[129.7963,33.0919],[129.7947,33.0839],[129.8052,33.0753],[129.8033,33.0678],[129.8213,33.0629],[129.8232,33.0678],[129.8375,33.0594],[129.8211,33.0528],[129.8225,33.0366],[129.8331,33.0411],[129.8394,33.0564],[129.848,33.0538],[129.8546,33.0624],[129.8639,33.0596],[129.8768,33.0644],[129.8929,33.0568],[129.9043,33.0394],[129.9324,33.0266],[129.9457,33.0151],[129.9444,32.9988],[129.9501,32.9854],[129.9422,32.9748],[129.9358,32.9756],[129.9283,32.9687],[129.9321,32.9661],[129.9302,32.9265],[129.9539,32.9051],[129.9496,32.9008],[129.9566,32.8916],[129.9691,32.8913],[129.9725,32.8859],[129.9648,32.8847],[129.9628,32.876],[129.9896,32.8593],[129.9943,32.8486],[130.0007,32.8475],[130.005,32.8405],[129.9809,32.8405],[129.9751,32.8492],[129.9578,32.8467],[129.9581,32.8552],[129.9476,32.8622],[129.934,32.8575],[129.918,32.8686],[129.9124,32.8663],[129.9038,32.878],[129.8972,32.8782],[129.8941,32.8683],[129.8791,32.88],[129.8795,32.8634],[129.8702,32.861],[129.8724,32.8526],[129.8672,32.8464],[129.856,32.8489],[129.8525,32.8608],[129.8546,32.8448],[129.8472,32.8358],[129.8211,32.8597],[129.8117,32.8648],[129.7998,32.8637],[129.7957,32.8733],[129.788,32.8733],[129.7903,32.8842],[129.8,32.8815],[129.8097,32.8918],[129.8054,32.8935],[129.8052,32.9077],[129.7991,32.91],[129.7912,32.9068],[129.7925,32.9026],[129.7838,32.9077],[129.7932,32.9143],[129.785,32.9184],[129.7887,32.9208],[129.7833,32.9411],[129.7851,32.947],[129.7958,32.9519],[129.7956,32.9392],[129.8007,32.9395],[129.7985,32.9221],[129.807,32.9165],[129.813,32.9206],[129.8185,32.9473],[129.8069,32.9619],[129.8112,32.9696],[129.8241,32.9727],[129.8227,32.9817],[129.8111,32.9928],[129.8113,32.9996],[129.7966,33.0092],[129.7817,33.0076],[129.7641,33.0219],[129.7532,33.0085],[129.7532,33.0045],[129.7619,33.0038],[129.7639,32.9996],[129.7523,33.0006],[129.7408,32.9918],[129.7324,32.9994],[129.7406,33.0039],[129.7314,33.0083],[129.7355,33.0118],[129.7335,33.0172],[129.7466,33.0383],[129.7616,33.0461],[129.76,33.0519],[129.7491,33.0559],[129.7497,33.0603],[129.7313,33.0455],[129.727,33.0472],[129.7359,33.0647],[129.7298,33.0754],[129.7241,33.0737],[129.7109,33.0867],[129.6773,33.0993],[129.6715,33.0717],[129.6614,33.0689],[129.6698,33.0674],[129.6623,33.0611],[129.6593,33.0401],[129.6501,33.0417],[129.6471,33.0381],[129.6474,33.021],[129.6552,33.0022],[129.652,32.9867],[129.6426,32.9923],[129.6277,32.9791],[129.6267,32.9508],[129.6379,32.9464],[129.6353,32.9265],[129.6412,32.921],[129.6432,32.9323],[129.6522,32.931],[129.6612,32.9157],[129.6598,32.9103],[129.68,32.8796],[129.6773,32.8669],[129.6929,32.8433],[129.7011,32.8396],[129.7001,32.8336],[129.7184,32.8334],[129.7196,32.8224],[129.7318,32.8157],[129.7337,32.8079],[129.7394,32.8069],[129.7459,32.8221],[129.7574,32.819],[129.7624,32.8235],[129.7662,32.8217],[129.7634,32.8174],[129.7698,32.8207],[129.7755,32.817],[129.7663,32.8003],[129.7898,32.7873],[129.7912,32.7792],[129.8012,32.7773],[129.7971,32.76],[129.803,32.7617],[129.8074,32.7543],[129.8137,32.7595],[129.8149,32.756],[129.8057,32.7478],[129.8089,32.7423],[129.8298,32.744],[129.826,32.7398],[129.8316,32.7329],[129.8257,32.7318],[129.82,32.7204],[129.8275,32.7177],[129.8334,32.725],[129.8456,32.7201],[129.8653,32.7492],[129.868,32.7454],[129.865,32.7323],[129.8518,32.7208],[129.8478,32.706],[129.8429,32.7057],[129.8454,32.6966],[129.8333,32.6974],[129.8347,32.6897],[129.8284,32.6879],[129.8201,32.6951],[129.8259,32.6957],[129.8266,32.7081],[129.8177,32.7063],[129.811,32.693],[129.7942,32.6933],[129.7953,32.6846],[129.8033,32.678],[129.8151,32.6872],[129.8197,32.6856],[129.8169,32.6544],[129.8098,32.6559],[129.8046,32.6494],[129.7919,32.6306],[129.7906,32.6147],[129.7799,32.6113],[129.7801,32.6038],[129.7575,32.5934],[129.7543,32.5833],[129.7549,32.5904],[129.7495,32.5919],[129.7357,32.5806],[129.7373,32.5746],[129.7417,32.5712],[129.7526,32.5746],[129.7556,32.5808],[129.7636,32.583],[129.7797,32.5776],[129.7792,32.582],[129.8095,32.5943],[129.8378,32.621],[129.8376,32.64],[129.8463,32.6379],[129.872,32.6459],[129.872,32.6506],[129.8837,32.6524],[129.8961,32.6627],[129.9019,32.6798],[129.9142,32.6933],[129.9131,32.7124],[129.9256,32.7082],[129.9281,32.7208],[129.9335,32.7172],[129.9431,32.726],[129.9406,32.7319],[129.9566,32.7415],[129.9473,32.7589],[129.9583,32.7652],[129.9877,32.7591]]]},"properties":{"N03_001":"長崎県"}},{"type":"Feature","geometry":{"type":"Polygon","coordinates":[[[130.6061,32.7543],[130.607,32.713],[130.5679,32.6993],[130.5379,32.665],[130.4995,32.654],[130.4616,32.6342],[130.4527,32.6267],[130.4614,32.6173],[130.4593,32.6079],[130.467,32.6046],[130.486,32.6127],[130.519,32.6132],[130.541,32.6245],[130.5789,32.6215],[130.5981,32.6249],[130.6517,32.6425],[130.6614,32.6319],[130.6534,32.6271],[130.6567,32.6184],[130.6537,32.6129],[130.6411,32.6234],[130.6181,32.6193],[130.634,32.6034],[130.6159,32.5884],[130.6087,32.5931],[130.5899,32.5762],[130.5624,32.538],[130.556,32.5429],[130.5438,32.5382],[130.5362,32.5259],[130.5726,32.5074],[130.5329,32.5227],[130.5312,32.52],[130.5651,32.5054],[130.5627,32.4986],[130.5433,32.4974],[130.5425,32.4845],[130.5492,32.4772],[130.565,32.476],[130.5692,32.4643],[130.565,32.456],[130.5731,32.4408],[130.5563,32.4235],[130.5474,32.4224],[130.5369,32.4079],[130.5136,32.3922],[130.4892,32.3664],[130.4885,32.3606],[130.4958,32.3624],[130.5075,32.3548],[130.4828,32.342],[130.4798,32.3354],[130.4846,32.3338],[130.4839,32.3293],[130.4803,32.3269],[130.4736,32.3315],[130.4662,32.3214],[130.4715,32.3159],[130.4722,32.3014],[130.49,32.3],[130.4776,32.287],[130.4656,32.2964],[130.4679,32.2855],[130.4636,32.2768],[130.4585,32.29],[130.4488,32.2877],[130.4505,32.2725],[130.4356,32.268],[130.4322,32.2573],[130.4357,32.2535],[130.4241,32.2498],[130.4355,32.2411],[130.4348,32.2331],[130.4225,32.2382],[130.4074,32.2311],[130.4024,32.2354],[130.3867,32.2137],[130.3805,32.2131],[130.3826,32.2092],[130.3732,32.2047],[130.3802,32.1921],[130.3746,32.1872],[130.378,32.1765],[130.3709,32.1771],[130.3721,32.184],[130.3604,32.1823],[130.3671,32.1765],[130.3627,32.1655],[130.3867,32.1474],[130.4027,32.1202],[130.4546,32.1139],[130.4735,32.1186],[130.4769,32.139],[130.4924,32.1337],[130.5092,32.1405],[130.5207,32.1352],[130.5402,32.1374],[130.5423,32.1496],[130.5827,32.1549],[130.5967,32.1759],[130.5917,32.186],[130.6105,32.1867],[130.6227,32.1561],[130.6516,32.1513],[130.655,32.1357],[130.6991,32.107],[130.7206,32.1008],[130.7368,32.1082],[130.7421,32.0979],[130.7511,32.1041],[130.7595,32.0968],[130.7754,32.1019],[130.8208,32.0949],[130.839,32.1072],[130.8571,32.0997],[130.8624,32.1018],[130.8694,32.1151],[130.906,32.1336],[130.9326,32.1164],[130.9441,32.1196],[130.9564,32.1156],[130.9745,32.1209],[130.9747,32.1368],[130.9926,32.148],[130.9958,32.1559],[130.9924,32.1579],[131.0132,32.1744],[131.0187,32.1699],[131.0381,32.1699],[131.0453,32.1613],[131.0493,32.163],[131.0595,32.156],[131.0702,32.1597],[131.0962,32.1524],[131.109,32.1601],[131.1014,32.1731],[131.1043,32.192],[131.1005,32.2015],[131.0843,32.2062],[131.0782,32.2194],[131.0691,32.2253],[131.0709,32.2348],[131.0666,32.2393],[131.0427,32.2482],[131.0445,32.263],[131.0542,32.267],[131.0511,32.2864],[131.0786,32.2812],[131.1119,32.3298],[131.0955,32.3508],[131.078,32.3551],[131.0743,32.3609],[131.0799,32.3743],[131.0693,32.3843],[131.0732,32.3912],[131.068,32.4076],[131.0438,32.4081],[131.0165,32.4477],[131.0164,32.4733],[131.007,32.4901],[131.0094,32.5154],[131.0255,32.5232],[131.018,32.5464],[131.0239,32.5533],[131.039,32.5544],[131.0416,32.5799],[131.0522,32.5877],[131.0879,32.5792],[131.1082,32.5821],[131.1061,32.5892],[131.1135,32.5914],[131.1205,32.6055],[131.1162,32.6095],[131.1199,32.6291],[131.1162,32.6427],[131.1237,32.6446],[131.1272,32.6542],[131.1402,32.6646],[131.1432,32.6759],[131.1514,32.6801],[131.1631,32.6717],[131.1748,32.6718],[131.1725,32.6847],[131.1804,32.7001],[131.1807,32.7129],[131.195,32.7253],[131.2119,32.7287],[131.235,32.7443],[131.2342,32.7534],[131.2465,32.7694],[131.2346,32.781],[131.2454,32.7866],[131.2466,32.799],[131.2553,32.8047],[131.2578,32.8181],[131.2626,32.8185],[131.2654,32.8265],[131.2726,32.8242],[131.2861,32.8314],[131.2916,32.8278],[131.3229,32.8287],[131.3295,32.833],[131.3102,32.8528],[131.2945,32.857],[131.2734,32.871],[131.2734,32.8816],[131.2638,32.8794],[131.2574,32.8874],[131.253,32.9245],[131.246,32.9403],[131.2526,32.9465],[131.2472,32.9533],[131.2523,32.9537],[131.2461,32.9587],[131.2474,32.9633],[131.256,32.9634],[131.2632,32.9772],[131.2472,32.9824],[131.2477,32.9952],[131.2236,33.0172],[131.2256,33.0237],[131.2167,33.0535],[131.1931,33.0776],[131.186,33.0738],[131.1745,33.0831],[131.1732,33.1046],[131.1636,33.1165],[131.1669,33.1287],[131.1612,33.1408],[131.148,33.1498],[131.1478,33.155],[131.1212,33.1677],[131.1155,33.1803],[131.1056,33.1864],[131.0954,33.1852],[131.0603,33.1951],[131.0388,33.1941],[131.0166,33.1779],[130.9942,33.1838],[130.9819,33.1561],[130.9845,33.144],[130.9785,33.1422],[130.9943,33.1295],[130.994,33.1194],[131.009,33.1086],[131.0241,33.0875],[131.0124,33.0763],[131.0107,33.0699],[131.0177,33.0637],[131.0118,33.0431],[130.9909,33.0238],[130.977,33.0231],[130.9703,33.0238],[130.957,33.0471],[130.9468,33.0528],[130.9234,33.0519],[130.9068,33.0649],[130.9,33.0641],[130.8862,33.0875],[130.8608,33.0955],[130.8457,33.0922],[130.8398,33.1041],[130.8204,33.1066],[130.821,33.1114],[130.8118,33.1166],[130.7892,33.124],[130.7709,33.1243],[130.7375,33.1464],[130.7345,33.1534],[130.7124,33.1553],[130.6934,33.1513],[130.6931,33.16],[130.68,33.1713],[130.6787,33.1642],[130.6675,33.157],[130.6689,33.139],[130.663,33.1346],[130.6587,33.115],[130.6547,33.1154],[130.6557,33.1086],[130.6401,33.1134],[130.6156,33.1086],[130.601,33.1148],[130.5802,33.116],[130.5618,33.1042],[130.5657,33.0873],[130.5425,33.0817],[130.5354,33.0781],[130.5322,33.0655],[130.5169,33.0656],[130.4967,33.0518],[130.5056,33.0261],[130.5159,33.012],[130.5071,33.0039],[130.4141,33.0023],[130.4184,32.9933],[130.4256,32.9938],[130.43,32.9871],[130.4319,32.9595],[130.4443,32.9148],[130.4516,32.9091],[130.4608,32.9138],[130.4634,32.912],[130.457,32.9054],[130.4626,32.9014],[130.4708,32.9004],[130.4765,32.905],[130.5232,32.8809],[130.5267,32.8771],[130.5228,32.8534],[130.5649,32.842],[130.5715,32.8488],[130.5789,32.8415],[130.5818,32.8323],[130.5784,32.8289],[130.5923,32.824],[130.5919,32.8138],[130.6003,32.8112],[130.6041,32.8012],[130.6144,32.7927],[130.5985,32.7782],[130.6061,32.7543]]]},"properties":{"N03_001":"熊本県"}},{"type":"Feature","geometry":{"type":"Polygon","coordinates":[[[131.5178,33.2654],[131.5084,33.2753],[131.5025,33.3215],[131.496,33.3298],[131.4989,33.3603],[131.5304,33.3671],[131.5389,33.3655],[131.5433,33.3549],[131.5527,33.3498],[131.562,33.3521],[131.585,33.3467],[131.5969,33.3498],[131.5981,33.3701],[131.6441,33.3753],[131.6497,33.386],[131.6381,33.3989],[131.6374,33.4065],[131.6271,33.411],[131.6346,33.4158],[131.6356,33.4234],[131.6535,33.4198],[131.6604,33.4226],[131.6865,33.4062],[131.7014,33.406],[131.7098,33.4354],[131.7223,33.4509],[131.7272,33.4661],[131.7386,33.465],[131.7389,33.4939],[131.7346,33.494],[131.7346,33.4886],[131.7291,33.5009],[131.7444,33.5432],[131.7337,33.5808],[131.7145,33.6045],[131.7039,33.6087],[131.6931,33.64],[131.684,33.6396],[131.6608,33.6698],[131.6516,33.6606],[131.647,33.6629],[131.6482,33.6712],[131.6357,33.6823],[131.6302,33.6743],[131.6246,33.6744],[131.6203,33.6806],[131.6179,33.6767],[131.6072,33.6786],[131.6075,33.6869],[131.5818,33.6921],[131.5736,33.6868],[131.5755,33.6751],[131.5663,33.6747],[131.5616,33.6864],[131.5445,33.6773],[131.5248,33.6808],[131.5298,33.6741],[131.5151,33.6693],[131.5076,33.6748],[131.4999,33.6713],[131.4969,33.6638],[131.505,33.6565],[131.4952,33.6546],[131.4978,33.6456],[131.4946,33.6437],[131.4869,33.6484],[131.4821,33.6432],[131.4802,33.6392],[131.4843,33.637],[131.4751,33.6306],[131.4681,33.6135],[131.4623,33.6192],[131.424,33.5919],[131.4244,33.5826],[131.4345,33.5703],[131.4285,33.5679],[131.4201,33.5732],[131.4056,33.5722],[131.3743,33.5802],[131.3492,33.573],[131.3392,33.5733],[131.3292,33.5822],[131.2789,33.5808],[131.2558,33.599],[131.2577,33.6126],[131.2511,33.6069],[131.2453,33.611],[131.2387,33.6014],[131.2305,33.6017],[131.2139,33.6052],[131.2166,33.6089],[131.205,33.6169],[131.1856,33.6168],[131.1733,33.5909],[131.1732,33.5782],[131.1862,33.5679],[131.1906,33.558],[131.1869,33.544],[131.1667,33.5287],[131.1681,33.5162],[131.176,33.5066],[131.119,33.5021],[131.1055,33.5078],[131.0797,33.5053],[131.0455,33.5099],[131.0357,33.5191],[131.0298,33.5188],[131.0152,33.5091],[131.0014,33.5122],[130.9723,33.5052],[130.9616,33.4936],[130.9424,33.4856],[130.9263,33.4576],[130.8949,33.4462],[130.8976,33.4385],[130.8917,33.4299],[130.8858,33.3792],[130.8624,33.3767],[130.8618,33.3626],[130.8353,33.3435],[130.8421,33.3367],[130.8506,33.3367],[130.8573,33.3269],[130.8544,33.3247],[130.8663,33.2921],[130.8521,33.2775],[130.868,33.2641],[130.8287,33.2575],[130.8249,33.2534],[130.8263,33.2368],[130.8596,33.2291],[130.845,33.2229],[130.8365,33.2106],[130.8637,33.1931],[130.8875,33.1863],[130.8857,33.1763],[130.8735,33.1679],[130.8796,33.153],[130.8713,33.1475],[130.8662,33.1268],[130.8595,33.1214],[130.8616,33.1175],[130.8533,33.1091],[130.8441,33.1075],[130.8398,33.1002],[130.8457,33.0922],[130.8608,33.0955],[130.8862,33.0875],[130.9,33.0641],[130.9068,33.0649],[130.9234,33.0519],[130.9468,33.0528],[130.957,33.0471],[130.9703,33.0238],[130.9909,33.0238],[131.0145,33.0477],[131.0177,33.0637],[131.0107,33.0699],[131.0241,33.0875],[131.009,33.1086],[130.994,33.1194],[130.9943,33.1295],[130.9785,33.1422],[130.9845,33.144],[130.9819,33.1561],[130.9918,33.1822],[131.0166,33.1779],[131.0388,33.1941],[131.0603,33.1951],[131.0954,33.1852],[131.1056,33.1864],[131.1155,33.1803],[131.1212,33.1677],[131.1478,33.155],[131.148,33.1498],[131.1612,33.1408],[131.1669,33.1287],[131.1636,33.1165],[131.1732,33.1046],[131.1745,33.0831],[131.186,33.0738],[131.1931,33.0776],[131.2167,33.0535],[131.2256,33.0237],[131.2236,33.0172],[131.2477,32.9952],[131.2472,32.9824],[131.2632,32.9772],[131.256,32.9634],[131.2474,32.9633],[131.2461,32.9587],[131.2523,32.9537],[131.2472,32.9533],[131.2484,32.9479],[131.2526,32.9465],[131.246,32.9403],[131.253,32.9245],[131.2532,32.898],[131.2638,32.8794],[131.2734,32.8816],[131.2734,32.871],[131.2945,32.857],[131.3102,32.8528],[131.3295,32.833],[131.3403,32.8334],[131.3498,32.8244],[131.3486,32.8107],[131.3639,32.8034],[131.3887,32.8118],[131.4212,32.8119],[131.437,32.8286],[131.4542,32.829],[131.4751,32.8372],[131.4934,32.8158],[131.5032,32.8137],[131.502,32.8105],[131.5175,32.8008],[131.5082,32.7815],[131.5121,32.7697],[131.5555,32.7554],[131.5689,32.7542],[131.5901,32.7741],[131.5966,32.7751],[131.6689,32.7666],[131.6963,32.7747],[131.7125,32.7735],[131.7183,32.7909],[131.7279,32.7974],[131.7357,32.8311],[131.7688,32.8369],[131.7873,32.8336],[131.7939,32.8219],[131.8067,32.8222],[131.8245,32.8299],[131.8345,32.8197],[131.8588,32.8214],[131.8601,32.8061],[131.8443,32.7769],[131.8498,32.756],[131.8441,32.7477],[131.847,32.7359],[131.8735,32.7404],[131.8858,32.7481],[131.8717,32.7518],[131.8797,32.7623],[131.8685,32.7748],[131.8761,32.7789],[131.8747,32.7904],[131.8803,32.791],[131.8895,32.7722],[131.8947,32.7789],[131.8854,32.79],[131.8886,32.8033],[131.8996,32.8022],[131.9003,32.7948],[131.8948,32.7885],[131.9027,32.7849],[131.9065,32.7931],[131.9199,32.7855],[131.9172,32.7955],[131.9253,32.8011],[131.9235,32.7942],[131.9292,32.786],[131.9364,32.7844],[131.9487,32.7969],[131.9477,32.8065],[131.9607,32.8068],[131.9662,32.8022],[131.9632,32.7943],[131.9715,32.7918],[131.9761,32.7947],[131.9724,32.8052],[132.0079,32.8268],[132.008,32.8369],[131.9864,32.8461],[131.976,32.8413],[131.9875,32.8313],[131.982,32.825],[131.9702,32.8308],[131.9668,32.8382],[131.9628,32.8376],[131.967,32.833],[131.9647,32.8203],[131.957,32.8368],[131.9442,32.8347],[131.9533,32.8403],[131.9497,32.855],[131.9617,32.8469],[131.9754,32.8569],[131.9733,32.8664],[131.9832,32.8626],[131.9866,32.8703],[132.0007,32.8786],[132.0007,32.8854],[132.0124,32.8909],[131.9975,32.898],[131.9856,32.8909],[131.988,32.898],[131.9793,32.9217],[131.9946,32.921],[131.9935,32.9149],[132.0098,32.9058],[132.0085,32.9215],[132.0261,32.9354],[132.0351,32.9369],[132.041,32.9339],[132.0396,32.9273],[132.0449,32.9262],[132.0495,32.9321],[132.0469,32.9363],[132.0561,32.9397],[132.0633,32.9345],[132.0845,32.9316],[132.082,32.9432],[132.0711,32.948],[132.044,32.9471],[132.0337,32.9524],[132.0342,32.9398],[132.0016,32.9329],[131.9971,32.9377],[132.0025,32.9592],[131.9818,32.9394],[131.9719,32.9464],[131.9752,32.9637],[131.9594,32.9464],[131.9461,32.9599],[131.9392,32.9522],[131.9355,32.9618],[131.9238,32.9648],[131.9266,32.9729],[131.9182,32.976],[131.9164,32.9701],[131.9016,32.9821],[131.8977,32.9802],[131.8982,32.9884],[131.8896,32.9918],[131.8989,33.0034],[131.9035,32.9924],[131.9081,33.0001],[131.9011,33.0102],[131.9192,33.0256],[131.9215,33.0449],[131.9278,33.0514],[131.9368,33.0484],[131.9427,33.0538],[131.9803,33.0466],[131.9959,33.0564],[132.0145,33.0572],[132.0148,33.0613],[132.0067,33.0608],[131.9963,33.0785],[131.9988,33.0909],[131.9867,33.0892],[131.989,33.0684],[131.9685,33.0624],[131.9676,33.0715],[131.9554,33.072],[131.954,33.0664],[131.944,33.0689],[131.9394,33.0764],[131.9415,33.0818],[131.9373,33.0813],[131.9376,33.093],[131.9317,33.0936],[131.9346,33.0819],[131.9238,33.0727],[131.9284,33.0678],[131.912,33.0666],[131.9134,33.0761],[131.9072,33.0814],[131.902,33.0753],[131.8835,33.0823],[131.8812,33.078],[131.8858,33.0729],[131.8746,33.0786],[131.8614,33.0774],[131.8525,33.0888],[131.8695,33.0929],[131.8795,33.1087],[131.8935,33.107],[131.9006,33.1179],[131.9146,33.1231],[131.9109,33.1266],[131.8994,33.1291],[131.883,33.1219],[131.8744,33.1237],[131.878,33.1306],[131.8688,33.1309],[131.8422,33.1146],[131.8354,33.1191],[131.8389,33.123],[131.8329,33.1251],[131.8135,33.1214],[131.8108,33.1273],[131.8008,33.1258],[131.819,33.1467],[131.8286,33.1501],[131.8284,33.1597],[131.8238,33.1559],[131.8218,33.1622],[131.8329,33.1813],[131.8691,33.2012],[131.8607,33.2045],[131.8772,33.2258],[131.8716,33.2361],[131.879,33.2442],[131.8932,33.247],[131.903,33.2675],[131.8672,33.2586],[131.8708,33.2488],[131.8565,33.2557],[131.8416,33.2488],[131.7967,33.2422],[131.7835,33.2448],[131.7787,33.2531],[131.7695,33.245],[131.7662,33.2523],[131.7546,33.2523],[131.7545,33.2415],[131.7468,33.2438],[131.7513,33.2483],[131.7416,33.249],[131.7185,33.2665],[131.7128,33.2598],[131.7098,33.262],[131.7154,33.2683],[131.6919,33.2794],[131.6807,33.2792],[131.6848,33.2662],[131.6796,33.2681],[131.676,33.2779],[131.667,33.2748],[131.6724,33.2602],[131.6668,33.2579],[131.6585,33.2732],[131.6002,33.2565],[131.6017,33.2531],[131.5893,33.2456],[131.5178,33.2654]]]},"properties":{"N03_001":"大分県"}},{"type":"Feature","geometry":{"type":"Polygon","coordinates":[[[131.5075,32.0463],[131.5401,32.1321],[131.553,32.1889],[131.5754,32.2411],[131.5726,32.2565],[131.592,32.306],[131.6116,32.3341],[131.6264,32.3405],[131.6279,32.3498],[131.6233,32.3592],[131.6359,32.371],[131.6327,32.3807],[131.6456,32.4091],[131.6528,32.4137],[131.6649,32.411],[131.6899,32.4231],[131.6841,32.4268],[131.6748,32.422],[131.6708,32.4282],[131.655,32.427],[131.681,32.433],[131.6759,32.4431],[131.6622,32.4365],[131.667,32.4479],[131.6637,32.4493],[131.651,32.4347],[131.6438,32.4382],[131.6567,32.4473],[131.6506,32.4626],[131.6578,32.4693],[131.6568,32.4802],[131.6778,32.4835],[131.6772,32.4753],[131.6877,32.4689],[131.6962,32.4695],[131.7105,32.482],[131.7158,32.4816],[131.7175,32.4885],[131.7243,32.4891],[131.7281,32.4967],[131.71,32.5027],[131.7117,32.515],[131.7036,32.5187],[131.6978,32.5148],[131.7006,32.5078],[131.6845,32.5092],[131.688,32.5236],[131.6824,32.5404],[131.6893,32.56],[131.7131,32.5904],[131.7424,32.592],[131.7475,32.6014],[131.756,32.6039],[131.7532,32.6087],[131.7645,32.6163],[131.761,32.6203],[131.7647,32.6283],[131.7732,32.6342],[131.7716,32.6431],[131.7626,32.6422],[131.7673,32.647],[131.7629,32.6587],[131.7715,32.6597],[131.7772,32.674],[131.7849,32.6745],[131.7888,32.6617],[131.7929,32.6781],[131.8155,32.6869],[131.8152,32.6971],[131.8206,32.6973],[131.8168,32.7028],[131.8266,32.7066],[131.843,32.6905],[131.8532,32.6972],[131.8536,32.7026],[131.8458,32.7084],[131.85,32.7219],[131.8643,32.7185],[131.8576,32.7294],[131.8617,32.7346],[131.876,32.7335],[131.8856,32.746],[131.847,32.7359],[131.8441,32.7477],[131.8498,32.756],[131.8443,32.7769],[131.8601,32.8061],[131.8588,32.8214],[131.8551,32.8232],[131.8481,32.8178],[131.8345,32.8197],[131.8245,32.8299],[131.8067,32.8222],[131.7939,32.8219],[131.7873,32.8336],[131.7688,32.8369],[131.7413,32.8343],[131.7357,32.8311],[131.7279,32.7974],[131.7183,32.7909],[131.7125,32.7735],[131.6963,32.7747],[131.6689,32.7666],[131.5966,32.7751],[131.5901,32.7741],[131.5689,32.7542],[131.5363,32.7589],[131.5121,32.7697],[131.5082,32.7815],[131.5175,32.8008],[131.502,32.8105],[131.5032,32.8137],[131.4934,32.8158],[131.4751,32.8372],[131.4542,32.829],[131.437,32.8286],[131.4212,32.8119],[131.3887,32.8118],[131.3639,32.8034],[131.3486,32.8107],[131.3498,32.8244],[131.3403,32.8334],[131.3229,32.8287],[131.2916,32.8278],[131.2861,32.8314],[131.2726,32.8242],[131.2654,32.8265],[131.2626,32.8185],[131.2578,32.8181],[131.2553,32.8047],[131.2466,32.799],[131.2454,32.7866],[131.2346,32.781],[131.2465,32.7694],[131.2342,32.7534],[131.235,32.7443],[131.2119,32.7287],[131.195,32.7253],[131.1807,32.7129],[131.1804,32.7001],[131.1725,32.6847],[131.1748,32.6718],[131.1631,32.6717],[131.1514,32.6801],[131.1432,32.6759],[131.1402,32.6646],[131.1272,32.6542],[131.1237,32.6446],[131.1162,32.6427],[131.1199,32.6291],[131.1162,32.6095],[131.1205,32.6055],[131.1135,32.5914],[131.1061,32.5892],[131.1082,32.5821],[131.0879,32.5792],[131.0522,32.5877],[131.0433,32.5823],[131.039,32.5544],[131.0239,32.5533],[131.018,32.5464],[131.0249,32.5316],[131.0247,32.5202],[131.0094,32.5154],[131.007,32.4901],[131.0164,32.4733],[131.0165,32.4477],[131.0222,32.4371],[131.0438,32.4081],[131.068,32.4076],[131.0732,32.3912],[131.0693,32.3843],[131.0799,32.3743],[131.0743,32.3609],[131.078,32.3551],[131.0955,32.3508],[131.1119,32.3298],[131.0786,32.2812],[131.0511,32.2864],[131.0542,32.267],[131.0416,32.2579],[131.0471,32.2443],[131.057,32.2459],[131.0709,32.2348],[131.0691,32.2253],[131.0782,32.2194],[131.0843,32.2062],[131.1005,32.2015],[131.1043,32.192],[131.1014,32.1731],[131.109,32.1601],[131.0962,32.1524],[131.0702,32.1597],[131.0595,32.156],[131.0493,32.163],[131.0453,32.1613],[131.0381,32.1699],[131.0187,32.1699],[131.0132,32.1744],[130.9924,32.1579],[130.9958,32.1559],[130.9926,32.148],[130.9747,32.1368],[130.9745,32.1209],[130.9564,32.1156],[130.9441,32.1196],[130.9326,32.1164],[130.906,32.1336],[130.8694,32.1151],[130.8624,32.1018],[130.8571,32.0997],[130.839,32.1072],[130.8208,32.0949],[130.7754,32.1019],[130.7595,32.0968],[130.7511,32.1041],[130.7421,32.0979],[130.7335,32.1084],[130.7206,32.1008],[130.716,32.0857],[130.7036,32.0772],[130.7039,32.0577],[130.7379,32.0472],[130.7769,32.0165],[130.782,31.9831],[130.7945,31.9733],[130.8011,31.9608],[130.7995,31.9502],[130.8164,31.9412],[130.8405,31.9427],[130.8656,31.9339],[130.8823,31.9212],[130.8977,31.8885],[130.914,31.8858],[130.9024,31.8844],[130.8946,31.878],[130.8878,31.8609],[130.8882,31.8483],[130.8762,31.8442],[130.8817,31.8335],[130.8769,31.8157],[130.8845,31.8054],[130.901,31.801],[130.9179,31.8035],[130.9295,31.7864],[130.9611,31.7816],[130.9714,31.7846],[130.9906,31.7768],[130.9884,31.7655],[130.9828,31.7674],[130.9792,31.7617],[130.9785,31.7516],[130.9907,31.7512],[130.9979,31.7459],[131.0152,31.7488],[131.0178,31.7452],[131.0131,31.7131],[131.0286,31.6975],[131.0237,31.6918],[131.0256,31.6669],[131.0461,31.6525],[131.0543,31.6335],[131.0725,31.6581],[131.0793,31.6602],[131.1178,31.6293],[131.1388,31.6277],[131.1644,31.6395],[131.1884,31.6246],[131.1872,31.6036],[131.1974,31.5953],[131.2054,31.5799],[131.1997,31.5641],[131.1893,31.5572],[131.1989,31.5414],[131.2008,31.5177],[131.1968,31.5116],[131.1721,31.502],[131.1632,31.4841],[131.1603,31.4619],[131.1767,31.4498],[131.1816,31.4565],[131.2066,31.4528],[131.2052,31.448],[131.2185,31.4405],[131.2286,31.4242],[131.2348,31.4304],[131.2431,31.4262],[131.2451,31.4209],[131.2368,31.4151],[131.2356,31.4051],[131.2429,31.3897],[131.2541,31.3808],[131.2824,31.3814],[131.291,31.3892],[131.297,31.3852],[131.3093,31.3907],[131.3184,31.3687],[131.3355,31.3607],[131.3465,31.3635],[131.35,31.3712],[131.3339,31.3824],[131.3337,31.3985],[131.3434,31.3991],[131.3424,31.4106],[131.3654,31.4205],[131.3709,31.4281],[131.3699,31.4514],[131.3646,31.4555],[131.363,31.4718],[131.3888,31.4857],[131.3882,31.4909],[131.3837,31.4904],[131.385,31.5027],[131.3733,31.5091],[131.3765,31.5121],[131.3725,31.5177],[131.3788,31.5192],[131.3789,31.5149],[131.3853,31.5192],[131.3808,31.5262],[131.3853,31.5409],[131.3812,31.5526],[131.3882,31.5601],[131.3976,31.5588],[131.3916,31.5647],[131.3969,31.566],[131.4025,31.5817],[131.4067,31.5819],[131.4097,31.5742],[131.4066,31.5676],[131.4124,31.5702],[131.4091,31.5875],[131.4153,31.5997],[131.4226,31.6087],[131.457,31.6247],[131.4622,31.6332],[131.4535,31.6377],[131.4581,31.6467],[131.4693,31.6453],[131.4634,31.6526],[131.4612,31.6691],[131.4521,31.6696],[131.4504,31.6791],[131.4685,31.6871],[131.4562,31.6984],[131.4624,31.7038],[131.4584,31.7094],[131.46,31.7184],[131.4679,31.721],[131.4632,31.734],[131.4731,31.7372],[131.4684,31.7527],[131.4714,31.7584],[131.4765,31.7577],[131.4886,31.7855],[131.4729,31.7943],[131.4717,31.803],[131.4551,31.8168],[131.453,31.8614],[131.4571,31.8742],[131.4624,31.8756],[131.4579,31.8901],[131.4646,31.8961],[131.469,31.9126],[131.4641,31.9135],[131.4587,31.9013],[131.4599,31.916],[131.4724,31.9226],[131.4691,31.9284],[131.4724,31.9462],[131.5034,32.0439],[131.5075,32.0463]]]},"properties":{"N03_001":"宮崎県"}},{"type":"Feature","geometry":{"type":"MultiPolygon","coordinates":[[[[130.6983,31.5557],[130.707,31.5412],[130.7066,31.5321],[130.6982,31.5299],[130.698,31.5008],[130.6912,31.4892],[130.6993,31.4617],[130.7294,31.452],[130.7554,31.4259],[130.7706,31.3888],[130.7899,31.3607],[130.7919,31.3472],[130.8035,31.3325],[130.7904,31.3054],[130.7958,31.2917],[130.7881,31.2487],[130.7729,31.2387],[130.7677,31.2253],[130.7537,31.212],[130.7532,31.2032],[130.7668,31.1806],[130.7441,31.1314],[130.731,31.1168],[130.7141,31.1149],[130.6986,31.0994],[130.6877,31.097],[130.6857,31.0908],[130.6679,31.0852],[130.6585,31.076],[130.658,31.0714],[130.6781,31.0616],[130.6735,31.0565],[130.6769,31.0341],[130.6649,31.0118],[130.6567,31.0069],[130.6602,30.9953],[130.6666,30.9972],[130.6684,31.0085],[130.6829,31.0039],[130.6885,31.0146],[130.6838,31.0251],[130.6922,31.0225],[130.7072,31.0313],[130.7146,31.0291],[130.7188,31.0335],[130.7158,31.0423],[130.7432,31.0525],[130.7448,31.0593],[130.7518,31.0614],[130.7585,31.0571],[130.7673,31.0659],[130.7779,31.0661],[130.7923,31.0742],[130.798,31.0838],[130.8068,31.0809],[130.8129,31.0892],[130.8738,31.095],[130.9011,31.1132],[130.9159,31.1135],[130.9217,31.1252],[130.9287,31.1234],[130.9627,31.1384],[130.9792,31.1519],[130.9787,31.1572],[130.9716,31.1602],[130.9726,31.1665],[130.9951,31.1708],[130.9851,31.1786],[131.0033,31.1898],[131.0099,31.205],[131.0065,31.2148],[131.0175,31.2281],[131.05,31.2247],[131.0665,31.2279],[131.0863,31.2497],[131.1081,31.2595],[131.111,31.2657],[131.1297,31.2769],[131.1302,31.2848],[131.1215,31.2867],[131.1072,31.2756],[131.092,31.2791],[131.0836,31.2747],[131.0762,31.2798],[131.0735,31.2915],[131.1073,31.3157],[131.1029,31.3181],[131.1036,31.3263],[131.1089,31.3302],[131.017,31.3571],[131.0158,31.3757],[131.0294,31.4104],[131.0675,31.4517],[131.0782,31.4582],[131.0848,31.448],[131.0896,31.451],[131.0835,31.4568],[131.0874,31.4614],[131.0949,31.457],[131.0991,31.4602],[131.0973,31.465],[131.1017,31.4644],[131.1106,31.4762],[131.1369,31.4672],[131.1381,31.4609],[131.1442,31.4681],[131.1603,31.4619],[131.1632,31.4841],[131.1721,31.502],[131.1968,31.5116],[131.2015,31.5311],[131.1954,31.5523],[131.1893,31.5572],[131.1997,31.5641],[131.2054,31.5799],[131.1974,31.5953],[131.1872,31.6036],[131.1894,31.6222],[131.1644,31.6395],[131.1388,31.6277],[131.1178,31.6293],[131.0793,31.6602],[131.0725,31.6581],[131.0543,31.6335],[131.0461,31.6525],[131.0256,31.6669],[131.0237,31.6918],[131.0286,31.6975],[131.0131,31.7131],[131.0178,31.7452],[131.0152,31.7488],[130.9979,31.7459],[130.9907,31.7512],[130.9785,31.7516],[130.9792,31.7617],[130.9828,31.7674],[130.9884,31.7655],[130.9906,31.7768],[130.9714,31.7846],[130.9611,31.7816],[130.9295,31.7864],[130.9179,31.8035],[130.901,31.801],[130.8845,31.8054],[130.8769,31.8157],[130.8817,31.8335],[130.8762,31.8442],[130.8882,31.8483],[130.8878,31.8609],[130.8946,31.878],[130.9024,31.8844],[130.914,31.8858],[130.8977,31.8885],[130.8823,31.9212],[130.8656,31.9339],[130.8405,31.9427],[130.8164,31.9412],[130.7995,31.9502],[130.8011,31.9608],[130.7945,31.9733],[130.782,31.9831],[130.7769,32.0165],[130.7379,32.0472],[130.7034,32.0585],[130.7036,32.0772],[130.716,32.0857],[130.7206,32.1008],[130.6991,32.107],[130.655,32.1357],[130.6516,32.1513],[130.6227,32.1561],[130.6105,32.1867],[130.5917,32.186],[130.5967,32.1759],[130.5827,32.1549],[130.5423,32.1496],[130.5402,32.1374],[130.5207,32.1352],[130.5092,32.1405],[130.4924,32.1337],[130.4769,32.139],[130.4758,32.1224],[130.467,32.1157],[130.4633,32.1188],[130.4412,32.114],[130.4027,32.1202],[130.3867,32.1474],[130.3608,32.1686],[130.3585,32.1622],[130.3629,32.1515],[130.3544,32.145],[130.3524,32.1359],[130.3157,32.1169],[130.3094,32.1082],[130.2835,32.11],[130.2715,32.1167],[130.2706,32.1282],[130.262,32.1275],[130.2663,32.1237],[130.2636,32.1191],[130.2508,32.1282],[130.2268,32.1288],[130.2113,32.1252],[130.1759,32.1059],[130.1715,32.0782],[130.1838,32.0709],[130.1826,32.0789],[130.1921,32.083],[130.1917,32.0778],[130.1992,32.077],[130.2075,32.0607],[130.2032,32.0383],[130.191,32.0296],[130.1917,32.0179],[130.1794,32.0156],[130.1789,32.001],[130.1887,31.9895],[130.2016,31.9844],[130.2002,31.9778],[130.2087,31.9725],[130.216,31.9528],[130.2193,31.917],[130.2242,31.9107],[130.2127,31.8766],[130.1986,31.8639],[130.1953,31.8439],[130.1801,31.8182],[130.1732,31.8149],[130.1732,31.801],[130.1671,31.7917],[130.1855,31.7705],[130.1889,31.757],[130.1861,31.7492],[130.1917,31.7465],[130.1988,31.7544],[130.2111,31.7561],[130.2395,31.7335],[130.2484,31.7313],[130.2523,31.7222],[130.2601,31.7217],[130.2622,31.7069],[130.2756,31.7051],[130.295,31.6786],[130.2977,31.663],[130.3156,31.6586],[130.3204,31.6512],[130.3343,31.5995],[130.3337,31.5628],[130.3196,31.5049],[130.2892,31.4462],[130.2714,31.4268],[130.2339,31.4098],[130.2278,31.4001],[130.1926,31.4091],[130.1917,31.4146],[130.1867,31.4103],[130.1835,31.4181],[130.1709,31.4205],[130.167,31.4349],[130.16,31.44],[130.1394,31.4181],[130.1158,31.424],[130.1097,31.4216],[130.1066,31.413],[130.1241,31.4161],[130.138,31.4077],[130.165,31.3743],[130.1718,31.3735],[130.1747,31.3664],[130.1905,31.3667],[130.1901,31.3552],[130.195,31.3579],[130.2092,31.3482],[130.204,31.3345],[130.1959,31.3295],[130.1779,31.3296],[130.1737,31.3246],[130.1885,31.3217],[130.1896,31.3166],[130.2148,31.3209],[130.2249,31.3095],[130.2218,31.3008],[130.2,31.2973],[130.1989,31.2915],[130.2008,31.2832],[130.2067,31.2824],[130.2138,31.29],[130.2167,31.283],[130.2263,31.2831],[130.2291,31.2789],[130.2145,31.2741],[130.2282,31.2711],[130.2141,31.2612],[130.2169,31.2497],[130.2232,31.254],[130.2262,31.2503],[130.2394,31.2594],[130.244,31.2531],[130.2622,31.2562],[130.2783,31.2495],[130.2842,31.2674],[130.2968,31.2676],[130.2985,31.2636],[130.3102,31.2652],[130.3161,31.2573],[130.3507,31.2509],[130.403,31.2536],[130.4311,31.2466],[130.4442,31.2526],[130.4595,31.2513],[130.4863,31.2371],[130.5086,31.2134],[130.5156,31.1984],[130.5082,31.1936],[130.5075,31.1778],[130.5181,31.1659],[130.5302,31.1634],[130.5538,31.1783],[130.5858,31.1607],[130.5927,31.1629],[130.5879,31.1687],[130.5959,31.1797],[130.6348,31.185],[130.6458,31.2025],[130.6373,31.2078],[130.6341,31.2004],[130.6299,31.2018],[130.6296,31.2107],[130.6578,31.2204],[130.6503,31.2336],[130.65,31.2447],[130.6666,31.2668],[130.6212,31.2766],[130.6071,31.2934],[130.5943,31.2953],[130.5647,31.3225],[130.5461,31.3746],[130.5582,31.3861],[130.5501,31.3965],[130.539,31.3908],[130.5331,31.3981],[130.5136,31.4586],[130.5155,31.4642],[130.5322,31.4623],[130.5328,31.47],[130.5192,31.4715],[130.5133,31.4778],[130.5137,31.4908],[130.5207,31.4924],[130.5314,31.4843],[130.534,31.5012],[130.5202,31.5044],[130.5214,31.5093],[130.5331,31.5072],[130.5439,31.5335],[130.5358,31.5292],[130.5425,31.5395],[130.5459,31.5375],[130.5475,31.5493],[130.5588,31.5465],[130.5704,31.5753],[130.5648,31.5817],[130.5628,31.5972],[130.5725,31.6034],[130.576,31.6154],[130.6023,31.632],[130.6063,31.6501],[130.6196,31.6589],[130.6093,31.6799],[130.6197,31.7056],[130.6276,31.7137],[130.6398,31.7138],[130.6603,31.7286],[130.6722,31.728],[130.686,31.735],[130.7059,31.7253],[130.7172,31.7279],[130.7198,31.7205],[130.7282,31.7179],[130.7304,31.7099],[130.7377,31.7068],[130.7389,31.7102],[130.7924,31.703],[130.8001,31.6953],[130.7962,31.6893],[130.8113,31.6836],[130.8232,31.6597],[130.8184,31.6451],[130.8011,31.6319],[130.796,31.6131],[130.7873,31.6043],[130.7875,31.586],[130.7619,31.5613],[130.7069,31.5573],[130.7211,31.5637],[130.7161,31.5649],[130.7161,31.5747],[130.7102,31.5802],[130.718,31.5876],[130.7114,31.5959],[130.7173,31.6025],[130.71,31.6053],[130.6996,31.6211],[130.6921,31.6246],[130.6843,31.6216],[130.6798,31.6289],[130.6752,31.6251],[130.6261,31.6204],[130.6112,31.6085],[130.6063,31.5974],[130.5986,31.5969],[130.5998,31.5928],[130.5911,31.5889],[130.592,31.581],[130.6071,31.5745],[130.6124,31.5623],[130.6205,31.5613],[130.6241,31.5522],[130.6277,31.5571],[130.6391,31.5451],[130.6654,31.5534],[130.6819,31.5446],[130.6983,31.5557]]],[[[129.259,28.3234],[129.2565,28.3176],[129.2376,28.309],[129.2283,28.3101],[129.2126,28.3026],[129.2218,28.2938],[129.2295,28.2945],[129.2266,28.2902],[129.2511,28.2749],[129.2654,28.2753],[129.2632,28.2821],[129.2675,28.2886],[129.273,28.2828],[129.2935,28.2846],[129.295,28.2731],[129.2887,28.2776],[129.2784,28.2763],[129.2738,28.2613],[129.2647,28.2674],[129.2629,28.2614],[129.2551,28.2654],[129.2495,28.2528],[129.2434,28.2671],[129.2353,28.2653],[129.2362,28.2694],[129.2273,28.2736],[129.2149,28.2662],[129.212,28.2527],[129.2021,28.256],[129.1994,28.2622],[129.1859,28.2626],[129.1824,28.2697],[129.1679,28.2627],[129.166,28.2561],[129.1349,28.2552],[129.1503,28.2459],[129.1523,28.2368],[129.1698,28.2428],[129.1775,28.224],[129.1858,28.2218],[129.1946,28.2277],[129.2053,28.2186],[129.2191,28.2287],[129.2218,28.2222],[129.2419,28.2168],[129.2457,28.2044],[129.2571,28.2051],[129.2569,28.2101],[129.2493,28.2121],[129.2542,28.2194],[129.2531,28.2322],[129.2663,28.2321],[129.2686,28.2282],[129.2764,28.2325],[129.2762,28.2249],[129.2617,28.2155],[129.2899,28.2225],[129.2953,28.2195],[129.2874,28.2117],[129.2728,28.2073],[129.2631,28.1831],[129.2739,28.1817],[129.282,28.1906],[129.2894,28.1896],[129.2832,28.1822],[129.2847,28.1792],[129.2922,28.1823],[129.2923,28.175],[129.2974,28.1716],[129.2968,28.1679],[129.2869,28.1675],[129.2872,28.163],[129.2974,28.1596],[129.2915,28.1534],[129.3159,28.1431],[129.3219,28.1325],[129.3309,28.1345],[129.3331,28.1291],[129.3414,28.1386],[129.3484,28.1311],[129.3604,28.1349],[129.367,28.1303],[129.3603,28.1268],[129.3691,28.1162],[129.3664,28.1122],[129.3768,28.1113],[129.3803,28.113],[129.3783,28.1258],[129.3718,28.1297],[129.3693,28.1405],[129.338,28.1702],[129.3508,28.174],[129.3633,28.1685],[129.3631,28.163],[129.3835,28.1648],[129.4017,28.1561],[129.4074,28.1708],[129.4077,28.1842],[129.4026,28.1865],[129.4063,28.1936],[129.4185,28.1874],[129.4333,28.1988],[129.4535,28.1995],[129.4559,28.2083],[129.4622,28.2114],[129.4768,28.2106],[129.4716,28.2213],[129.457,28.232],[129.444,28.2296],[129.4078,28.2504],[129.4428,28.2457],[129.4489,28.2613],[129.46,28.2681],[129.4545,28.2773],[129.4551,28.2918],[129.4618,28.2974],[129.4863,28.2895],[129.5,28.2983],[129.5377,28.3064],[129.5449,28.3122],[129.5351,28.3195],[129.5332,28.3269],[129.5658,28.3358],[129.5854,28.3655],[129.5931,28.3667],[129.5977,28.3809],[129.608,28.3885],[129.6137,28.401],[129.6285,28.4069],[129.6659,28.399],[129.669,28.4088],[129.6941,28.4135],[129.7038,28.424],[129.709,28.4212],[129.719,28.4391],[129.7137,28.4468],[129.7221,28.458],[129.7172,28.4708],[129.704,28.4773],[129.6961,28.4885],[129.6903,28.5028],[129.6937,28.5101],[129.69,28.5308],[129.6769,28.5266],[129.6598,28.5017],[129.6456,28.5005],[129.6739,28.4622],[129.666,28.4474],[129.6727,28.4424],[129.6673,28.4388],[129.6535,28.4683],[129.6492,28.4685],[129.652,28.4569],[129.6483,28.4487],[129.6589,28.4321],[129.6517,28.4222],[129.6434,28.4324],[129.6397,28.4167],[129.6291,28.4145],[129.6203,28.4182],[129.6204,28.4296],[129.6291,28.4356],[129.625,28.4494],[129.6209,28.45],[129.6152,28.4465],[129.618,28.4325],[129.611,28.4352],[129.603,28.4317],[129.602,28.4153],[129.5896,28.4137],[129.5965,28.4357],[129.6065,28.4357],[129.605,28.4513],[129.615,28.4656],[129.6216,28.4678],[129.6222,28.4755],[129.5952,28.4749],[129.5884,28.4669],[129.5766,28.4668],[129.57,28.4575],[129.5626,28.4587],[129.5628,28.4508],[129.5584,28.4479],[129.5443,28.4625],[129.5348,28.4542],[129.5357,28.45],[129.5214,28.4449],[129.5164,28.4352],[129.519,28.4262],[129.511,28.411],[129.5179,28.4037],[129.5148,28.3985],[129.5077,28.3991],[129.4973,28.3816],[129.4939,28.4079],[129.4879,28.4111],[129.4785,28.4002],[129.4679,28.4021],[129.4711,28.4076],[129.4681,28.4117],[129.4564,28.4113],[129.4527,28.3935],[129.4474,28.3885],[129.45,28.3823],[129.446,28.38],[129.4236,28.389],[129.405,28.3826],[129.3948,28.3851],[129.4044,28.3778],[129.4088,28.3663],[129.3998,28.3556],[129.3959,28.3682],[129.3877,28.3737],[129.3666,28.3546],[129.3525,28.3607],[129.3455,28.3693],[129.3391,28.3685],[129.3265,28.3501],[129.3113,28.3423],[129.3135,28.3358],[129.3051,28.3301],[129.259,28.3234]]]]},"properties":{"N03_001":"鹿児島県"}},{"type":"Feature","geometry":{"type":"Polygon","coordinates":[[[127.6438,26.1774],[127.6428,26.1734],[127.6483,26.1738],[127.6541,26.162],[127.6604,26.162],[127.6693,26.1522],[127.648,26.1453],[127.6529,26.1261],[127.6535,26.1353],[127.6676,26.134],[127.6626,26.13],[127.6644,26.1146],[127.6565,26.0844],[127.6774,26.0746],[127.7069,26.09],[127.7256,26.0909],[127.7472,26.1183],[127.7673,26.1261],[127.7753,26.135],[127.7929,26.1349],[127.8119,26.1553],[127.8298,26.1654],[127.8311,26.1763],[127.8213,26.1822],[127.8211,26.1917],[127.795,26.1856],[127.7905,26.1712],[127.7778,26.1725],[127.7781,26.1873],[127.7657,26.2047],[127.79,26.23],[127.7895,26.2485],[127.798,26.2655],[127.8162,26.2774],[127.8112,26.2985],[127.8162,26.3052],[127.8287,26.3041],[127.8311,26.3094],[127.8373,26.3004],[127.8467,26.304],[127.8416,26.3076],[127.8334,26.3054],[127.8293,26.3132],[127.8475,26.3144],[127.8465,26.3197],[127.8347,26.3259],[127.8626,26.3445],[127.8992,26.3045],[127.9158,26.2943],[127.9213,26.2949],[127.9236,26.3021],[127.9119,26.326],[127.888,26.3408],[127.875,26.3568],[127.8755,26.3743],[127.8812,26.3764],[127.8713,26.3881],[127.8407,26.4065],[127.8381,26.4183],[127.8267,26.4228],[127.8308,26.4319],[127.8404,26.427],[127.8502,26.4484],[127.8693,26.4575],[127.8852,26.4573],[127.9164,26.447],[127.9241,26.439],[127.9444,26.4422],[127.9468,26.4646],[127.9538,26.4739],[127.9676,26.4682],[127.9911,26.4751],[128.0007,26.4831],[128.0012,26.4935],[127.9916,26.5042],[127.9977,26.5096],[128.0066,26.5064],[128.0052,26.511],[128.0108,26.5149],[128.0257,26.5105],[128.0328,26.5142],[128.0311,26.5183],[128.053,26.5204],[128.0352,26.5518],[128.0511,26.5473],[128.0642,26.5517],[128.0908,26.5363],[128.1108,26.551],[128.1397,26.5559],[128.138,26.5664],[128.1478,26.5687],[128.1236,26.6027],[128.1516,26.5978],[128.1551,26.6088],[128.1456,26.6232],[128.1488,26.6294],[128.1594,26.6308],[128.182,26.624],[128.2385,26.6319],[128.2526,26.646],[128.2563,26.6586],[128.2637,26.6591],[128.2648,26.6677],[128.2794,26.6778],[128.2799,26.6919],[128.294,26.7019],[128.2911,26.7085],[128.2994,26.7128],[128.2937,26.7174],[128.3032,26.7208],[128.3061,26.7299],[128.3171,26.7346],[128.3199,26.7461],[128.3269,26.7493],[128.3212,26.757],[128.3261,26.7825],[128.317,26.7932],[128.3215,26.7966],[128.3178,26.806],[128.3207,26.8122],[128.3047,26.831],[128.3037,26.8459],[128.2902,26.8416],[128.2811,26.8542],[128.262,26.8665],[128.2636,26.8742],[128.2574,26.8755],[128.2467,26.868],[128.2441,26.859],[128.2531,26.8511],[128.2535,26.8436],[128.2339,26.8117],[128.2312,26.7973],[128.2044,26.7744],[128.2025,26.766],[128.1894,26.7605],[128.1819,26.7488],[128.1635,26.7431],[128.1529,26.7453],[128.1505,26.7411],[128.1595,26.7337],[128.1598,26.7231],[128.144,26.7088],[128.1181,26.7033],[128.0983,26.6797],[128.1193,26.6689],[128.1233,26.6602],[128.1173,26.6591],[128.111,26.667],[128.1074,26.6624],[128.0969,26.6618],[128.0787,26.6443],[128.049,26.6344],[128.0395,26.6366],[128.0246,26.6274],[128.0067,26.6306],[127.999,26.6432],[127.9837,26.6481],[127.9909,26.6518],[127.9932,26.6721],[128.0082,26.6831],[128.0058,26.6879],[127.9785,26.6976],[127.9699,26.6948],[127.9658,26.6976],[127.9694,26.7005],[127.9589,26.7072],[127.9038,26.699],[127.8802,26.7099],[127.8743,26.6846],[127.889,26.6725],[127.891,26.6608],[127.879,26.6541],[127.8789,26.6409],[127.8945,26.6147],[127.8949,26.6065],[127.9118,26.6012],[127.9207,26.6093],[127.9291,26.6081],[127.9781,26.5882],[127.983,26.585],[127.9803,26.5665],[127.9643,26.5416],[127.9581,26.5466],[127.9417,26.5358],[127.9343,26.5386],[127.927,26.5279],[127.9211,26.5285],[127.9163,26.5159],[127.9061,26.5175],[127.8922,26.5123],[127.8894,26.5044],[127.8838,26.5026],[127.8667,26.5104],[127.8556,26.5001],[127.8502,26.5054],[127.8439,26.5038],[127.8402,26.4956],[127.8448,26.4806],[127.8355,26.4794],[127.8268,26.4682],[127.8119,26.4631],[127.8009,26.45],[127.8017,26.4403],[127.7956,26.4361],[127.7825,26.4354],[127.7715,26.4461],[127.7567,26.4315],[127.7363,26.4224],[127.725,26.44],[127.7145,26.4409],[127.7135,26.4113],[127.7414,26.3503],[127.7452,26.3515],[127.7472,26.3397],[127.7428,26.331],[127.7601,26.3099],[127.757,26.295],[127.7199,26.2708],[127.7195,26.2746],[127.7066,26.2731],[127.6909,26.2551],[127.6837,26.2558],[127.6851,26.2426],[127.6689,26.2506],[127.6723,26.2386],[127.6671,26.2377],[127.6671,26.2323],[127.6737,26.2323],[127.6751,26.2402],[127.6794,26.2402],[127.681,26.2266],[127.6651,26.2216],[127.6632,26.2132],[127.6489,26.2167],[127.6419,26.2039],[127.6305,26.2062],[127.6312,26.1787],[127.636,26.1782],[127.6351,26.2004],[127.6437,26.1887],[127.6438,26.1774]]]},"properties":{"N03_001":"沖縄県"}}]}