{"type": "FeatureCollection", "features": [{"type": "Feature", "properties": {"nam": "Yamanashi Ken", "nam_ja": "山梨県", "id": 19, "adjacent": true}, "geometry": {"type": "Polygon", "coordinates": [[[138.370300292969, 35.97146606445307], [138.37179565429702, 35.97140121459958], [138.37379455566403, 35.97166442871089], [138.377807617188, 35.97166442871089], [138.38279724121102, 35.97040176391603], [138.39810180664102, 35.96440124511721], [138.40040588378903, 35.96479797363276], [138.41430664062503, 35.959400177002024], [138.41960144043003, 35.95986557006842], [138.44029235839798, 35.952266693115234], [138.44850158691398, 35.946067810058594], [138.45410156249997, 35.93906402587887], [138.44839477539097, 35.93013381958007], [138.44790649414094, 35.92653274536134], [138.44529724121097, 35.92319869995119], [138.44540405273398, 35.91986465454104], [138.44470214843804, 35.918266296386676], [138.44720458984403, 35.91419982910164], [138.45440673828097, 35.900333404540966], [138.45579528808597, 35.90159988403318], [138.45910644531304, 35.90366744995121], [138.47109985351597, 35.89673233032233], [138.481903076172, 35.89866638183594], [138.487396240234, 35.89633178710942], [138.490097045898, 35.89640045166018], [138.49450683593798, 35.902065277099574], [138.494705200195, 35.91159820556637], [138.496795654297, 35.91153335571288], [138.497604370117, 35.91153335571288], [138.49870300292997, 35.91220092773437], [138.501602172852, 35.91193389892579], [138.506591796875, 35.91986465454104], [138.50930786132798, 35.92200088500982], [138.511993408203, 35.92126464843749], [138.51679992675798, 35.91986465454104], [138.519393920898, 35.91880035400391], [138.52900695800798, 35.91466522216803], [138.53059387207003, 35.91573333740234], [138.53929138183602, 35.91439819335937], [138.542999267578, 35.91486740112303], [138.54750061035202, 35.91626739501949], [138.55400085449202, 35.91906738281249], [138.55569458007804, 35.91906738281249], [138.556304931641, 35.91640090942382], [138.56309509277304, 35.91699981689446], [138.56889343261696, 35.91419982910164], [138.57620239257804, 35.91153335571288], [138.58279418945304, 35.918064117431584], [138.58779907226602, 35.91779708862301], [138.59060668945304, 35.91959762573237], [138.594604492188, 35.91740036010737], [138.59959411621097, 35.913932800292976], [138.60110473632804, 35.911464691162124], [138.60549926757804, 35.908664703369126], [138.61169433593804, 35.909400939941364], [138.60729980468804, 35.89673233032233], [138.60600280761696, 35.89479827880863], [138.60659790039094, 35.880599975585895], [138.61050415039102, 35.87419891357417], [138.62150573730503, 35.870399475097706], [138.62179565429696, 35.87033462524413], [138.62789916992196, 35.87326812744138], [138.634094238281, 35.87019729614262], [138.64179992675798, 35.87406539916992], [138.64839172363298, 35.87340164184571], [138.65600585937497, 35.87586593627929], [138.661102294922, 35.87373352050777], [138.662200927734, 35.87319946289062], [138.664291381836, 35.873531341552685], [138.671295166016, 35.870800018310526], [138.67610168457, 35.86986541748047], [138.684707641602, 35.88933181762696], [138.685394287109, 35.8933334350586], [138.69049072265602, 35.895534515380874], [138.693298339844, 35.89946746826166], [138.695693969727, 35.89920043945309], [138.701400756836, 35.90333175659179], [138.70759582519503, 35.909400939941364], [138.713500976563, 35.90873336791988], [138.714706420898, 35.90913391113279], [138.71929931640602, 35.90813446044924], [138.727493286133, 35.90933227539061], [138.72880554199202, 35.909267425537124], [138.734802246094, 35.90393447875979], [138.739700317383, 35.905601501464815], [138.74679565429702, 35.9028015136719], [138.75030517578102, 35.901733398437514], [138.75819396972702, 35.902267456054666], [138.76750183105503, 35.89933395385742], [138.77819824218804, 35.90013122558588], [138.79110717773398, 35.89133453369141], [138.79240417480503, 35.880401611328075], [138.79299926757795, 35.87506866455083], [138.80290222167997, 35.870265960693374], [138.80859374999997, 35.86959838867189], [138.81359863281304, 35.862331390380945], [138.82040405273398, 35.865264892578104], [138.829895019531, 35.86520004272462], [138.83250427246097, 35.86240005493161], [138.843994140625, 35.86626434326174], [138.846298217773, 35.8671989440918], [138.856704711914, 35.86406707763673], [138.858993530273, 35.85746765136719], [138.862701416016, 35.85886764526373], [138.86590576171898, 35.85853195190431], [138.87179565429702, 35.85493469238276], [138.88000488281298, 35.84679794311524], [138.886505126953, 35.8464012145996], [138.89289855957003, 35.83986663818363], [138.89970397949202, 35.846866607666], [138.90989685058602, 35.85193252563476], [138.91499328613304, 35.85253143310549], [138.92819213867196, 35.84933471679694], [138.93389892578097, 35.851131439209034], [138.94400024414102, 35.85466766357418], [138.94830322265597, 35.84933471679694], [138.94810485839804, 35.841667175293], [138.95329284667994, 35.83653259277339], [138.96379089355497, 35.8293342590332], [138.96969604492196, 35.83133316040038], [138.96969604492196, 35.81573104858401], [138.97189331054696, 35.81073379516601], [138.97090148925804, 35.80379867553713], [138.97329711914097, 35.797668457031335], [138.97590637206997, 35.79213333129882], [138.97880554199196, 35.78786468505861], [138.98460388183597, 35.78459930419921], [138.98599243164097, 35.778999328613295], [138.98370361328097, 35.769466400146506], [138.99270629882798, 35.757068634033224], [138.99449157714798, 35.7543334960938], [138.99609374999997, 35.753200531005916], [138.996795654297, 35.75226593017577], [139.00320434570298, 35.750331878662074], [139.00529479980497, 35.74946594238277], [139.01190185546898, 35.738998413085916], [139.012496948242, 35.7388000488281], [139.020095825195, 35.72833251953133], [139.025604248047, 35.7193336486816], [139.032302856445, 35.71619796752927], [139.044204711914, 35.70933151245123], [139.049896240234, 35.70766830444338], [139.05450439453102, 35.70399856567381], [139.063705444336, 35.69993209838868], [139.066101074219, 35.69820022583007], [139.07150268554702, 35.69666671752928], [139.074096679688, 35.69566726684574], [139.08290100097702, 35.69473266601559], [139.092407226563, 35.69073104858404], [139.10000610351602, 35.69206619262701], [139.10850524902304, 35.68959808349607], [139.11500549316403, 35.684066772460916], [139.12179565429696, 35.67873382568358], [139.12950134277295, 35.67419815063479], [139.13099670410196, 35.671798706054695], [139.13040161132804, 35.66986846923827], [139.12870788574196, 35.66726684570309], [139.12400817871102, 35.66313171386721], [139.12179565429696, 35.66146469116209], [139.11959838867196, 35.658531188964844], [139.11779785156304, 35.65313339233402], [139.12179565429696, 35.64759826660159], [139.12620544433594, 35.64273452758792], [139.12710571289102, 35.63980102539059], [139.12429809570304, 35.63240051269531], [139.12390136718804, 35.62386703491207], [139.12579345703097, 35.62266540527343], [139.13119506835898, 35.61800003051758], [139.13429260253898, 35.6162643432617], [139.12789916992196, 35.61246490478524], [139.13310241699196, 35.60680007934566], [139.12820434570304, 35.59360122680656], [139.12390136718804, 35.591533660888715], [139.12229919433597, 35.58900070190429], [139.12179565429696, 35.58839797973629], [139.12159729003903, 35.58653259277344], [139.12179565429696, 35.586200714111285], [139.12309265136696, 35.58406448364259], [139.12489318847696, 35.58319854736329], [139.12469482421903, 35.58179855346683], [139.12779235839798, 35.580398559570284], [139.12829589843804, 35.57073211669916], [139.12910461425804, 35.56373214721679], [139.12179565429696, 35.55659866333009], [139.11500549316403, 35.553665161132756], [139.11189270019497, 35.54980087280272], [139.11270141601602, 35.54693222045896], [139.11239624023395, 35.5407981872559], [139.11299133300804, 35.53739929199217], [139.10879516601602, 35.53226470947274], [139.10690307617202, 35.53246688842774], [139.10270690918003, 35.52600097656253], [139.09089660644503, 35.518867492675824], [139.08520507812503, 35.512065887451186], [139.07949829101602, 35.51226806640628], [139.07260131835903, 35.51020050048834], [139.067993164063, 35.51046752929691], [139.066192626953, 35.509334564209034], [139.059692382813, 35.50746536254882], [139.052398681641, 35.50973129272458], [139.046096801758, 35.50973129272458], [139.04460144043, 35.50320053100588], [139.041900634766, 35.497264862060455], [139.03649902343798, 35.49079895019533], [139.02949523925798, 35.48699951171878], [139.026596069336, 35.48080062866214], [139.02360534667997, 35.48106765747072], [139.020492553711, 35.47906875610353], [139.01789855957, 35.479000091552685], [139.01359558105497, 35.47933197021484], [139.00700378417997, 35.4746017456055], [139.00579833984398, 35.474864959716804], [139.00170898437497, 35.47480010986332], [138.99749755859398, 35.474933624267564], [138.996795654297, 35.47420120239259], [138.99440002441398, 35.4739990234375], [138.99060058593804, 35.47413253784183], [138.98550415039097, 35.469799041747955], [138.97869873046898, 35.46386718749998], [138.97509765624997, 35.4664001464844], [138.97349548339798, 35.46673202514647], [138.96809387206997, 35.46373367309574], [138.96600341796903, 35.463932037353466], [138.95429992675804, 35.4599342346191], [138.93769836425804, 35.44893264770509], [138.93719482421903, 35.44886398315434], [138.93550109863304, 35.44499969482421], [138.92799377441403, 35.43679809570312], [138.92720031738304, 35.43026733398442], [138.93049621581994, 35.42553329467772], [138.92939758300804, 35.420864105224595], [138.92680358886693, 35.41986465454096], [138.92430114746102, 35.414333343505895], [138.91740417480503, 35.4099998474121], [138.91619873046903, 35.4005317687988], [138.91250610351602, 35.398933410644524], [138.90550231933602, 35.39693450927734], [138.899200439453, 35.39253234863279], [138.89419555664102, 35.39080047607418], [138.887893676758, 35.38639831542973], [138.87969970703102, 35.385864257812486], [138.873199462891, 35.38146591186521], [138.87179565429702, 35.38180160522463], [138.862396240234, 35.3901329040527], [138.856704711914, 35.38800048828127], [138.852096557617, 35.390201568603544], [138.847396850586, 35.38886642456049], [138.83360290527298, 35.38373184204097], [138.83000183105497, 35.379531860351605], [138.82179260253898, 35.374065399169936], [138.81990051269497, 35.37566757202148], [138.80279541015597, 35.376331329345696], [138.78649902343804, 35.37426757812502], [138.74679565429702, 35.367401123046896], [138.72999572753903, 35.36446762084957], [138.72689819335903, 35.36386871337893], [138.72549438476602, 35.36479949951172], [138.717697143555, 35.36493301391596], [138.700698852539, 35.3626670837402], [138.69929504394503, 35.360332489013686], [138.680404663086, 35.357666015625014], [138.67109680175798, 35.39279937744137], [138.66349792480497, 35.39826583862304], [138.63890075683597, 35.39820098876946], [138.62179565429696, 35.39526748657231], [138.60960388183597, 35.393199920654276], [138.60099792480503, 35.41986465454096], [138.59790039062503, 35.43080139160157], [138.59419250488304, 35.434467315673785], [138.58909606933594, 35.4365997314453], [138.58189392089804, 35.44573211669918], [138.57780456543003, 35.44186401367188], [138.57359313964804, 35.44039916992194], [138.56640625000003, 35.436134338378906], [138.55889892578102, 35.43413162231454], [138.55670166015602, 35.42793273925781], [138.548004150391, 35.41986465454096], [138.54589843750003, 35.416999816894474], [138.542190551758, 35.41506576538087], [138.533401489258, 35.410598754882834], [138.531600952148, 35.40620040893547], [138.53300476074202, 35.39813232421879], [138.535797119141, 35.38993453979488], [138.52799987793, 35.378932952880874], [138.529403686523, 35.377666473388665], [138.52990722656298, 35.35853195190432], [138.529296875, 35.34986495971683], [138.53300476074202, 35.34299850463871], [138.534591674805, 35.3365325927734], [138.53489685058602, 35.330600738525426], [138.52900695800798, 35.326999664306605], [138.525604248047, 35.32279968261724], [138.51249694824202, 35.314064025878906], [138.51330566406298, 35.30433273315429], [138.516494750977, 35.29673385620119], [138.5205078125, 35.28559875488277], [138.520294189453, 35.27280044555658], [138.51679992675798, 35.26753234863282], [138.51460266113298, 35.26319885253912], [138.521392822266, 35.25320053100593], [138.52180480957, 35.249931335449176], [138.526504516602, 35.235000610351555], [138.52909851074202, 35.23113250732416], [138.53219604492202, 35.223400115966825], [138.527404785156, 35.21666717529303], [138.531204223633, 35.21099853515627], [138.532897949219, 35.201534271240234], [138.529495239258, 35.19806671142584], [138.522308349609, 35.19906616210939], [138.521102905273, 35.19786834716802], [138.51860046386702, 35.19713211059569], [138.517593383789, 35.19846725463866], [138.514404296875, 35.19659805297854], [138.516204833984, 35.1966667175293], [138.514999389648, 35.19406509399411], [138.514205932617, 35.19160079956053], [138.50750732421898, 35.18640136718753], [138.501998901367, 35.178199768066435], [138.496795654297, 35.17466735839837], [138.496200561523, 35.17380142211907], [138.49279785156298, 35.16986846923828], [138.491592407227, 35.16846466064447], [138.487396240234, 35.16986846923828], [138.485198974609, 35.17326736450201], [138.481994628906, 35.173866271972734], [138.47779846191398, 35.17733383178713], [138.47239685058597, 35.17613220214841], [138.46229553222696, 35.17873382568359], [138.45880126953097, 35.178665161132834], [138.44219970703097, 35.17926406860347], [138.44039916992196, 35.17793273925777], [138.42919921874994, 35.18186569213874], [138.41889953613304, 35.19833374023442], [138.40939331054696, 35.202533721923785], [138.39860534668003, 35.200267791748026], [138.39540100097702, 35.20619964599609], [138.39210510253903, 35.21633148193361], [138.39129638671903, 35.22273254394534], [138.38819885253903, 35.237068176269496], [138.385696411133, 35.24520111083984], [138.38020324707003, 35.25320053100593], [138.379302978516, 35.25339889526366], [138.37179565429702, 35.26506805419924], [138.36920166015602, 35.268466949462876], [138.36729431152304, 35.272064208984425], [138.36799621582003, 35.278133392334006], [138.36669921875, 35.2893981933594], [138.37179565429702, 35.29766845703134], [138.372406005859, 35.29940032958977], [138.37179565429702, 35.299999237060504], [138.371505737305, 35.30113220214838], [138.36540222168, 35.311664581298814], [138.359497070313, 35.313331604003935], [138.358596801758, 35.317268371581996], [138.352401733398, 35.31586456298827], [138.346603393555, 35.316333770752024], [138.33549499511702, 35.32653427124021], [138.32830810546898, 35.32753372192376], [138.31750488281298, 35.32406616210936], [138.308898925781, 35.318531036377024], [138.29690551757798, 35.316467285156264], [138.29519653320298, 35.3146667480469], [138.28559875488295, 35.30459976196287], [138.27780151367196, 35.30659866333014], [138.27119445800804, 35.313331604003935], [138.26130676269497, 35.31519699096678], [138.25619506835898, 35.31859970092769], [138.25500488281304, 35.32333374023439], [138.25239562988304, 35.32573318481448], [138.25199890136696, 35.32880020141597], [138.24879455566403, 35.33153152465822], [138.25489807128903, 35.3365325927734], [138.25680541992196, 35.338466644287095], [138.25529479980503, 35.34153366088867], [138.25500488281304, 35.348266601562464], [138.25379943847693, 35.35266494750983], [138.25109863281304, 35.36233139038087], [138.24679565429696, 35.367134094238324], [138.24430847168003, 35.36566543579102], [138.24090576171903, 35.36746597290038], [138.23300170898403, 35.37080001831054], [138.23280334472702, 35.37620162963872], [138.23860168457003, 35.385864257812486], [138.24330139160202, 35.38940048217773], [138.24679565429696, 35.39379882812501], [138.24679565429696, 35.39693450927734], [138.24679565429696, 35.40000152587891], [138.25709533691395, 35.406734466552706], [138.25849914550804, 35.41986465454096], [138.25959777831997, 35.425933837890625], [138.25729370117196, 35.437866210937514], [138.25559997558597, 35.44426727294924], [138.24989318847696, 35.44626617431643], [138.24679565429696, 35.450065612792976], [138.24430847168003, 35.45579910278322], [138.24679565429696, 35.463397979736314], [138.25259399414094, 35.46526718139653], [138.25720214843804, 35.47520065307623], [138.26020812988304, 35.50320053100588], [138.26029968261696, 35.50473403930658], [138.26770019531304, 35.5135345458984], [138.26800537109403, 35.515666961669915], [138.26310729980503, 35.525665283203104], [138.26150512695304, 35.52846527099611], [138.25840759277304, 35.52966690063483], [138.25840759277304, 35.53766632080084], [138.25939941406304, 35.55193328857424], [138.25509643554696, 35.554599761962905], [138.24679565429696, 35.560600280761726], [138.24549865722702, 35.56159973144528], [138.24499511718804, 35.569133758544886], [138.24220275878903, 35.572334289550795], [138.23959350585895, 35.5831336975098], [138.23930358886696, 35.58653259277344], [138.24339294433597, 35.59140014648438], [138.24040222168003, 35.604465484619055], [138.236206054688, 35.60606765747069], [138.23600769043003, 35.61233139038091], [138.23420715332003, 35.61473464965818], [138.23669433593804, 35.62073135375982], [138.22880554199202, 35.625133514404276], [138.23179626464804, 35.63899993896477], [138.22830200195304, 35.645999908447315], [138.21859741210903, 35.64446640014653], [138.21760559082003, 35.64546585083008], [138.21009826660202, 35.65280151367187], [138.20700073242202, 35.66126632690427], [138.197296142578, 35.66986846923827], [138.194595336914, 35.67139816284179], [138.193801879883, 35.675464630127], [138.192108154297, 35.68646621704101], [138.194000244141, 35.69493103027341], [138.18949890136702, 35.70293426513668], [138.18029785156298, 35.712799072265625], [138.184005737305, 35.71993255615233], [138.18620300293, 35.721801757812536], [138.195007324219, 35.7257995605469], [138.20280456543, 35.734798431396456], [138.20449829101602, 35.73473358154297], [138.21810913085903, 35.74533462524407], [138.22019958496102, 35.74900054931637], [138.22669982910202, 35.753200531005916], [138.22680664062503, 35.75333404541016], [138.22930908203102, 35.75333404541016], [138.23559570312503, 35.75753402709962], [138.23359680175804, 35.76213455200198], [138.22630310058602, 35.765533447265625], [138.21940612793, 35.771198272705114], [138.213500976563, 35.77500152587893], [138.20590209960903, 35.78273391723627], [138.20059204101602, 35.78079986572266], [138.194198608398, 35.783134460449176], [138.185699462891, 35.7902641296387], [138.185501098633, 35.79486846923833], [138.19149780273403, 35.80393218994137], [138.192993164063, 35.80393218994137], [138.192993164063, 35.80559921264649], [138.19439697265602, 35.805397033691406], [138.19869995117202, 35.812198638916044], [138.200103759766, 35.812198638916044], [138.205108642578, 35.81539916992186], [138.20399475097702, 35.823200225830135], [138.20399475097702, 35.826133728027294], [138.21180725097702, 35.83653259277339], [138.21339416503903, 35.840667724609446], [138.21760559082003, 35.846065521240185], [138.22529602050804, 35.85659790039061], [138.23089599609403, 35.872131347656314], [138.23789978027304, 35.88219833374017], [138.24679565429696, 35.88553237915041], [138.24830627441403, 35.885932922363324], [138.26049804687497, 35.87833404541023], [138.26730346679696, 35.872131347656314], [138.27720642089798, 35.86199951171879], [138.283493041992, 35.85946655273437], [138.29220581054696, 35.866664886474645], [138.306701660156, 35.88633346557623], [138.32490539550798, 35.9028015136719], [138.33489990234398, 35.91986465454104], [138.33760070800798, 35.92226409912113], [138.34150695800798, 35.92526626586913], [138.343902587891, 35.93059921264647], [138.345108032227, 35.94106674194341], [138.356201171875, 35.95066833496087], [138.359298706055, 35.950531005859446], [138.360000610352, 35.9568672180176], [138.36149597168, 35.96239852905267], [138.367797851563, 35.966400146484396], [138.37010192871102, 35.970932006835916], [138.370300292969, 35.97146606445307]]]}}, {"type": "Feature", "properties": {"nam": "Wakayama Ken", "nam_ja": "和歌山県", "id": 30, "adjacent": true}, "geometry": {"type": "MultiPolygon", "coordinates": [[[[135.52870178222696, 34.35133361816406], [135.53469848632798, 34.35253143310552], [135.54069519042997, 34.35760116577146], [135.54699707031298, 34.35653305053707], [135.550201416016, 34.35820007324219], [135.552795410156, 34.359268188476584], [135.56140136718798, 34.36679840087892], [135.567001342773, 34.371799468994105], [135.570495605469, 34.37153244018553], [135.579498291016, 34.37639999389647], [135.583999633789, 34.3761329650879], [135.594100952148, 34.375267028808594], [135.59739685058602, 34.38040161132811], [135.60130310058602, 34.379398345947294], [135.60389709472702, 34.37733459472662], [135.61399841308602, 34.377067565917955], [135.61959838867202, 34.38439941406248], [135.62179565429702, 34.38393402099608], [135.63839721679696, 34.381999969482386], [135.63960266113304, 34.38333129882808], [135.65069580078097, 34.38320159912111], [135.65530395507804, 34.36780166625983], [135.66209411621097, 34.35686492919922], [135.66130065918003, 34.34606552124021], [135.66110229492196, 34.342731475830064], [135.65989685058597, 34.33653259277342], [135.65939331054696, 34.330001831054716], [135.66049194335898, 34.32713317871087], [135.66760253906304, 34.325401306152266], [135.66760253906304, 34.31433486938477], [135.66619873046903, 34.31226730346683], [135.66760253906304, 34.30720138549798], [135.66740417480503, 34.30446624755864], [135.66790771484403, 34.300868988037095], [135.67030334472696, 34.29633331298831], [135.67109680175804, 34.295467376709006], [135.67460632324196, 34.28813552856448], [135.67300415039097, 34.28066635131836], [135.67790222167997, 34.274333953857386], [135.67900085449196, 34.2725982666016], [135.68049621581997, 34.271400451660234], [135.68240356445298, 34.270000457763686], [135.68870544433597, 34.271400451660234], [135.69250488281304, 34.277801513671875], [135.700500488281, 34.275268554687536], [135.704803466797, 34.27146530151372], [135.708297729492, 34.2712669372559], [135.70870971679696, 34.2684669494629], [135.714996337891, 34.26546859741208], [135.71890258789097, 34.26013565063483], [135.719802856445, 34.25320053100586], [135.72480773925798, 34.237331390380916], [135.72900390625, 34.23379898071294], [135.729705810547, 34.2282676696777], [135.725692749023, 34.22046661376951], [135.714492797852, 34.21433258056636], [135.71159362792997, 34.211601257324205], [135.70930480957, 34.20873260498053], [135.70730590820298, 34.208198547363295], [135.69990539550798, 34.21220016479493], [135.697494506836, 34.21173477172854], [135.69290161132798, 34.21726608276369], [135.689498901367, 34.217201232910206], [135.68589782714798, 34.21879959106448], [135.68159484863298, 34.22146606445306], [135.67550659179696, 34.223266601562514], [135.67309570312497, 34.223266601562514], [135.66780090331997, 34.22413253784182], [135.66130065918003, 34.21820068359384], [135.66000366210898, 34.21826553344733], [135.65370178222693, 34.21653366088872], [135.64750671386696, 34.218666076660234], [135.640502929688, 34.21273422241208], [135.63980102539102, 34.208667755127045], [135.63429260253903, 34.20373153686517], [135.63470458984403, 34.19753265380862], [135.64340209960903, 34.1906661987305], [135.64450073242196, 34.18840026855474], [135.63940429687503, 34.18213272094734], [135.63560485839804, 34.17900085449219], [135.627807617188, 34.17606735229494], [135.623001098633, 34.16986465454103], [135.62179565429702, 34.16873168945306], [135.62030029296903, 34.16706466674803], [135.62179565429702, 34.16313171386724], [135.62179565429702, 34.159599304199176], [135.61509704589804, 34.15593338012696], [135.604202270508, 34.15426635742193], [135.59210205078102, 34.1489334106445], [135.59049987793, 34.14899826049799], [135.587799072266, 34.1456680297852], [135.585098266602, 34.13913345336913], [135.582397460938, 34.12946701049801], [135.576599121094, 34.11500167846679], [135.566497802734, 34.11280059814452], [135.556900024414, 34.107734680175845], [135.557098388672, 34.10306549072272], [135.550201416016, 34.10100173950196], [135.54670715332, 34.09993362426757], [135.5458984375, 34.09780120849614], [135.548599243164, 34.09466552734381], [135.548797607422, 34.08653259277338], [135.547698974609, 34.083332061767564], [135.54260253906298, 34.08113479614256], [135.539596557617, 34.075000762939496], [135.547698974609, 34.068065643310526], [135.55090332031298, 34.0683326721191], [135.553497314453, 34.06473159790037], [135.56329345703102, 34.06299972534176], [135.56669616699202, 34.05733489990227], [135.57719421386702, 34.05813217163091], [135.580001831055, 34.056934356689545], [135.58749389648403, 34.04666519165042], [135.592300415039, 34.04546737670896], [135.594497680664, 34.040199279785206], [135.598907470703, 34.03153228759771], [135.594497680664, 34.026866912841776], [135.594100952148, 34.02213287353516], [135.591094970703, 34.01906585693359], [135.59550476074202, 34.01153182983398], [135.60879516601602, 34.01286697387704], [135.61399841308602, 34.00946426391604], [135.62179565429702, 34.009399414062464], [135.62489318847702, 34.005466461181584], [135.624206542969, 34.00320053100591], [135.62400817871102, 33.99986648559567], [135.62879943847702, 33.99639892578127], [135.63070678710903, 33.9909324645996], [135.63560485839804, 33.99079895019527], [135.63810729980503, 33.98173141479487], [135.63780212402304, 33.97453308105469], [135.63969421386696, 33.96580123901371], [135.63580322265594, 33.95920181274407], [135.63619995117193, 33.950332641601584], [135.62840270996102, 33.94933319091803], [135.62350463867202, 33.95173263549804], [135.62179565429702, 33.95299911499016], [135.61970520019503, 33.95299911499016], [135.61729431152304, 33.95426559448237], [135.615600585938, 33.94720077514652], [135.618103027344, 33.94133377075203], [135.61529541015602, 33.93680191040042], [135.61100769043, 33.93680191040042], [135.609802246094, 33.931133270263665], [135.61349487304702, 33.926734924316385], [135.61129760742202, 33.91986846923826], [135.60929870605503, 33.91253280639647], [135.599609375, 33.90806579589844], [135.601104736328, 33.90313339233401], [135.600708007813, 33.90253448486328], [135.60690307617202, 33.8990669250488], [135.62040710449202, 33.89866638183589], [135.62179565429702, 33.89806747436516], [135.62559509277304, 33.88740158081049], [135.625, 33.88293457031254], [135.62309265136696, 33.87986755371088], [135.62179565429702, 33.87793350219727], [135.617706298828, 33.87313461303709], [135.61830139160202, 33.87186813354487], [135.62179565429702, 33.87286758422851], [135.629104614258, 33.87353515624999], [135.63900756835903, 33.877334594726634], [135.64230346679693, 33.876335144043], [135.64750671386696, 33.87680053710939], [135.65269470214798, 33.880733489990185], [135.65550231933597, 33.88219833374021], [135.65879821777298, 33.88619995117194], [135.66169738769497, 33.890132904052734], [135.66119384765597, 33.897800445556584], [135.66949462890597, 33.899932861328104], [135.67900085449196, 33.89813232421883], [135.683395385742, 33.90106582641598], [135.68659973144497, 33.903865814208984], [135.710296630859, 33.903598785400405], [135.71650695800798, 33.90259933471677], [135.722396850586, 33.90253448486328], [135.727996826172, 33.901134490966825], [135.733703613281, 33.895668029785156], [135.73649597168, 33.89453125], [135.738494873047, 33.89373397827146], [135.74250793457, 33.889934539794915], [135.74450683593798, 33.89033508300782], [135.74679565429702, 33.88833236694337], [135.748504638672, 33.88813400268546], [135.75169372558602, 33.88919830322267], [135.755706787109, 33.88506698608397], [135.76249694824202, 33.88733291625982], [135.76739501953102, 33.89080047607422], [135.77409362793003, 33.88933563232418], [135.77890014648403, 33.8884658813477], [135.78770446777304, 33.8927993774414], [135.80130004882804, 33.895732879638736], [135.80439758300804, 33.9038009643555], [135.80819702148403, 33.90646743774408], [135.81689453124994, 33.90499877929686], [135.82730102539102, 33.899467468261705], [135.83709716796903, 33.895332336425824], [135.84249877929696, 33.89693450927728], [135.84790039062497, 33.8955993652344], [135.85180664062497, 33.892398834228494], [135.85400390624997, 33.8886680603027], [135.85299682617196, 33.88253402709964], [135.85350036621097, 33.87626647949224], [135.85760498046895, 33.87286758422851], [135.85720825195295, 33.86546707153323], [135.85310363769497, 33.8610000610352], [135.85560607910196, 33.85426712036132], [135.86019897460898, 33.84880065917974], [135.85540771484403, 33.83653259277343], [135.85839843749997, 33.82886886596676], [135.85630798339798, 33.818000793456996], [135.86480712890597, 33.81013488769533], [135.871795654297, 33.808799743652266], [135.88369750976597, 33.8013343811035], [135.889999389648, 33.801868438720746], [135.897796630859, 33.79013442993159], [135.89739990234398, 33.785465240478466], [135.901092529297, 33.780601501464794], [135.90130615234398, 33.78013229370122], [135.90710449218798, 33.76673126220703], [135.917007446289, 33.76613235473631], [135.92199707031298, 33.757266998290994], [135.930206298828, 33.753868103027266], [135.93699645996102, 33.757534027099574], [135.938598632813, 33.753200531005874], [135.94120788574202, 33.73513412475592], [135.953308105469, 33.72859954833977], [135.96589660644503, 33.72380065917967], [135.976196289063, 33.72333526611328], [135.97450256347702, 33.7291984558105], [135.97120666503903, 33.732265472412074], [135.97360229492202, 33.73566818237298], [135.98350524902304, 33.73600006103523], [135.99679565429696, 33.73033523559574], [135.99699401855503, 33.73026657104489], [136.00909423828097, 33.72553253173828], [136.01130676269497, 33.7235336303711], [135.99679565429696, 33.70780181884766], [135.99420166015597, 33.70433425903318], [135.99220275878903, 33.69626617431642], [135.98640441894503, 33.68859863281248], [135.98849487304696, 33.68479919433593], [135.98649597168003, 33.683334350585895], [135.98510742187503, 33.6818008422852], [135.98390197753903, 33.68293380737299], [135.98199462890597, 33.68226623535159], [135.98249816894494, 33.68099975585938], [135.973999023438, 33.67853164672853], [135.972106933594, 33.67093276977543], [135.97270202636693, 33.66986846923831], [135.97360229492202, 33.66740036010737], [135.97309875488304, 33.66479873657228], [135.97579956054702, 33.662868499755945], [135.97410583496102, 33.66180038452146], [135.97839355468804, 33.6586685180664], [135.98190307617202, 33.66073226928707], [135.98410034179693, 33.66059875488283], [135.98680114746102, 33.66386795043949], [135.98860168456994, 33.66053390502934], [135.98640441894503, 33.66066741943358], [135.98590087890597, 33.65713500976561], [135.98220825195304, 33.652465820312486], [135.97909545898403, 33.64886856079103], [135.97839355468804, 33.65413284301761], [135.97500610351602, 33.6571998596191], [135.96910095214804, 33.65506744384767], [135.97129821777304, 33.65193557739261], [135.96749877929702, 33.65253448486333], [135.95930480957003, 33.65393447875979], [135.95750427246102, 33.649868011474574], [135.95170593261702, 33.64953231811524], [135.944808959961, 33.64713287353524], [135.939407348633, 33.645935058593786], [135.935806274414, 33.64020156860354], [135.940704345703, 33.63380050659181], [135.945907592773, 33.63333511352541], [135.94679260253903, 33.63313293457033], [135.94960021972702, 33.63366699218748], [135.95199584960903, 33.632534027099595], [135.95230102539102, 33.62813186645514], [135.95269775390602, 33.62513351440432], [135.95170593261702, 33.61920166015634], [135.94970703125, 33.6258010864258], [135.94999694824202, 33.6299324035645], [135.94740295410202, 33.62799835205081], [135.949005126953, 33.624668121337926], [135.94450378418, 33.62779998779299], [135.945007324219, 33.62559890747072], [135.94309997558602, 33.6258010864258], [135.94219970703102, 33.62233352661132], [135.942398071289, 33.621532440185504], [135.94189453125003, 33.620666503906286], [135.94129943847702, 33.61926651000983], [135.943008422852, 33.61960220336908], [135.944702148438, 33.61713409423832], [135.94050598144503, 33.615333557128864], [135.938003540039, 33.61706542968747], [135.935806274414, 33.6178016662598], [135.936798095703, 33.61600112915043], [135.937896728516, 33.61406707763674], [135.935501098633, 33.6150016784668], [135.934997558594, 33.612598419189524], [135.93429565429702, 33.61286544799801], [135.93310546875, 33.61173248291022], [135.927597045898, 33.608867645263736], [135.925704956055, 33.60953521728522], [135.92599487304702, 33.60606765747073], [135.925796508789, 33.60459899902343], [135.92869567871102, 33.60480117797852], [135.92680358886702, 33.603401184081974], [135.92919921875, 33.601932525634766], [135.928894042969, 33.599666595459006], [135.929306030273, 33.59960174560552], [135.93229675293, 33.59960174560552], [135.930603027344, 33.59666824340818], [135.933502197266, 33.59313201904303], [135.934600830078, 33.59333419799803], [135.934997558594, 33.59513473510739], [135.93600463867202, 33.59746551513673], [135.94349670410202, 33.60406875610346], [135.94580078125003, 33.60386657714837], [135.948196411133, 33.60279846191407], [135.94639587402304, 33.602466583252], [135.94709777832003, 33.6020660400391], [135.94610595703102, 33.59953308105467], [135.945999145508, 33.59853363037112], [135.94639587402304, 33.59759902954097], [135.94839477539102, 33.59220123291024], [135.94529724121102, 33.5929985046387], [135.943298339844, 33.59326553344727], [135.945098876953, 33.59066772460936], [135.94799804687503, 33.589733123779304], [135.94950866699202, 33.59013366699221], [135.95019531250003, 33.589733123779304], [135.96090698242202, 33.59500122070306], [135.96060180664102, 33.59326553344727], [135.958908081055, 33.586532592773395], [135.95880126953102, 33.585132598877024], [135.95849609375003, 33.582935333252024], [135.95759582519503, 33.58060073852542], [135.95190429687503, 33.57766723632808], [135.950103759766, 33.57860183715823], [135.943206787109, 33.578533172607386], [135.939605712891, 33.577800750732415], [135.93930053710903, 33.5741348266602], [135.93510437011702, 33.5731315612793], [135.92950439453102, 33.576335906982386], [135.92900085449202, 33.57659912109378], [135.922698974609, 33.575931549072294], [135.921493530273, 33.571468353271534], [135.921096801758, 33.56913375854493], [135.915802001953, 33.57080078124996], [135.906997680664, 33.5655326843262], [135.90570068359398, 33.562599182128864], [135.90040588378898, 33.56286621093753], [135.895401000977, 33.55833435058592], [135.894500732422, 33.55866622924798], [135.889999389648, 33.55586624145507], [135.89590454101597, 33.556533813476555], [135.908203125, 33.56159973144532], [135.911392211914, 33.56153488159183], [135.913604736328, 33.56313323974611], [135.914306640625, 33.562000274658224], [135.915603637695, 33.562068939208984], [135.920394897461, 33.561801910400405], [135.921905517578, 33.56186676025389], [135.92379760742202, 33.55933380126947], [135.92199707031298, 33.559066772460895], [135.916107177734, 33.557666778564524], [135.916000366211, 33.55266571044916], [135.913101196289, 33.552467346191435], [135.912200927734, 33.55099868774413], [135.908996582031, 33.54913330078128], [135.901794433594, 33.54546737670898], [135.89880371093798, 33.54579925537113], [135.898101806641, 33.544666290283246], [135.89489746093798, 33.54253387451173], [135.89370727539097, 33.539867401122976], [135.88850402832, 33.53973388671882], [135.887100219727, 33.53633499145509], [135.88259887695298, 33.535266876220696], [135.87960815429696, 33.53026580810551], [135.877899169922, 33.52833175659182], [135.87620544433597, 33.53213500976563], [135.871795654297, 33.53306579589842], [135.86700439453097, 33.5296020507813], [135.86380004882798, 33.5270652770996], [135.86180114746097, 33.52666854858396], [135.85980224609398, 33.5261993408203], [135.85800170898398, 33.52479934692384], [135.85330200195298, 33.52213287353518], [135.85260009765597, 33.5181999206543], [135.84950256347696, 33.51839828491212], [135.84790039062497, 33.52019882202148], [135.84530639648398, 33.51846694946287], [135.84240722656304, 33.51706695556641], [135.84300231933597, 33.513465881347685], [135.83889770507795, 33.512401580810476], [135.83610534668003, 33.51213455200199], [135.83189392089798, 33.51326751708978], [135.83070373535193, 33.51306533813478], [135.82730102539102, 33.51466751098632], [135.82310485839804, 33.513534545898445], [135.81820678710903, 33.507801055908196], [135.81210327148403, 33.50320053100592], [135.80780029296903, 33.501800537109375], [135.80760192871102, 33.50253295898444], [135.80439758300804, 33.501800537109375], [135.79820251464804, 33.49893569946289], [135.79499816894503, 33.489265441894496], [135.79379272460903, 33.486465454101584], [135.78909301757804, 33.48273468017579], [135.78939819335903, 33.480335235595696], [135.78399658203102, 33.47106552124021], [135.78529357910202, 33.46973419189451], [135.78199768066403, 33.469799041748], [135.78149414062503, 33.466468811035206], [135.78390502929702, 33.4663314819336], [135.78149414062503, 33.46553421020514], [135.78179931640602, 33.46340179443363], [135.78329467773403, 33.46459960937499], [135.78379821777304, 33.46213531494141], [135.78570556640602, 33.46206665039057], [135.78610229492202, 33.46026611328129], [135.790405273438, 33.45573425292969], [135.79609680175804, 33.45033264160159], [135.79379272460903, 33.45026779174802], [135.797805786133, 33.445068359375014], [135.79069519043003, 33.44820022583008], [135.79220581054702, 33.4446678161621], [135.79110717773403, 33.44499969482417], [135.79020690918, 33.44533157348632], [135.78759765625003, 33.439998626708984], [135.787307739258, 33.43780136108398], [135.78450012207003, 33.44060134887698], [135.78190612793, 33.44013214111332], [135.77929687500003, 33.445201873779254], [135.769897460938, 33.446735382080135], [135.76649475097702, 33.439201354980526], [135.765502929688, 33.437267303466825], [135.763595581055, 33.43513488769531], [135.76229858398403, 33.43326568603519], [135.761505126953, 33.433734893798764], [135.757095336914, 33.435600280761705], [135.754302978516, 33.43653488159177], [135.752395629883, 33.43766784667974], [135.753295898438, 33.43899917602543], [135.755798339844, 33.44333267211913], [135.75109863281298, 33.44693374633786], [135.750900268555, 33.45093154907232], [135.760894775391, 33.45613479614259], [135.763107299805, 33.45600128173826], [135.774597167969, 33.46020126342772], [135.77589416503903, 33.46513366699224], [135.77319335937503, 33.46580123901372], [135.772903442383, 33.46833419799797], [135.774307250977, 33.467266082763665], [135.77169799804702, 33.47493362426761], [135.77360534668, 33.47553253173833], [135.77439880371102, 33.477001190185455], [135.770904541016, 33.478931427001974], [135.766296386719, 33.47293472290042], [135.767105102539, 33.481132507324155], [135.762100219727, 33.48133468627933], [135.759399414063, 33.48413467407234], [135.75500488281298, 33.482265472412124], [135.752197265625, 33.48093414306643], [135.74679565429702, 33.482135772705064], [135.74430847168, 33.47953414916988], [135.739105224609, 33.47660064697273], [135.736892700195, 33.47919845581046], [135.73750305175798, 33.48326873779303], [135.736602783203, 33.48566818237303], [135.733306884766, 33.482799530029276], [135.727600097656, 33.47793197631842], [135.724395751953, 33.47779846191409], [135.722793579102, 33.47846603393549], [135.71690368652298, 33.481132507324155], [135.71470642089798, 33.48500061035164], [135.71070861816398, 33.48440170288091], [135.71119689941398, 33.48066711425776], [135.707992553711, 33.47806549072267], [135.70779418945298, 33.48073577880861], [135.709197998047, 33.484466552734396], [135.708297729492, 33.48793411254879], [135.70550537109398, 33.48699951171882], [135.70150756835898, 33.49100112915037], [135.700500488281, 33.49340057373046], [135.69650268554696, 33.488265991210945], [135.686492919922, 33.48846817016604], [135.67950439453097, 33.48946762084958], [135.67550659179696, 33.48793411254879], [135.67399597167997, 33.48860168457028], [135.67109680175804, 33.490531921386705], [135.66369628906304, 33.49046707153322], [135.66310119628895, 33.492198944091825], [135.66169738769497, 33.493934631347706], [135.65930175781304, 33.49626541137704], [135.65800476074196, 33.495666503906314], [135.65480041503903, 33.4991989135742], [135.65249633789094, 33.49993515014653], [135.64030456543003, 33.50233459472662], [135.63900756835903, 33.50320053100592], [135.63789367675804, 33.5047988891602], [135.63510131835903, 33.50626754760741], [135.63380432128903, 33.50626754760741], [135.63020324707003, 33.508598327636655], [135.62789916992202, 33.507534027099624], [135.62620544433602, 33.50400161743156], [135.62640380859403, 33.50320053100592], [135.62710571289102, 33.50253295898444], [135.62179565429702, 33.50306701660159], [135.62089538574196, 33.50320053100592], [135.62069702148403, 33.50320053100592], [135.61970520019503, 33.50320053100592], [135.61790466308602, 33.504131317138715], [135.61230468750003, 33.50773239135744], [135.61009216308602, 33.50673294067381], [135.60879516601602, 33.50740051269529], [135.60440063476602, 33.509201049804744], [135.601104736328, 33.50426864624023], [135.595092773438, 33.50640106201174], [135.591094970703, 33.507266998291044], [135.59030151367202, 33.50320053100592], [135.59179687500003, 33.501998901367195], [135.59240722656298, 33.49800109863283], [135.588806152344, 33.50133132934571], [135.58810424804702, 33.50320053100592], [135.584899902344, 33.507266998291044], [135.57919311523403, 33.50699996948238], [135.578399658203, 33.51106643676759], [135.577301025391, 33.51153564453126], [135.57490539550798, 33.514266967773416], [135.570693969727, 33.51660156250002], [135.565902709961, 33.51566696166987], [135.560897827148, 33.51433563232417], [135.55810546875, 33.51546859741214], [135.548095703125, 33.51566696166987], [135.544097900391, 33.52026748657232], [135.53990173339798, 33.51866531372069], [135.535995483398, 33.52046585083014], [135.534896850586, 33.51793289184572], [135.533294677734, 33.51933288574217], [135.53039550781298, 33.52000045776366], [135.529602050781, 33.52033233642581], [135.52320861816398, 33.5227317810059], [135.51969909667997, 33.521934509277266], [135.51100158691398, 33.52519989013666], [135.510299682617, 33.527198791503935], [135.51130676269497, 33.5276679992676], [135.51409912109398, 33.52993392944336], [135.50950622558597, 33.53419876098631], [135.50140380859403, 33.534999847412124], [135.49940490722696, 33.54006576538088], [135.49679565429696, 33.54013442993164], [135.49540710449196, 33.541000366210945], [135.49340820312494, 33.540931701660185], [135.48980712890597, 33.54066848754879], [135.49369812011696, 33.544467926025426], [135.49160766601602, 33.548267364501974], [135.48970031738304, 33.54806900024407], [135.48759460449196, 33.55026626586907], [135.48629760742196, 33.54920196533204], [135.48550415039102, 33.54833221435546], [135.48080444335895, 33.54479980468749], [135.47940063476602, 33.54579925537113], [135.47970581054696, 33.549068450927706], [135.47639465331997, 33.55113601684573], [135.46820068359403, 33.54653549194337], [135.46290588378903, 33.54780197143549], [135.45959472656304, 33.547000885009766], [135.45919799804693, 33.546733856201186], [135.45829772949196, 33.54579925537113], [135.45849609375003, 33.54686737060552], [135.45849609375003, 33.55286788940434], [135.45179748535202, 33.548465728759794], [135.45069885253903, 33.54920196533204], [135.44630432128903, 33.549068450927706], [135.44850158691403, 33.55606842041016], [135.44590759277304, 33.556602478027315], [135.44389343261696, 33.55699920654304], [135.445007324219, 33.558868408203075], [135.44929504394503, 33.561065673828075], [135.447204589844, 33.564132690429744], [135.44590759277304, 33.56113433837892], [135.43600463867202, 33.56673431396484], [135.431304931641, 33.566600799560504], [135.430206298828, 33.56673431396484], [135.42959594726602, 33.56980133056641], [135.42649841308602, 33.56959915161132], [135.42539978027304, 33.5704689025879], [135.423294067383, 33.57066726684572], [135.42219543457003, 33.571933746337926], [135.420196533203, 33.57013320922847], [135.420303344727, 33.57213592529302], [135.41929626464804, 33.57139968872069], [135.41850280761702, 33.571933746337926], [135.417098999023, 33.575801849365234], [135.416900634766, 33.58060073852542], [135.415802001953, 33.57833480834957], [135.41169738769503, 33.575733184814474], [135.41169738769503, 33.576534271240206], [135.40989685058602, 33.575599670410234], [135.407806396484, 33.57746887207026], [135.405197143555, 33.57820129394533], [135.405899047852, 33.58086776733399], [135.403701782227, 33.581001281738324], [135.403503417969, 33.586532592773395], [135.403503417969, 33.58766555786127], [135.401504516602, 33.586532592773395], [135.400405883789, 33.5845336914063], [135.395401000977, 33.586532592773395], [135.39579772949202, 33.588001251220696], [135.393997192383, 33.58846664428709], [135.39179992675798, 33.59066772460936], [135.39260864257798, 33.592132568359396], [135.390701293945, 33.592666625976634], [135.391296386719, 33.59433364868158], [135.390899658203, 33.59420013427734], [135.390106201172, 33.595466613769545], [135.389495849609, 33.59560012817379], [135.39239501953102, 33.597400665283246], [135.3916015625, 33.59786605834964], [135.38720703125, 33.599998474121065], [135.389007568359, 33.603401184081974], [135.387893676758, 33.60420227050779], [135.388198852539, 33.60660171508788], [135.388397216797, 33.60853195190431], [135.392501831055, 33.60773468017577], [135.392105102539, 33.610401153564524], [135.393295288086, 33.61366653442383], [135.396392822266, 33.61453247070313], [135.39570617675798, 33.618068695068374], [135.39289855957, 33.6163330078125], [135.389801025391, 33.61706542968747], [135.389892578125, 33.61893463134768], [135.38960266113298, 33.620868682861285], [135.391403198242, 33.620868682861285], [135.393905639648, 33.624668121337926], [135.396209716797, 33.62440109252926], [135.396102905273, 33.62666702270511], [135.396499633789, 33.62919998168953], [135.39880371093798, 33.63166809082029], [135.39660644531298, 33.631065368652294], [135.395294189453, 33.62766647338874], [135.391006469727, 33.63226699829102], [135.391403198242, 33.63353347778323], [135.391098022461, 33.63606643676757], [135.391906738281, 33.63713455200196], [135.39300537109398, 33.63926696777339], [135.384902954102, 33.64673233032233], [135.38330078125, 33.645668029785206], [135.382797241211, 33.64626693725594], [135.382995605469, 33.64826583862303], [135.380706787109, 33.65113449096679], [135.378997802734, 33.64926528930658], [135.37739562988298, 33.65186691284176], [135.377502441406, 33.65266799926758], [135.37640380859398, 33.65166854858403], [135.371795654297, 33.65193557739261], [135.36799621582, 33.652000427246094], [135.36370849609398, 33.655666351318395], [135.362106323242, 33.65359878540037], [135.35180664062497, 33.65553283691406], [135.34370422363295, 33.65859985351564], [135.34140014648398, 33.660266876220675], [135.34060668945298, 33.66073226928707], [135.33810424804696, 33.663200378418004], [135.33509826660196, 33.66466522216804], [135.33129882812497, 33.6666679382324], [135.33099365234398, 33.668266296386676], [135.33140563964798, 33.66986846923831], [135.33000183105497, 33.67013549804689], [135.33180236816398, 33.6727333068848], [135.33169555664097, 33.673534393310526], [135.333297729492, 33.673534393310526], [135.33630371093804, 33.676734924316435], [135.33860778808597, 33.6766014099121], [135.34240722656304, 33.67786788940432], [135.34370422363295, 33.68220138549802], [135.34030151367196, 33.683799743652294], [135.34449768066398, 33.68753433227544], [135.34269714355497, 33.68873596191408], [135.33880615234395, 33.690933227539084], [135.33349609374997, 33.69226837158196], [135.33509826660196, 33.69453430175781], [135.34089660644497, 33.69359970092766], [135.34260559081997, 33.693733215331996], [135.34539794921898, 33.69359970092766], [135.34710693359398, 33.69386672973633], [135.34979248046898, 33.69340133666993], [135.35470581054696, 33.695068359374964], [135.356994628906, 33.69306564331051], [135.35459899902298, 33.68753433227544], [135.35729980468798, 33.68899917602538], [135.35890197753898, 33.688400268554744], [135.35339355468798, 33.68346786499023], [135.35499572753898, 33.68233489990226], [135.356903076172, 33.684268951416044], [135.359191894531, 33.684268951416044], [135.360198974609, 33.6856689453125], [135.35929870605497, 33.68099975585938], [135.35960388183597, 33.677001953125014], [135.36109924316398, 33.679466247558594], [135.364807128906, 33.67966842651368], [135.363006591797, 33.681133270263715], [135.363494873047, 33.68226623535159], [135.363494873047, 33.6828689575195], [135.36590576171898, 33.6828689575195], [135.36590576171898, 33.685798645019474], [135.36979675292997, 33.685001373291016], [135.371795654297, 33.68513488769526], [135.375701904297, 33.6826667785645], [135.377304077148, 33.68326568603523], [135.37219238281298, 33.68960189819338], [135.37629699707, 33.69006729125978], [135.380905151367, 33.690933227539084], [135.382293701172, 33.690933227539084], [135.382705688477, 33.69133377075199], [135.37739562988298, 33.693733215331996], [135.37809753418, 33.69580078125002], [135.379608154297, 33.69580078125002], [135.38000488281298, 33.698734283447266], [135.383193969727, 33.702934265136726], [135.383804321289, 33.70140075683594], [135.382293701172, 33.69639968872066], [135.38470458984398, 33.69660186767584], [135.385406494141, 33.69359970092766], [135.386795043945, 33.69386672973633], [135.386993408203, 33.69966888427733], [135.39050292968798, 33.702335357665994], [135.3955078125, 33.703132629394545], [135.393905639648, 33.70439910888667], [135.393203735352, 33.71073532104491], [135.396301269531, 33.71066665649406], [135.395202636719, 33.71393585205082], [135.39579772949202, 33.716133117675824], [135.397308349609, 33.718399047851584], [135.399795532227, 33.720268249511705], [135.396102905273, 33.72259902954104], [135.393493652344, 33.72126770019534], [135.393402099609, 33.71559906005858], [135.389404296875, 33.715198516845675], [135.383697509766, 33.718200683593764], [135.382904052734, 33.71713256835937], [135.382797241211, 33.71913146972664], [135.38130187988298, 33.720268249511705], [135.38000488281298, 33.71893310546882], [135.37860107421898, 33.72259902954104], [135.373992919922, 33.728332519531286], [135.371795654297, 33.73139953613277], [135.370101928711, 33.7306671142578], [135.365295410156, 33.72813415527337], [135.367904663086, 33.73026657104489], [135.367904663086, 33.73133468627928], [135.367095947266, 33.730068206787074], [135.36560058593798, 33.73173141479492], [135.364593505859, 33.73026657104489], [135.363006591797, 33.732467651367166], [135.361801147461, 33.73026657104489], [135.358993530273, 33.72940063476559], [135.35879516601597, 33.72880172729486], [135.35389709472696, 33.726200103759766], [135.35130310058597, 33.72946548461908], [135.35269165039097, 33.73106765747071], [135.35099792480497, 33.73366546630862], [135.35659790039097, 33.73786544799799], [135.35720825195298, 33.738533020019474], [135.35540771484398, 33.741466522216804], [135.35400390624997, 33.74399948120123], [135.34759521484398, 33.7468681335449], [135.345504760742, 33.74493408203129], [135.34370422363295, 33.74499893188478], [135.33590698242196, 33.745399475097685], [135.33270263671895, 33.743598937988324], [135.33169555664097, 33.74426651000981], [135.32809448242196, 33.741466522216804], [135.32829284667997, 33.745868682861264], [135.32389831542997, 33.7509994506836], [135.32409667968804, 33.753200531005874], [135.32470703124997, 33.75559997558587], [135.32040405273398, 33.76446533203127], [135.31100463867196, 33.76926803588873], [135.30569458007804, 33.76726531982418], [135.30299377441395, 33.76760101318361], [135.29910278320304, 33.76433563232421], [135.29679870605503, 33.76433563232421], [135.29699707031304, 33.76606750488282], [135.29490661621102, 33.770866394043004], [135.28810119628903, 33.77280044555661], [135.28129577636696, 33.7775993347168], [135.27189636230503, 33.78179931640634], [135.26570129394503, 33.7827987670898], [135.26179504394503, 33.78213500976558], [135.24679565429702, 33.78106689453128], [135.245391845703, 33.78013229370122], [135.234405517578, 33.781333923339766], [135.233306884766, 33.788066864013736], [135.236404418945, 33.79086685180656], [135.235000610352, 33.79826736450202], [135.22149658203102, 33.804466247558565], [135.219497680664, 33.808200836181626], [135.21659851074202, 33.81406784057621], [135.207794189453, 33.808666229248026], [135.206100463867, 33.81146621704102], [135.198806762695, 33.81280136108399], [135.194900512695, 33.81546783447266], [135.186004638672, 33.81906890869139], [135.18449401855497, 33.825801849365185], [135.17579650878898, 33.83046722412112], [135.17410278320298, 33.83653259277343], [135.174606323242, 33.83853530883788], [135.16250610351597, 33.845268249511676], [135.16639709472696, 33.84673309326171], [135.16490173339798, 33.85039901733401], [135.15890502929696, 33.85800170898438], [135.15829467773398, 33.85933303833008], [135.15890502929696, 33.8618659973145], [135.15710449218804, 33.863399505615206], [135.15809631347696, 33.86759948730466], [135.15190124511696, 33.875202178955114], [135.14379882812497, 33.88339996337894], [135.12179565429696, 33.89139938354494], [135.11329650878903, 33.893268585205064], [135.10270690918003, 33.88973236083982], [135.09359741210903, 33.88813400268546], [135.091506958008, 33.887599945068395], [135.084106445313, 33.88700103759767], [135.08189392089804, 33.88746643066406], [135.080993652344, 33.890666961669886], [135.07470703125, 33.88753128051764], [135.06869506835903, 33.88246536254879], [135.057205200195, 33.87966537475588], [135.056396484375, 33.88753128051764], [135.061004638672, 33.89020156860349], [135.063705444336, 33.8927993774414], [135.064407348633, 33.89453125], [135.058807373047, 33.90060043334959], [135.057998657227, 33.90253448486328], [135.060806274414, 33.90566635131844], [135.067398071289, 33.905532836914105], [135.07060241699202, 33.90606689453134], [135.073104858398, 33.90399932861332], [135.07339477539102, 33.90293502807619], [135.075805664063, 33.90399932861332], [135.07789611816403, 33.90346527099607], [135.083206176758, 33.911132812500014], [135.078399658203, 33.912868499755895], [135.08110046386702, 33.91540145874023], [135.08160400390602, 33.91926574707026], [135.075805664063, 33.91680145263668], [135.076095581055, 33.91986846923826], [135.07589721679702, 33.92233276367193], [135.079299926758, 33.92413330078129], [135.07670593261702, 33.92620086669923], [135.07460021972702, 33.92786788940427], [135.071701049805, 33.92393493652339], [135.068206787109, 33.92560195922851], [135.065200805664, 33.92626571655272], [135.067993164063, 33.930866241455085], [135.06979370117202, 33.93193435668948], [135.07139587402304, 33.93153381347657], [135.07470703125, 33.93286895751954], [135.07640075683602, 33.93479919433588], [135.07870483398403, 33.934867858886726], [135.083404541016, 33.93479919433588], [135.08619689941403, 33.93846893310554], [135.08070373535202, 33.94100189208979], [135.08439636230503, 33.942798614501974], [135.08740234375003, 33.94246673583982], [135.09010314941403, 33.94306564331046], [135.08909606933602, 33.944999694824155], [135.08810424804702, 33.94893264770513], [135.09039306640602, 33.94886779785164], [135.09399414062503, 33.94786453247073], [135.09779357910202, 33.94966888427728], [135.10009765625003, 33.94946670532228], [135.10240173339804, 33.954200744628885], [135.10350036621102, 33.95493316650386], [135.11360168457003, 33.95700073242189], [135.11459350585895, 33.95966720581047], [135.11289978027304, 33.96013259887704], [135.11079406738304, 33.96179962158198], [135.10800170898403, 33.96160125732416], [135.10629272460903, 33.963600158691435], [135.10279846191403, 33.963600158691435], [135.10189819335903, 33.965667724609375], [135.10069274902304, 33.96633529663086], [135.09950256347702, 33.96153259277341], [135.09609985351602, 33.95840072631843], [135.091506958008, 33.957668304443374], [135.08859252929702, 33.958332061767585], [135.08439636230503, 33.957401275634794], [135.08680725097702, 33.95726776123046], [135.08720397949202, 33.95600128173834], [135.080596923828, 33.95600128173834], [135.074005126953, 33.95886611938483], [135.082397460938, 33.96139907836908], [135.08520507812503, 33.96853256225587], [135.08110046386702, 33.969665527343835], [135.07859802246102, 33.97040176391599], [135.07550048828102, 33.9744682312012], [135.072204589844, 33.97593307495123], [135.06750488281298, 33.97613525390632], [135.06939697265602, 33.977733612060504], [135.07809448242202, 33.97900009155272], [135.0830078125, 33.97919845581054], [135.08659362793003, 33.97919845581054], [135.08869934082003, 33.98233413696287], [135.089508056641, 33.9816017150879], [135.08920288085903, 33.985599517822266], [135.092803955078, 33.98839950561518], [135.09179687500003, 33.989799499511726], [135.09230041503903, 33.99266815185548], [135.09550476074202, 33.99259948730472], [135.101196289063, 33.99273300170897], [135.10310363769503, 33.99273300170897], [135.10580444335903, 33.98899841308591], [135.11100769043003, 33.98973464965824], [135.11169433593804, 33.994800567626996], [135.11920166015597, 33.99906539916994], [135.12179565429696, 33.998867034912124], [135.125, 33.99740219116209], [135.12800598144494, 33.999931335449155], [135.13119506835898, 33.99986648559567], [135.13420104980503, 33.999931335449155], [135.13990783691403, 34.00320053100591], [135.14160156249997, 34.00619888305664], [135.14480590820304, 34.004798889160185], [135.14999389648398, 34.00653457641597], [135.15069580078097, 34.00920104980473], [135.14759826660196, 34.01053237915043], [135.14610290527298, 34.013267517089766], [135.14390563964795, 34.012931823730526], [135.14289855956997, 34.01506423950204], [135.13749694824196, 34.016468048095675], [135.13880920410202, 34.018798828125014], [135.14770507812497, 34.01813125610353], [135.15100097656304, 34.018333435058615], [135.14990234374997, 34.02093124389653], [135.15139770507798, 34.02360153198238], [135.15220642089798, 34.02579879760738], [135.15640258789097, 34.02446746826168], [135.16400146484398, 34.0280685424805], [135.16659545898398, 34.027999877929744], [135.16589355468795, 34.025867462158224], [135.169494628906, 34.02600097656247], [135.173400878906, 34.031867980957045], [135.17160034179696, 34.03219985961911], [135.17140197753898, 34.03359985351557], [135.17100524902298, 34.03206634521478], [135.16810607910196, 34.035800933837926], [135.17030334472696, 34.036865234374964], [135.16169738769497, 34.0365333557129], [135.15910339355497, 34.03820037841802], [135.16189575195298, 34.04093170166018], [135.15890502929696, 34.04673385620118], [135.15260314941398, 34.04493331909181], [135.14630126953097, 34.04500198364257], [135.14639282226597, 34.04766464233397], [135.14570617675804, 34.05626678466797], [135.13850402831997, 34.05673217773437], [135.13580322265597, 34.06433486938482], [135.12539672851602, 34.06453323364264], [135.12400817871102, 34.065067291259794], [135.12179565429696, 34.06719970703131], [135.11979675293003, 34.067600250244126], [135.11289978027304, 34.068199157714766], [135.11219787597702, 34.069400787353494], [135.10850524902304, 34.069866180419886], [135.10499572753903, 34.07093429565428], [135.101196289063, 34.06880187988276], [135.099807739258, 34.069866180419886], [135.093704223633, 34.06779861450204], [135.090698242188, 34.06813430786128], [135.08819580078102, 34.06686782836907], [135.08749389648403, 34.0683326721191], [135.08399963378903, 34.0702667236328], [135.07890319824202, 34.07339859008786], [135.08079528808602, 34.075332641601555], [135.08500671386702, 34.0726013183594], [135.08639526367202, 34.07253265380864], [135.09039306640602, 34.07360076904304], [135.093200683594, 34.07580184936522], [135.09519958496102, 34.079334259033196], [135.09469604492202, 34.08653259277338], [135.09539794921903, 34.09106826782226], [135.09730529785202, 34.0940017700195], [135.09840393066403, 34.09113311767584], [135.10079956054702, 34.090599060058594], [135.10229492187503, 34.095668792724624], [135.10749816894503, 34.09740066528323], [135.109497070313, 34.09673309326166], [135.111206054688, 34.09793472290038], [135.10839843750003, 34.09753417968748], [135.11189270019497, 34.106201171874964], [135.11169433593804, 34.11280059814452], [135.11529541015597, 34.11986541748046], [135.12179565429696, 34.11766433715819], [135.12229919433594, 34.115131378173764], [135.13510131835898, 34.11293411254876], [135.13690185546903, 34.10979843139651], [135.13870239257804, 34.11306762695309], [135.14129638671903, 34.10979843139651], [135.14450073242196, 34.11119842529297], [135.14379882812497, 34.11493301391603], [135.13940429687494, 34.11853408813476], [135.13549804687497, 34.11840057373052], [135.13090515136696, 34.12153244018549], [135.13180541992196, 34.123867034912095], [135.13400268554696, 34.128932952880945], [135.13220214843804, 34.1338005065918], [135.13020324706997, 34.13359832763671], [135.13079833984403, 34.13193130493159], [135.12680053710895, 34.12793350219731], [135.12179565429696, 34.129665374755916], [135.12179565429696, 34.13133239746086], [135.12339782714804, 34.131999969482436], [135.12429809570304, 34.13586807250983], [135.13520812988304, 34.13866806030274], [135.13679504394497, 34.13866806030274], [135.13810729980503, 34.13859939575198], [135.15399169921898, 34.13913345336913], [135.15890502929696, 34.135799407958984], [135.16439819335898, 34.137001037597706], [135.16659545898398, 34.135135650634766], [135.16859436035196, 34.13339996337889], [135.17219543457, 34.13633346557622], [135.17750549316398, 34.14073181152341], [135.17860412597696, 34.14086532592774], [135.18139648437497, 34.14220046997071], [135.183898925781, 34.143066406250014], [135.185607910156, 34.14233398437504], [135.1875, 34.143798828124986], [135.18879699707, 34.143665313720746], [135.19020080566398, 34.143665313720746], [135.19160461425798, 34.143333435058594], [135.19299316406298, 34.14446640014647], [135.196792602539, 34.14266586303711], [135.198394775391, 34.14319992065426], [135.19909667968798, 34.14673233032232], [135.201797485352, 34.14979934692381], [135.20869445800798, 34.1493988037109], [135.208892822266, 34.151798248290994], [135.201797485352, 34.15146636962893], [135.19909667968798, 34.149333953857415], [135.18380737304696, 34.14826583862302], [135.18640136718798, 34.15566635131839], [135.19239807128898, 34.15693283081051], [135.192596435547, 34.15813446044923], [135.19140624999997, 34.158668518066385], [135.189300537109, 34.15900039672854], [135.190002441406, 34.15773391723633], [135.186599731445, 34.15626525878911], [135.18249511718798, 34.158668518066385], [135.18200683593804, 34.16986465454103], [135.17730712890597, 34.17893218994143], [135.179504394531, 34.1865348815918], [135.172897338867, 34.188266754150405], [135.17179870605497, 34.185264587402315], [135.17689514160196, 34.175399780273366], [135.16670227050795, 34.186931610107436], [135.16070556640597, 34.18726730346677], [135.156295776367, 34.18453598022461], [135.15069580078097, 34.184265136718764], [135.14819335937497, 34.18233489990234], [135.14819335937497, 34.186000823974645], [135.14610290527298, 34.189334869384794], [135.14520263671903, 34.18840026855474], [135.14170837402304, 34.18713378906252], [135.13900756835895, 34.190132141113345], [135.13940429687494, 34.19093322753907], [135.13659667968804, 34.20100021362302], [135.14070129394497, 34.201801300048835], [135.14709472656304, 34.1945343017578], [135.14869689941398, 34.194400787353466], [135.14959716796895, 34.200065612792955], [135.14529418945298, 34.20040130615229], [135.14469909667994, 34.20253372192381], [135.14300537109403, 34.20253372192381], [135.14179992675804, 34.2064018249512], [135.14459228515597, 34.20753479003908], [135.14399719238304, 34.211933135986264], [135.13949584960898, 34.211933135986264], [135.13980102539094, 34.214065551757784], [135.14379882812497, 34.21473312377927], [135.14210510253903, 34.218868255615234], [135.14010620117196, 34.22086715698242], [135.13890075683597, 34.21900177001948], [135.13690185546903, 34.21839904785157], [135.13549804687497, 34.219600677490206], [135.13990783691403, 34.221401214599574], [135.13800048828097, 34.225265502929695], [135.12179565429696, 34.22466659545897], [135.10659790039102, 34.22833251953127], [135.10000610351602, 34.235668182372976], [135.10279846191403, 34.236934661865185], [135.11750793457003, 34.23433303833009], [135.12179565429696, 34.23040008544921], [135.12269592285193, 34.22946548461906], [135.12559509277295, 34.22953414916991], [135.12770080566403, 34.227199554443395], [135.13220214843804, 34.22973251342773], [135.12179565429696, 34.24113464355473], [135.11940002441403, 34.24113464355473], [135.12030029296903, 34.24306869506843], [135.11579895019494, 34.24626541137698], [135.11360168457003, 34.24420166015631], [135.11810302734403, 34.24053192138673], [135.09550476074202, 34.25320053100586], [135.09669494628903, 34.25593185424802], [135.09860229492202, 34.25533294677729], [135.099304199219, 34.256267547607436], [135.08799743652304, 34.26073455810547], [135.066299438477, 34.2613334655762], [135.06109619140602, 34.26353454589838], [135.06689453125003, 34.27533340454102], [135.06849670410202, 34.27539825439451], [135.070098876953, 34.27500152587887], [135.07299804687503, 34.2769317626953], [135.072296142578, 34.284198760986335], [135.06840515136702, 34.28493499755857], [135.07080078125, 34.28680038452151], [135.06750488281298, 34.29119873046879], [135.073501586914, 34.30406570434574], [135.07809448242202, 34.30773544311522], [135.08360290527304, 34.306400299072344], [135.09310913085903, 34.3116683959961], [135.09739685058602, 34.30786895751947], [135.10310363769503, 34.31040191650389], [135.10580444335903, 34.30786895751947], [135.10260009765602, 34.301666259765554], [135.09649658203102, 34.29586791992191], [135.099304199219, 34.292133331298764], [135.09919738769503, 34.28839874267579], [135.10189819335903, 34.285800933837876], [135.10859680175804, 34.28286743164063], [135.10760498046903, 34.277801513671875], [135.111206054688, 34.271999359130874], [135.11369323730503, 34.274333953857386], [135.11810302734403, 34.27353286743157], [135.12179565429696, 34.274600982665966], [135.12600708007804, 34.27673339843748], [135.12910461425804, 34.27426528930663], [135.13250732421903, 34.272464752197266], [135.13749694824196, 34.274532318115206], [135.14010620117196, 34.28179931640633], [135.14350891113304, 34.28079986572269], [135.14799499511696, 34.28353500366212], [135.15449523925795, 34.28066635131836], [135.15310668945304, 34.274200439453054], [135.16020202636696, 34.277732849121115], [135.17219543457, 34.28020095825197], [135.17939758300798, 34.27946472167972], [135.18440246582, 34.279399871826236], [135.187805175781, 34.28313446044921], [135.189697265625, 34.283267974853544], [135.19319152832, 34.286933898925845], [135.19709777832, 34.28660202026369], [135.199295043945, 34.287334442138665], [135.204803466797, 34.2887992858887], [135.20500183105497, 34.30046844482419], [135.208099365234, 34.30406570434574], [135.207595825195, 34.30806732177729], [135.222503662109, 34.303001403808615], [135.22509765625, 34.300868988037095], [135.235305786133, 34.304267883300824], [135.24679565429702, 34.31306838989256], [135.25729370117202, 34.31546783447274], [135.26220703125003, 34.31259918212889], [135.270706176758, 34.31219863891599], [135.28219604492193, 34.31779861450199], [135.28610229492202, 34.31153488159177], [135.28939819335903, 34.30200195312498], [135.29310607910202, 34.29933166503913], [135.29660034179696, 34.300868988037095], [135.29879760742196, 34.302536010742216], [135.30130004882804, 34.30406570434574], [135.30349731445304, 34.31266784667974], [135.30720520019497, 34.31433486938477], [135.31109619140597, 34.31359863281253], [135.32550048828097, 34.31906509399411], [135.33000183105497, 34.316665649414105], [135.32800292968804, 34.32413482666023], [135.33529663085898, 34.32673263549796], [135.33880615234395, 34.33100128173827], [135.338195800781, 34.33513259887697], [135.33860778808597, 34.334934234619055], [135.34230041503898, 34.334400177001996], [135.34629821777298, 34.33086776733402], [135.354095458984, 34.33280181884772], [135.35929870605497, 34.33259963989263], [135.362197875977, 34.329132080078054], [135.36880493164097, 34.330600738525355], [135.371795654297, 34.330200195312536], [135.37600708007798, 34.330268859863295], [135.380996704102, 34.32893371582033], [135.386795043945, 34.32973480224614], [135.388900756836, 34.332466125488295], [135.39239501953102, 34.331733703613324], [135.393203735352, 34.33126831054693], [135.39709472656298, 34.3305320739746], [135.40109252929702, 34.332664489746115], [135.406402587891, 34.33533477783197], [135.406692504883, 34.33653259277342], [135.408798217773, 34.341865539550845], [135.413604736328, 34.3410682678223], [135.417495727539, 34.340068817138665], [135.42610168457003, 34.34066772460939], [135.431106567383, 34.34726715087894], [135.43389892578102, 34.348133087158246], [135.443801879883, 34.347599029541], [135.45039367675804, 34.34926605224612], [135.45269775390594, 34.34973144531252], [135.458206176758, 34.34726715087894], [135.46369934081994, 34.34799957275391], [135.46609497070304, 34.34786605834958], [135.47309875488304, 34.353199005127], [135.47750854492193, 34.35366821289058], [135.47909545898398, 34.35820007324219], [135.48500061035196, 34.36273574829098], [135.49079895019497, 34.35480117797846], [135.49679565429696, 34.35246658325203], [135.5, 34.350200653076186], [135.50309753417997, 34.34640121459964], [135.50279235839798, 34.343399047851634], [135.50360107421895, 34.33886718750003], [135.50210571289097, 34.33779907226563], [135.50300598144497, 34.33653259277342], [135.50770568847696, 34.33653259277342], [135.52270507812497, 34.34766769409176], [135.52870178222696, 34.35133361816406]]], [[[135.04460144043, 34.29220199584961], [135.033599853516, 34.29533386230467], [135.037200927734, 34.29853439331049], [135.03959655761702, 34.29833221435549], [135.04179382324202, 34.2980690002441], [135.046203613281, 34.29759979248052], [135.048202514648, 34.29880142211907], [135.05940246582, 34.297935485839766], [135.057800292969, 34.29686737060546], [135.052093505859, 34.29533386230467], [135.04460144043, 34.29220199584961]]], [[[135.00799560546898, 34.27626800537109], [135.004699707031, 34.2769317626953], [135.00259399414097, 34.27793502807621], [135, 34.27904510498047], [134.99870300292997, 34.27959823608397], [135, 34.28109359741207], [135.00270080566398, 34.284198760986335], [135.00610351562497, 34.284133911132756], [135.01150512695298, 34.284198760986335], [135.01789855957, 34.291667938232365], [135.026504516602, 34.293731689453125], [135.025192260742, 34.291267395019545], [135.021697998047, 34.292064666748004], [135.020095825195, 34.28653335571294], [135.019195556641, 34.28520202636724], [135.01629638671898, 34.28060150146479], [135.0126953125, 34.27959823608397], [135.011199951172, 34.27653121948239], [135.00799560546898, 34.27626800537109]]], [[[135.18260192871097, 34.150600433349624], [135.181198120117, 34.152267456054744], [135.18080139160196, 34.150600433349624], [135.175994873047, 34.15186691284184], [135.17759704589798, 34.157600402831996], [135.175094604492, 34.15753555297851], [135.175094604492, 34.158535003662145], [135.18020629882798, 34.15766525268548], [135.18359375, 34.155067443847656], [135.18260192871097, 34.150600433349624]]], [[[135.10180664062503, 34.108798980712876], [135.09840393066403, 34.10886764526372], [135.09739685058602, 34.11506652832028], [135.10169982910202, 34.1175994873047], [135.10169982910202, 34.11339950561524], [135.10440063476602, 34.110466003418], [135.10180664062503, 34.108798980712876]]], [[[135.079299926758, 34.10986709594727], [135.07550048828102, 34.112468719482365], [135.075805664063, 34.114665985107365], [135.078796386719, 34.11439895629879], [135.08039855957003, 34.1147994995117], [135.0830078125, 34.11320114135742], [135.079299926758, 34.10986709594727]]], [[[135.12179565429696, 34.015399932861285], [135.11900329589804, 34.01779937744138], [135.12060546875003, 34.0194664001465], [135.12179565429696, 34.019332885742166], [135.12800598144494, 34.01786804199222], [135.12590026855503, 34.01733398437498], [135.12530517578097, 34.01553344726562], [135.12179565429696, 34.015399932861285]]], [[[135.915298461914, 33.972465515136655], [135.92680358886702, 33.981067657470746], [135.935501098633, 33.98026657104493], [135.94000244140602, 33.979866027832024], [135.94120788574202, 33.97520065307617], [135.94749450683602, 33.980598449706996], [135.95689392089804, 33.981067657470746], [135.96330261230503, 33.985134124755874], [135.97549438476602, 33.98666763305657], [135.97929382324196, 33.99053573608396], [135.98480224609403, 33.992202758789084], [135.98629760742196, 33.99660110473627], [135.99020385742193, 34.00320053100591], [135.99679565429696, 34.005264282226584], [136.00250244140597, 34.00733566284179], [136.00320434570304, 34.00966644287113], [136.00660705566403, 34.007064819335945], [136.00500488281304, 34.00320053100591], [136.00099182128898, 34.00133514404297], [135.99679565429696, 34.002334594726605], [135.99510192871094, 34.00020217895509], [135.99679565429696, 33.99753570556642], [136.00419616699196, 33.98973464965824], [136.00529479980494, 33.982601165771534], [136.01289367675804, 33.97373199462887], [136.01100158691395, 33.96620178222662], [136.00219726562497, 33.9611320495605], [135.99909973144497, 33.95560073852543], [135.99679565429696, 33.9567985534668], [135.98699951171903, 33.96793365478523], [135.98159790039102, 33.96813583374023], [135.97659301757804, 33.96640014648444], [135.974807739258, 33.960266113281286], [135.97669982910202, 33.95366668701173], [135.97560119628903, 33.94513320922849], [135.96859741210903, 33.92900085449224], [135.96490478515602, 33.92786788940427], [135.95370483398403, 33.93586730957027], [135.94140625, 33.93966674804691], [135.93310546875, 33.93953323364258], [135.92779541015602, 33.94093322753912], [135.930603027344, 33.93313217163094], [135.923095703125, 33.934535980224574], [135.918197631836, 33.93040084838869], [135.91769409179702, 33.9221992492676], [135.922103881836, 33.91986846923826], [135.924499511719, 33.91986846923826], [135.92950439453102, 33.923133850097656], [135.933807373047, 33.92066574096681], [135.93420410156298, 33.91986846923826], [135.93229675293, 33.91673278808593], [135.921493530273, 33.91433334350592], [135.917098999023, 33.919666290283175], [135.908599853516, 33.91839981079096], [135.908996582031, 33.91986846923826], [135.90840148925798, 33.923133850097656], [135.903900146484, 33.9252014160156], [135.90100097656298, 33.92433166503911], [135.89790344238298, 33.92686843872072], [135.896392822266, 33.934867858886726], [135.891998291016, 33.94173431396476], [135.893402099609, 33.948066711425824], [135.895797729492, 33.95206832885737], [135.897705078125, 33.95373535156249], [135.902801513672, 33.95493316650386], [135.906494140625, 33.96006774902337], [135.90710449218798, 33.96353530883786], [135.914108276367, 33.96559906005862], [135.914993286133, 33.97013473510741], [135.915298461914, 33.972465515136655]]], [[[135.09620666503903, 34.002731323242244], [135.09170532226602, 34.00320053100591], [135.09120178222702, 34.00406646728521], [135.092803955078, 34.00780105590819], [135.09480285644503, 34.00640106201173], [135.10180664062503, 34.004798889160185], [135.10069274902304, 34.00320053100591], [135.09620666503903, 34.002731323242244]]], [[[135.09140014648403, 34.00153350830079], [135.08869934082003, 34.00320053100591], [135.08990478515602, 34.00333404541024], [135.09130859375003, 34.00320053100591], [135.09179687500003, 34.00306701660158], [135.09140014648403, 34.00153350830079]]], [[[135.088500976563, 33.98760223388672], [135.08689880371102, 33.98760223388672], [135.081497192383, 33.988868713378935], [135.08619689941403, 33.9915351867676], [135.088500976563, 33.98760223388672]]], [[[135.07389831543, 33.94739913940434], [135.071899414063, 33.949935913085945], [135.072906494141, 33.950599670410156], [135.07550048828102, 33.948600769042976], [135.07389831543, 33.94739913940434]]], [[[135.88040161132798, 33.909133911132834], [135.87860107421898, 33.90846633911126], [135.88150024414097, 33.901134490966825], [135.887908935547, 33.8947334289551], [135.88380432128898, 33.88639831542967], [135.887908935547, 33.88146591186524], [135.89179992675798, 33.88133239746091], [135.891403198242, 33.889465332031335], [135.890106201172, 33.891201019287124], [135.892303466797, 33.893600463867216], [135.90130615234398, 33.88353347778318], [135.897308349609, 33.872001647949205], [135.89550781249997, 33.86880111694339], [135.889999389648, 33.868400573730476], [135.88470458984398, 33.872268676757784], [135.881195068359, 33.872268676757784], [135.87710571289097, 33.870532989501996], [135.87680053710898, 33.86306762695314], [135.87440490722696, 33.8614654541016], [135.87330627441398, 33.870334625244084], [135.87660217285196, 33.87346649169924], [135.882293701172, 33.878734588623], [135.87649536132798, 33.884067535400426], [135.87440490722696, 33.88380050659176], [135.871795654297, 33.88660049438476], [135.87069702148398, 33.8884658813477], [135.86390686035196, 33.88873291015628], [135.86070251464798, 33.88700103759767], [135.85910034179696, 33.89813232421883], [135.85980224609398, 33.9031982421875], [135.863098144531, 33.90686798095698], [135.86810302734398, 33.915065765380895], [135.86509704589798, 33.91986846923826], [135.86610412597696, 33.921134948730476], [135.86860656738295, 33.91986846923826], [135.871795654297, 33.919067382812536], [135.876998901367, 33.917133331298835], [135.88040161132798, 33.9169998168945], [135.88079833984398, 33.91406631469726], [135.88040161132798, 33.909133911132834]]], [[[135.14709472656304, 33.856800079345746], [135.14430236816395, 33.86140060424802], [135.14590454101594, 33.860401153564474], [135.15480041503898, 33.86193466186517], [135.15449523925795, 33.85806655883787], [135.14709472656304, 33.856800079345746]]], [[[135.31520080566395, 33.74986648559572], [135.31309509277298, 33.7524681091309], [135.31349182128898, 33.7524681091309], [135.31530761718804, 33.74993515014648], [135.31520080566395, 33.74986648559572]]], [[[135.36360168457, 33.69473266601563], [135.362396240234, 33.69713592529299], [135.36450195312497, 33.69713592529299], [135.36380004882798, 33.69553375244136], [135.36360168457, 33.69473266601563]]], [[[135.366195678711, 33.686203002929744], [135.36370849609398, 33.687267303466776], [135.36599731445298, 33.68806838989259], [135.367294311523, 33.68733596801762], [135.366195678711, 33.686203002929744]]], [[[135.94799804687503, 33.61873245239259], [135.945205688477, 33.62060165405271], [135.94569396972702, 33.62200164794917], [135.94760131835903, 33.6202011108398], [135.94799804687503, 33.61873245239259]]], [[[135.48829650878898, 33.54259872436522], [135.48600769043003, 33.5437316894531], [135.48609924316395, 33.54406738281252], [135.48870849609403, 33.544002532959034], [135.48829650878898, 33.54259872436522]]], [[[135.560104370117, 33.51113128662108], [135.558700561523, 33.51173400878908], [135.55740356445298, 33.51259994506838], [135.560195922852, 33.511932373046896], [135.560104370117, 33.51113128662108]]], [[[135.83180236816403, 33.44906616210938], [135.82850646972702, 33.45046615600592], [135.82299804687494, 33.45240020751953], [135.82209777831997, 33.45173263549796], [135.82350158691403, 33.458934783935504], [135.82299804687494, 33.46046829223629], [135.82159423828097, 33.461200714111264], [135.81700134277304, 33.4613342285156], [135.81440734863304, 33.461067199707024], [135.81320190429693, 33.461067199707024], [135.81480407714804, 33.46360015869136], [135.81179809570304, 33.463802337646534], [135.80929565429696, 33.463665008544936], [135.80780029296903, 33.46493530273442], [135.80549621581994, 33.46406555175784], [135.80349731445304, 33.46373367309569], [135.80259704589804, 33.46419906616209], [135.80220031738304, 33.46360015869136], [135.80130004882804, 33.461532592773416], [135.79829406738304, 33.46260070800781], [135.79840087890602, 33.4656028747559], [135.80110168457003, 33.471332550048785], [135.80160522460903, 33.473201751709], [135.80320739746102, 33.473201751709], [135.80569458007804, 33.47553253173833], [135.81089782714804, 33.48106765747067], [135.81269836425804, 33.47940063476564], [135.81390380859403, 33.4768676757813], [135.82049560546903, 33.476001739501996], [135.82800292968804, 33.477401733398366], [135.83680725097693, 33.476398468017635], [135.83659362792997, 33.474334716796875], [135.83990478515597, 33.47493362426761], [135.84150695800804, 33.474800109863274], [135.84379577636696, 33.47506713867194], [135.84640502929696, 33.472866058349574], [135.84719848632798, 33.472267150878935], [135.84770202636696, 33.47153472900388], [135.85040283203097, 33.47166824340821], [135.85310363769497, 33.471599578857365], [135.85679626464798, 33.47073364257806], [135.85800170898398, 33.471199035644545], [135.86090087890597, 33.472534179687514], [135.86250305175795, 33.47246551513667], [135.858200073242, 33.46806716918948], [135.85440063476597, 33.466865539550845], [135.85420227050804, 33.463665008544936], [135.85340881347696, 33.46013259887696], [135.852096557617, 33.46093368530269], [135.84980773925804, 33.461532592773416], [135.84800720214798, 33.45986557006839], [135.84690856933597, 33.45959854125981], [135.84419250488295, 33.45866775512702], [135.84080505371097, 33.45980072021481], [135.83959960937497, 33.45953369140632], [135.83930969238304, 33.45380020141599], [135.83869934081997, 33.45446777343747], [135.83830261230503, 33.455200195312536], [135.83590698242196, 33.452598571777266], [135.82949829101594, 33.456268310546925], [135.82940673828097, 33.45433425903323], [135.83099365234403, 33.45253372192378], [135.83180236816403, 33.44906616210938]]], [[[135.81700134277304, 33.44586563110347], [135.81390380859403, 33.447532653808594], [135.81330871582003, 33.44833374023441], [135.81300354003903, 33.45080184936517], [135.81330871582003, 33.45080184936517], [135.81800842285202, 33.45240020751953], [135.81950378418003, 33.452335357666044], [135.81869506835898, 33.44860076904298], [135.81700134277304, 33.44586563110347]]]]}}, {"type": "Feature", "properties": {"nam": "Okayama Ken", "nam_ja": "岡山県", "id": 33, "adjacent": true}, "geometry": {"type": "MultiPolygon", "coordinates": [[[[134.01420593261702, 35.350399017333984], [134.014297485352, 35.34486770629883], [134.010498046875, 35.33900070190434], [134.012603759766, 35.3365325927734], [134.014495849609, 35.333667755127], [134.007797241211, 35.32740020751952], [134.00419616699202, 35.324600219726605], [134.000701904297, 35.31826782226563], [134, 35.31399917602542], [134.010101318359, 35.307598114013686], [134.022094726563, 35.3060646057129], [134.02799987793, 35.30780029296878], [134.02960205078102, 35.30546569824217], [134.03630065918, 35.30419921874996], [134.043807983398, 35.30266571044917], [134.04809570312503, 35.298599243164134], [134.05490112304702, 35.29880142211913], [134.061706542969, 35.30313110351557], [134.06959533691403, 35.29719924926759], [134.07380676269503, 35.30146408081053], [134.07710266113304, 35.3027992248535], [134.08369445800804, 35.303333282470746], [134.08680725097702, 35.30719757080078], [134.09240722656304, 35.30580139160159], [134.09399414062497, 35.30566787719726], [134.09719848632804, 35.30586624145508], [134.10040283203097, 35.30013275146484], [134.10220336914094, 35.29813385009774], [134.10430908203097, 35.29493331909183], [134.11090087890597, 35.290134429931555], [134.11390686035196, 35.286464691162074], [134.11489868164097, 35.28386688232416], [134.12179565429696, 35.28099822998049], [134.13160705566398, 35.280933380127], [134.13420104980497, 35.28273391723628], [134.13870239257798, 35.27899932861331], [134.13999938964798, 35.27366638183588], [134.137008666992, 35.2709999084473], [134.14289855957, 35.26393127441409], [134.14649963378898, 35.26113128662109], [134.14990234374997, 35.258533477783175], [134.14500427246097, 35.253601074218835], [134.14419555664097, 35.25320053100593], [134.14300537109398, 35.247066497802685], [134.14480590820298, 35.24280166625983], [134.13670349121097, 35.23899841308592], [134.14390563964798, 35.23139953613283], [134.158203125, 35.23419952392583], [134.16250610351597, 35.229267120361314], [134.162704467773, 35.226001739502], [134.161895751953, 35.22140121459964], [134.161697387695, 35.21793365478524], [134.15710449218798, 35.21066665649412], [134.15400695800798, 35.20286560058594], [134.153396606445, 35.19486618041993], [134.16050720214798, 35.19079971313481], [134.16180419921898, 35.190132141113324], [134.16670227050798, 35.1832656860352], [134.168106079102, 35.1791343688965], [134.166900634766, 35.17193222045904], [134.171798706055, 35.16986846923828], [134.17810058593798, 35.16986846923828], [134.189697265625, 35.17620086669916], [134.193496704102, 35.187667846679744], [134.19369506835903, 35.189468383789105], [134.20089721679702, 35.19060134887699], [134.203308105469, 35.18906402587893], [134.213409423828, 35.190399169921896], [134.21609497070304, 35.18959808349608], [134.22169494628903, 35.19146728515629], [134.22549438476602, 35.194465637207024], [134.22830200195304, 35.19726562500002], [134.23300170898403, 35.198398590087905], [134.240600585938, 35.199131011962876], [134.24519348144497, 35.19933319091796], [134.24679565429696, 35.20013427734378], [134.25160217285202, 35.20326614379884], [134.25489807128903, 35.20859909057618], [134.26049804687494, 35.210399627685455], [134.26640319824196, 35.20846557617194], [134.27110290527295, 35.200798034668], [134.27560424804696, 35.19879913330081], [134.28070068359403, 35.19659805297854], [134.29170227050804, 35.20000076293954], [134.29420471191398, 35.199867248535206], [134.30189514160196, 35.20219802856454], [134.315002441406, 35.20113372802733], [134.31829833984398, 35.20219802856454], [134.32080078124997, 35.201801300048814], [134.332992553711, 35.21246719360349], [134.337997436523, 35.220401763916], [134.341796875, 35.22073364257807], [134.350692749023, 35.2236671447754], [134.360000610352, 35.22919845581047], [134.368896484375, 35.23266601562504], [134.37179565429702, 35.2349319458008], [134.373794555664, 35.23899841308592], [134.373199462891, 35.24593353271481], [134.38009643554702, 35.24813461303708], [134.38059997558602, 35.248733520507805], [134.393005371094, 35.2526016235352], [134.39970397949202, 35.24739837646484], [134.40220642089804, 35.241001129150376], [134.39639282226602, 35.22833251953134], [134.38639831543, 35.223533630371065], [134.38490295410202, 35.223598480224645], [134.380493164063, 35.218132019042976], [134.38099670410202, 35.216064453125036], [134.380004882813, 35.20806503295903], [134.38310241699202, 35.19540023803708], [134.38240051269503, 35.194465637207024], [134.390899658203, 35.192398071289084], [134.40080261230503, 35.18746566772457], [134.41140747070304, 35.186134338378864], [134.41119384765597, 35.17580032348634], [134.40660095214804, 35.16986846923828], [134.40699768066403, 35.165134429931584], [134.41070556640602, 35.160934448242216], [134.41200256347702, 35.15673446655267], [134.409606933594, 35.15086746215818], [134.40820312500003, 35.14786529541018], [134.40640258789102, 35.147399902343786], [134.39360046386702, 35.152667999267635], [134.38679504394503, 35.15179824829097], [134.38119506835903, 35.15179824829097], [134.377395629883, 35.1491317749023], [134.374206542969, 35.15093231201167], [134.37179565429702, 35.14926528930663], [134.368804931641, 35.14726638793954], [134.366302490234, 35.1454010009766], [134.361404418945, 35.137599945068416], [134.361709594727, 35.13439941406251], [134.359603881836, 35.133666992187536], [134.358596801758, 35.127201080322315], [134.356399536133, 35.124465942382805], [134.359909057617, 35.122001647949226], [134.35920715332, 35.119400024414134], [134.352493286133, 35.1136665344238], [134.353500366211, 35.1002655029297], [134.353408813477, 35.09799957275394], [134.34989929199202, 35.09360122680658], [134.348602294922, 35.09033203125], [134.34489440918, 35.090400695800845], [134.33830261230497, 35.089332580566364], [134.33670043945298, 35.090400695800845], [134.332992553711, 35.08653259277336], [134.332107543945, 35.08653259277336], [134.329895019531, 35.086997985839844], [134.329406738281, 35.08653259277336], [134.318496704102, 35.082866668701236], [134.32049560546898, 35.06753158569344], [134.31660461425798, 35.0656661987305], [134.31440734863298, 35.057865142822315], [134.31509399414097, 35.04826736450203], [134.31610107421898, 35.04326629638667], [134.31579589843798, 35.04326629638667], [134.310104370117, 35.04513168334961], [134.30720520019497, 35.04553222656252], [134.30650329589798, 35.04233169555661], [134.30380249023398, 35.04046630859376], [134.29670715331997, 35.04313278198243], [134.29040527343804, 35.03739929199218], [134.28500366210898, 35.03680038452154], [134.28289794921895, 35.03799819946291], [134.28059387206997, 35.03499984741209], [134.27470397949196, 35.023399353027266], [134.27160644531304, 35.02360153198244], [134.26710510253903, 35.0215339660645], [134.26770019531304, 35.018001556396534], [134.26409912109403, 35.01566696166993], [134.26660156249994, 35.012664794921925], [134.26440429687503, 35.012733459472685], [134.26380920410202, 35.0107345581055], [134.26550292968804, 35.00786590576174], [134.26580810546903, 35.00506591796883], [134.27090454101602, 35.00320053100589], [134.27700805664102, 35.00093460083013], [134.27839660644497, 35.000999450683615], [134.279266357422, 35], [134.28230285644497, 34.9965324401855], [134.28610229492196, 34.995933532714766], [134.27830505371097, 34.990535736084034], [134.27529907226597, 34.98626708984382], [134.27259826660196, 34.985466003418004], [134.27020263671903, 34.98253250122067], [134.27020263671903, 34.9783325195313], [134.27290344238304, 34.97806549072273], [134.27510070800804, 34.97719955444342], [134.27650451660196, 34.975799560546875], [134.27360534668003, 34.965999603271506], [134.27540588378903, 34.96286773681644], [134.26640319824196, 34.95639801025387], [134.26330566406304, 34.95280075073241], [134.25920104980503, 34.9513320922852], [134.25540161132804, 34.94680023193359], [134.25360107421903, 34.94606399536126], [134.25430297851602, 34.93773269653319], [134.25889587402295, 34.93420028686522], [134.26249694824196, 34.937332153320284], [134.26370239257804, 34.936534881591825], [134.26690673828097, 34.93600082397458], [134.27549743652298, 34.929134368896456], [134.27510070800804, 34.923934936523366], [134.27839660644497, 34.921531677246094], [134.28419494628898, 34.92033386230472], [134.28410339355494, 34.91986465454097], [134.28379821777298, 34.91680145263666], [134.28689575195298, 34.9143333435059], [134.29000854492196, 34.91073226928709], [134.29229736328097, 34.91059875488284], [134.29249572753898, 34.908134460449176], [134.29440307617196, 34.90753555297854], [134.29269409179696, 34.90273284912108], [134.28770446777298, 34.89953231811517], [134.28829956054696, 34.89759826660156], [134.28320312499997, 34.896465301513686], [134.28160095214798, 34.895465850830135], [134.27929687499997, 34.895732879638715], [134.27230834960895, 34.891334533691435], [134.26820373535193, 34.887733459472706], [134.26850891113304, 34.88366699218749], [134.26670837402304, 34.88346862792967], [134.26289367675804, 34.88493347167971], [134.26300048828097, 34.87946701049804], [134.26620483398395, 34.87480163574219], [134.26119995117196, 34.871200561523366], [134.25860595703097, 34.86966705322267], [134.25799560546903, 34.862735748290966], [134.25469970703097, 34.85966491699221], [134.25309753418003, 34.851268768310476], [134.25599670410193, 34.84840011596681], [134.26229858398398, 34.845264434814474], [134.26260375976602, 34.841464996337926], [134.26499938964795, 34.83866500854493], [134.26249694824196, 34.83653259277341], [134.26130676269494, 34.83139801025389], [134.26319885253903, 34.82666778564447], [134.26800537109403, 34.826065063476555], [134.26989746093804, 34.82733154296877], [134.27270507812494, 34.82713317871086], [134.28320312499997, 34.829467773437464], [134.28739929199196, 34.82773208618159], [134.28790283203097, 34.8213996887207], [134.29499816894497, 34.81806564331046], [134.29780578613304, 34.81346511840819], [134.30250549316398, 34.813999176025426], [134.30659484863298, 34.810333251953125], [134.30700683593804, 34.80733108520512], [134.31170654296898, 34.80266571044918], [134.316497802734, 34.801601409912145], [134.31640624999997, 34.792400360107415], [134.318496704102, 34.785133361816385], [134.315399169922, 34.780799865722685], [134.31750488281295, 34.77786636352544], [134.32009887695298, 34.77653121948238], [134.32350158691398, 34.774600982666044], [134.32920837402298, 34.77373123168947], [134.331695556641, 34.77033233642583], [134.333801269531, 34.76819992065431], [134.332107543945, 34.765865325927706], [134.329498291016, 34.76699829101559], [134.32690429687497, 34.765933990478466], [134.325500488281, 34.763465881347706], [134.32409667968798, 34.76353454589837], [134.319793701172, 34.75913238525391], [134.31750488281295, 34.75320053100594], [134.31399536132798, 34.74046707153324], [134.31370544433597, 34.737667083740234], [134.31680297851597, 34.73506546020514], [134.320297241211, 34.73533248901372], [134.322998046875, 34.7308654785156], [134.32070922851597, 34.72773361206053], [134.32130432128898, 34.72180175781247], [134.31900024414097, 34.728332519531264], [134.31089782714798, 34.73379898071293], [134.29919433593795, 34.736000061035206], [134.28730773925804, 34.73500061035157], [134.28239440917997, 34.729934692382805], [134.27969360351597, 34.7327995300293], [134.27499389648398, 34.73446655273442], [134.27349853515597, 34.73306655883787], [134.27580261230503, 34.73093414306644], [134.27310180664094, 34.72800064086911], [134.26939392089798, 34.730731964111264], [134.26829528808597, 34.73133468627926], [134.26890563964804, 34.72320175170901], [134.26820373535193, 34.71966552734377], [134.25320434570304, 34.71833419799798], [134.24679565429696, 34.716266632080135], [134.24310302734403, 34.7152671813965], [134.24229431152304, 34.716865539550774], [134.234497070313, 34.72100067138674], [134.23330688476602, 34.71973419189453], [134.22970581054702, 34.72019958496092], [134.224807739258, 34.71966552734377], [134.22799682617202, 34.722400665283196], [134.23190307617202, 34.72313308715817], [134.22900390625003, 34.730400085449205], [134.22459411621102, 34.73106765747069], [134.220901489258, 34.72980117797847], [134.22059631347702, 34.73153305053708], [134.21899414062503, 34.73093414306644], [134.20880126953102, 34.7308654785156], [134.203399658203, 34.730400085449205], [134.186004638672, 34.737934112548814], [134.187103271484, 34.74026870727542], [134.185302734375, 34.74233245849609], [134.184997558594, 34.740531921386726], [134.183502197266, 34.74100112915039], [134.179794311523, 34.73813247680663], [134.178894042969, 34.733135223388715], [134.181396484375, 34.73506546020514], [134.18640136718798, 34.73446655273442], [134.195205688477, 34.72966766357423], [134.20390319824202, 34.72706604003914], [134.20419311523403, 34.722599029541016], [134.20140075683602, 34.722068786621136], [134.195404052734, 34.72133255004881], [134.192794799805, 34.71966552734377], [134.194107055664, 34.71693420410162], [134.19580078125, 34.71766662597659], [134.197204589844, 34.715332031249986], [134.200103759766, 34.714599609375014], [134.203704833984, 34.71693420410162], [134.20809936523403, 34.7156677246094], [134.21119689941403, 34.71706771850586], [134.213806152344, 34.716201782226555], [134.19860839843798, 34.70880126953128], [134.201904296875, 34.70993423461907], [134.20610046386702, 34.70980072021483], [134.216705322266, 34.70946884155268], [134.217803955078, 34.708332061767614], [134.21969604492202, 34.709068298339766], [134.22680664062503, 34.712135314941435], [134.22760009765602, 34.714599609375014], [134.23179626464804, 34.71519851684574], [134.235305786133, 34.714733123779254], [134.23500061035202, 34.710998535156286], [134.24240112304702, 34.703132629394524], [134.24459838867193, 34.70146560668949], [134.24259948730503, 34.701000213623004], [134.242797851563, 34.697399139404276], [134.24150085449196, 34.69526672363276], [134.23800659179702, 34.69979858398437], [134.23730468750003, 34.69766616821294], [134.23480224609403, 34.6914672851563], [134.22579956054702, 34.69173431396479], [134.22660827636702, 34.69020080566409], [134.22770690918, 34.68906784057621], [134.21810913085903, 34.684398651123], [134.215698242188, 34.68460083007809], [134.212097167969, 34.68386840820312], [134.21609497070304, 34.68233489990233], [134.21940612793, 34.68246841430657], [134.222106933594, 34.68166732788093], [134.21949768066403, 34.680934906005874], [134.21879577636702, 34.67686462402339], [134.21519470214804, 34.67626571655266], [134.213500976563, 34.673732757568416], [134.21049499511702, 34.67266845703129], [134.20399475097702, 34.67433547973632], [134.20700073242202, 34.66986846923829], [134.20690917968798, 34.669399261474624], [134.20849609375003, 34.66986846923829], [134.209503173828, 34.67033386230469], [134.210601806641, 34.66986846923829], [134.209808349609, 34.666732788085866], [134.206207275391, 34.66780090332026], [134.200607299805, 34.663600921630895], [134.192901611328, 34.66493225097659], [134.190902709961, 34.66406631469729], [134.197296142578, 34.65993499755859], [134.196304321289, 34.658332824707045], [134.193496704102, 34.65573501586913], [134.190200805664, 34.65240097045898], [134.18940734863298, 34.65179824829098], [134.18359375, 34.65133285522459], [134.18330383300798, 34.65333557128913], [134.180206298828, 34.6525993347168], [134.177505493164, 34.65660095214844], [134.175796508789, 34.6549339294434], [134.1748046875, 34.653999328613345], [134.173904418945, 34.653400421142614], [134.172607421875, 34.65319824218753], [134.169494628906, 34.65173339843749], [134.1708984375, 34.64953231811522], [134.173095703125, 34.63959884643552], [134.174102783203, 34.63399887084961], [134.173797607422, 34.63113403320312], [134.177307128906, 34.631267547607365], [134.17840576171898, 34.63406753540036], [134.18330383300798, 34.63679885864261], [134.18429565429702, 34.6335983276367], [134.186798095703, 34.63173294067376], [134.179504394531, 34.6303329467773], [134.175201416016, 34.623466491699176], [134.171798706055, 34.617134094238295], [134.16960144043, 34.613533020019474], [134.164794921875, 34.61399841308587], [134.158905029297, 34.61679840087887], [134.157196044922, 34.61600112915041], [134.155899047852, 34.61619949340823], [134.15519714355497, 34.61586761474608], [134.147201538086, 34.6169319152832], [134.14540100097696, 34.610534667968835], [134.14120483398398, 34.60853576660156], [134.138397216797, 34.611331939697294], [134.13380432128898, 34.60779953002932], [134.13589477539097, 34.603332519531286], [134.137496948242, 34.60026550292971], [134.13369750976597, 34.59706878662107], [134.12789916992196, 34.598133087158196], [134.12179565429696, 34.593067169189524], [134.11999511718804, 34.58913421630864], [134.11819458007798, 34.58953475952146], [134.11169433593804, 34.58840179443358], [134.10859680175804, 34.58953475952146], [134.10450744628903, 34.589599609375036], [134.09970092773398, 34.58653259277337], [134.09899902343804, 34.58466720581052], [134.09620666503903, 34.58319854736331], [134.08590698242193, 34.580467224121065], [134.07969665527304, 34.58633422851564], [134.06919860839804, 34.58440017700203], [134.059204101563, 34.58506774902343], [134.05380249023403, 34.58653259277337], [134.05320739746102, 34.59519958496086], [134.05450439453102, 34.59513473510737], [134.05320739746102, 34.596000671386676], [134.057006835938, 34.6028671264648], [134.05940246582003, 34.60240173339841], [134.06269836425804, 34.6048011779785], [134.06330871582003, 34.60779953002932], [134.05970764160202, 34.608131408691385], [134.05299377441403, 34.6039352416992], [134.05149841308602, 34.60533142089838], [134.04840087890602, 34.603534698486285], [134.04939270019503, 34.601665496826165], [134.046997070313, 34.5976676940918], [134.045104980469, 34.5989990234375], [134.04469299316403, 34.600135803222734], [134.04229736328102, 34.607666015624986], [134.03179931640602, 34.609001159667955], [134.02960205078102, 34.60646820068362], [134.029495239258, 34.60413360595702], [134.028701782227, 34.605998992919865], [134.02079772949202, 34.60879898071287], [133.996795654297, 34.613334655761655], [133.995407104492, 34.61346435546881], [133.990469908892, 34.61116977248812], [133.98771585467, 34.60995578736121], [133.983200073242, 34.607933044433565], [133.98309326171898, 34.605865478515625], [133.984100341797, 34.6028671264648], [133.982192993164, 34.6017990112305], [133.98010253906298, 34.60426712036126], [133.98030090332, 34.60273361206047], [133.97839355468798, 34.60326766967771], [133.98049926757798, 34.600131988525376], [133.974899291992, 34.60186767578134], [133.97250366210898, 34.60313415527338], [133.96789550781298, 34.59953308105474], [133.95660400390597, 34.59680175781249], [133.95179748535196, 34.60226821899408], [133.94549560546898, 34.59893417358401], [133.94909667968804, 34.59446716308589], [133.94790649414097, 34.593799591064496], [133.94883728027304, 34.59286499023443], [133.95520019531304, 34.58653259277337], [133.95939636230497, 34.58373260498046], [133.961395263672, 34.58653259277337], [133.95979309082, 34.58720016479494], [133.97219848632798, 34.594200134277315], [133.982894897461, 34.59493255615229], [133.986099243164, 34.59493255615229], [133.990493774414, 34.593467712402344], [133.990997314453, 34.59473419189447], [133.996795654297, 34.59439849853522], [134.001495361328, 34.59299850463868], [134.009796142578, 34.597133636474645], [134.02499389648403, 34.5989990234375], [134.028106689453, 34.59733200073238], [134.028701782227, 34.598064422607436], [134.032897949219, 34.59726715087889], [134.03190612793, 34.59500122070313], [134.03419494628903, 34.59059906005859], [134.036499023438, 34.59180068969731], [134.04020690918, 34.58653259277337], [134.03919982910202, 34.58319854736331], [134.04370117187503, 34.577934265136726], [134.04640197753903, 34.57666778564452], [134.04110717773403, 34.575935363769545], [134.03349304199202, 34.573867797851605], [134.03239440918, 34.573135375976634], [134.029403686523, 34.56380081176757], [134.029403686523, 34.55993270874018], [134.031005859375, 34.558399200439474], [134.03309631347702, 34.558265686035234], [134.02990722656298, 34.55653381347663], [134.028106689453, 34.553668975830135], [134.03109741210903, 34.55286788940432], [134.02999877929702, 34.55086898803714], [134.025894165039, 34.55286788940432], [134.02130126953102, 34.549999237060476], [134.02169799804702, 34.54586791992186], [134.017807006836, 34.54426574707032], [134.014801025391, 34.546798706054744], [134.014709472656, 34.55006790161132], [134.009796142578, 34.550735473632805], [134.004806518555, 34.54646682739259], [134.00129699707, 34.545398712158196], [133.996795654297, 34.53753280639653], [133.99530029296898, 34.53260040283201], [133.996795654297, 34.5321998596191], [133.999801635742, 34.52999877929692], [133.996795654297, 34.528667449951215], [133.99479675293, 34.525733947753885], [133.996795654297, 34.525268554687486], [133.998794555664, 34.519466400146484], [134.00109863281298, 34.51953124999997], [134.00190734863298, 34.51893234252933], [134.00199890136702, 34.51713180541988], [134.003692626953, 34.51726531982421], [134.005706787109, 34.51686859130857], [134.003005981445, 34.51233291625979], [133.996795654297, 34.51753234863279], [133.992401123047, 34.51953124999997], [133.98660278320298, 34.5306663513184], [133.976303100586, 34.533931732177706], [133.974990844727, 34.534000396728466], [133.97070312499997, 34.5306663513184], [133.95939636230497, 34.524265289306584], [133.95770263671898, 34.52220153808591], [133.96189880371097, 34.518867492675845], [133.95979309082, 34.518131256103516], [133.95669555664097, 34.51586532592767], [133.95619201660196, 34.514598846435455], [133.96130371093804, 34.51346588134766], [133.957092285156, 34.506732940673785], [133.95660400390597, 34.504467010498026], [133.95750427246097, 34.5032005310059], [133.961395263672, 34.49993133544923], [133.96339416503898, 34.49533462524414], [133.960998535156, 34.492000579833984], [133.95509338378898, 34.49333190917969], [133.95370483398398, 34.49053192138668], [133.95249938964798, 34.492733001708956], [133.94979858398398, 34.49306488037111], [133.948791503906, 34.48673248291023], [133.94830322265597, 34.488067626953104], [133.94650268554696, 34.48839950561517], [133.94670104980497, 34.48460006713871], [133.93800354003898, 34.48133468627931], [133.93859863281304, 34.47533416748049], [133.93460083007795, 34.47460174560552], [133.93479919433597, 34.47226715087891], [133.93609619140597, 34.47259902954098], [133.93499755859395, 34.47200012207034], [133.94050598144497, 34.46540069580079], [133.94189453124997, 34.4651985168457], [133.94230651855494, 34.46206665039064], [133.94279479980497, 34.455867767334], [133.93809509277298, 34.454734802246115], [133.93629455566398, 34.45233154296884], [133.93330383300804, 34.451332092285206], [133.93190002441398, 34.45373153686521], [133.92649841308597, 34.45693206787112], [133.92469787597696, 34.455265045166], [133.92700195312497, 34.45253372192384], [133.92829895019497, 34.45266723632809], [133.92709350585898, 34.450866699218814], [133.91949462890597, 34.45013427734384], [133.91329956054696, 34.45253372192384], [133.91319274902298, 34.45140075683587], [133.90969848632804, 34.4509315490723], [133.89759826660202, 34.457000732421875], [133.87950134277304, 34.45660018920897], [133.87179565429702, 34.46340179443361], [133.867797851563, 34.46633529663094], [133.862503051758, 34.46733474731449], [133.859405517578, 34.467132568359396], [133.85710144043, 34.468734741210945], [133.85179138183602, 34.469799041747976], [133.85009765625, 34.4692687988281], [133.847198486328, 34.47000122070307], [133.841400146484, 34.46900177001952], [133.836196899414, 34.47106552124019], [133.836791992188, 34.472667694091825], [133.834197998047, 34.47439956665043], [133.832504272461, 34.47226715087891], [133.831298828125, 34.47033309936522], [133.829498291016, 34.472999572753885], [133.82629394531298, 34.47040176391597], [133.81829833984398, 34.469131469726584], [133.81640625, 34.46693420410158], [133.81489562988298, 34.46813201904303], [133.815505981445, 34.465133666992216], [133.81219482421898, 34.462265014648366], [133.814498901367, 34.460865020752], [133.80830383300798, 34.46146774291991], [133.807601928711, 34.459068298339815], [133.80999755859398, 34.45819854736333], [133.809799194336, 34.45066452026372], [133.810791015625, 34.441665649414084], [133.816192626953, 34.43733215332029], [133.821792602539, 34.429733276367195], [133.818099975586, 34.43126678466798], [133.814102172852, 34.431598663330135], [133.80470275878898, 34.436332702636655], [133.80119323730497, 34.436931610107386], [133.79609680175798, 34.43606567382808], [133.79119873046898, 34.439533233642564], [133.78950500488298, 34.437866210937536], [133.78730773925795, 34.43560028076168], [133.78280639648398, 34.43806457519526], [133.78019714355497, 34.444934844970746], [133.77029418945298, 34.4567337036133], [133.77409362792997, 34.45819854736333], [133.77239990234398, 34.46279907226561], [133.76750183105497, 34.46220016479488], [133.76609802246097, 34.472400665283246], [133.76390075683597, 34.472801208496065], [133.76240539550804, 34.47006607055664], [133.75909423828097, 34.47033309936522], [133.75849914550804, 34.468532562255945], [133.75830078124997, 34.4757347106934], [133.75660705566403, 34.47579956054689], [133.75569152831997, 34.47579956054689], [133.75909423828097, 34.48600006103516], [133.74780273437494, 34.48939895629881], [133.74679565429696, 34.49153137207032], [133.74220275878903, 34.5032005310059], [133.74450683593804, 34.51093292236333], [133.73930358886696, 34.515933990478516], [133.73829650878903, 34.52500152587891], [133.736206054688, 34.51253128051761], [133.73440551757804, 34.5032005310059], [133.73449707031304, 34.498466491699205], [133.72920227050804, 34.498466491699205], [133.72210693359403, 34.50059890747072], [133.72109985351602, 34.5032005310059], [133.71850585937503, 34.5032005310059], [133.71839904785202, 34.49626541137702], [133.73649597168003, 34.490467071533196], [133.74279785156304, 34.47046661376946], [133.73959350585898, 34.46986770629882], [133.73260498046903, 34.474468231201186], [133.72630310058602, 34.476398468017614], [133.72450256347702, 34.472801208496065], [133.71989440918003, 34.474201202392614], [133.71919250488304, 34.472999572753885], [133.70339965820304, 34.4779319763184], [133.70419311523403, 34.5032005310059], [133.70489501953102, 34.516067504882756], [133.70320129394503, 34.54013442993162], [133.690795898438, 34.54026794433586], [133.690307617188, 34.52280044555664], [133.688903808594, 34.52533340454097], [133.680297851563, 34.52486801147458], [133.678207397461, 34.522998809814545], [133.683792114258, 34.523468017578125], [133.690200805664, 34.51966857910158], [133.69000244140602, 34.51233291625979], [133.68829345703102, 34.51199722290036], [133.68710327148403, 34.51206588745121], [133.68699645996102, 34.5122680664063], [133.684097290039, 34.511798858642635], [133.68339538574202, 34.506931304931605], [133.670196533203, 34.507667541503935], [133.669692993164, 34.511600494384815], [133.675201416016, 34.51473236083979], [133.676605224609, 34.51373291015633], [133.676406860352, 34.51833343505861], [133.669296264648, 34.517734527587876], [133.669097900391, 34.519401550293], [133.65899658203102, 34.52046585083012], [133.65559387207, 34.516067504882756], [133.64739990234398, 34.51206588745121], [133.64990234375, 34.50880050659181], [133.64739990234398, 34.50466537475593], [133.640197753906, 34.50486755371093], [133.63830566406298, 34.5032005310059], [133.63789367675798, 34.501934051513686], [133.63459777832, 34.50246810913093], [133.624801635742, 34.50093460083014], [133.621795654297, 34.49493408203132], [133.617401123047, 34.49173355102541], [133.61560058593795, 34.49420166015626], [133.60319519042997, 34.49499893188481], [133.59730529785196, 34.49253463745123], [133.59370422363304, 34.49100112915044], [133.58889770507798, 34.48326492309574], [133.59609985351597, 34.4757347106934], [133.60119628906304, 34.47373199462886], [133.59820556640597, 34.47226715087891], [133.59390258789097, 34.469467163085916], [133.59190368652298, 34.46993255615231], [133.57820129394497, 34.47053146362304], [133.57699584960898, 34.46673202514649], [133.57270812988304, 34.46586608886719], [133.56089782714804, 34.46820068359379], [133.55369567871094, 34.464733123779304], [133.540405273438, 34.461532592773395], [133.53089904785202, 34.469799041747976], [133.52890014648403, 34.4770660400391], [133.52389526367202, 34.478801727294886], [133.52360534668, 34.47480010986334], [133.518005371094, 34.48013305664059], [133.51570129394503, 34.48960113525389], [133.514801025391, 34.48986816406247], [133.507705688477, 34.49700164794917], [133.508697509766, 34.499668121337926], [133.507202148438, 34.499534606933594], [133.504806518555, 34.49913406372069], [133.50289916992202, 34.5032005310059], [133.502105712891, 34.50413131713869], [133.501007080078, 34.5032005310059], [133.50129699707003, 34.50153350830078], [133.496994018555, 34.5032005310059], [133.49679565429702, 34.50326538085939], [133.494903564453, 34.5045318603516], [133.489105224609, 34.51246643066412], [133.48539733886702, 34.51393127441406], [133.486297607422, 34.51300048828127], [133.488998413086, 34.5070686340332], [133.494094848633, 34.5032005310059], [133.49679565429702, 34.501800537109446], [133.501007080078, 34.49826431274411], [133.51559448242202, 34.47893142700204], [133.517700195313, 34.475864410400376], [133.52139282226602, 34.47206497192383], [133.52409362793003, 34.47219848632807], [133.527297973633, 34.468868255615185], [133.524200439453, 34.46026611328127], [133.52690124511702, 34.454734802246115], [133.52450561523403, 34.45240020751951], [133.514602661133, 34.449066162109446], [133.509201049805, 34.45166778564454], [133.508804321289, 34.45073318481448], [133.50779724121102, 34.45166778564454], [133.50129699707003, 34.45140075683587], [133.49679565429702, 34.44773483276366], [133.494995117188, 34.445201873779325], [133.48930358886702, 34.441600799560504], [133.48139953613298, 34.44219970703132], [133.47790527343798, 34.44319915771478], [133.47380065918, 34.441398620605504], [133.473297119141, 34.450065612793], [133.481903076172, 34.454933166503935], [133.48620605468798, 34.45713424682621], [133.489700317383, 34.458866119384815], [133.483795166016, 34.46593475341803], [133.480804443359, 34.463466644287095], [133.467193603516, 34.45713424682621], [133.462799072266, 34.45973205566412], [133.455795288086, 34.45980072021479], [133.45599365234398, 34.47060012817379], [133.45460510253898, 34.47060012817379], [133.454803466797, 34.47733306884768], [133.448699951172, 34.47746658325201], [133.44630432128898, 34.480201721191435], [133.446105957031, 34.481266021728466], [133.44819641113298, 34.487133026122955], [133.45429992675798, 34.49440002441408], [133.45500183105497, 34.5032005310059], [133.45339965820298, 34.506267547607386], [133.44549560546898, 34.505733489990234], [133.44599914550798, 34.511600494384815], [133.44839477539097, 34.511600494384815], [133.44709777832, 34.518798828125], [133.44839477539097, 34.52246475219731], [133.45300292968798, 34.529865264892585], [133.452697753906, 34.53506469726559], [133.44810485839798, 34.53979873657229], [133.44889831542997, 34.54273223876953], [133.44580078124997, 34.54959869384774], [133.445297241211, 34.55513381958008], [133.44210815429696, 34.55866622924796], [133.43539428710898, 34.564666748046875], [133.43099975585898, 34.566268920898416], [133.42630004882798, 34.57040023803712], [133.42430114746097, 34.57580184936521], [133.42160034179696, 34.58653259277337], [133.42140197753898, 34.58679962158204], [133.41790771484403, 34.58653259277337], [133.41510009765597, 34.58653259277337], [133.41340637206997, 34.58673477172846], [133.41239929199196, 34.58879852294922], [133.40679931640597, 34.58933258056637], [133.39649963378903, 34.59540176391604], [133.39599609374997, 34.60226821899408], [133.39199829101602, 34.608131408691385], [133.39250183105503, 34.61000061035159], [133.38580322265597, 34.616134643554744], [133.38290405273403, 34.62153244018548], [133.38569641113304, 34.625934600830114], [133.39100646972702, 34.63219833374024], [133.38729858398395, 34.634998321533246], [133.38839721679696, 34.640201568603516], [133.38859558105503, 34.64366531372073], [133.39140319824196, 34.64973449707031], [133.39340209960895, 34.64960098266598], [133.39610290527304, 34.65293502807622], [133.39950561523395, 34.66199874877926], [133.40179443359403, 34.66986846923829], [133.40280151367196, 34.67193222045896], [133.39669799804696, 34.675399780273445], [133.39410400390597, 34.673599243164084], [133.39160156250003, 34.675666809082024], [133.38800048828097, 34.67660140991208], [133.38259887695304, 34.67993545532232], [133.38569641113304, 34.68379974365227], [133.38259887695304, 34.689399719238274], [133.37519836425804, 34.69459915161128], [133.37330627441403, 34.69973373413088], [133.37179565429693, 34.704734802246065], [133.37179565429693, 34.70546722412113], [133.37179565429693, 34.708400726318374], [133.37060546875003, 34.7092018127441], [133.36990356445304, 34.71173477172852], [133.37030029296903, 34.712135314941435], [133.36920166015602, 34.717735290527344], [133.36920166015602, 34.72280120849611], [133.36669921875003, 34.723800659179744], [133.36210632324202, 34.72660064697274], [133.357604980469, 34.733333587646534], [133.36050415039102, 34.735599517822294], [133.36900329589804, 34.744331359863274], [133.36979675293003, 34.7466011047363], [133.367797851563, 34.74886703491206], [133.36750793457003, 34.75239944458012], [133.36700439453102, 34.75320053100594], [133.36129760742202, 34.755599975585945], [133.36189270019503, 34.75693130493164], [133.36689758300804, 34.7612686157227], [133.36529541015594, 34.76419830322268], [133.36520385742202, 34.76846694946289], [133.36680603027304, 34.774398803710866], [133.36810302734403, 34.77420043945313], [133.37179565429693, 34.78006744384771], [133.37580871582003, 34.78153228759774], [133.37179565429693, 34.784133911132834], [133.37159729003903, 34.78459930419923], [133.36979675293003, 34.788665771484446], [133.37179565429693, 34.79233551025393], [133.37269592285202, 34.79226684570308], [133.37580871582003, 34.79673385620121], [133.377807617188, 34.80513381958012], [133.37449645996102, 34.812599182128885], [133.37179565429693, 34.814266204834006], [133.36889648437503, 34.81446838378909], [133.36720275878903, 34.8190650939941], [133.35920715332003, 34.8199310302734], [133.35699462890602, 34.82233428955077], [133.35279846191403, 34.82973098754877], [133.34730529785202, 34.83186721801756], [133.34750366210903, 34.82880020141598], [133.344192504883, 34.829666137695284], [133.336807250977, 34.8345985412598], [133.33500671386702, 34.83653259277341], [133.332305908203, 34.839599609374986], [133.334899902344, 34.844665527343835], [133.33039855957003, 34.85020065307617], [133.328308105469, 34.85306549072266], [133.328796386719, 34.85333251953133], [133.330108642578, 34.85593414306642], [133.322601318359, 34.85913467407233], [133.323394775391, 34.864467620849574], [133.316101074219, 34.86726760864258], [133.314102172852, 34.871665954589766], [133.310195922852, 34.873668670654304], [133.30619812011702, 34.8782653808594], [133.30310058593798, 34.88339996337892], [133.29719543457, 34.88953399658198], [133.296005249023, 34.89473342895508], [133.295700073242, 34.89826583862296], [133.294403076172, 34.902801513671925], [133.296295166016, 34.905265808105504], [133.29699707031298, 34.90893173217772], [133.302307128906, 34.91299819946293], [133.30419921875, 34.91986465454097], [133.301605224609, 34.92800140380858], [133.308898925781, 34.937065124511705], [133.296691894531, 34.95539855957032], [133.29949951171898, 34.958465576171896], [133.300994873047, 34.96286773681644], [133.30340576171898, 34.9642677307129], [133.30310058593798, 34.971534729003935], [133.30810546875, 34.97446823120118], [133.309906005859, 34.97446823120118], [133.312805175781, 34.97946548461909], [133.316802978516, 34.9831314086914], [133.318298339844, 34.9831314086914], [133.320297241211, 34.98673248291021], [133.319198608398, 34.9960670471191], [133.31986999511696, 35], [133.320404052734, 35.00320053100589], [133.321197509766, 35.00613403320313], [133.316101074219, 35.01100158691408], [133.31050109863298, 35.01393508911132], [133.30439758300798, 35.01520156860353], [133.302703857422, 35.01959991455081], [133.296401977539, 35.025066375732386], [133.292205810547, 35.03300094604491], [133.285400390625, 35.0395317077637], [133.28120422363298, 35.04106521606449], [133.27980041503898, 35.04146575927731], [133.27639770507798, 35.0438652038574], [133.27369689941398, 35.046398162841825], [133.26670837402298, 35.051868438720675], [133.26840209960898, 35.05780029296883], [133.271697998047, 35.06086730957031], [133.27729797363298, 35.06633377075198], [133.283905029297, 35.06613540649408], [133.29040527343798, 35.071731567382805], [133.288192749023, 35.07746505737296], [133.289398193359, 35.085666656494055], [133.28930664062497, 35.08653259277336], [133.28840637207, 35.09166717529297], [133.28800964355497, 35.09600067138667], [133.290191650391, 35.09953308105473], [133.298904418945, 35.10353469848628], [133.303497314453, 35.09973144531246], [133.307907104492, 35.09906768798833], [133.310607910156, 35.096733093261726], [133.313003540039, 35.09773254394528], [133.31640625, 35.096267700195334], [133.32080078125, 35.09379959106448], [133.326095581055, 35.09439849853521], [133.332397460938, 35.09986495971679], [133.33349609375003, 35.10260009765631], [133.338302612305, 35.10666656494143], [133.34889221191403, 35.1045989990234], [133.35459899902304, 35.100933074951186], [133.358108520508, 35.10273361206046], [133.36059570312503, 35.10480117797849], [133.36740112304702, 35.110466003417976], [133.37179565429693, 35.112800598144496], [133.38279724121094, 35.114665985107436], [133.388305664063, 35.113132476806555], [133.40159606933597, 35.11439895629877], [133.40289306640597, 35.114334106445284], [133.40840148925804, 35.11999893188477], [133.41130065917994, 35.12246704101562], [133.41079711914097, 35.135334014892564], [133.40850830078097, 35.14080047607423], [133.40420532226602, 35.14459991455078], [133.40229797363304, 35.151332855224574], [133.39970397949196, 35.1557998657227], [133.39739990234403, 35.164867401123004], [133.39259338378895, 35.16846466064447], [133.39329528808597, 35.16986846923828], [133.39579772949196, 35.17300033569343], [133.39410400390597, 35.17739868164062], [133.39649963378903, 35.180931091308594], [133.40249633789097, 35.18253326416023], [133.40780639648398, 35.18560028076171], [133.41160583496097, 35.18466567993156], [133.41589355468804, 35.18399810791017], [133.42059326171898, 35.1791343688965], [133.42239379882798, 35.17639923095698], [133.42810058593804, 35.17733383178713], [133.439193725586, 35.17326736450201], [133.44639587402298, 35.172199249267614], [133.45010375976597, 35.172332763671946], [133.456192016602, 35.17346572875983], [133.460296630859, 35.17779922485353], [133.464996337891, 35.1765975952148], [133.466400146484, 35.17533111572268], [133.470199584961, 35.17746734619138], [133.472793579102, 35.178932189941406], [133.474395751953, 35.18199920654298], [133.48229980468798, 35.18299865722662], [133.48620605468798, 35.186733245849595], [133.491607666016, 35.18753433227541], [133.495697021484, 35.187065124511655], [133.49679565429702, 35.18753433227541], [133.501007080078, 35.192733764648416], [133.50390625, 35.19206619262702], [133.50779724121102, 35.192531585693416], [133.51220703125, 35.18980026245117], [133.51559448242202, 35.19079971313481], [133.52040100097702, 35.182132720947315], [133.52470397949202, 35.18306732177729], [133.52560424804702, 35.182933807372955], [133.52789306640602, 35.188133239746136], [133.52560424804702, 35.193065643310476], [133.524597167969, 35.19440078735354], [133.52230834960903, 35.19893264770514], [133.52110290527304, 35.20726776123048], [133.518493652344, 35.21366500854494], [133.51429748535202, 35.22079849243164], [133.509307861328, 35.22306823730467], [133.505294799805, 35.22859954833983], [133.507507324219, 35.233131408691435], [133.51429748535202, 35.236534118652344], [133.51730346679702, 35.24060058593747], [133.526306152344, 35.23846435546877], [133.52920532226602, 35.23680114746092], [133.536499023438, 35.237865447997955], [133.541702270508, 35.242401123046925], [133.54850769043003, 35.24326705932623], [133.55490112304693, 35.24246597290041], [133.559204101563, 35.24639892578129], [133.56170654296903, 35.25320053100593], [133.56590270996094, 35.25540161132811], [133.56719970703097, 35.25993347167972], [133.56739807128903, 35.268665313720696], [133.57110595703097, 35.273265838622976], [133.56840515136696, 35.277732849121094], [133.57159423828097, 35.282199859619126], [133.57060241699196, 35.28746414184571], [133.57400512695304, 35.29040145874022], [133.57679748535196, 35.2986679077148], [133.57629394531304, 35.301200866699226], [133.57730102539094, 35.315399169921875], [133.58079528808597, 35.31826782226563], [133.58580017089798, 35.32366561889654], [133.58889770507798, 35.32813262939449], [133.59179687499997, 35.332332611084034], [133.58869934081997, 35.33453369140631], [133.58839416503898, 35.3365325927734], [133.59469604492196, 35.34299850463871], [133.59570312499997, 35.3451347351074], [133.60380554199196, 35.34266662597664], [133.60580444335898, 35.34159851074216], [133.60949707031295, 35.34153366088867], [133.614303588867, 35.34053421020513], [133.615692138672, 35.34133148193359], [133.621795654297, 35.33686828613282], [133.633697509766, 35.339401245117244], [133.63870239257798, 35.33826446533201], [133.64179992675798, 35.3365325927734], [133.649993896484, 35.335865020752], [133.65759277343798, 35.329132080078125], [133.668594360352, 35.32299804687497], [133.67350769043, 35.32306671142582], [133.678207397461, 35.31879806518551], [133.69140625, 35.32053375244139], [133.69129943847702, 35.32413101196294], [133.69709777832003, 35.32653427124021], [133.705200195313, 35.32439804077151], [133.71080017089804, 35.32419967651369], [133.72000122070304, 35.31919860839842], [133.72470092773403, 35.319133758544936], [133.72850036621102, 35.3168640136719], [133.73339843750003, 35.316734313964844], [133.73460388183602, 35.316997528076236], [133.73579406738304, 35.31846618652336], [133.73809814453097, 35.31786727905272], [133.74189758300804, 35.316665649414084], [133.74510192871097, 35.31933212280266], [133.74679565429696, 35.31826782226563], [133.75129699706997, 35.31106567382808], [133.75650024414097, 35.30826568603517], [133.76179504394497, 35.31113433837893], [133.76399230956997, 35.3088645935059], [133.76789855956997, 35.30699920654296], [133.77560424804696, 35.299533843994105], [133.78190612792997, 35.29766845703134], [133.783493041992, 35.2947998046875], [133.78939819335898, 35.29726409912108], [133.78979492187497, 35.293399810791044], [133.79420471191398, 35.29326629638671], [133.79730224609398, 35.294132232666016], [133.799697875977, 35.29066467285162], [133.79919433593798, 35.2885322570801], [133.800598144531, 35.28653335571292], [133.80900573730497, 35.274532318115185], [133.80740356445298, 35.26993179321291], [133.815505981445, 35.26293182373054], [133.81730651855497, 35.25619888305657], [133.81750488281298, 35.25320053100593], [133.817596435547, 35.252666473388686], [133.830795288086, 35.248931884765625], [133.839599609375, 35.25073242187499], [133.844100952148, 35.24966812133787], [133.843292236328, 35.25320053100593], [133.85229492187503, 35.26426696777342], [133.854995727539, 35.26826477050779], [133.85920715332003, 35.26973342895509], [133.86509704589804, 35.27313232421882], [133.86369323730503, 35.27799987792967], [133.864700317383, 35.28346633911134], [133.86579895019503, 35.28499984741213], [133.860305786133, 35.287666320800795], [133.862701416016, 35.29299926757813], [133.87179565429702, 35.2933311462402], [133.87759399414102, 35.29499816894532], [133.88099670410202, 35.29399871826168], [133.88409423828094, 35.29600143432622], [133.88600158691403, 35.294464111328075], [133.89199829101602, 35.30006408691408], [133.89649963378903, 35.30233383178711], [133.89950561523403, 35.30433273315429], [133.90629577636696, 35.305332183837926], [133.90840148925804, 35.306934356689474], [133.91920471191403, 35.30719757080078], [133.92489624023398, 35.3075332641602], [133.92689514160196, 35.3103981018066], [133.93139648437497, 35.31819915771479], [133.92750549316403, 35.32279968261724], [133.93159484863304, 35.333801269531335], [133.93670654296903, 35.33546829223628], [133.93919372558597, 35.33399963378906], [133.94250488281304, 35.33399963378906], [133.94529724121097, 35.33273315429694], [133.95050048828097, 35.3365325927734], [133.953094482422, 35.33953475952149], [133.95950317382798, 35.34406661987301], [133.96339416503898, 35.346000671386705], [133.970596313477, 35.34759902954098], [133.979598999023, 35.344001770019524], [133.990097045898, 35.34846878051764], [133.992599487305, 35.34939956665043], [133.996795654297, 35.35279846191408], [134.008407592773, 35.35046768188483], [134.013595581055, 35.34999847412107], [134.01420593261702, 35.350399017333984]]], [[[134.32090759277298, 34.70306777954104], [134.31640624999997, 34.70306777954104], [134.31469726562497, 34.704734802246065], [134.31140136718795, 34.70399856567383], [134.30850219726597, 34.70566558837886], [134.30880737304696, 34.709999084472734], [134.30780029296898, 34.71146774291986], [134.30580139160196, 34.7146644592285], [134.30200195312497, 34.71293258666989], [134.30149841308597, 34.708465576171946], [134.29850769042997, 34.7076683044434], [134.29559326171898, 34.708400726318374], [134.28990173339798, 34.706401824951186], [134.28100585937497, 34.70693588256843], [134.28469848632798, 34.70959854125983], [134.28559875488304, 34.71300125122074], [134.28219604492196, 34.71086883544922], [134.27949523925804, 34.70940017700201], [134.27609252929696, 34.71239852905274], [134.27450561523398, 34.715133666992166], [134.27600097656304, 34.72140121459956], [134.27830505371097, 34.72219848632811], [134.28489685058597, 34.71793365478516], [134.28590393066398, 34.71813201904298], [134.28520202636696, 34.72333145141599], [134.29350280761696, 34.730133056640625], [134.31030273437497, 34.72726440429687], [134.31610107421898, 34.718467712402315], [134.32229614257798, 34.71400070190428], [134.33219909667997, 34.72299957275393], [134.33850097656298, 34.71866607666023], [134.346603393555, 34.70913314819343], [134.34400939941398, 34.70746612548831], [134.342102050781, 34.70333480834961], [134.33830261230497, 34.70700073242192], [134.336502075195, 34.707935333251974], [134.33489990234398, 34.71146774291986], [134.332107543945, 34.708732604980526], [134.32560729980497, 34.71220016479492], [134.32290649414097, 34.7092018127441], [134.32389831542997, 34.70700073242192], [134.32310485839798, 34.704334259033246], [134.32090759277298, 34.70306777954104]]], [[[134.209106445313, 34.7196006774902], [134.21099853515602, 34.725799560546925], [134.212600708008, 34.725799560546925], [134.21879577636702, 34.72180175781247], [134.215606689453, 34.720535278320256], [134.21220397949202, 34.721668243408224], [134.209106445313, 34.7196006774902]]], [[[134.26170349121094, 34.70826721191413], [134.24780273437503, 34.70973587036134], [134.24900817871102, 34.71146774291986], [134.26400756835903, 34.713935852050795], [134.26850891113304, 34.7089996337891], [134.26370239257804, 34.708934783935526], [134.26170349121094, 34.70826721191413]]], [[[134.25750732421903, 34.69026565551758], [134.25390625000003, 34.691265106201215], [134.25100708007804, 34.69219970703127], [134.25469970703097, 34.69426727294921], [134.25, 34.695133209228516], [134.24980163574196, 34.69786834716803], [134.25230407714804, 34.701534271240156], [134.24980163574196, 34.70579910278319], [134.25399780273395, 34.70673370361334], [134.25610351562503, 34.70673370361334], [134.26339721679696, 34.7061996459961], [134.26130676269494, 34.703132629394524], [134.26260375976602, 34.703132629394524], [134.26629638671903, 34.700866699218764], [134.26789855956997, 34.701198577880916], [134.27099609374997, 34.69653320312497], [134.26860046386696, 34.69566726684567], [134.26739501953097, 34.6962661743164], [134.26300048828097, 34.69846725463867], [134.26139831543003, 34.69653320312497], [134.26159667968804, 34.69506835937503], [134.25840759277304, 34.693931579589794], [134.26119995117196, 34.69179916381837], [134.25750732421903, 34.69026565551758]]], [[[134.28829956054696, 34.696800231933636], [134.28329467773398, 34.699066162109396], [134.27890014648398, 34.702934265136705], [134.28170776367196, 34.70380020141601], [134.28300476074196, 34.70360183715819], [134.28489685058597, 34.70380020141601], [134.28619384765597, 34.70373153686516], [134.28750610351597, 34.70373153686516], [134.28880310058597, 34.70373153686516], [134.29029846191398, 34.701000213623004], [134.29159545898398, 34.697067260742216], [134.29049682617196, 34.69733428955079], [134.28829956054696, 34.696800231933636]]], [[[134.26170349121094, 34.67493438720696], [134.25559997558594, 34.67966842651366], [134.25140380859403, 34.67760086059572], [134.25059509277304, 34.67866516113284], [134.24679565429696, 34.67980194091799], [134.24600219726602, 34.67973327636724], [134.24290466308602, 34.67980194091799], [134.24540710449193, 34.68166732788093], [134.24679565429696, 34.681598663330085], [134.24679565429696, 34.682533264160234], [134.24679565429696, 34.68406677246094], [134.24760437011696, 34.68400192260736], [134.24900817871102, 34.68400192260736], [134.25100708007804, 34.682533264160234], [134.25439453124994, 34.687667846679666], [134.25619506835898, 34.68753433227542], [134.25759887695304, 34.687667846679666], [134.26350402831997, 34.68193435668951], [134.26600646972702, 34.68286895751948], [134.26760864257804, 34.6817359924316], [134.27070617675804, 34.68333435058587], [134.27299499511696, 34.68206787109384], [134.26919555664097, 34.6778678894043], [134.26770019531304, 34.67753219604487], [134.26170349121094, 34.67493438720696]]], [[[134.29600524902298, 34.68006896972657], [134.29029846191398, 34.68413162231451], [134.29029846191398, 34.68706893920903], [134.29190063476597, 34.68446731567384], [134.29359436035196, 34.68473434448242], [134.29830932617196, 34.68360137939454], [134.30029296874997, 34.686668395996115], [134.30209350585898, 34.68286895751948], [134.29870605468804, 34.681068420410206], [134.29600524902298, 34.68006896972657]]], [[[134.22459411621102, 34.66780090332026], [134.22219848632804, 34.66986846923829], [134.218200683594, 34.67506790161129], [134.221603393555, 34.6767997741699], [134.22340393066403, 34.67686462402339], [134.22560119628903, 34.67319869995117], [134.22770690918, 34.67673492431641], [134.22819519043003, 34.67860031127927], [134.234497070313, 34.67853164672851], [134.24009704589804, 34.67926788330084], [134.24099731445304, 34.67846679687502], [134.24409484863304, 34.67879867553709], [134.24400329589804, 34.672534942627045], [134.23829650878903, 34.673332214355504], [134.23359680175804, 34.66986846923829], [134.23240661621102, 34.669200897216804], [134.23190307617202, 34.66986846923829], [134.23170471191403, 34.671466827392564], [134.22689819335903, 34.66986846923829], [134.22459411621102, 34.66780090332026]]], [[[134.16780090332, 34.602600097656314], [134.16450500488298, 34.603733062744105], [134.16679382324202, 34.60926818847662], [134.173202514648, 34.61206817626953], [134.174301147461, 34.6089324951172], [134.183700561523, 34.61140060424796], [134.187103271484, 34.61406707763672], [134.194198608398, 34.61579895019533], [134.19709777832003, 34.616535186767564], [134.199493408203, 34.61633300781248], [134.20080566406298, 34.61633300781248], [134.19439697265602, 34.60800170898441], [134.18640136718798, 34.60486602783199], [134.182708740234, 34.60620117187504], [134.17610168457, 34.603733062744105], [134.17230224609398, 34.60346603393553], [134.16780090332, 34.602600097656314]]], [[[134.200698852539, 34.60739898681641], [134.20719909668, 34.612266540527266], [134.21009826660202, 34.61213302612302], [134.20759582519503, 34.61080169677732], [134.205993652344, 34.609600067138686], [134.200698852539, 34.60739898681641]]], [[[133.985198974609, 34.60453414916992], [133.983703613281, 34.60673141479493], [133.98660278320298, 34.60839843749996], [133.98750305175798, 34.6069984436035], [133.985198974609, 34.60453414916992]]], [[[134.193496704102, 34.59566879272462], [134.19259643554702, 34.59680175781249], [134.19030761718798, 34.597133636474645], [134.189804077148, 34.601531982421925], [134.190902709961, 34.60086441040044], [134.192901611328, 34.60100173950204], [134.194107055664, 34.60100173950204], [134.197601318359, 34.601135253906286], [134.199600219727, 34.601066589355526], [134.19929504394503, 34.598064422607436], [134.19779968261702, 34.596466064453075], [134.196197509766, 34.597133636474645], [134.193496704102, 34.59566879272462]]], [[[134.15739440918, 34.59700012207031], [134.158798217773, 34.599998474121136], [134.16180419921898, 34.599998474121136], [134.16050720214798, 34.59826660156253], [134.15739440918, 34.59700012207031]]], [[[134.09730529785193, 34.55986785888669], [134.09519958496097, 34.56140136718748], [134.09629821777298, 34.564067840576236], [134.09790039062497, 34.564067840576236], [134.09860229492196, 34.56620025634766], [134.10200500488304, 34.566135406494084], [134.10339355468804, 34.56539916992193], [134.10450744628903, 34.56693267822272], [134.10510253906304, 34.566532135009815], [134.10589599609395, 34.56079864501948], [134.10040283203097, 34.561065673828054], [134.09860229492196, 34.561065673828054], [134.09730529785193, 34.55986785888669]]], [[[134.10859680175804, 34.56086730957033], [134.10740661621097, 34.56380081176757], [134.11000061035196, 34.56173324584963], [134.11019897460898, 34.56140136718748], [134.10859680175804, 34.56086730957033]]], [[[134.023406982422, 34.50686645507812], [134.018905639648, 34.5032005310059], [134.018402099609, 34.50159835815427], [134.0166015625, 34.49686813354493], [134.01350402832, 34.496200561523445], [134.008209228516, 34.498199462890625], [134.00689697265602, 34.498199462890625], [134.008209228516, 34.50006484985348], [134.013107299805, 34.5032005310059], [134.017196655273, 34.50680160522463], [134.018997192383, 34.50680160522463], [134.021194458008, 34.506732940673785], [134.023406982422, 34.50686645507812]]], [[[133.711303710938, 34.46093368530267], [133.70700073242202, 34.46400070190433], [133.70869445800804, 34.46393203735349], [133.71110534668003, 34.46553421020512], [133.71640014648403, 34.46200180053706], [133.71290588378903, 34.46193313598631], [133.711303710938, 34.46093368530267]]], [[[133.74679565429696, 34.453998565673785], [133.74520874023403, 34.454734802246115], [133.74679565429696, 34.45453262329103], [133.74679565429696, 34.453998565673785]]], [[[133.85310363769503, 34.445732116699205], [133.851196289063, 34.44693374633793], [133.851593017578, 34.44986724853518], [133.853302001953, 34.449333190918026], [133.85310363769503, 34.445732116699205]]], [[[133.498397827148, 34.43099975585941], [133.49679565429702, 34.43113327026374], [133.496307373047, 34.43106842041016], [133.49679565429702, 34.43233489990229], [133.498306274414, 34.43700027465823], [133.499404907227, 34.43586730957026], [133.498397827148, 34.43099975585941]]], [[[133.49949645996102, 34.4236679077148], [133.500503540039, 34.430465698242166], [133.501403808594, 34.43013381958011], [133.503204345703, 34.43113327026374], [133.505401611328, 34.43299865722659], [133.509506225586, 34.43173217773438], [133.51139831543, 34.43446731567381], [133.513198852539, 34.4333992004395], [133.51620483398403, 34.434799194335866], [133.51510620117202, 34.430000305175774], [133.51339721679702, 34.42753219604492], [133.50349426269503, 34.42446517944344], [133.49949645996102, 34.4236679077148]]], [[[133.77009582519497, 34.41926574707034], [133.76310729980503, 34.41986465454098], [133.76019287109398, 34.42686843872071], [133.76060485839798, 34.43153381347656], [133.76300048828097, 34.42946624755862], [133.76710510253898, 34.426399230957045], [133.77369689941398, 34.4269332885742], [133.77619934081997, 34.42273330688483], [133.77139282226597, 34.41986465454098], [133.77009582519497, 34.41926574707034]]], [[[133.814193725586, 34.42493438720701], [133.815505981445, 34.425800323486314], [133.818099975586, 34.425800323486314], [133.81829833984398, 34.42533493041992], [133.814193725586, 34.42493438720701]]], [[[133.832000732422, 34.4174003601074], [133.828796386719, 34.41986465454098], [133.827606201172, 34.424068450927706], [133.828994750977, 34.42399978637704], [133.835601806641, 34.42493438720701], [133.832305908203, 34.41986465454098], [133.832000732422, 34.4174003601074]]], [[[133.91940307617196, 34.418464660644524], [133.91960144043003, 34.41986465454098], [133.92230224609403, 34.42140197753913], [133.92439270019497, 34.41986465454098], [133.92469787597696, 34.418731689453104], [133.91940307617196, 34.418464660644524]]], [[[133.512802124023, 34.38966751098633], [133.508499145508, 34.394401550293026], [133.50599670410202, 34.40219879150394], [133.505294799805, 34.40646743774406], [133.509902954102, 34.40620040893549], [133.51519775390602, 34.410732269287095], [133.51669311523403, 34.40819931030267], [133.51919555664102, 34.41313171386719], [133.522903442383, 34.416198730468764], [133.525802612305, 34.41613388061519], [133.523803710938, 34.412067413330064], [133.52450561523403, 34.411197662353494], [133.522903442383, 34.408931732177734], [133.52529907226602, 34.3998680114746], [133.52259826660202, 34.39913177490227], [133.51939392089804, 34.39580154418948], [133.512802124023, 34.38966751098633]]], [[[133.54519653320304, 34.3666000366211], [133.53550720214804, 34.37386703491214], [133.53329467773403, 34.37306594848632], [133.52749633789102, 34.37853240966799], [133.525802612305, 34.37793350219726], [133.51829528808602, 34.382198333740206], [133.51559448242202, 34.3841323852539], [133.51789855957003, 34.38746643066414], [133.522094726563, 34.39113235473627], [133.52479553222702, 34.38806533813478], [133.52920532226602, 34.3899345397949], [133.52890014648403, 34.392467498779325], [133.53109741210903, 34.39226531982424], [133.53250122070304, 34.394134521484446], [133.53509521484403, 34.393665313720696], [133.53700256347702, 34.40133285522464], [133.54010009765602, 34.401199340820305], [133.541702270508, 34.40179824829103], [133.54319763183602, 34.40159988403321], [133.54679870605503, 34.40006637573242], [133.55119323730503, 34.393131256103544], [133.55169677734403, 34.39446640014651], [133.55320739746102, 34.394401550293026], [133.55569458007804, 34.396266937255874], [133.55720520019503, 34.39373397827154], [133.55589294433597, 34.39419937133793], [133.55409240722693, 34.39206695556642], [133.55209350585895, 34.39206695556642], [133.54969787597702, 34.389266967773416], [133.54420471191403, 34.3800010681152], [133.54690551757804, 34.37473297119144], [133.55059814453097, 34.3761329650879], [133.55360412597702, 34.3750648498535], [133.55870056152304, 34.37673187255862], [133.55799865722702, 34.3750648498535], [133.55909729003903, 34.3707313537598], [133.55810546875003, 34.367664337158224], [133.55490112304693, 34.367465972900405], [133.54850769043003, 34.368801116943374], [133.54519653320304, 34.3666000366211]]], [[[133.49679565429702, 34.381931304931626], [133.494705200195, 34.38426589965823], [133.49679565429702, 34.38426589965823], [133.5, 34.382934570312536], [133.49679565429702, 34.381931304931626]]], [[[133.58560180664097, 34.37746810913087], [133.58259582519497, 34.37813186645508], [133.58210754394497, 34.38073348999017], [133.58580017089798, 34.381000518798835], [133.58709716796895, 34.38113403320308], [133.58560180664097, 34.37746810913087]]], [[[133.57330322265597, 34.34786605834958], [133.56640625000003, 34.35219955444337], [133.56869506835898, 34.35459899902337], [133.57200622558594, 34.35879898071292], [133.57319641113304, 34.35853195190434], [133.57659912109403, 34.35553359985352], [133.57710266113304, 34.355064392089766], [133.57890319824196, 34.35526657104494], [133.58039855956997, 34.361331939697344], [133.58399963378898, 34.36199951171883], [133.58560180664097, 34.36320114135737], [133.58880615234403, 34.3629341125488], [133.59060668945304, 34.35913467407234], [133.58529663085898, 34.35853195190434], [133.58020019531304, 34.351665496826215], [133.57330322265597, 34.34786605834958]]], [[[133.52220153808602, 34.34313201904297], [133.51969909668, 34.3434677124023], [133.518096923828, 34.347064971923764], [133.515899658203, 34.35186767578131], [133.520904541016, 34.34880065917973], [133.52220153808602, 34.34313201904297]]], [[[133.50779724121102, 34.33506774902339], [133.504806518555, 34.33653259277342], [133.503402709961, 34.33653259277342], [133.502197265625, 34.33653259277342], [133.500503540039, 34.33946609497067], [133.49679565429702, 34.340267181396484], [133.49679565429702, 34.34180068969727], [133.49870300293, 34.344398498535185], [133.49679565429702, 34.34513473510742], [133.49679565429702, 34.346267700195305], [133.498306274414, 34.35053253173834], [133.49980163574202, 34.34726715087894], [133.504592895508, 34.34486770629876], [133.50810241699202, 34.34280014038091], [133.50729370117202, 34.33653259277342], [133.50779724121102, 34.33506774902339]]], [[[133.53359985351602, 34.298400878906335], [133.53080749511702, 34.29926681518546], [133.52619934082003, 34.30266571044919], [133.52639770507804, 34.30760192871089], [133.529495239258, 34.30739974975589], [133.53329467773403, 34.30753326416022], [133.53489685058602, 34.30753326416022], [133.53720092773403, 34.30906677246092], [133.53959655761696, 34.30826568603519], [133.53840637207003, 34.30699920654298], [133.53630065918003, 34.30020141601561], [133.53359985351602, 34.298400878906335]]]]}}, {"type": "Feature", "properties": {"nam": "Nagano Ken", "nam_ja": "長野県", "id": 20, "adjacent": true}, "geometry": {"type": "Polygon", "coordinates": [[[138.524597167969, 37.030532836914105], [138.530395507813, 37.02426528930662], [138.53939819335903, 37.020866394042976], [138.54429626464804, 37.021999359130945], [138.550704956055, 37.02253341674801], [138.55419921875003, 37.023200988769496], [138.5625, 37.022201538085945], [138.56529235839804, 37.02126693725589], [138.565795898438, 37.02140045166022], [138.56930541992202, 37.0141334533691], [138.57200622558602, 37.005466461181605], [138.57350158691403, 37.00320053100594], [138.57769775390594, 36.994800567627024], [138.58639526367196, 36.98740005493157], [138.58709716796903, 36.97666549682623], [138.58700561523403, 36.97053146362298], [138.586303710938, 36.9656677246094], [138.58610534668003, 36.95726776123049], [138.58369445800804, 36.930667877197294], [138.58390808105503, 36.92833328247069], [138.58700561523403, 36.92753219604487], [138.58900451660202, 36.9259338378906], [138.59170532226602, 36.92499923706053], [138.59030151367193, 36.91986846923829], [138.58949279785193, 36.91406631469729], [138.59249877929696, 36.91173171997068], [138.59710693359403, 36.9071311950684], [138.61419677734403, 36.907867431640554], [138.62049865722696, 36.903400421142614], [138.61779785156304, 36.895401000976605], [138.61979675292997, 36.889801025390604], [138.62179565429696, 36.88866806030273], [138.62669372558597, 36.88219833374024], [138.63580322265597, 36.88339996337888], [138.63580322265597, 36.8803329467773], [138.64100646972696, 36.878665924072266], [138.64280700683597, 36.875667572021534], [138.65179443359398, 36.87373352050784], [138.654998779297, 36.87033462524411], [138.65690612792997, 36.868732452392564], [138.672698974609, 36.866600036621136], [138.67840576171898, 36.86673355102538], [138.686996459961, 36.86206817626953], [138.690902709961, 36.85720062255859], [138.693405151367, 36.852333068847734], [138.690200805664, 36.84606552124016], [138.690399169922, 36.837665557861335], [138.690292358398, 36.836532592773366], [138.68850708007798, 36.83133316040036], [138.68020629882798, 36.82220077514648], [138.681396484375, 36.819999694824205], [138.687103271484, 36.817535400390625], [138.69160461425798, 36.812465667724595], [138.69560241699202, 36.80753326416017], [138.68829345703102, 36.796268463134766], [138.688400268555, 36.79266738891604], [138.68229675293, 36.78773117065434], [138.670791625977, 36.78246688842767], [138.66920471191398, 36.77633285522461], [138.67230224609398, 36.77073287963869], [138.682693481445, 36.765998840331996], [138.687896728516, 36.76586532592766], [138.691101074219, 36.755535125732415], [138.691299438477, 36.753200531005895], [138.693206787109, 36.74546813964838], [138.695693969727, 36.73860168457034], [138.683700561523, 36.735599517822344], [138.674606323242, 36.73113250732422], [138.669998168945, 36.7309341430664], [138.66780090332, 36.7309341430664], [138.665496826172, 36.729000091552706], [138.659393310547, 36.729198455810526], [138.65559387207, 36.727600097656335], [138.64680480956997, 36.72613525390631], [138.64199829101597, 36.72386550903319], [138.62989807128898, 36.71973419189449], [138.62440490722696, 36.7210006713867], [138.62179565429696, 36.72040176391597], [138.61520385742196, 36.71046829223627], [138.60980224609403, 36.70646667480472], [138.60440063476602, 36.709068298339815], [138.59910583496102, 36.714534759521484], [138.59550476074196, 36.714733123779304], [138.59080505371102, 36.70833206176757], [138.58290100097702, 36.70146560668954], [138.57380676269503, 36.70740127563478], [138.56900024414102, 36.70586776733399], [138.56379699707003, 36.70586776733399], [138.55819702148403, 36.70660018920896], [138.54469299316403, 36.703800201415966], [138.543395996094, 36.7039337158203], [138.535995483398, 36.697200775146506], [138.532302856445, 36.697132110595746], [138.529495239258, 36.697132110595746], [138.520401000977, 36.69286727905271], [138.514007568359, 36.69033432006838], [138.519805908203, 36.688934326171925], [138.519500732422, 36.68233108520511], [138.518798828125, 36.67566680908198], [138.525497436523, 36.66986846923834], [138.53439331054702, 36.666400909423764], [138.529205322266, 36.65646743774406], [138.525207519531, 36.65146636962888], [138.512802124023, 36.64759826660157], [138.511795043945, 36.6468658447266], [138.507400512695, 36.64799880981448], [138.498199462891, 36.644001007080114], [138.496795654297, 36.64333343505863], [138.48789978027298, 36.64166641235351], [138.48219299316398, 36.64500045776366], [138.48089599609398, 36.64526748657232], [138.47279357910196, 36.64346694946287], [138.46549987792997, 36.63700103759774], [138.46380615234395, 36.637199401855476], [138.45799255371097, 36.63333129882808], [138.45989990234398, 36.62753295898444], [138.45339965820298, 36.613265991210945], [138.44799804687497, 36.61066818237303], [138.44250488281304, 36.61046600341803], [138.44149780273398, 36.61073303222661], [138.43960571289102, 36.60406875610349], [138.44009399414097, 36.59966659545903], [138.43379211425804, 36.59973526000979], [138.42739868164102, 36.596134185790966], [138.42649841308597, 36.586532592773416], [138.42030334472702, 36.57706832885738], [138.42100524902304, 36.57346725463874], [138.42820739746102, 36.568866729736285], [138.42799377441395, 36.562267303466825], [138.42700195312503, 36.55939865112298], [138.42849731445304, 36.55559921264652], [138.41729736328097, 36.54313278198239], [138.41239929199196, 36.54146575927727], [138.41349792480503, 36.53413391113284], [138.41070556640602, 36.52666854858399], [138.40390014648403, 36.52093124389648], [138.40440368652304, 36.511535644531286], [138.40510559082003, 36.505867004394524], [138.403198242188, 36.503200531005945], [138.39720153808602, 36.48873138427728], [138.39849853515602, 36.48339843750003], [138.40049743652304, 36.480331420898366], [138.40049743652304, 36.47180175781248], [138.40280151367202, 36.46479797363284], [138.400100708008, 36.46126556396478], [138.39970397949202, 36.455066680908224], [138.39970397949202, 36.4523315429688], [138.40339660644503, 36.452133178710895], [138.40080261230503, 36.44046783447267], [138.40089416503903, 36.43473434448243], [138.41720581054702, 36.430599212646456], [138.44360351562497, 36.42146682739257], [138.44569396972696, 36.419868469238295], [138.44799804687497, 36.419868469238295], [138.45449829101597, 36.42079925537109], [138.45710754394497, 36.419868469238295], [138.45759582519497, 36.4116668701172], [138.46060180664097, 36.40739822387699], [138.46029663085898, 36.40459823608399], [138.47869873046898, 36.40393447875977], [138.489807128906, 36.40159988403317], [138.48919677734398, 36.40946578979493], [138.49359130859398, 36.41366577148439], [138.496795654297, 36.414268493652294], [138.504196166992, 36.4149322509766], [138.506698608398, 36.41400146484381], [138.51969909668, 36.40686416625984], [138.533401489258, 36.402267456054744], [138.54139709472702, 36.40380096435553], [138.555603027344, 36.41813278198242], [138.56300354003903, 36.419868469238295], [138.56640625000003, 36.419868469238295], [138.57090759277304, 36.41960144042972], [138.57499694824196, 36.419868469238295], [138.58509826660202, 36.422134399414055], [138.58789062499994, 36.420665740966754], [138.59219360351602, 36.424465179443395], [138.60000610351602, 36.42353439331051], [138.60440063476602, 36.42226791381839], [138.61239624023398, 36.422798156738274], [138.61880493164094, 36.419868469238295], [138.62179565429696, 36.416400909423814], [138.62829589843804, 36.416198730468814], [138.63450622558597, 36.41773223876951], [138.64219665527298, 36.41333389282232], [138.64430236816398, 36.41153335571287], [138.64810180664097, 36.40826797485347], [138.64830017089798, 36.40753173828132], [138.64990234374997, 36.3980674743652], [138.651596069336, 36.39393234252932], [138.65049743652298, 36.382133483886676], [138.65150451660196, 36.37306594848628], [138.65710449218795, 36.36873245239258], [138.651992797852, 36.36013412475593], [138.65370178222696, 36.35706710815427], [138.64990234374997, 36.35193252563484], [138.65029907226597, 36.342601776122955], [138.65029907226597, 36.33653259277338], [138.651901245117, 36.330532073974645], [138.651901245117, 36.32253265380864], [138.64810180664097, 36.31413269042973], [138.65249633789097, 36.30786514282233], [138.65350341796898, 36.303066253662145], [138.650192260742, 36.30066680908197], [138.650192260742, 36.29859924316411], [138.64819335937497, 36.29859924316411], [138.64390563964798, 36.29339981079102], [138.64250183105497, 36.29359817504884], [138.63989257812497, 36.29359817504884], [138.63279724121097, 36.29059982299802], [138.62879943847696, 36.28846740722659], [138.62640380859403, 36.28866577148441], [138.62179565429696, 36.28699874877929], [138.61219787597696, 36.28526687622068], [138.60879516601597, 36.28099822998047], [138.60040283203097, 36.278465270996136], [138.60310363769497, 36.27353286743162], [138.60510253906304, 36.26566696166994], [138.60479736328097, 36.25933456420897], [138.60380554199196, 36.25320053100591], [138.60310363769497, 36.24786758422848], [138.60739135742196, 36.245132446289055], [138.61250305175804, 36.240867614746115], [138.61250305175804, 36.229133605957045], [138.61500549316403, 36.225799560546896], [138.62179565429696, 36.21500015258789], [138.63240051269497, 36.216800689697344], [138.63459777831997, 36.210533142089766], [138.63690185546898, 36.204399108886705], [138.63470458984395, 36.205600738525426], [138.62280273437497, 36.19699859619143], [138.62980651855494, 36.185199737548785], [138.63029479980497, 36.183067321777266], [138.63699340820298, 36.174465179443445], [138.63519287109398, 36.17100143432623], [138.63020324706997, 36.17226791381844], [138.62199401855497, 36.170734405517564], [138.62179565429696, 36.17133331298829], [138.61770629882804, 36.16986465454099], [138.61140441894497, 36.16759872436523], [138.60839843749997, 36.163864135742166], [138.60929870605503, 36.16139984130859], [138.59890747070304, 36.1656684875488], [138.59710693359403, 36.165599822997955], [138.59210205078097, 36.16766738891599], [138.58959960937503, 36.16986465454099], [138.58889770507804, 36.17593383789057], [138.58970642089804, 36.17853546142584], [138.58789062499994, 36.1788673400879], [138.58619689941403, 36.177131652832024], [138.58360290527304, 36.178001403808594], [138.58250427246102, 36.17853546142584], [138.57870483398403, 36.16986465454099], [138.57730102539102, 36.16813278198238], [138.58079528808602, 36.165000915527315], [138.58099365234403, 36.16193389892583], [138.58509826660202, 36.160934448242195], [138.58749389648395, 36.16053390502928], [138.59289550781304, 36.151466369628885], [138.59500122070304, 36.14493179321291], [138.59799194335898, 36.13806533813479], [138.60200500488304, 36.135864257812514], [138.60899353027298, 36.135665893554695], [138.61279296874997, 36.13353347778318], [138.61549377441398, 36.133731842041], [138.62089538574196, 36.133201599121115], [138.62179565429696, 36.131801605224574], [138.63459777831997, 36.13359832763667], [138.63829040527298, 36.123867034912145], [138.64259338378898, 36.12153244018554], [138.64520263671898, 36.11980056762702], [138.64500427246097, 36.119667053222685], [138.640594482422, 36.11679840087893], [138.64399719238298, 36.11113357543953], [138.646301269531, 36.10873413085944], [138.646697998047, 36.10520172119138], [138.64520263671898, 36.101600646972734], [138.64500427246097, 36.098865509033224], [138.63780212402298, 36.09686660766604], [138.63319396972696, 36.092067718505945], [138.63059997558597, 36.09126663208013], [138.63040161132798, 36.08653259277343], [138.63389587402298, 36.07993316650388], [138.64050292968804, 36.073600769043], [138.642395019531, 36.06499862670899], [138.64379882812497, 36.05066680908202], [138.640197753906, 36.043933868408224], [138.631393432617, 36.02833175659176], [138.63299560546898, 36.02726745605473], [138.63789367675798, 36.027000427246065], [138.64540100097696, 36.023067474365185], [138.64709472656298, 36.019935607910206], [138.65620422363298, 36.017200469970696], [138.661392211914, 36.01633453369139], [138.662399291992, 36.01146697998054], [138.675598144531, 36.01153182983403], [138.680801391602, 36.010734558105476], [138.680999755859, 36.00426483154299], [138.682907104492, 36.00320053100587], [138.686798095703, 35.99833297729493], [138.688095092773, 35.99246597290044], [138.68859863281298, 35.991798400878864], [138.697601318359, 35.99033355712892], [138.7041015625, 35.98766708374016], [138.71269226074202, 35.98526763916016], [138.71229553222702, 35.96966552734379], [138.71640014648403, 35.96440124511721], [138.71969604492202, 35.96186447143552], [138.72349548339804, 35.9581985473633], [138.72810363769503, 35.954730987548814], [138.73239135742202, 35.94446563720696], [138.738708496094, 35.938400268554744], [138.73849487304702, 35.93433380126953], [138.73710632324202, 35.92693328857416], [138.732604980469, 35.91986465454104], [138.728302001953, 35.917465209960945], [138.729904174805, 35.913932800292976], [138.72880554199202, 35.909267425537124], [138.727493286133, 35.90933227539061], [138.71929931640602, 35.90813446044924], [138.714706420898, 35.90913391113279], [138.713500976563, 35.90873336791988], [138.70759582519503, 35.909400939941364], [138.701400756836, 35.90333175659179], [138.695693969727, 35.89920043945309], [138.693298339844, 35.89946746826166], [138.69049072265602, 35.895534515380874], [138.685394287109, 35.8933334350586], [138.684707641602, 35.88933181762696], [138.67610168457, 35.86986541748047], [138.671295166016, 35.870800018310526], [138.664291381836, 35.873531341552685], [138.662200927734, 35.87319946289062], [138.661102294922, 35.87373352050777], [138.65600585937497, 35.87586593627929], [138.64839172363298, 35.87340164184571], [138.64179992675798, 35.87406539916992], [138.634094238281, 35.87019729614262], [138.62789916992196, 35.87326812744138], [138.62179565429696, 35.87033462524413], [138.62150573730503, 35.870399475097706], [138.61050415039102, 35.87419891357417], [138.60659790039094, 35.880599975585895], [138.60600280761696, 35.89479827880863], [138.60729980468804, 35.89673233032233], [138.61169433593804, 35.909400939941364], [138.60549926757804, 35.908664703369126], [138.60110473632804, 35.911464691162124], [138.59959411621097, 35.913932800292976], [138.594604492188, 35.91740036010737], [138.59060668945304, 35.91959762573237], [138.58779907226602, 35.91779708862301], [138.58279418945304, 35.918064117431584], [138.57620239257804, 35.91153335571288], [138.56889343261696, 35.91419982910164], [138.56309509277304, 35.91699981689446], [138.556304931641, 35.91640090942382], [138.55569458007804, 35.91906738281249], [138.55400085449202, 35.91906738281249], [138.54750061035202, 35.91626739501949], [138.542999267578, 35.91486740112303], [138.53929138183602, 35.91439819335937], [138.53059387207003, 35.91573333740234], [138.52900695800798, 35.91466522216803], [138.519393920898, 35.91880035400391], [138.51679992675798, 35.91986465454104], [138.511993408203, 35.92126464843749], [138.50930786132798, 35.92200088500982], [138.506591796875, 35.91986465454104], [138.501602172852, 35.91193389892579], [138.49870300292997, 35.91220092773437], [138.497604370117, 35.91153335571288], [138.496795654297, 35.91153335571288], [138.494705200195, 35.91159820556637], [138.49450683593798, 35.902065277099574], [138.490097045898, 35.89640045166018], [138.487396240234, 35.89633178710942], [138.481903076172, 35.89866638183594], [138.47109985351597, 35.89673233032233], [138.45910644531304, 35.90366744995121], [138.45579528808597, 35.90159988403318], [138.45440673828097, 35.900333404540966], [138.44720458984403, 35.91419982910164], [138.44470214843804, 35.918266296386676], [138.44540405273398, 35.91986465454104], [138.44529724121097, 35.92319869995119], [138.44790649414094, 35.92653274536134], [138.44839477539097, 35.93013381958007], [138.45410156249997, 35.93906402587887], [138.44850158691398, 35.946067810058594], [138.44029235839798, 35.952266693115234], [138.41960144043003, 35.95986557006842], [138.41430664062503, 35.959400177002024], [138.40040588378903, 35.96479797363276], [138.39810180664102, 35.96440124511721], [138.38279724121102, 35.97040176391603], [138.377807617188, 35.97166442871089], [138.37379455566403, 35.97166442871089], [138.37179565429702, 35.97140121459958], [138.370300292969, 35.97146606445307], [138.37010192871102, 35.970932006835916], [138.367797851563, 35.966400146484396], [138.36149597168, 35.96239852905267], [138.360000610352, 35.9568672180176], [138.359298706055, 35.950531005859446], [138.356201171875, 35.95066833496087], [138.345108032227, 35.94106674194341], [138.343902587891, 35.93059921264647], [138.34150695800798, 35.92526626586913], [138.33760070800798, 35.92226409912113], [138.33489990234398, 35.91986465454104], [138.32490539550798, 35.9028015136719], [138.306701660156, 35.88633346557623], [138.29220581054696, 35.866664886474645], [138.283493041992, 35.85946655273437], [138.27720642089798, 35.86199951171879], [138.26730346679696, 35.872131347656314], [138.26049804687497, 35.87833404541023], [138.24830627441403, 35.885932922363324], [138.24679565429696, 35.88553237915041], [138.23789978027304, 35.88219833374017], [138.23089599609403, 35.872131347656314], [138.22529602050804, 35.85659790039061], [138.21760559082003, 35.846065521240185], [138.21339416503903, 35.840667724609446], [138.21180725097702, 35.83653259277339], [138.20399475097702, 35.826133728027294], [138.20399475097702, 35.823200225830135], [138.205108642578, 35.81539916992186], [138.200103759766, 35.812198638916044], [138.19869995117202, 35.812198638916044], [138.19439697265602, 35.805397033691406], [138.192993164063, 35.80559921264649], [138.192993164063, 35.80393218994137], [138.19149780273403, 35.80393218994137], [138.185501098633, 35.79486846923833], [138.185699462891, 35.7902641296387], [138.194198608398, 35.783134460449176], [138.20059204101602, 35.78079986572266], [138.20590209960903, 35.78273391723627], [138.213500976563, 35.77500152587893], [138.21940612793, 35.771198272705114], [138.22630310058602, 35.765533447265625], [138.23359680175804, 35.76213455200198], [138.23559570312503, 35.75753402709962], [138.22930908203102, 35.75333404541016], [138.22680664062503, 35.75333404541016], [138.22669982910202, 35.753200531005916], [138.22019958496102, 35.74900054931637], [138.21810913085903, 35.74533462524407], [138.20449829101602, 35.73473358154297], [138.20280456543, 35.734798431396456], [138.195007324219, 35.7257995605469], [138.18620300293, 35.721801757812536], [138.184005737305, 35.71993255615233], [138.18029785156298, 35.712799072265625], [138.18949890136702, 35.70293426513668], [138.194000244141, 35.69493103027341], [138.192108154297, 35.68646621704101], [138.193801879883, 35.675464630127], [138.194595336914, 35.67139816284179], [138.197296142578, 35.66986846923827], [138.20700073242202, 35.66126632690427], [138.21009826660202, 35.65280151367187], [138.21760559082003, 35.64546585083008], [138.21859741210903, 35.64446640014653], [138.21180725097702, 35.63593292236328], [138.204299926758, 35.632534027099645], [138.20269775390602, 35.62039947509767], [138.20579528808602, 35.609001159668026], [138.19749450683602, 35.59693145751954], [138.193206787109, 35.58653259277344], [138.190505981445, 35.5831336975098], [138.189895629883, 35.578666687011676], [138.185195922852, 35.57366561889649], [138.179794311523, 35.574531555175795], [138.173294067383, 35.580200195312464], [138.16960144043, 35.582332611083984], [138.16279602050798, 35.58153152465817], [138.15930175781298, 35.57540130615228], [138.15179443359398, 35.57033157348634], [138.14680480957, 35.55886459350594], [138.142303466797, 35.55546569824221], [138.15040588378898, 35.553264617919936], [138.154098510742, 35.553333282470696], [138.156005859375, 35.5498657226563], [138.159408569336, 35.545066833496115], [138.14909362793, 35.5351982116699], [138.14709472656298, 35.53133392333977], [138.13810729980497, 35.521865844726555], [138.14619445800798, 35.518531799316406], [138.143798828125, 35.509334564209034], [138.140106201172, 35.50320053100588], [138.13999938964798, 35.499668121337905], [138.145599365234, 35.50053405761721], [138.154693603516, 35.49539947509769], [138.16450500488298, 35.4938659667969], [138.159896850586, 35.488201141357415], [138.156402587891, 35.47480010986332], [138.15849304199202, 35.47213363647456], [138.160202026367, 35.47000122070313], [138.155197143555, 35.45893096923828], [138.15040588378898, 35.45953369140628], [138.14390563964798, 35.459133148193374], [138.132400512695, 35.45373153686519], [138.121795654297, 35.45633316040037], [138.12040710449196, 35.45473098754883], [138.11930847167997, 35.4478645324707], [138.121795654297, 35.44226455688479], [138.123596191406, 35.43686676025388], [138.121795654297, 35.43286514282233], [138.12150573730497, 35.43286514282233], [138.121398925781, 35.4286003112793], [138.121795654297, 35.428398132324205], [138.123992919922, 35.42779922485348], [138.13870239257798, 35.4231986999512], [138.13830566406295, 35.41986465454096], [138.138900756836, 35.4175987243652], [138.13589477539097, 35.41419982910156], [138.13439941406298, 35.4091339111328], [138.13960266113298, 35.405799865722734], [138.14300537109398, 35.40620040893547], [138.152099609375, 35.39813232421879], [138.151901245117, 35.393001556396456], [138.149398803711, 35.38913345336906], [138.143600463867, 35.37566757202148], [138.141906738281, 35.37066650390629], [138.12930297851597, 35.365200042724624], [138.12599182128898, 35.367401123046896], [138.121795654297, 35.367134094238324], [138.10769653320298, 35.36059951782226], [138.10169982910196, 35.35480117797853], [138.09829711914097, 35.35513305664059], [138.09399414062497, 35.351333618164134], [138.09429931640597, 35.34246444702146], [138.08729553222696, 35.33793258666994], [138.08439636230503, 35.33786773681637], [138.07989501953097, 35.34180068969734], [138.07170104980503, 35.346466064453104], [138.06320190429702, 35.34713363647459], [138.05659484863304, 35.34406661987301], [138.05540466308602, 35.34233474731449], [138.05200195312503, 35.3365325927734], [138.04649353027304, 35.3352012634277], [138.037796020508, 35.33319854736334], [138.03919982910202, 35.32666397094727], [138.02659606933602, 35.32073211669921], [138.027603149414, 35.31173324584957], [138.018707275391, 35.30093383789056], [138.017807006836, 35.30153274536129], [138.006607055664, 35.30419921874996], [137.996795654297, 35.3023986816406], [137.99479675293, 35.30220031738278], [137.989501953125, 35.29940032958977], [137.982894897461, 35.29299926757813], [137.97479248046898, 35.293399810791044], [137.967193603516, 35.28326797485352], [137.965194702148, 35.28413391113283], [137.96110534667997, 35.28340148925776], [137.95249938964798, 35.28313446044919], [137.94569396972696, 35.27693176269528], [137.93049621581997, 35.27566528320307], [137.92739868164097, 35.26913452148436], [137.92469787597696, 35.2619323730469], [137.91909790039097, 35.255199432373026], [137.91270446777304, 35.25333404541017], [137.89520263671903, 35.25786590576169], [137.89460754394503, 35.255931854248], [137.88989257812503, 35.25320053100593], [137.88240051269503, 35.24813461303708], [137.88340759277304, 35.24633407592771], [137.88249206543003, 35.24326705932623], [137.88409423828097, 35.23780059814447], [137.88029479980503, 35.226600646972734], [137.87179565429702, 35.218799591064545], [137.86140441894503, 35.22306823730467], [137.848098754883, 35.221534729003885], [137.84480285644503, 35.21993255615234], [137.84129333496102, 35.21646499633794], [137.837799072266, 35.21640014648437], [137.837997436523, 35.21246719360349], [137.822906494141, 35.21580123901373], [137.80220031738298, 35.207401275634815], [137.79600524902298, 35.20479965209963], [137.789596557617, 35.2046661376953], [137.78480529785196, 35.205734252929695], [137.77969360351597, 35.20320129394527], [137.77699279785196, 35.20339965820309], [137.77409362792997, 35.204067230224574], [137.76979064941398, 35.20600128173827], [137.76620483398398, 35.209598541259815], [137.76820373535196, 35.21260070800782], [137.76780700683597, 35.21799850463873], [137.75970458984403, 35.221466064453125], [137.75129699706997, 35.220531463622976], [137.74929809570295, 35.219398498535185], [137.74679565429696, 35.22046661376949], [137.74530029296903, 35.219264984130945], [137.74079895019497, 35.22013473510743], [137.73620605468804, 35.22200012207028], [137.72929382324196, 35.221534729003885], [137.72169494628903, 35.22259902954101], [137.72169494628903, 35.23073196411134], [137.71780395507804, 35.229267120361314], [137.71229553222702, 35.2288665771484], [137.70759582519503, 35.2321319580078], [137.70559692382804, 35.2336006164551], [137.699905395508, 35.231666564941406], [137.69400024414102, 35.2336006164551], [137.68699645996102, 35.23073196411134], [137.68220520019503, 35.23473358154298], [137.679397583008, 35.23193359374998], [137.67469787597702, 35.23086547851559], [137.66859436035202, 35.22760009765628], [137.663604736328, 35.2277984619141], [137.65599060058602, 35.22806549072268], [137.653503417969, 35.22406768798831], [137.653396606445, 35.21746826171876], [137.649398803711, 35.215667724609396], [137.64489746093798, 35.214000701904276], [137.64399719238298, 35.20899963378909], [137.633697509766, 35.21186447143549], [137.621795654297, 35.210800170898366], [137.61979675292997, 35.2107315063477], [137.616195678711, 35.20993423461906], [137.613494873047, 35.209598541259815], [137.605194091797, 35.20679855346682], [137.59500122070298, 35.20093154907233], [137.58839416503898, 35.19953155517578], [137.57850646972696, 35.198398590087905], [137.57739257812497, 35.19933319091796], [137.57749938964798, 35.21053314208979], [137.57800292968804, 35.21799850463873], [137.57679748535196, 35.220333099365156], [137.57049560546903, 35.227134704589794], [137.56469726562497, 35.233131408691435], [137.55279541015597, 35.24006652832032], [137.54589843750003, 35.25320053100593], [137.54750061035202, 35.25866699218751], [137.55099487304696, 35.26006698608396], [137.55699157714798, 35.26419830322266], [137.55560302734403, 35.27360153198239], [137.5625, 35.27766799926761], [137.56509399414097, 35.27980041503913], [137.57020568847693, 35.282131195068374], [137.56730651855503, 35.289600372314496], [137.56179809570304, 35.289268493652344], [137.55659484863304, 35.295200347900405], [137.55850219726602, 35.30026626586908], [137.55690002441403, 35.31006622314454], [137.55940246581997, 35.309665679931626], [137.56190490722702, 35.31079864501951], [137.56430053710898, 35.31066513061518], [137.56419372558597, 35.3131980895996], [137.56799316406304, 35.31306838989263], [137.56719970703097, 35.31433105468748], [137.57139587402298, 35.31833267211912], [137.57490539550804, 35.31693267822266], [137.57730102539097, 35.31866455078127], [137.58169555664097, 35.31840133666987], [137.58399963378898, 35.32213211059567], [137.58889770507798, 35.32619857788088], [137.590393066406, 35.32999801635743], [137.593795776367, 35.330932617187486], [137.59640502929696, 35.330867767334], [137.60090637206997, 35.330799102783246], [137.603591918945, 35.33453369140631], [137.60400390624997, 35.3365325927734], [137.60150146484398, 35.34120178222661], [137.60130310058597, 35.34640121459962], [137.60020446777298, 35.35060119628907], [137.60189819335898, 35.35499954223626], [137.60189819335898, 35.35779953002926], [137.59880065917997, 35.36473464965823], [137.59829711914097, 35.37806701660157], [137.59199523925798, 35.38373184204097], [137.58639526367196, 35.388599395752], [137.58270263671903, 35.389999389648366], [137.57839965820295, 35.39006423950203], [137.57499694824196, 35.40000152587891], [137.57560729980503, 35.40026473999022], [137.59019470214798, 35.393665313720675], [137.59429931640597, 35.394733428955064], [137.60040283203097, 35.39360046386719], [137.60180664062497, 35.39360046386719], [137.60369873046898, 35.393665313720675], [137.61270141601597, 35.391731262206974], [137.613998413086, 35.39226531982422], [137.616500854492, 35.39193344116207], [137.621795654297, 35.39379882812501], [137.63349914550798, 35.399066925048764], [137.634796142578, 35.40173339843752], [137.631698608398, 35.40599822998047], [137.631805419922, 35.410400390625014], [137.621795654297, 35.41180038452147], [137.619705200195, 35.41553115844726], [137.61799621582, 35.41986465454096], [137.61639404296898, 35.42200088500984], [137.617492675781, 35.42646408081051], [137.608703613281, 35.43713378906254], [137.60139465332, 35.43933105468754], [137.59330749511696, 35.44666671752933], [137.60769653320298, 35.45813369750982], [137.614395141602, 35.46306610107416], [137.61799621582, 35.46766662597662], [137.621795654297, 35.46813201904301], [137.62210083007798, 35.46726608276371], [137.625701904297, 35.46773147583011], [137.627593994141, 35.46773147583011], [137.631393432617, 35.46993255615229], [137.63079833984398, 35.47626876831053], [137.62939453125, 35.4830665588379], [137.626998901367, 35.484466552734446], [137.62429809570298, 35.49980163574224], [137.62739562988298, 35.50133132934567], [137.62730407714798, 35.50320053100588], [137.631698608398, 35.50906753540037], [137.62739562988298, 35.511932373046946], [137.621795654297, 35.52059936523443], [137.62080383300798, 35.5209312438965], [137.617294311523, 35.526264190673835], [137.607894897461, 35.53319931030271], [137.602996826172, 35.53120040893553], [137.60119628906295, 35.53160095214844], [137.59889221191398, 35.533599853515625], [137.59500122070298, 35.5338668823242], [137.58819580078097, 35.537132263183594], [137.58180236816398, 35.53873443603523], [137.57670593261696, 35.54393386840823], [137.57449340820298, 35.54439926147463], [137.57420349121097, 35.54653167724614], [137.57289123535196, 35.550666809082024], [137.57150268554696, 35.55346679687503], [137.57189941406304, 35.561199188232365], [137.56480407714804, 35.56586456298831], [137.56500244140597, 35.569332122802706], [137.56880187988304, 35.57533264160161], [137.57099914550804, 35.58346557617186], [137.56840515136696, 35.58506774902341], [137.56619262695295, 35.58533477783198], [137.55339050293003, 35.58653259277344], [137.55239868164102, 35.58693313598626], [137.54379272460895, 35.58653259277344], [137.53750610351602, 35.58440017700201], [137.53680419921903, 35.58653259277344], [137.53129577636696, 35.588066101074226], [137.53179931640602, 35.59193420410162], [137.52149963378903, 35.5991973876953], [137.51930236816403, 35.60286712646478], [137.51690673828102, 35.6049995422363], [137.51449584960903, 35.60713195800781], [137.51620483398403, 35.61606597900388], [137.51879882812503, 35.61940002441412], [137.521194458008, 35.61926651000979], [137.52340698242202, 35.62506484985352], [137.52679443359403, 35.62826538085943], [137.52609252929702, 35.633598327636676], [137.53219604492202, 35.63786697387698], [137.53410339355503, 35.63779830932622], [137.53579711914102, 35.63779830932622], [137.53959655761696, 35.640399932861314], [137.53939819335903, 35.646800994872955], [137.54499816894494, 35.64993286132811], [137.53860473632804, 35.658664703369084], [137.53509521484403, 35.66479873657233], [137.52870178222702, 35.66986846923827], [137.52490234375003, 35.6713333129883], [137.52090454101602, 35.67626571655273], [137.51489257812503, 35.67753219604494], [137.50909423828102, 35.68253326416021], [137.50729370117202, 35.68226623535164], [137.498199462891, 35.687267303466825], [137.49769592285202, 35.69459915161134], [137.49679565429702, 35.69853210449222], [137.493499755859, 35.699264526367195], [137.491394042969, 35.70273208618159], [137.48759460449202, 35.705066680908196], [137.48530578613298, 35.70793151855469], [137.487396240234, 35.716533660888686], [137.485504150391, 35.7234649658203], [137.480499267578, 35.7262649536133], [137.478103637695, 35.7290649414063], [137.475006103516, 35.732200622558636], [137.466201782227, 35.74259948730473], [137.467300415039, 35.74620056152337], [137.464599609375, 35.753200531005916], [137.464492797852, 35.755332946777344], [137.458892822266, 35.761333465576165], [137.452499389648, 35.76333236694344], [137.449996948242, 35.759464263916044], [137.44020080566398, 35.75853347778317], [137.43519592285196, 35.76546478271478], [137.43409729003898, 35.77059936523438], [137.42829895019497, 35.77113342285163], [137.42370605468804, 35.77466583251951], [137.42149353027298, 35.77393341064454], [137.41729736328097, 35.77466583251951], [137.41360473632795, 35.776733398437536], [137.39839172363304, 35.775798797607386], [137.39100646972702, 35.78006744384769], [137.39649963378895, 35.78540039062503], [137.39399719238304, 35.79706573486334], [137.38769531249997, 35.79899978637703], [137.38090515136696, 35.80133438110346], [137.37179565429696, 35.79999923706049], [137.37129211425804, 35.79959869384767], [137.36720275878903, 35.79906463623052], [137.36019897460903, 35.796001434326215], [137.35380554199202, 35.80133438110346], [137.34730529785202, 35.80006408691407], [137.337600708008, 35.79813385009773], [137.334396362305, 35.80360031127931], [137.33219909668, 35.808067321777344], [137.32559204101602, 35.812198638916044], [137.32550048828102, 35.815666198730526], [137.32820129394503, 35.82166671752926], [137.32699584960903, 35.825733184814474], [137.328399658203, 35.82680130004878], [137.331207275391, 35.83653259277339], [137.33110046386702, 35.837532043457024], [137.335403442383, 35.84393310546884], [137.35380554199202, 35.84233474731448], [137.35539245605503, 35.84246444702154], [137.36230468750003, 35.84893417358403], [137.36709594726602, 35.86146545410164], [137.36790466308602, 35.8738670349121], [137.36459350585903, 35.878200531005895], [137.37179565429696, 35.88359832763672], [137.37319946289102, 35.88466644287111], [137.38020324706994, 35.891933441162145], [137.40370178222696, 35.89793395996087], [137.41729736328097, 35.903732299804695], [137.42320251464798, 35.903533935546875], [137.432098388672, 35.90513229370124], [137.43640136718795, 35.90506744384766], [137.43910217285196, 35.900001525878906], [137.446594238281, 35.894199371337905], [137.458099365234, 35.88946533203129], [137.45959472656298, 35.88953399658196], [137.46479797363298, 35.89179992675781], [137.476104736328, 35.894001007080085], [137.475997924805, 35.89506530761721], [137.480392456055, 35.89820098876954], [137.48100280761702, 35.90506744384766], [137.483901977539, 35.909400939941364], [137.483001708984, 35.913932800292976], [137.486404418945, 35.91740036010737], [137.489196777344, 35.91986465454104], [137.491302490234, 35.923000335693374], [137.49679565429702, 35.92819976806638], [137.500900268555, 35.93606567382814], [137.505401611328, 35.94060134887702], [137.51759338378903, 35.93999862670902], [137.522003173828, 35.94179916381838], [137.52400207519503, 35.943599700927656], [137.53219604492202, 35.96133422851563], [137.53939819335903, 35.96559906005858], [137.54179382324196, 35.967933654785185], [137.54429626464804, 35.97399902343749], [137.54310607910202, 35.98253250122074], [137.54940795898403, 35.98606491088871], [137.55940246581997, 35.989334106445284], [137.56900024414094, 35.99573135375984], [137.57040405273398, 35.99566650390626], [137.57200622558597, 35.99566650390626], [137.57420349121097, 35.995800018310504], [137.57560729980503, 35.996532440185476], [137.58419799804696, 36.00320053100587], [137.58810424804696, 36.00559997558587], [137.59460449218804, 36.013401031494055], [137.59930419921898, 36.02586746215818], [137.59910583496097, 36.027198791503885], [137.59759521484398, 36.04213333129877], [137.60420227050798, 36.0483322143555], [137.60659790039097, 36.05473327636723], [137.61070251464798, 36.05799865722663], [137.61380004882798, 36.061401367187536], [137.61279296875, 36.06433105468751], [137.610900878906, 36.06993103027342], [137.61369323730497, 36.07619857788091], [137.61180114746097, 36.077732086181605], [137.59750366210898, 36.07566833496094], [137.59469604492196, 36.078933715820334], [137.58349609374997, 36.084533691406335], [137.57919311523398, 36.08499908447273], [137.57659912109403, 36.08653259277343], [137.57420349121097, 36.0872650146484], [137.56799316406304, 36.0958671569824], [137.56500244140597, 36.097332000732436], [137.56149291992196, 36.10086822509768], [137.55870056152304, 36.10326766967768], [137.55389404296903, 36.10699844360347], [137.55099487304696, 36.10979843139647], [137.55130004882804, 36.11560058593747], [137.55569458007804, 36.11753463745117], [137.55999755859403, 36.1293983459473], [137.55770874023403, 36.13219833374021], [137.55439758300804, 36.13706588745124], [137.55459594726602, 36.140266418456974], [137.55499267578097, 36.14033126831046], [137.55920410156304, 36.143932342529276], [137.56669616699196, 36.14686584472661], [137.56759643554696, 36.153598785400405], [137.57919311523398, 36.1598663330078], [137.58959960937497, 36.16353225708011], [137.59249877929696, 36.16986465454099], [137.59469604492196, 36.17186737060553], [137.59150695800804, 36.17953109741212], [137.59089660644497, 36.18413162231448], [137.59489440917997, 36.19099807739261], [137.591598510742, 36.191734313964844], [137.58079528808597, 36.19533157348631], [137.57620239257804, 36.203201293945334], [137.57389831542994, 36.20973205566413], [137.57519531249997, 36.21306610107419], [137.57420349121097, 36.21746826171883], [137.57380676269497, 36.22006607055656], [137.57739257812497, 36.21926498413092], [137.58329772949196, 36.220932006835866], [137.58329772949196, 36.22719955444344], [137.58680725097696, 36.22700119018553], [137.58949279785196, 36.229400634765625], [137.59370422363304, 36.23640060424799], [137.59640502929696, 36.243133544921875], [137.60569763183597, 36.24886703491212], [137.60650634765597, 36.25320053100591], [137.61070251464798, 36.256401062011726], [137.61470031738298, 36.264934539794886], [137.61669921874997, 36.264865875244126], [137.621795654297, 36.26873397827152], [137.62629699707, 36.27453231811516], [137.631393432617, 36.2802658081055], [137.646697998047, 36.28886413574223], [137.646697998047, 36.296131134033175], [137.652801513672, 36.304534912109446], [137.64909362793, 36.30820083618158], [137.650894165039, 36.31693267822273], [137.65069580078102, 36.32146835327152], [137.650604248047, 36.3269348144531], [137.647399902344, 36.32999801635741], [137.64570617675798, 36.33653259277338], [137.645492553711, 36.34140014648441], [137.635894775391, 36.34253311157229], [137.626998901367, 36.352531433105476], [137.621795654297, 36.360332489013665], [137.61819458007798, 36.36506652832027], [137.60980224609398, 36.36673355102539], [137.59880065917997, 36.370468139648366], [137.59480285644497, 36.36893463134766], [137.58830261230497, 36.37153244018549], [137.58700561523398, 36.37373352050776], [137.58729553222696, 36.389865875244105], [137.59249877929696, 36.39053344726559], [137.59570312499997, 36.39419937133789], [137.60499572753898, 36.40393447875977], [137.604293823242, 36.41226577758793], [137.60690307617196, 36.41413497924796], [137.60800170898398, 36.41960144042972], [137.618392944336, 36.41939926147463], [137.618698120117, 36.419868469238295], [137.621795654297, 36.42306518554694], [137.62710571289097, 36.42373275756842], [137.633392333984, 36.42573165893552], [137.637802124023, 36.43259811401373], [137.640106201172, 36.44646835327149], [137.646392822266, 36.45473480224607], [137.649703979492, 36.45586776733404], [137.652694702148, 36.45853424072271], [137.655303955078, 36.460865020752045], [137.65539550781298, 36.47233200073236], [137.65109252929702, 36.48153305053709], [137.65380859375, 36.490798950195305], [137.66239929199202, 36.493999481201215], [137.666702270508, 36.494266510009794], [137.66699218750003, 36.503200531005945], [137.66960144043, 36.51033401489256], [137.676300048828, 36.51213455200201], [137.677398681641, 36.51433181762702], [137.684997558594, 36.51293182373047], [137.69140625000003, 36.51313400268547], [137.69430541992202, 36.51066589355471], [137.69889831543003, 36.51526641845699], [137.70530700683602, 36.5184669494629], [137.70350646972702, 36.52593231201166], [137.70379638671903, 36.52686691284181], [137.70979309081994, 36.53606796264654], [137.70719909668003, 36.53593444824221], [137.69580078125003, 36.537467956543], [137.692306518555, 36.53739929199224], [137.68609619140602, 36.53720092773442], [137.684600830078, 36.539867401123], [137.68699645996102, 36.54773330688476], [137.688400268555, 36.5558662414551], [137.68870544433602, 36.56280136108398], [137.69520568847702, 36.568866729736285], [137.71319580078097, 36.57746505737302], [137.72039794921903, 36.58319854736327], [137.72439575195304, 36.586532592773416], [137.73530578613304, 36.587867736816385], [137.74679565429696, 36.586799621581996], [137.75090026855494, 36.58959960937499], [137.75239562988304, 36.595401763915994], [137.74839782714798, 36.60326766967767], [137.74679565429696, 36.605998992919915], [137.74429321289097, 36.61759948730474], [137.74659729003898, 36.6245994567871], [137.74679565429696, 36.624732971191435], [137.75149536132798, 36.627731323242166], [137.75590515136696, 36.653133392334], [137.75410461425804, 36.65813446044918], [137.75889587402298, 36.66106796264651], [137.76150512695295, 36.66513442993164], [137.76069641113295, 36.66986846923834], [137.75869750976597, 36.67906570434571], [137.75920104980497, 36.68619918823241], [137.75390624999997, 36.68780136108404], [137.75489807128898, 36.69293212890629], [137.75559997558597, 36.69673156738284], [137.75239562988304, 36.7000007629395], [137.74989318847696, 36.70439910888669], [137.75180053710898, 36.720867156982365], [137.75070190429696, 36.726932525634766], [137.75489807128898, 36.72966766357419], [137.75509643554696, 36.73433303833013], [137.75799560546898, 36.74119949340817], [137.75520324706997, 36.743999481201165], [137.75180053710898, 36.75266647338874], [137.75230407714798, 36.753200531005895], [137.75399780273398, 36.7542686462402], [137.75909423828097, 36.76026535034184], [137.76170349121097, 36.765335083007784], [137.762496948242, 36.76639938354491], [137.764694213867, 36.76786804199221], [137.77029418945298, 36.77153396606451], [137.77659606933597, 36.773532867431605], [137.783004760742, 36.773998260498004], [137.791397094727, 36.77973556518552], [137.793502807617, 36.786933898925795], [137.82000732421898, 36.79919815063483], [137.822601318359, 36.8053321838379], [137.82769775390602, 36.8076667785645], [137.83110046386702, 36.808933258056626], [137.831405639648, 36.81686782836914], [137.832901000977, 36.82040023803712], [137.84379577636702, 36.831268310546875], [137.847595214844, 36.83646774291988], [137.84779357910202, 36.836532592773366], [137.85429382324202, 36.84120178222658], [137.85650634765602, 36.84479904174804], [137.857208251953, 36.85160064697268], [137.86900329589804, 36.863067626953075], [137.87179565429702, 36.86360168457032], [137.876403808594, 36.867198944091776], [137.87669372558602, 36.87093353271484], [137.87660217285202, 36.87360000610351], [137.87179565429702, 36.87613296508793], [137.86819458007804, 36.87893295288093], [137.86589050293003, 36.88753128051758], [137.86180114746102, 36.89226531982418], [137.86700439453102, 36.89699935913088], [137.87139892578102, 36.90226745605473], [137.861999511719, 36.90853500366213], [137.86540222168, 36.914798736572344], [137.86880493164102, 36.91606521606447], [137.87179565429702, 36.91540145874016], [137.87539672851602, 36.915531158447315], [137.87889099121102, 36.912868499755916], [137.89529418945304, 36.91053390502931], [137.90139770507804, 36.91273117065432], [137.90260314941403, 36.91446685791019], [137.90940856933602, 36.91719818115226], [137.91920471191403, 36.91986846923829], [137.92149353027298, 36.91986846923829], [137.93550109863304, 36.913665771484375], [137.949295043945, 36.91226577758792], [137.95460510253898, 36.90466690063482], [137.962295532227, 36.9021339416504], [137.968399047852, 36.90900039672852], [137.96919250488298, 36.91093444824222], [137.976898193359, 36.90886688232419], [137.98820495605497, 36.91033554077149], [137.991592407227, 36.9105987548828], [137.996795654297, 36.9077987670898], [138.005706787109, 36.90499877929689], [138.013702392578, 36.903865814209006], [138.015899658203, 36.89820098876952], [138.01570129394503, 36.89326858520509], [138.023300170898, 36.89093399047849], [138.02780151367202, 36.892665863037095], [138.03179931640602, 36.88986587524409], [138.03129577636702, 36.878200531005874], [138.02520751953102, 36.870601654052685], [138.01690673828102, 36.860801696777315], [138.01420593261702, 36.86100006103523], [138.01669311523403, 36.8520011901855], [138.01940917968798, 36.84626770019534], [138.01860046386702, 36.84173202514646], [138.01200866699202, 36.836532592773366], [138.00329589843798, 36.82666778564451], [138.008407592773, 36.82313537597663], [138.012298583984, 36.82260131835939], [138.018005371094, 36.818931579589815], [138.02180480957003, 36.81953430175781], [138.026107788086, 36.81673431396481], [138.029907226563, 36.81646728515632], [138.03230285644503, 36.8120002746582], [138.03529357910202, 36.80846786499023], [138.03610229492202, 36.80820083618156], [138.04310607910202, 36.80866622924796], [138.046997070313, 36.809532165527266], [138.05200195312503, 36.806331634521534], [138.05279541015594, 36.8001327514648], [138.06640625000003, 36.804599761962926], [138.06939697265597, 36.804935455322344], [138.07479858398395, 36.811733245849624], [138.07359313964795, 36.818199157714844], [138.08410644531304, 36.832065582275426], [138.08900451660193, 36.836067199706974], [138.09049987793003, 36.836532592773366], [138.09150695800804, 36.836532592773366], [138.09219360351597, 36.836532592773366], [138.09399414062497, 36.84073257446291], [138.10029602050804, 36.843532562255916], [138.10679626464798, 36.84446716308589], [138.11520385742196, 36.850467681884794], [138.12049865722696, 36.848934173584006], [138.121795654297, 36.849201202392585], [138.12620544433597, 36.84859848022459], [138.13270568847696, 36.85033416748046], [138.141403198242, 36.84733200073237], [138.147796630859, 36.849201202392585], [138.150894165039, 36.84640121459958], [138.16589355468798, 36.84479904174804], [138.17350769043, 36.847465515136705], [138.176605224609, 36.84933471679692], [138.17790222168, 36.85193252563483], [138.182891845703, 36.85226821899407], [138.19659423828102, 36.85473251342774], [138.20579528808602, 36.85946655273444], [138.207702636719, 36.86466598510744], [138.21359252929702, 36.870265960693445], [138.21440124511702, 36.86773300170902], [138.23480224609403, 36.863998413085866], [138.23489379882804, 36.86406707763671], [138.24679565429696, 36.86506652832026], [138.25489807128903, 36.86999893188478], [138.25770568847702, 36.86600112915041], [138.25900268554696, 36.86333465576174], [138.26820373535196, 36.86013412475592], [138.27149963378898, 36.85340118408204], [138.27140808105503, 36.84306716918952], [138.27470397949196, 36.841133117675824], [138.28889465331997, 36.84740066528322], [138.29029846191398, 36.853065490722706], [138.29190063476597, 36.85213470458983], [138.29310607910196, 36.85453414916992], [138.29609680175798, 36.85633468627928], [138.29319763183597, 36.86186599731453], [138.28880310058597, 36.870468139648445], [138.29310607910196, 36.874732971191385], [138.29470825195298, 36.88106536865227], [138.29899597167997, 36.88726806640627], [138.29429626464798, 36.890266418457], [138.29290771484395, 36.89526748657227], [138.29029846191398, 36.897865295410185], [138.29280090331997, 36.90073394775394], [138.29470825195298, 36.90546798706046], [138.298400878906, 36.913066864013736], [138.308395385742, 36.91986846923829], [138.315399169922, 36.92300033569344], [138.318405151367, 36.92513275146478], [138.33219909668, 36.926467895507834], [138.33769226074202, 36.92466735839838], [138.34309387207, 36.92093276977541], [138.350204467773, 36.92966842651374], [138.354400634766, 36.931598663330085], [138.357696533203, 36.934398651123], [138.361099243164, 36.94139862060554], [138.36430358886702, 36.94573211669924], [138.364105224609, 36.95386505126949], [138.367904663086, 36.957866668701215], [138.369995117188, 36.96440124511719], [138.37179565429702, 36.96546554565431], [138.37789916992202, 36.97313308715817], [138.38209533691403, 36.9769325256348], [138.378601074219, 36.98066711425778], [138.390502929688, 36.98880004882811], [138.39210510253903, 36.993068695068416], [138.39379882812503, 36.99506759643551], [138.39469909668003, 36.99733352661127], [138.39950561523403, 36.997398376464844], [138.41110229492202, 36.99906539916988], [138.41279602050804, 37.00266647338869], [138.417602539063, 37.00320053100594], [138.42320251464804, 37.00559997558594], [138.43539428710898, 37.00780105590821], [138.44309997558597, 37.01333236694337], [138.45390319824196, 37.01699829101558], [138.45629882812497, 37.01979827880859], [138.47180175781304, 37.01853561401373], [138.47619628906298, 37.02019882202149], [138.481994628906, 37.02140045166022], [138.48350524902298, 37.020133972168004], [138.492004394531, 37.02093124389646], [138.496795654297, 37.025665283203075], [138.50019836425798, 37.0262641906738], [138.502899169922, 37.02560043334959], [138.51330566406298, 37.02873229980474], [138.513702392578, 37.02973175048829], [138.520095825195, 37.028400421142585], [138.524597167969, 37.030532836914105]]]}}, {"type": "Feature", "properties": {"nam": "Toyama Ken", "nam_ja": "富山県", "id": 16, "adjacent": true}, "geometry": {"type": "Polygon", "coordinates": [[[137.634902954102, 36.980331420898445], [137.641204833984, 36.97493362426762], [137.653106689453, 36.967067718505945], [137.660903930664, 36.95779800415037], [137.66659545898403, 36.952400207519545], [137.667495727539, 36.950332641601605], [137.67390441894503, 36.95066452026367], [137.68569946289102, 36.944400787353544], [137.69979858398403, 36.94273376464842], [137.71099853515594, 36.94459915161127], [137.71510314941403, 36.93299865722663], [137.71969604492196, 36.9263343811035], [137.71679687500003, 36.92079925537108], [137.71730041503903, 36.91986846923829], [137.71719360351602, 36.9073333740234], [137.71359252929696, 36.90526580810546], [137.71319580078097, 36.90079879760743], [137.71359252929696, 36.89153289794921], [137.72210693359403, 36.8818016052246], [137.73060607910202, 36.87400054931641], [137.73320007324196, 36.87006759643553], [137.73300170898395, 36.85886764526371], [137.73480224609403, 36.85626602172853], [137.73280334472702, 36.84453201293946], [137.73280334472702, 36.836532592773366], [137.73350524902304, 36.830131530761726], [137.72990417480503, 36.82686614990233], [137.73649597168003, 36.82099914550784], [137.74499511718804, 36.81486511230469], [137.74679565429696, 36.81146621704096], [137.74920654296903, 36.80799865722656], [137.75189208984398, 36.79913330078134], [137.75379943847696, 36.794799804687464], [137.75100708007804, 36.790466308593764], [137.74989318847696, 36.77946853637703], [137.76210021972696, 36.77019882202154], [137.762496948242, 36.76639938354491], [137.76170349121097, 36.765335083007784], [137.75909423828097, 36.76026535034184], [137.75399780273398, 36.7542686462402], [137.75230407714798, 36.753200531005895], [137.75180053710898, 36.75266647338874], [137.75520324706997, 36.743999481201165], [137.75799560546898, 36.74119949340817], [137.75509643554696, 36.73433303833013], [137.75489807128898, 36.72966766357419], [137.75070190429696, 36.726932525634766], [137.75180053710898, 36.720867156982365], [137.74989318847696, 36.70439910888669], [137.75239562988304, 36.7000007629395], [137.75559997558597, 36.69673156738284], [137.75489807128898, 36.69293212890629], [137.75390624999997, 36.68780136108404], [137.75920104980497, 36.68619918823241], [137.75869750976597, 36.67906570434571], [137.76069641113295, 36.66986846923834], [137.76150512695295, 36.66513442993164], [137.75889587402298, 36.66106796264651], [137.75410461425804, 36.65813446044918], [137.75590515136696, 36.653133392334], [137.75149536132798, 36.627731323242166], [137.74679565429696, 36.624732971191435], [137.74659729003898, 36.6245994567871], [137.74429321289097, 36.61759948730474], [137.74679565429696, 36.605998992919915], [137.74839782714798, 36.60326766967767], [137.75239562988304, 36.595401763915994], [137.75090026855494, 36.58959960937499], [137.74679565429696, 36.586799621581996], [137.73530578613304, 36.587867736816385], [137.72439575195304, 36.586532592773416], [137.72039794921903, 36.58319854736327], [137.71319580078097, 36.57746505737302], [137.69520568847702, 36.568866729736285], [137.68870544433602, 36.56280136108398], [137.688400268555, 36.5558662414551], [137.68699645996102, 36.54773330688476], [137.684600830078, 36.539867401123], [137.68609619140602, 36.53720092773442], [137.692306518555, 36.53739929199224], [137.69580078125003, 36.537467956543], [137.70719909668003, 36.53593444824221], [137.70979309081994, 36.53606796264654], [137.70379638671903, 36.52686691284181], [137.70350646972702, 36.52593231201166], [137.70530700683602, 36.5184669494629], [137.69889831543003, 36.51526641845699], [137.69430541992202, 36.51066589355471], [137.69140625000003, 36.51313400268547], [137.684997558594, 36.51293182373047], [137.677398681641, 36.51433181762702], [137.676300048828, 36.51213455200201], [137.66960144043, 36.51033401489256], [137.66699218750003, 36.503200531005945], [137.666702270508, 36.494266510009794], [137.66239929199202, 36.493999481201215], [137.65380859375, 36.490798950195305], [137.65109252929702, 36.48153305053709], [137.65539550781298, 36.47233200073236], [137.655303955078, 36.460865020752045], [137.652694702148, 36.45853424072271], [137.649703979492, 36.45586776733404], [137.646392822266, 36.45473480224607], [137.640106201172, 36.44646835327149], [137.637802124023, 36.43259811401373], [137.633392333984, 36.42573165893552], [137.62710571289097, 36.42373275756842], [137.621795654297, 36.42306518554694], [137.618698120117, 36.419868469238295], [137.618392944336, 36.41939926147463], [137.60800170898398, 36.41960144042972], [137.60690307617196, 36.41413497924796], [137.604293823242, 36.41226577758793], [137.60499572753898, 36.40393447875977], [137.59570312499997, 36.39419937133789], [137.59249877929696, 36.39053344726559], [137.58729553222696, 36.389865875244105], [137.58030700683597, 36.391532897949226], [137.57479858398398, 36.39300155639653], [137.57170104980503, 36.38993453979486], [137.56059265136696, 36.38806533813483], [137.54719543456997, 36.39039993286134], [137.53979492187503, 36.392601013183615], [137.53179931640602, 36.40100097656253], [137.52780151367202, 36.40353393554687], [137.521606445313, 36.405933380127045], [137.51719665527304, 36.40940093994144], [137.511901855469, 36.419868469238295], [137.511596679688, 36.42333221435551], [137.50520324707003, 36.42480087280273], [137.49679565429702, 36.42620086669918], [137.49119567871102, 36.42359924316409], [137.47480773925798, 36.425399780273366], [137.470397949219, 36.419868469238295], [137.470001220703, 36.41920089721681], [137.460998535156, 36.41246795654302], [137.44970703124997, 36.416534423828054], [137.445602416992, 36.41353225708014], [137.44299316406298, 36.414398193359446], [137.43629455566398, 36.419868469238295], [137.43479919433597, 36.42079925537109], [137.42799377441398, 36.420532226562514], [137.42689514160196, 36.421066284179666], [137.42300415039097, 36.42286682128912], [137.41769409179696, 36.42513275146479], [137.41169738769497, 36.4250679016113], [137.40579223632798, 36.426334381103516], [137.39619445800804, 36.43593215942379], [137.39480590820304, 36.44879913330083], [137.39489746093804, 36.45479965209956], [137.39019775390597, 36.459667205810504], [137.38890075683597, 36.45833206176762], [137.38510131835895, 36.45619964599611], [137.38059997558594, 36.454868316650405], [137.37779235839795, 36.452865600585866], [137.37179565429696, 36.45359802246092], [137.36259460449196, 36.45026779174804], [137.35820007324193, 36.445068359375036], [137.35870361328102, 36.43746566772458], [137.35240173339804, 36.435001373291], [137.351501464844, 36.433864593505945], [137.348999023438, 36.433601379394545], [137.34530639648403, 36.43373107910161], [137.33909606933602, 36.43366622924803], [137.334594726563, 36.43086624145512], [137.331405639648, 36.430465698242216], [137.326293945313, 36.42853546142579], [137.320007324219, 36.42526626586912], [137.313491821289, 36.4250679016113], [137.307891845703, 36.431800842285185], [137.30499267578102, 36.43560028076173], [137.307891845703, 36.43866729736331], [137.312698364258, 36.44166564941413], [137.312896728516, 36.44326782226558], [137.31329345703102, 36.44839859008792], [137.316497802734, 36.45053100585944], [137.317001342773, 36.45959854125984], [137.31539916992202, 36.46126556396478], [137.308502197266, 36.46386718749996], [137.302505493164, 36.462131500244084], [137.29919433593798, 36.458667755127045], [137.287002563477, 36.461666107177685], [137.28340148925798, 36.46306610107423], [137.278900146484, 36.46513366699217], [137.266891479492, 36.46020126342774], [137.26319885253898, 36.456535339355526], [137.25669860839798, 36.451663970947315], [137.24800109863295, 36.4620666503906], [137.24679565429696, 36.46179962158202], [137.24630737304696, 36.46139907836911], [137.23910522460898, 36.45180130004883], [137.23229980468804, 36.44519805908201], [137.22369384765597, 36.44419860839837], [137.21929931640597, 36.43939971923828], [137.21400451660202, 36.43906402587886], [137.21350097656304, 36.4306678771973], [137.20919799804696, 36.43166732788094], [137.20649719238304, 36.42793273925779], [137.20509338378903, 36.43433380126952], [137.19799804687503, 36.44526672363277], [137.19389343261696, 36.44726562500004], [137.19360351562503, 36.45226669311523], [137.19149780273403, 36.455333709716804], [137.18220520019503, 36.45259857177729], [137.178100585938, 36.453399658203104], [137.17539978027304, 36.45040130615229], [137.16949462890602, 36.45520019531247], [137.16529846191403, 36.45473480224607], [137.16070556640602, 36.456733703613345], [137.154800415039, 36.44939804077147], [137.14599609375, 36.44599914550783], [137.14279174804702, 36.444133758544886], [137.14329528808602, 36.43920135498046], [137.138900756836, 36.438133239746065], [137.133499145508, 36.434932708740156], [137.129806518555, 36.42940139770509], [137.123199462891, 36.419868469238295], [137.121795654297, 36.41726684570312], [137.121002197266, 36.416934967040966], [137.118301391602, 36.41853332519533], [137.115997314453, 36.41673278808587], [137.111099243164, 36.41519927978518], [137.108703613281, 36.40833282470696], [137.106506347656, 36.4058647155762], [137.10180664062497, 36.39946746826174], [137.09660339355497, 36.39899826049799], [137.09190368652298, 36.39686584472656], [137.094299316406, 36.393398284912074], [137.09460449218795, 36.38406753540037], [137.09109497070298, 36.383266448974645], [137.07870483398398, 36.38446807861328], [137.07080078124997, 36.379066467285185], [137.06390380859403, 36.37519836425779], [137.05819702148398, 36.37213134765631], [137.05839538574196, 36.36899948120124], [137.06140136718804, 36.36719894409179], [137.05670166015597, 36.35693359375002], [137.05160522460898, 36.35060119628914], [137.04879760742196, 36.3457984924316], [137.05850219726597, 36.34266662597662], [137.05459594726597, 36.33953475952147], [137.05169677734403, 36.33653259277338], [137.05189514160196, 36.33020019531249], [137.04479980468804, 36.324001312255945], [137.03630065918003, 36.3176651000977], [137.02439880371102, 36.31686782836906], [137.02029418945304, 36.318531036377], [137.01800537109403, 36.31319808959958], [137.02099609375003, 36.309467315673785], [137.01579284668003, 36.305000305175845], [137.01190185546903, 36.298732757568445], [137.01139831543003, 36.29420089721684], [137.01119995117202, 36.2932014465332], [137.00740051269503, 36.2910652160645], [137.00509643554702, 36.28813552856453], [136.99679565429702, 36.28726577758787], [136.98649597168, 36.28626632690432], [136.985794067383, 36.282466888427685], [136.97509765625, 36.274467468261676], [136.97050476074202, 36.27780151367192], [136.968399047852, 36.27553558349607], [136.96659851074202, 36.27726745605468], [136.960296630859, 36.27706527709959], [136.957794189453, 36.279067993164134], [136.96049499511702, 36.283535003662074], [136.960205078125, 36.28626632690432], [136.96539306640602, 36.29373550415044], [136.966903686523, 36.295600891113295], [136.968200683594, 36.30220031738284], [136.972106933594, 36.30920028686521], [136.971298217773, 36.3148651123047], [136.964599609375, 36.318531036377], [136.96049499511702, 36.32653427124019], [136.956405639648, 36.33653259277338], [136.95529174804702, 36.338268280029254], [136.951995849609, 36.33946609497071], [136.946701049805, 36.346134185791016], [136.94010925292997, 36.34906768798826], [136.934097290039, 36.348598480224595], [136.92579650878898, 36.353668212890625], [136.91870117187497, 36.355934143066385], [136.907196044922, 36.361000061035234], [136.90370178222696, 36.35733413696293], [136.89779663085898, 36.35346603393554], [136.89309692382798, 36.348400115966776], [136.88830566406304, 36.34606552124017], [136.88279724121097, 36.342266082763715], [136.87910461425804, 36.34479904174796], [136.87490844726602, 36.3429336547852], [136.87519836425804, 36.34606552124017], [136.87559509277298, 36.35013198852538], [136.87179565429696, 36.34966659545899], [136.87030029296903, 36.34906768798826], [136.87049865722696, 36.35346603393554], [136.87179565429696, 36.35340118408196], [136.87339782714798, 36.353668212890625], [136.87609863281304, 36.359401702880874], [136.87399291992196, 36.361000061035234], [136.87269592285196, 36.36353302001948], [136.87179565429696, 36.367401123046875], [136.87130737304696, 36.36753463745121], [136.86849975585898, 36.36500167846678], [136.86500549316403, 36.35660171508787], [136.86520385742196, 36.35279846191414], [136.86509704589795, 36.349800109863324], [136.85639953613304, 36.34973144531248], [136.85440063476602, 36.34746551513672], [136.84770202636696, 36.34973144531248], [136.84419250488304, 36.35106658935553], [136.83709716796903, 36.34746551513672], [136.83750915527304, 36.34439849853523], [136.84089660644503, 36.33653259277338], [136.84199523925804, 36.3338661193848], [136.83590698242202, 36.3198013305664], [136.83059692382804, 36.309333801269545], [136.83189392089804, 36.30753326416018], [136.831497192383, 36.306533813476634], [136.82679748535202, 36.30319976806639], [136.82519531250003, 36.30313110351563], [136.81019592285202, 36.30319976806639], [136.80589294433602, 36.30566787719733], [136.800003051758, 36.30519866943357], [136.792098999023, 36.299133300781264], [136.789001464844, 36.31380081176758], [136.789993286133, 36.32180023193358], [136.783599853516, 36.32899856567377], [136.785003662109, 36.33086776733398], [136.785705566406, 36.33653259277338], [136.785003662109, 36.33919906616214], [136.784103393555, 36.34220123291023], [136.78730773925798, 36.348865509033175], [136.79040527343798, 36.348201751708956], [136.79759216308602, 36.35246658325199], [136.80419921875, 36.35559844970697], [136.80729675293, 36.35846710205081], [136.80619812011702, 36.36339950561524], [136.801300048828, 36.368534088134844], [136.800399780273, 36.37786483764646], [136.797393798828, 36.384334564209034], [136.797302246094, 36.388935089111314], [136.795196533203, 36.39440155029298], [136.795303344727, 36.39986801147456], [136.784698486328, 36.40973281860351], [136.778701782227, 36.41453170776369], [136.770294189453, 36.41453170776369], [136.771102905273, 36.419868469238295], [136.771102905273, 36.42246627807621], [136.768798828125, 36.42340087890627], [136.768905639648, 36.429668426513665], [136.773406982422, 36.43280029296882], [136.777404785156, 36.431335449218786], [136.78340148925798, 36.43646621704104], [136.796401977539, 36.44446563720704], [136.79049682617202, 36.44706726074222], [136.787994384766, 36.45293426513671], [136.797500610352, 36.46120071411129], [136.79570007324202, 36.46366500854487], [136.797805786133, 36.4680671691895], [136.795501708984, 36.473133087158175], [136.801193237305, 36.48386764526369], [136.80229187011702, 36.49033355712891], [136.80009460449202, 36.49073410034182], [136.79759216308602, 36.492465972900426], [136.79449462890602, 36.49746704101561], [136.796005249023, 36.503200531005945], [136.794692993164, 36.5080680847168], [136.796997070313, 36.51313400268547], [136.79960632324202, 36.52119827270514], [136.80110168457003, 36.5208015441895], [136.809494018555, 36.533134460449205], [136.81689453125003, 36.55206680297846], [136.809997558594, 36.56140136718752], [136.80110168457003, 36.56959915161126], [136.79179382324202, 36.56900024414062], [136.792404174805, 36.573265075683565], [136.793395996094, 36.581466674804744], [136.794403076172, 36.586532592773416], [136.79379272460903, 36.5891342163086], [136.789199829102, 36.592601776123], [136.78869628906298, 36.60160064697273], [136.789901733398, 36.60273361206052], [136.789306640625, 36.605533599853516], [136.788299560547, 36.60660171508791], [136.785507202148, 36.612133026122976], [136.783599853516, 36.614734649658246], [136.784194946289, 36.62300109863283], [136.785797119141, 36.62973403930662], [136.791000366211, 36.63119888305656], [136.792999267578, 36.63106536865232], [136.79879760742202, 36.63579940795902], [136.799697875977, 36.64366531372069], [136.80229187011702, 36.64746856689451], [136.805694580078, 36.64733505249018], [136.809005737305, 36.65186691284178], [136.80720520019503, 36.654067993164055], [136.81289672851602, 36.65946578979488], [136.815795898438, 36.66299819946294], [136.81979370117202, 36.66773223876946], [136.82350158691403, 36.66986846923834], [136.82139587402304, 36.67413330078128], [136.82139587402304, 36.67986679077153], [136.820999145508, 36.68273544311519], [136.816101074219, 36.68560028076168], [136.810806274414, 36.68519973754877], [136.81159973144503, 36.69273376464838], [136.81509399414102, 36.69993209838866], [136.811401367188, 36.70366668701172], [136.80450439453102, 36.70713424682621], [136.801696777344, 36.70893478393548], [136.789093017578, 36.71846771240227], [136.791900634766, 36.72033309936521], [136.793106079102, 36.72473144531249], [136.796096801758, 36.72986602783201], [136.805603027344, 36.728733062744126], [136.807403564453, 36.72980117797852], [136.81449890136702, 36.730533599853494], [136.81930541992202, 36.730731964111314], [136.82179260253903, 36.73960113525389], [136.82499694824202, 36.742198944091804], [136.82609558105503, 36.74166870117192], [136.833206176758, 36.74326705932619], [136.83770751953102, 36.744934082031314], [136.84440612793003, 36.753200531005895], [136.84489440918003, 36.755867004394474], [136.84730529785202, 36.757801055908175], [136.85220336914102, 36.76973342895506], [136.84869384765597, 36.774600982666], [136.84300231933602, 36.78193283081052], [136.85060119628903, 36.786933898925795], [136.85369873046903, 36.79426574707031], [136.85040283203094, 36.80153274536126], [136.84919738769494, 36.8089981079102], [136.84869384765597, 36.81240081787111], [136.85319519043003, 36.81766510009769], [136.85409545898395, 36.820598602294936], [136.85920715332003, 36.82839965820312], [136.85639953613304, 36.836532592773366], [136.85620117187503, 36.84006500244143], [136.86039733886696, 36.84153366088873], [136.86259460449196, 36.84246826171879], [136.86169433593804, 36.84759902954104], [136.86680603027304, 36.850868225097706], [136.86140441894494, 36.85453414916992], [136.86250305175804, 36.85660171508786], [136.86210632324196, 36.86053466796883], [136.86950683593804, 36.86213302612302], [136.87179565429696, 36.86546707153317], [136.87310791015597, 36.86786651611326], [136.87469482421903, 36.86773300170902], [136.88130187988304, 36.875198364257784], [136.88180541992196, 36.88113403320312], [136.88510131835898, 36.88499832153324], [136.88150024414097, 36.88813400268548], [136.87849426269497, 36.89640045166024], [136.87930297851594, 36.90679931640634], [136.88529968261696, 36.91413497924804], [136.88719177246097, 36.91666793823238], [136.89280700683597, 36.91986846923829], [136.89540100097696, 36.924934387207045], [136.89729309081997, 36.92466735839838], [136.90220642089798, 36.92660140991208], [136.906295776367, 36.92786788940429], [136.91419982910196, 36.93053436279296], [136.91929626464798, 36.93773269653324], [136.921493530273, 36.93773269653324], [136.924606323242, 36.94233322143551], [136.92810058593798, 36.94793319702151], [136.93069458007798, 36.950599670410185], [136.93420410156298, 36.950599670410185], [136.940399169922, 36.952800750732365], [136.953399658203, 36.95626831054694], [136.96369934082, 36.94873428344733], [136.964904785156, 36.948932647705064], [136.96940612793, 36.94793319702151], [136.972503662109, 36.94459915161127], [136.980102539063, 36.95073318481452], [136.983901977539, 36.95893478393552], [136.985702514648, 36.965400695800824], [136.985794067383, 36.96673202514653], [136.99679565429702, 36.96653366088871], [137.00399780273403, 36.96166610717768], [137.00959777832003, 36.962200164794915], [137.01959228515597, 36.96366500854486], [137.02549743652304, 36.96300125122073], [137.03729248046903, 36.96726608276368], [137.05160522460898, 36.959533691406335], [137.04969787597696, 36.95893478393552], [137.04229736328097, 36.952400207519545], [137.02659606933594, 36.93899917602536], [137.032104492188, 36.92419815063481], [137.02619934081994, 36.91986846923829], [137.02529907226602, 36.915000915527344], [137.02079772949196, 36.912868499755916], [137.01950073242202, 36.91246795654301], [137.01100158691403, 36.89939880371089], [137.00390625000003, 36.89093399047849], [137.00050354003903, 36.88973236083976], [136.99679565429702, 36.88520050048833], [136.99549865722702, 36.88539886474606], [136.992599487305, 36.880001068115234], [136.9873046875, 36.87993240356448], [136.98370361328102, 36.87279891967769], [136.9873046875, 36.86346817016599], [136.98789978027304, 36.8617324829102], [136.98959350585903, 36.861801147460866], [136.98959350585903, 36.85886764526371], [136.990509033203, 36.86206817626953], [136.99119567871102, 36.86000061035159], [136.992706298828, 36.86013412475592], [136.992309570313, 36.861801147460866], [136.99330139160202, 36.85960006713868], [136.989196777344, 36.857467651367166], [136.99679565429702, 36.84606552124016], [137.00729370117202, 36.836532592773366], [137.01649475097702, 36.829601287841754], [137.03909301757804, 36.81666564941414], [137.05099487304696, 36.808399200439474], [137.05560302734403, 36.802665710449226], [137.05789184570298, 36.80279922485347], [137.06770324706997, 36.79413223266598], [137.07179260253898, 36.79206848144531], [137.07960510253898, 36.78886795043949], [137.08250427246097, 36.78513336181643], [137.08920288085898, 36.7821998596191], [137.08970642089798, 36.78286743164058], [137.09280395507798, 36.78233337402343], [137.09350585937497, 36.783199310302734], [137.09309387207, 36.7821998596191], [137.095596313477, 36.78200149536128], [137.096893310547, 36.78293228149407], [137.09339904785196, 36.78413391113279], [137.099090576172, 36.782535552978516], [137.10020446777298, 36.78513336181643], [137.113296508789, 36.781600952148366], [137.110397338867, 36.77719879150391], [137.11360168457, 36.77479934692382], [137.110290527344, 36.77466583251949], [137.104598999023, 36.7759323120117], [137.098495483398, 36.77426528930658], [137.09619140625, 36.774734497070334], [137.09709167480497, 36.77173233032233], [137.09320068359398, 36.77286529541021], [137.09230041503898, 36.77226638793948], [137.09199523925798, 36.77059936523436], [137.094802856445, 36.770668029785206], [137.10319519042997, 36.769935607910234], [137.111892700195, 36.76786804199221], [137.108993530273, 36.763534545898416], [137.11120605468798, 36.76206588745121], [137.112594604492, 36.765068054199205], [137.121795654297, 36.76066589355466], [137.123397827148, 36.759399414062536], [137.13049316406298, 36.75719833374018], [137.131805419922, 36.75740051269526], [137.13409423828102, 36.76006698608402], [137.13189697265602, 36.76079940795899], [137.121795654297, 36.76493453979487], [137.118499755859, 36.769199371337905], [137.119201660156, 36.77226638793948], [137.118896484375, 36.77286529541021], [137.117095947266, 36.775199890136726], [137.119293212891, 36.77513122558588], [137.11950683593798, 36.777400970459], [137.12060546875, 36.77706527709958], [137.121795654297, 36.77966690063476], [137.136505126953, 36.775466918945305], [137.135803222656, 36.77386856079103], [137.13629150390602, 36.77533340454097], [137.13200378418, 36.77659988403318], [137.130096435547, 36.77199935913091], [137.138092041016, 36.76959991455082], [137.152603149414, 36.76499938964836], [137.17999267578094, 36.757732391357415], [137.18460083007804, 36.75719833374018], [137.18649291992193, 36.75726699829102], [137.18919372558602, 36.757335662841776], [137.19270324707003, 36.76106643676757], [137.20429992675804, 36.759468078613295], [137.20610046386696, 36.75953292846678], [137.22450256347696, 36.7625312805176], [137.22799682617196, 36.761665344238295], [137.22909545898398, 36.76459884643554], [137.23280334472696, 36.765266418457024], [137.23379516601597, 36.76546859741212], [137.23089599609395, 36.76633453369142], [137.23449707031304, 36.76613235473633], [137.23469543456997, 36.76499938964836], [137.23609924316398, 36.76513290405269], [137.23939514160196, 36.765068054199205], [137.24530029296898, 36.76493453979487], [137.24679565429696, 36.76493453979487], [137.266494750977, 36.76173400878914], [137.291900634766, 36.75786590576166], [137.302001953125, 36.75806808471684], [137.30139160156298, 36.75933456420896], [137.315902709961, 36.7588653564453], [137.317001342773, 36.75866699218748], [137.330596923828, 36.761932373046875], [137.33479309082003, 36.76453399658197], [137.342407226563, 36.77166748046884], [137.34399414062503, 36.777332305908246], [137.35699462890594, 36.78699874877928], [137.37179565429696, 36.79513549804689], [137.37809753418003, 36.79826736450204], [137.38209533691403, 36.800598144531286], [137.39219665527298, 36.80659866333011], [137.39320373535193, 36.81946563720697], [137.39259338378898, 36.82113265991209], [137.39399719238304, 36.82086563110351], [137.39280700683594, 36.822132110595724], [137.39970397949196, 36.836532592773366], [137.41110229492196, 36.84813308715819], [137.41130065917997, 36.85459899902341], [137.41000366210898, 36.85206604003907], [137.40939331054696, 36.861198425292955], [137.41580200195298, 36.866867065429716], [137.41870117187497, 36.87680053710942], [137.41450500488304, 36.89153289794921], [137.40950012206997, 36.89666748046882], [137.41979980468804, 36.91419982910162], [137.42250061035196, 36.91986846923829], [137.42579650878898, 36.92253112792969], [137.42660522460898, 36.92453384399414], [137.435104370117, 36.93053436279296], [137.451797485352, 36.93619918823236], [137.465301513672, 36.942066192627024], [137.472396850586, 36.945266723632756], [137.486694335938, 36.95193481445306], [137.49679565429702, 36.95613098144534], [137.50479125976602, 36.95746612548831], [137.53559875488304, 36.96120071411128], [137.542602539063, 36.96120071411128], [137.57220458984403, 36.96393203735352], [137.58630371093804, 36.97313308715817], [137.585494995117, 36.97333145141599], [137.58569335937497, 36.97406768798832], [137.621795654297, 36.978466033935504], [137.634902954102, 36.980331420898445]]]}}, {"type": "Feature", "properties": {"nam": "Tokyo To", "nam_ja": "東京都", "id": 13, "adjacent": true}, "geometry": {"type": "MultiPolygon", "coordinates": [[[[138.94400024414102, 35.85466766357418], [138.94409179687497, 35.86153411865231], [138.94589233398398, 35.86593246459959], [138.94630432128903, 35.8686676025391], [138.95030212402304, 35.869934082031314], [138.95689392089798, 35.87566757202147], [138.96600341796903, 35.878398895263715], [138.96820068359403, 35.88213348388668], [138.97599792480497, 35.88313293457032], [138.97990417480497, 35.88460159301762], [138.98669433593795, 35.88126754760738], [138.996795654297, 35.884399414062536], [139.00149536132798, 35.884399414062536], [139.00660705566398, 35.89113235473633], [139.010299682617, 35.897132873535234], [139.019393920898, 35.898132324218786], [139.023895263672, 35.897399902343814], [139.03619384765602, 35.889801025390625], [139.051696777344, 35.878200531005895], [139.05810546875, 35.87733459472659], [139.062408447266, 35.87340164184571], [139.07260131835903, 35.87179946899408], [139.07859802246102, 35.87540054321289], [139.08610534668, 35.87260055541989], [139.092407226563, 35.868999481201165], [139.09919738769503, 35.868534088134766], [139.10020446777304, 35.86713409423831], [139.10179138183594, 35.86619949340816], [139.12179565429696, 35.86493301391604], [139.13029479980494, 35.865066528320284], [139.13839721679696, 35.86426544189447], [139.15110778808597, 35.860866546630916], [139.16009521484398, 35.85573196411131], [139.16340637206997, 35.85086441040037], [139.17550659179696, 35.84719848632806], [139.18580627441398, 35.842800140380874], [139.196395874023, 35.84013366699221], [139.203903198242, 35.84226608276372], [139.204895019531, 35.84453201293948], [139.20910644531298, 35.8464012145996], [139.21549987793, 35.84533309936521], [139.222396850586, 35.84073257446293], [139.229507446289, 35.837333679199205], [139.233306884766, 35.83713150024412], [139.23939514160202, 35.840534210205114], [139.24159240722702, 35.838531494140575], [139.244094848633, 35.83679962158197], [139.24679565429702, 35.83686447143554], [139.256301879883, 35.837799072265604], [139.25880432128903, 35.83653259277339], [139.26139831543003, 35.83653259277339], [139.27499389648403, 35.839599609374964], [139.28010559082003, 35.839466094970724], [139.28080749511693, 35.840534210205114], [139.28340148925804, 35.83653259277339], [139.28599548339804, 35.83653259277339], [139.29119873046903, 35.837799072265604], [139.29269409179696, 35.83653259277339], [139.29600524902304, 35.83413314819339], [139.29809570312497, 35.835266113281264], [139.30149841308597, 35.83406448364263], [139.30360412597693, 35.82433319091802], [139.30540466308597, 35.82260131835941], [139.31359863281304, 35.82519912719732], [139.31599426269497, 35.82299804687496], [139.31629943847696, 35.81893157958984], [139.31599426269497, 35.81340026855468], [139.32569885253898, 35.794998168945305], [139.33039855956997, 35.793598175048764], [139.333297729492, 35.79219818115231], [139.33970642089798, 35.79446411132807], [139.34370422363298, 35.79486846923833], [139.34759521484398, 35.79586791992188], [139.35180664062497, 35.79346466064452], [139.358795166016, 35.79240036010739], [139.370193481445, 35.79119873046876], [139.369003295898, 35.789264678955064], [139.36880493164097, 35.78720092773439], [139.36810302734398, 35.78393173217773], [139.371795654297, 35.78026580810551], [139.371795654297, 35.77893447875981], [139.371398925781, 35.778266906738324], [139.371795654297, 35.77859878540039], [139.376892089844, 35.78013229370118], [139.38000488281298, 35.77773284912109], [139.381500244141, 35.7742652893066], [139.37919616699202, 35.77106475830078], [139.381195068359, 35.76599884033202], [139.387298583984, 35.76620101928711], [139.391693115234, 35.76686477661132], [139.3916015625, 35.763401031494105], [139.391906738281, 35.76326751708977], [139.39630126953102, 35.76426696777341], [139.399795532227, 35.76693344116208], [139.404006958008, 35.76926422119141], [139.408401489258, 35.76879882812502], [139.41650390625, 35.76620101928711], [139.421401977539, 35.76746749877932], [139.42599487304702, 35.7671318054199], [139.43299865722702, 35.76739883422847], [139.43580627441403, 35.767333984374986], [139.43800354003903, 35.769397735595746], [139.440795898438, 35.76693344116208], [139.44270324707003, 35.766799926757834], [139.45060729980503, 35.769199371337926], [139.45210266113304, 35.76900100708011], [139.45449829101602, 35.769466400146506], [139.45730590820304, 35.769466400146506], [139.45880126953097, 35.77166748046878], [139.46450805664102, 35.77373123168954], [139.47030639648403, 35.77373123168954], [139.47360229492196, 35.77593231201172], [139.47479248046903, 35.77560043334957], [139.47529602050804, 35.777000427246115], [139.48159790039097, 35.780666351318416], [139.48959350585898, 35.77959823608403], [139.48989868164097, 35.780334472656264], [139.49259948730497, 35.77999877929693], [139.49360656738304, 35.78153228759772], [139.49510192871097, 35.781467437744055], [139.49679565429696, 35.77873229980472], [139.49699401855497, 35.778667449951236], [139.49780273437497, 35.781131744384815], [139.50770568847696, 35.78366470336906], [139.51159667968795, 35.785068511962876], [139.51370239257798, 35.78799819946294], [139.52200317382798, 35.78900146484384], [139.52340698242196, 35.79186630249024], [139.525192260742, 35.79186630249024], [139.531799316406, 35.79753112792973], [139.541595458984, 35.807399749755945], [139.546401977539, 35.80393218994137], [139.546295166016, 35.79946517944343], [139.537200927734, 35.79159927368158], [139.542495727539, 35.78906631469733], [139.543594360352, 35.78166580200197], [139.536102294922, 35.775264739990234], [139.523895263672, 35.7718658447266], [139.51609802246097, 35.76546478271478], [139.526992797852, 35.76833343505862], [139.544906616211, 35.773601531982386], [139.54780578613298, 35.773799896240206], [139.545394897461, 35.757732391357436], [139.54460144042997, 35.75479888916019], [139.54719543457, 35.75453186035162], [139.547897338867, 35.753665924072315], [139.553207397461, 35.755664825439496], [139.55529785156298, 35.75713348388671], [139.557800292969, 35.759666442871136], [139.56170654296898, 35.759666442871136], [139.562805175781, 35.76173400878908], [139.564804077148, 35.76253128051762], [139.56689453125, 35.7627983093262], [139.570999145508, 35.76419830322274], [139.57080078125, 35.76546478271478], [139.574493408203, 35.76699829101557], [139.574905395508, 35.76813125610354], [139.57699584960903, 35.76806640624996], [139.57820129394503, 35.770931243896534], [139.58209228515602, 35.77180099487302], [139.585403442383, 35.775333404540994], [139.58869934082003, 35.77859878540039], [139.59379577636702, 35.777332305908175], [139.59410095214804, 35.77873229980472], [139.59689331054702, 35.77840042114257], [139.597106933594, 35.7765998840332], [139.604202270508, 35.77433395385744], [139.59739685058602, 35.77113342285163], [139.59939575195304, 35.76953125], [139.60299682617202, 35.77106475830078], [139.60549926757804, 35.770732879638715], [139.609008789063, 35.76953125], [139.61140441894503, 35.770534515380895], [139.61199951171903, 35.76966857910159], [139.61729431152304, 35.77046585083014], [139.617797851563, 35.7666664123535], [139.62179565429693, 35.76673126220699], [139.62489318847702, 35.773200988769474], [139.62469482421903, 35.77946853637696], [139.62980651855503, 35.78553390502927], [139.63569641113304, 35.790664672851605], [139.63980102539102, 35.794334411621094], [139.64160156250003, 35.79806518554688], [139.64720153808597, 35.79753112792973], [139.65710449218804, 35.800533294677734], [139.67590332031304, 35.798931121826186], [139.691696166992, 35.800666809081974], [139.69689941406298, 35.7988662719727], [139.69760131835898, 35.79840087890631], [139.70950317382798, 35.792068481445334], [139.722305297852, 35.790664672851605], [139.725006103516, 35.78733444213872], [139.73530578613298, 35.78966522216797], [139.73840332031298, 35.78659820556639], [139.737808227539, 35.780532836914084], [139.74639892578102, 35.78413391113281], [139.74679565429702, 35.78686523437497], [139.75349426269503, 35.78646469116206], [139.75590515136702, 35.78960037231448], [139.76049804687503, 35.79786682128906], [139.75080871582, 35.80773162841801], [139.750503540039, 35.8092651367188], [139.753402709961, 35.810600280761676], [139.755401611328, 35.812133789062464], [139.75559997558602, 35.812732696533196], [139.76119995117202, 35.81280136108404], [139.767700195313, 35.81753158569338], [139.77279663085903, 35.815666198730526], [139.78239440918003, 35.80719757080077], [139.79609680175804, 35.80559921264649], [139.80459594726602, 35.808799743652315], [139.81559753418003, 35.80906677246089], [139.82099914550804, 35.81153106689447], [139.82110595703097, 35.8150672912598], [139.82510375976602, 35.81153106689447], [139.82020568847702, 35.80206680297852], [139.82159423828097, 35.79646682739261], [139.82719421386696, 35.793598175048764], [139.83419799804696, 35.79746627807624], [139.83880615234403, 35.80080032348631], [139.84500122070298, 35.798465728759794], [139.84680175781304, 35.796531677246094], [139.85639953613298, 35.790931701660185], [139.85879516601597, 35.79446411132807], [139.86270141601597, 35.79473114013673], [139.871795654297, 35.79706573486334], [139.87739562988298, 35.79380035400394], [139.871795654297, 35.78833389282227], [139.871795654297, 35.78446578979488], [139.876693725586, 35.780864715576236], [139.88130187988298, 35.78206634521479], [139.88909912109398, 35.78373336791991], [139.893798828125, 35.78273391723627], [139.893295288086, 35.77819824218748], [139.88049316406298, 35.771198272705114], [139.88079833984398, 35.76473236083981], [139.887802124023, 35.753398895263736], [139.888000488281, 35.753200531005916], [139.889999389648, 35.750801086425824], [139.890396118164, 35.75040054321292], [139.899795532227, 35.743732452392614], [139.90010070800798, 35.73559951782227], [139.89709472656298, 35.72666549682621], [139.901397705078, 35.72146606445312], [139.912109375, 35.71126556396484], [139.916107177734, 35.70773315429687], [139.918701171875, 35.697799682617166], [139.905899047852, 35.683731079101584], [139.88909912109398, 35.68059921264652], [139.885803222656, 35.67679977416988], [139.885894775391, 35.67113113403321], [139.88659667968798, 35.66986846923827], [139.886993408203, 35.65386581420899], [139.882095336914, 35.644001007080135], [139.87550354003898, 35.64053344726556], [139.872894287109, 35.63853454589837], [139.871795654297, 35.63933181762701], [139.863494873047, 35.63840103149413], [139.84970092773398, 35.642665863037074], [139.84521484374994, 35.64297866821288], [139.84109497070298, 35.643264770507805], [139.84040832519497, 35.63386535644534], [139.82139587402298, 35.6319999694824], [139.82130432128903, 35.633464813232436], [139.83369445800804, 35.634731292724645], [139.83459472656304, 35.64406585693362], [139.80810546875003, 35.640800476074226], [139.80648803710898, 35.64059448242187], [139.807006835938, 35.63693237304692], [139.80017089843804, 35.636230468750014], [139.80033874511702, 35.631008148193395], [139.80065917968798, 35.6301155090332], [139.80220031738304, 35.626266479492244], [139.79859924316403, 35.6218643188477], [139.79130554199202, 35.629467010497976], [139.78729248046903, 35.62739944458013], [139.77879333496102, 35.63746643066407], [139.78149414062503, 35.638732910156286], [139.78350830078102, 35.6361312866211], [139.79809570312503, 35.644798278808594], [139.79559326171903, 35.64979934692378], [139.79319763183602, 35.65066528320308], [139.79440307617202, 35.64746475219726], [139.77920532226602, 35.63973236083983], [139.77670288085903, 35.64220046997068], [139.79249572753903, 35.65293121337893], [139.789505004883, 35.656932830810476], [139.77270507812503, 35.645999908447315], [139.76959228515602, 35.649265289306626], [139.77360534668, 35.65266799926762], [139.77230834960903, 35.65406417846681], [139.76840209960903, 35.6503982543945], [139.76730346679702, 35.65526580810553], [139.76969909668, 35.654266357421896], [139.770706176758, 35.65493392944338], [139.76730346679702, 35.658134460449205], [139.76449584960903, 35.656066894531264], [139.76269531250003, 35.65213394165038], [139.761596679688, 35.652599334716776], [139.75900268554702, 35.644931793212926], [139.760406494141, 35.644931793212926], [139.759506225586, 35.63746643066407], [139.755508422852, 35.63899993896477], [139.75477600097702, 35.63883972167973], [139.75262451171898, 35.634456634521534], [139.75205993652295, 35.62617874145514], [139.751617431641, 35.625988006591776], [139.751617431641, 35.62625503540044], [139.75097656250003, 35.62622451782229], [139.75047302246102, 35.62542724609383], [139.750396728516, 35.6248664855957], [139.75169372558602, 35.62466812133788], [139.750823974609, 35.6071090698242], [139.75067138671903, 35.60586929321287], [139.74787902832003, 35.60070037841802], [139.74722290039097, 35.59207916259767], [139.74636840820304, 35.59064102172852], [139.744094848633, 35.589401245117195], [139.74679565429702, 35.589797973632834], [139.74870300293, 35.58653259277344], [139.752105712891, 35.578865051269496], [139.75335693359403, 35.575717926025355], [139.75619506835903, 35.56946563720704], [139.750198364258, 35.56733322143552], [139.754302978516, 35.56159973144528], [139.758697509766, 35.56433105468752], [139.763198852539, 35.56066513061521], [139.77110290527304, 35.56886672973631], [139.78550720214804, 35.57046508789058], [139.80870056152304, 35.53839874267581], [139.79460144043003, 35.53186416625984], [139.78979492187503, 35.52666854858401], [139.776306152344, 35.534397125244084], [139.757507324219, 35.54420089721681], [139.74679565429702, 35.543731689453054], [139.740905761719, 35.54546737670902], [139.735000610352, 35.541267395019474], [139.727401733398, 35.54353332519533], [139.71789550781298, 35.53813171386723], [139.70339965820298, 35.53653335571287], [139.701797485352, 35.53720092773444], [139.697799682617, 35.54346466064448], [139.703598022461, 35.549331665039055], [139.70249938964798, 35.55386734008793], [139.69380187988298, 35.556465148925845], [139.68110656738304, 35.5613327026367], [139.67829895019497, 35.56340026855473], [139.66780090331997, 35.58653259277344], [139.66529846191398, 35.58893203735353], [139.65510559081997, 35.590133666992166], [139.64360046386696, 35.597866058349595], [139.63160705566403, 35.60593414306636], [139.62179565429693, 35.611797332763665], [139.61920166015602, 35.613464355468786], [139.61630249023403, 35.613533020019545], [139.61270141601602, 35.615333557128906], [139.607604980469, 35.61600112915039], [139.603302001953, 35.61660003662112], [139.596603393555, 35.61846542358397], [139.59559631347702, 35.61833190917973], [139.59019470214804, 35.61840057373048], [139.58810424804702, 35.61940002441412], [139.578506469727, 35.6218643188477], [139.565902709961, 35.627197265625036], [139.56599426269503, 35.629066467285156], [139.561996459961, 35.632534027099645], [139.551803588867, 35.63406753540043], [139.548599243164, 35.63579940795904], [139.53480529785196, 35.640201568603494], [139.52540588378898, 35.642665863037074], [139.52369689941398, 35.63953399658201], [139.52070617675798, 35.63779830932622], [139.523498535156, 35.633132934570284], [139.51840209960898, 35.630599975585945], [139.51460266113298, 35.624801635742216], [139.51119995117196, 35.6240005493164], [139.50979614257798, 35.62386703491207], [139.50430297851597, 35.623065948486335], [139.49679565429696, 35.61793136596682], [139.49510192871097, 35.617465972900426], [139.49679565429696, 35.611267089843786], [139.49980163574196, 35.60626602172851], [139.49679565429696, 35.60480117797848], [139.49580383300804, 35.60526657104487], [139.49040222167994, 35.6045341491699], [139.48800659179696, 35.60746765136724], [139.48339843749997, 35.60853195190427], [139.47999572753898, 35.6129989624023], [139.47709655761696, 35.6129989624023], [139.47619628906304, 35.61893463134773], [139.46899414062497, 35.62026596069342], [139.46409606933597, 35.62446594238279], [139.46299743652304, 35.62493133544919], [139.46099853515597, 35.62233352661128], [139.45420837402304, 35.6181983947754], [139.44929504394494, 35.611797332763665], [139.45320129394503, 35.60493469238281], [139.45649719238304, 35.60639953613284], [139.46530151367196, 35.609134674072266], [139.46659851074196, 35.60793304443363], [139.47090148925804, 35.60173416137699], [139.47590637206997, 35.59966659545896], [139.47959899902298, 35.595600128173835], [139.48019409179696, 35.59486770629878], [139.48269653320295, 35.594932556152266], [139.48309326171895, 35.59386444091796], [139.48399353027298, 35.594001770019474], [139.48730468749997, 35.590198516845746], [139.49189758300804, 35.58873367309571], [139.49279785156304, 35.58906555175778], [139.49429321289097, 35.58653259277344], [139.49310302734403, 35.584197998046925], [139.49679565429696, 35.58146667480468], [139.50509643554696, 35.57506561279304], [139.50720214843804, 35.575733184814524], [139.50650024414097, 35.57146453857422], [139.50239562988298, 35.57113265991207], [139.500793457031, 35.56879806518546], [139.49679565429696, 35.56566619873049], [139.49440002441398, 35.56399917602537], [139.48959350585898, 35.56153106689452], [139.48599243164097, 35.56786727905267], [139.48289489746097, 35.5712661743164], [139.48620605468804, 35.578399658203104], [139.48770141601597, 35.578330993652344], [139.49000549316395, 35.58406448364259], [139.48669433593804, 35.5846672058105], [139.48370361328097, 35.58306503295904], [139.47900390624994, 35.581130981445256], [139.47709655761696, 35.58160018920901], [139.47320556640597, 35.576267242431584], [139.46969604492196, 35.569664001464766], [139.46899414062497, 35.564598083496094], [139.47019958496097, 35.56066513061521], [139.47380065918003, 35.55986404418949], [139.47590637206997, 35.56193161010743], [139.48040771484403, 35.55766677856448], [139.48199462890597, 35.55020141601563], [139.48019409179696, 35.54406738281248], [139.48510742187494, 35.53673171997069], [139.48669433593804, 35.53553390502932], [139.48669433593804, 35.529598236083984], [139.48620605468804, 35.520801544189524], [139.48480224609403, 35.519866943359375], [139.47770690918003, 35.51213455200203], [139.47880554199196, 35.50880050659179], [139.48500061035196, 35.50386428833009], [139.48159790039097, 35.50320053100588], [139.47700500488304, 35.50159835815433], [139.46780395507804, 35.50220108032233], [139.46820068359403, 35.50320053100588], [139.46859741210898, 35.50493240356449], [139.46600341796903, 35.50893402099612], [139.46400451660202, 35.5157318115234], [139.46159362793003, 35.51966476440428], [139.45530700683602, 35.51993179321286], [139.456008911133, 35.52399826049798], [139.45800781250003, 35.528064727783196], [139.44799804687503, 35.53673171997069], [139.44329833984403, 35.54273223876951], [139.440795898438, 35.54259872436518], [139.43559265136696, 35.54626464843748], [139.432495117188, 35.54779815673827], [139.427200317383, 35.552333831787145], [139.42359924316403, 35.55826568603521], [139.41729736328102, 35.5617980957031], [139.410095214844, 35.5717315673828], [139.407608032227, 35.57579803466801], [139.40289306640602, 35.57533264160161], [139.39860534668, 35.58440017700201], [139.39469909668, 35.58426666259768], [139.392196655273, 35.585464477539134], [139.390701293945, 35.58539962768547], [139.390106201172, 35.58653259277344], [139.389495849609, 35.587600708007834], [139.385696411133, 35.58819961547847], [139.379501342773, 35.58993148803708], [139.375305175781, 35.59413146972663], [139.371795654297, 35.594200134277294], [139.36320495605497, 35.59893417358399], [139.356002807617, 35.59913253784181], [139.34669494628898, 35.60193252563481], [139.34140014648398, 35.60480117797848], [139.33070373535196, 35.603534698486264], [139.32150268554696, 35.60580062866212], [139.31379699706997, 35.60440063476557], [139.31210327148398, 35.604331970214815], [139.30459594726597, 35.605201721191385], [139.30029296874997, 35.60606765747069], [139.29679870605503, 35.609001159668026], [139.29249572753903, 35.611198425293026], [139.28219604492196, 35.6129989624023], [139.26890563964804, 35.60926437377933], [139.26730346679702, 35.60820007324221], [139.26480102539102, 35.60233306884772], [139.25869750976602, 35.603534698486264], [139.25289916992202, 35.60186767578132], [139.24679565429702, 35.605201721191385], [139.240600585938, 35.60626602172851], [139.23600769043, 35.61046600341797], [139.23289489746102, 35.61266708374024], [139.230392456055, 35.61653137207028], [139.226196289063, 35.6225318908691], [139.220397949219, 35.62566757202152], [139.221405029297, 35.628532409668004], [139.215805053711, 35.636798858642585], [139.21569824218798, 35.6460647583008], [139.206604003906, 35.65073394775393], [139.200897216797, 35.652465820312536], [139.194793701172, 35.6514663696289], [139.192398071289, 35.648464202880895], [139.18420410156298, 35.644931793212926], [139.179901123047, 35.64553451538092], [139.17570495605497, 35.64899826049796], [139.16799926757798, 35.65113449096683], [139.16740417480497, 35.65346527099608], [139.16740417480497, 35.66166687011717], [139.16169738769497, 35.667865753173814], [139.15710449218804, 35.666332244873026], [139.14860534667994, 35.66673278808594], [139.14280700683597, 35.66986846923827], [139.13690185546903, 35.67213439941412], [139.13099670410196, 35.671798706054695], [139.12950134277295, 35.67419815063479], [139.12179565429696, 35.67873382568358], [139.11500549316403, 35.684066772460916], [139.10850524902304, 35.68959808349607], [139.10000610351602, 35.69206619262701], [139.092407226563, 35.69073104858404], [139.08290100097702, 35.69473266601559], [139.074096679688, 35.69566726684574], [139.07150268554702, 35.69666671752928], [139.066101074219, 35.69820022583007], [139.063705444336, 35.69993209838868], [139.05450439453102, 35.70399856567381], [139.049896240234, 35.70766830444338], [139.044204711914, 35.70933151245123], [139.032302856445, 35.71619796752927], [139.025604248047, 35.7193336486816], [139.020095825195, 35.72833251953133], [139.012496948242, 35.7388000488281], [139.01190185546898, 35.738998413085916], [139.00529479980497, 35.74946594238277], [139.00320434570298, 35.750331878662074], [138.996795654297, 35.75226593017577], [138.99609374999997, 35.753200531005916], [138.99449157714798, 35.7543334960938], [138.99270629882798, 35.757068634033224], [138.98370361328097, 35.769466400146506], [138.98599243164097, 35.778999328613295], [138.98460388183597, 35.78459930419921], [138.97880554199196, 35.78786468505861], [138.97590637206997, 35.79213333129882], [138.97329711914097, 35.797668457031335], [138.97090148925804, 35.80379867553713], [138.97189331054696, 35.81073379516601], [138.96969604492196, 35.81573104858401], [138.96969604492196, 35.83133316040038], [138.96379089355497, 35.8293342590332], [138.95329284667994, 35.83653259277339], [138.94810485839804, 35.841667175293], [138.94830322265597, 35.84933471679694], [138.94400024414102, 35.85466766357418]]], [[[139.82119750976594, 35.63413238525392], [139.82040405273395, 35.639133453369105], [139.82299804687497, 35.64179992675777], [139.82609558105494, 35.64273452758792], [139.82479858398398, 35.63973236083983], [139.83290100097696, 35.6404647827148], [139.83279418945298, 35.6382675170898], [139.82519531249997, 35.63753128051756], [139.82560729980503, 35.634532928466825], [139.82119750976594, 35.63413238525392]]], [[[139.85780334472696, 35.63579940795904], [139.85530090331997, 35.63686752319343], [139.85029602050798, 35.63766479492189], [139.849899291992, 35.63926696777344], [139.85049438476597, 35.63999938964841], [139.85839843749997, 35.63813400268547], [139.85789489746097, 35.63586425781253], [139.85780334472696, 35.63579940795904]]], [[[139.867004394531, 35.633598327636676], [139.86669921874997, 35.63380050659177], [139.86100769042997, 35.63600158691413], [139.86219787597696, 35.6371994018555], [139.86370849609398, 35.63713455200201], [139.86759948730497, 35.63420104980467], [139.867004394531, 35.633598327636676]]], [[[139.768707275391, 35.62646484374998], [139.77670288085903, 35.63093185424801], [139.777297973633, 35.63147354125979], [139.77748107910202, 35.631641387939545], [139.77748107910202, 35.63182067871093], [139.77717590331997, 35.63228225708014], [139.77539062500003, 35.63465881347662], [139.77488708496102, 35.63486099243162], [139.77328491210903, 35.63401794433593], [139.77267456054696, 35.63253784179691], [139.77084350585898, 35.63305282592772], [139.77139282226602, 35.634334564209006], [139.77169799804702, 35.634449005126996], [139.77571105957003, 35.635738372802734], [139.777008056641, 35.636043548584], [139.78190612793, 35.62993240356446], [139.78250122070304, 35.629268646240156], [139.784927368164, 35.62636947631842], [139.78469848632804, 35.62586212158198], [139.78106689453097, 35.62393951416018], [139.78144836425798, 35.62329483032231], [139.792602539063, 35.609531402587905], [139.78704833984398, 35.6020851135254], [139.78549194335903, 35.60350799560547], [139.77326965331997, 35.61848068237296], [139.77438354492193, 35.61932754516601], [139.77360534668, 35.62026596069342], [139.77130126953102, 35.6187629699707], [139.77084350585898, 35.61852264404301], [139.77058410644503, 35.6186752319336], [139.76846313476597, 35.621150970458984], [139.76765441894497, 35.62213134765628], [139.76765441894497, 35.62589263916022], [139.768707275391, 35.62646484374998]]], [[[139.75349426269503, 35.624065399169886], [139.75399780273403, 35.630939483642635], [139.75520324707003, 35.633598327636676], [139.759201049805, 35.633598327636676], [139.759399414063, 35.62799835205077], [139.759399414063, 35.619331359863274], [139.753204345703, 35.61893463134773], [139.75349426269503, 35.624065399169886]]], [[[139.83549499511696, 35.61246490478524], [139.83230590820304, 35.6162643432617], [139.83160400390597, 35.62106704711906], [139.82740783691403, 35.61980056762703], [139.82659912109403, 35.63019943237304], [139.83230590820304, 35.6311340332031], [139.83700561523398, 35.6311340332031], [139.83929443359398, 35.63126754760743], [139.83860778808597, 35.61420059204103], [139.83549499511696, 35.61246490478524]]], [[[139.79490661621102, 35.61380004882812], [139.78520202636702, 35.62506484985352], [139.78990173339804, 35.62760162353521], [139.79660034179702, 35.6190643310547], [139.79789733886696, 35.617801666259844], [139.79490661621102, 35.61380004882812]]], [[[139.74949645996102, 35.58886718750004], [139.749206542969, 35.59233474731453], [139.74909973144503, 35.600734710693445], [139.751800537109, 35.60473251342772], [139.753005981445, 35.617733001709], [139.757507324219, 35.61700057983403], [139.761001586914, 35.61513137817382], [139.76350402832003, 35.60986709594733], [139.761901855469, 35.60906600952151], [139.77279663085903, 35.595600128173835], [139.77639770507804, 35.59066772460941], [139.775100708008, 35.58926773071286], [139.772903442383, 35.58653259277344], [139.76910400390602, 35.58333206176762], [139.77040100097702, 35.5811996459961], [139.775802612305, 35.58533477783198], [139.77720642089804, 35.58520126342774], [139.77859497070304, 35.586399078369105], [139.78700256347702, 35.580398559570284], [139.78329467773403, 35.57719802856447], [139.76672363281298, 35.57709884643547], [139.76637268066403, 35.578487396240206], [139.76695251464798, 35.578815460205085], [139.767929077148, 35.57876205444341], [139.76918029785202, 35.57993698120116], [139.769027709961, 35.58027267456049], [139.768844604492, 35.580455780029325], [139.76855468749997, 35.58068847656248], [139.767822265625, 35.581272125244126], [139.76753234863298, 35.58129501342774], [139.764022827148, 35.57797622680658], [139.76248168945304, 35.57710266113283], [139.75590515136702, 35.57719802856447], [139.75070190429702, 35.58653259277344], [139.74949645996102, 35.58886718750004]]], [[[139.79150390625003, 35.59385299682624], [139.79010009765602, 35.595554351806605], [139.79096984863304, 35.59719467163093], [139.79399108886696, 35.60124206542971], [139.794921875, 35.601577758789134], [139.79895019531298, 35.60684967041016], [139.81057739257798, 35.61315155029298], [139.819152832031, 35.6087417602539], [139.79150390625003, 35.59385299682624]]], [[[139.81320190429696, 35.58953475952153], [139.80560302734403, 35.59946441650387], [139.82020568847702, 35.607334136962905], [139.82679748535196, 35.59693145751954], [139.81320190429696, 35.58953475952153]]], [[[139.805953979492, 35.585582733154304], [139.794799804688, 35.59209060668948], [139.79397583007795, 35.5915489196777], [139.79342651367202, 35.592109680175824], [139.79348754882804, 35.592849731445334], [139.80380249023403, 35.59846496582033], [139.81179809570304, 35.58872604370117], [139.805953979492, 35.585582733154304]]], [[[139.76559448242202, 35.56486511230467], [139.758499145508, 35.5684661865234], [139.757705688477, 35.57426452636722], [139.764404296875, 35.57466506958013], [139.77369689941403, 35.574531555175795], [139.76559448242202, 35.56486511230467]]], [[[139.43879699707003, 34.67860031127927], [139.43130493164102, 34.67860031127927], [139.42599487304702, 34.68193435668951], [139.42379760742202, 34.6817359924316], [139.413696289063, 34.680866241455114], [139.410903930664, 34.680667877197294], [139.40339660644503, 34.68226623535157], [139.400207519531, 34.68293380737297], [139.39669799804702, 34.683265686035206], [139.394805908203, 34.68613433837888], [139.391998291016, 34.6867332458496], [139.383804321289, 34.693000793457], [139.375793457031, 34.69639968872073], [139.371795654297, 34.69913482666024], [139.367904663086, 34.69960021972664], [139.35949707031298, 34.701732635497976], [139.36109924316398, 34.708934783935526], [139.35290527343795, 34.71799850463874], [139.35290527343795, 34.72740173339838], [139.35540771484398, 34.73300170898438], [139.35639953613298, 34.7407989501953], [139.354293823242, 34.74426651000979], [139.35319519042997, 34.74980163574221], [139.349899291992, 34.751800537109396], [139.35200500488298, 34.751598358154304], [139.351898193359, 34.75320053100594], [139.350799560547, 34.755535125732365], [139.34880065917997, 34.7645988464355], [139.35119628906298, 34.767066955566435], [139.34980773925798, 34.77393341064447], [139.350692749023, 34.783931732177656], [139.353500366211, 34.787868499755895], [139.357498168945, 34.792201995849595], [139.36030578613298, 34.798801422119055], [139.366104125977, 34.79673385620121], [139.371795654297, 34.798267364501996], [139.377105712891, 34.794067382812536], [139.37980651855497, 34.79413223266602], [139.381896972656, 34.79166793823244], [139.388900756836, 34.7887344360352], [139.391204833984, 34.78933334350593], [139.399597167969, 34.78793334960938], [139.407608032227, 34.78633499145511], [139.411895751953, 34.786998748779325], [139.41319274902304, 34.78559875488278], [139.42030334472702, 34.78106689453126], [139.42170715332003, 34.78139877319341], [139.43449401855503, 34.77033233642583], [139.438903808594, 34.76166534423834], [139.44070434570304, 34.75320053100594], [139.44410705566403, 34.74713134765627], [139.44709777832003, 34.74560165405266], [139.44839477539102, 34.73853302001954], [139.44490051269503, 34.73473358154299], [139.44549560546903, 34.72753524780271], [139.44679260253903, 34.72200012207029], [139.44960021972702, 34.715332031249986], [139.44639587402304, 34.71133422851562], [139.44349670410202, 34.70393371582034], [139.44920349121102, 34.698532104492244], [139.44859313964804, 34.694667816162124], [139.44549560546903, 34.68946456909176], [139.445007324219, 34.68473434448242], [139.43989562988304, 34.685199737548814], [139.43930053710903, 34.686866760253935], [139.436706542969, 34.6882019042969], [139.44020080566403, 34.682800292968814], [139.43879699707003, 34.67860031127927]]], [[[139.27529907226602, 34.511135101318416], [139.26849365234403, 34.51653289794924], [139.26849365234403, 34.52706527709958], [139.27529907226602, 34.53213500976561], [139.27969360351602, 34.532066345214766], [139.28030395507804, 34.53446578979486], [139.28080749511693, 34.53440093994137], [139.28059387206997, 34.532066345214766], [139.28309631347702, 34.532066345214766], [139.28410339355503, 34.53200149536128], [139.288208007813, 34.53053283691407], [139.29310607910202, 34.5242004394531], [139.28199768066403, 34.51246643066412], [139.27529907226602, 34.511135101318416]]], [[[139.29319763183597, 34.46966552734382], [139.29029846191403, 34.47320175170898], [139.28739929199196, 34.47740173339843], [139.28909301757804, 34.47719955444343], [139.296508789063, 34.47333526611331], [139.29890441894497, 34.47046661376946], [139.29319763183597, 34.46966552734382]]], [[[139.27250671386702, 34.32993316650387], [139.25740051269503, 34.33653259277342], [139.254104614258, 34.338600158691364], [139.24679565429702, 34.34586715698239], [139.24470520019503, 34.347599029541], [139.24510192871102, 34.35373306274407], [139.242599487305, 34.362266540527315], [139.243804931641, 34.36800003051756], [139.244003295898, 34.36759948730474], [139.24679565429702, 34.36873245239262], [139.25529479980503, 34.383533477783175], [139.255798339844, 34.395133972168], [139.255401611328, 34.3998680114746], [139.26559448242202, 34.4072647094727], [139.268005371094, 34.41460037231449], [139.27189636230503, 34.41666793823243], [139.27400207519503, 34.416599273681584], [139.27479553222702, 34.41526794433589], [139.28059387206997, 34.41986465454098], [139.28129577636696, 34.42306900024407], [139.27850341796903, 34.43093490600592], [139.28100585937503, 34.4305992126465], [139.28520202636696, 34.42879867553714], [139.29020690918003, 34.42440032958977], [139.29110717773403, 34.41986465454098], [139.29119873046903, 34.4193344116211], [139.28640747070304, 34.413135528564545], [139.29100036621094, 34.408332824707], [139.290405273438, 34.40700149536131], [139.28990173339804, 34.40266799926761], [139.28520202636696, 34.39993286132809], [139.27769470214804, 34.388801574707024], [139.27650451660202, 34.3495330810547], [139.27270507812503, 34.33653259277342], [139.27250671386702, 34.32993316650387]]], [[[139.227005004883, 34.36719894409183], [139.227493286133, 34.369598388671925], [139.223403930664, 34.375068664550774], [139.22660827636702, 34.37433242797853], [139.228500366211, 34.373134613037074], [139.228698730469, 34.367733001708984], [139.227005004883, 34.36719894409183]]], [[[139.210693359375, 34.33673477172851], [139.20959472656298, 34.33713150024406], [139.209701538086, 34.3376655578613], [139.211898803711, 34.337535858154325], [139.210693359375, 34.33673477172851]]], [[[139.213394165039, 34.31626892089838], [139.210891723633, 34.31753158569341], [139.20849609375, 34.317333221435504], [139.20719909668, 34.32053375244141], [139.204803466797, 34.3212013244629], [139.203598022461, 34.320468902587926], [139.201507568359, 34.31626892089838], [139.19709777832, 34.31700134277344], [139.197006225586, 34.31706619262702], [139.195693969727, 34.31793212890632], [139.194900512695, 34.32113265991214], [139.20060729980497, 34.3253326416016], [139.200408935547, 34.32886886596684], [139.204193115234, 34.326866149902294], [139.205001831055, 34.328731536865234], [139.20539855957, 34.32806777954102], [139.206405639648, 34.32979965209963], [139.207794189453, 34.32973480224614], [139.20719909668, 34.33466720581048], [139.20730590820298, 34.33566665649412], [139.208801269531, 34.334800720214815], [139.21040344238298, 34.33639907836909], [139.212005615234, 34.33653259277342], [139.212799072266, 34.33653259277342], [139.21440124511702, 34.33486557006839], [139.21440124511702, 34.332931518554695], [139.21569824218798, 34.33326721191411], [139.221405029297, 34.33179855346681], [139.222595214844, 34.33039855957027], [139.22369384765602, 34.330600738525355], [139.22579956054702, 34.33039855957027], [139.226501464844, 34.326866149902294], [139.224502563477, 34.32366561889648], [139.223205566406, 34.32353210449223], [139.222793579102, 34.32180023193362], [139.221206665039, 34.32260131835944], [139.219100952148, 34.320266723632834], [139.217498779297, 34.317333221435504], [139.215896606445, 34.31753158569341], [139.214904785156, 34.31779861450199], [139.213394165039, 34.31626892089838]]], [[[139.27830505371102, 34.32433319091796], [139.27529907226602, 34.3253326416016], [139.27700805664102, 34.32746887207029], [139.28010559082003, 34.32546615600593], [139.27830505371102, 34.32433319091796]]], [[[139.12899780273398, 34.185066223144496], [139.12840270996097, 34.18540191650391], [139.12660217285193, 34.18700027465819], [139.12510681152304, 34.18906784057622], [139.12339782714795, 34.18866729736331], [139.12179565429696, 34.18853378295898], [139.12040710449196, 34.18973159790043], [139.12040710449196, 34.189933776855526], [139.12019348144497, 34.191467285156314], [139.11999511718804, 34.192134857177706], [139.12179565429696, 34.19906616210941], [139.12989807128895, 34.20126724243159], [139.13139343261696, 34.20133209228517], [139.13310241699196, 34.20353317260744], [139.13040161132804, 34.21533203124999], [139.13380432128903, 34.21693420410163], [139.12980651855503, 34.220066070556605], [139.12840270996097, 34.2220001220703], [139.13240051269497, 34.223598480224574], [139.13630676269497, 34.224933624267635], [139.13490295410196, 34.23379898071294], [139.13580322265597, 34.23706817626952], [139.13690185546903, 34.240734100341825], [139.14160156249997, 34.24346542358398], [139.14660644531304, 34.241531372070284], [139.15179443359398, 34.2395324707031], [139.15499877929696, 34.2395324707031], [139.16940307617196, 34.23199844360349], [139.17230224609398, 34.22046661376951], [139.17500305175798, 34.21686553955078], [139.17419433593798, 34.21513366699217], [139.17440795898398, 34.210399627685476], [139.17539978027298, 34.205001831054744], [139.171600341797, 34.20460128784183], [139.16889953613298, 34.20833206176763], [139.16140747070298, 34.20600128173829], [139.15390014648398, 34.201801300048835], [139.15490722656304, 34.198734283447344], [139.15600585937497, 34.19546890258786], [139.15339660644497, 34.19433212280271], [139.15249633789097, 34.1930656433105], [139.147994995117, 34.19660186767583], [139.14599609374997, 34.187999725341825], [139.14390563964798, 34.18793487548834], [139.14270019531304, 34.18619918823237], [139.14140319824196, 34.187068939209034], [139.13859558105497, 34.1854667663574], [139.13740539550804, 34.18560028076173], [139.13369750976597, 34.18626785278322], [139.13270568847693, 34.18579864501947], [139.12899780273398, 34.185066223144496]]], [[[139.192108154297, 34.206531524658175], [139.18940734863298, 34.20786666870123], [139.19140624999997, 34.20893478393553], [139.19299316406298, 34.208198547363295], [139.192108154297, 34.206531524658175]]], [[[139.072906494141, 34.18306732177731], [139.073501586914, 34.18533325195307], [139.07600402832003, 34.18373489379879], [139.07550048828102, 34.18366622924804], [139.072906494141, 34.18306732177731]]], [[[139.50210571289097, 34.04539871215821], [139.49679565429696, 34.047866821289055], [139.49380493164097, 34.04833221435554], [139.48870849609403, 34.051666259765604], [139.48260498046903, 34.05120086669921], [139.47979736328097, 34.05699920654303], [139.47790527343804, 34.063133239746094], [139.48019409179696, 34.06620025634767], [139.48019409179696, 34.06740188598631], [139.47920227050804, 34.066333770752], [139.47900390624994, 34.068065643310526], [139.47990417480503, 34.06840133666994], [139.47700500488304, 34.07253265380864], [139.47360229492196, 34.07593154907229], [139.47309875488304, 34.07653427124019], [139.48190307617196, 34.08313369750983], [139.48139953613304, 34.08586883544917], [139.48109436035196, 34.08653259277338], [139.48199462890597, 34.08760070800778], [139.48530578613304, 34.092731475830114], [139.48820495605503, 34.09673309326166], [139.48970031738304, 34.10026550292972], [139.49389648437497, 34.10313415527339], [139.49000549316395, 34.111267089843814], [139.49139404296898, 34.11719894409179], [139.49679565429696, 34.11993408203131], [139.49819946289097, 34.121398925781335], [139.50559997558597, 34.12213134765631], [139.51190185546898, 34.12013244628913], [139.52029418945298, 34.12446594238283], [139.523498535156, 34.124332427978494], [139.52670288085898, 34.12440109252934], [139.535995483398, 34.12346649169919], [139.538803100586, 34.123668670654276], [139.54719543457, 34.118465423584006], [139.54910278320298, 34.116600036621065], [139.558502197266, 34.111267089843814], [139.564895629883, 34.102134704589844], [139.56559753418, 34.092533111572294], [139.561798095703, 34.08653259277338], [139.561508178711, 34.08259963989259], [139.564804077148, 34.079864501953075], [139.56379699707, 34.079200744628864], [139.562408447266, 34.06846618652343], [139.557693481445, 34.06433486938482], [139.553802490234, 34.06046676635743], [139.546005249023, 34.05720138549803], [139.542495727539, 34.05580139160158], [139.539596557617, 34.054332733154276], [139.53559875488298, 34.05279922485349], [139.533996582031, 34.05026626586906], [139.53190612792997, 34.04826736450197], [139.532196044922, 34.047466278076236], [139.52940368652298, 34.04633331298827], [139.525695800781, 34.048999786377024], [139.52229309082, 34.04706573486333], [139.51470947265597, 34.04813385009772], [139.50869750976597, 34.047000885009844], [139.50210571289097, 34.04539871215821]]], [[[139.620803833008, 33.85200119018547], [139.61309814453102, 33.85240173339838], [139.59420776367202, 33.854335784912074], [139.58219909668, 33.85793304443362], [139.57780456543, 33.862468719482415], [139.577301025391, 33.880466461181605], [139.59049987793, 33.89680099487304], [139.60020446777304, 33.90073394775392], [139.60560607910202, 33.900665283203075], [139.61669921875003, 33.89253234863283], [139.62179565429693, 33.887599945068395], [139.63209533691403, 33.869800567627024], [139.62179565429693, 33.853065490722685], [139.620803833008, 33.85200119018547]]], [[[139.83219909667994, 33.046066284179716], [139.81750488281304, 33.05879974365233], [139.81469726562494, 33.057933807373026], [139.81410217285202, 33.05846786499018], [139.81019592285193, 33.0582008361816], [139.80549621581997, 33.059932708740206], [139.80270385742202, 33.06299972534178], [139.79789733886696, 33.06213378906248], [139.79499816894503, 33.06366729736327], [139.786499023438, 33.06826782226563], [139.78109741210903, 33.07246780395509], [139.77960205078102, 33.0865325927734], [139.779907226563, 33.087200164794886], [139.77720642089804, 33.09726715087892], [139.77749633789102, 33.09953308105468], [139.776000976563, 33.09880065917971], [139.77340698242202, 33.097934722900405], [139.77130126953102, 33.09846878051756], [139.77130126953102, 33.09966659545901], [139.77030944824202, 33.09906768798829], [139.768905639648, 33.1003341674805], [139.759796142578, 33.102066040039105], [139.754806518555, 33.104400634765625], [139.752304077148, 33.111934661865234], [139.74679565429702, 33.119201660156264], [139.746505737305, 33.11933135986333], [139.740097045898, 33.13053131103524], [139.739105224609, 33.14546585083013], [139.743499755859, 33.15299987792974], [139.74679565429702, 33.155132293701165], [139.74679565429702, 33.15566635131841], [139.74679565429702, 33.15593338012698], [139.757598876953, 33.15879821777338], [139.764907836914, 33.15786743164059], [139.76759338378903, 33.15800094604492], [139.77139282226602, 33.15800094604492], [139.77310180664102, 33.157199859619105], [139.78089904785202, 33.151199340820284], [139.79510498046903, 33.14193344116207], [139.79820251464804, 33.133865356445305], [139.80459594726602, 33.13180160522464], [139.80520629882804, 33.13053131103524], [139.80259704589804, 33.131866455078125], [139.80560302734403, 33.12926864624021], [139.80639648437503, 33.13133239746088], [139.80690002441403, 33.13113403320306], [139.81329345703097, 33.12793350219733], [139.81750488281304, 33.122467041015575], [139.81959533691395, 33.122665405273395], [139.81790161132804, 33.121734619140604], [139.81770324706997, 33.1195983886719], [139.81959533691395, 33.119731903076236], [139.82760620117196, 33.117134094238324], [139.83349609374997, 33.1174011230469], [139.84190368652298, 33.11626434326166], [139.84640502929696, 33.11640167236327], [139.84939575195298, 33.10926818847656], [139.85670471191398, 33.09939956665044], [139.85450744628898, 33.09353256225586], [139.85769653320298, 33.0865325927734], [139.85879516601597, 33.08526611328128], [139.85810852050804, 33.07846450805664], [139.85060119628898, 33.07740020751952], [139.845993041992, 33.076000213622976], [139.84040832519497, 33.075267791748004], [139.83970642089798, 33.07300186157233], [139.83349609374997, 33.06560134887697], [139.83390808105503, 33.05686569213872], [139.83680725097696, 33.0506019592285], [139.83509826660196, 33.047401428222685], [139.83219909667994, 33.046066284179716]]], [[[139.69940185546898, 33.11573410034178], [139.69769287109398, 33.11653137207033], [139.68969726562497, 33.11646652221684], [139.68600463867196, 33.11673355102542], [139.67669677734398, 33.129333496093786], [139.67570495605497, 33.132465362548764], [139.67610168456997, 33.135601043701186], [139.67829895019497, 33.1344680786133], [139.683395385742, 33.13619995117191], [139.68539428710898, 33.13619995117191], [139.688293457031, 33.13273239135743], [139.69599914550798, 33.12846755981448], [139.699996948242, 33.11800003051763], [139.69940185546898, 33.11573410034178]]], [[[139.76919555664102, 32.442001342773366], [139.76139831543, 32.445068359375036], [139.755706787109, 32.44853210449216], [139.754608154297, 32.46893310546881], [139.757705688477, 32.472335815429716], [139.76969909668, 32.46786880493159], [139.77780151367202, 32.45993423461908], [139.77980041503903, 32.45759963989256], [139.78050231933602, 32.44806671142577], [139.76919555664102, 32.442001342773366]]], [[[139.38315235516197, 34.04926147435383], [139.38427565587645, 34.04943340813659], [139.3850550890254, 34.04887175777944], [139.38435589164177, 34.0477828438215], [139.3834732982234, 34.04819548490032], [139.38287726110954, 34.04895199354467], [139.38315235516197, 34.04926147435383]]], [[[138.83802055364154, 33.96314230130752], [138.8381189884977, 33.96312213995138], [138.83813084811916, 33.962973894685895], [138.83812610427057, 33.96292171235242], [138.83804783077036, 33.962920526390334], [138.8379197468609, 33.96298101045858], [138.83791500301268, 33.96302607701937], [138.83798023092925, 33.963069957617904], [138.83802055364154, 33.96314230130752]]], [[[138.83578521141393, 33.963247961104166], [138.83584419900797, 33.96324564786514], [138.83586501815898, 33.96319938308558], [138.83584824717616, 33.96314617858877], [138.83581586183038, 33.963109166764944], [138.83575398268775, 33.96315427492535], [138.83574357311224, 33.963226563643474], [138.83578521141393, 33.963247961104166]]], [[[139.29879553259204, 33.652336279129464], [139.2991161821775, 33.652336279129464], [139.2993566693666, 33.651988908745096], [139.29957043575698, 33.65143667890351], [139.2993210416349, 33.65088444906174], [139.29885788112264, 33.65063505493968], [139.29875099792739, 33.65085772826301], [139.29828783741496, 33.65176623542194], [139.29833237207978, 33.6522917444648], [139.29879553259204, 33.652336279129464]]], [[[138.81533822735355, 33.946976744213515], [138.8156633185001, 33.94685289996737], [138.815841344604, 33.94648136722857], [138.8156478379693, 33.94635752298225], [138.81529952602662, 33.94684515970187], [138.81533822735355, 33.946976744213515]]], [[[138.8165147476932, 33.94671357519023], [138.81666955300105, 33.946612951740214], [138.81695594282039, 33.946473626963076], [138.81694046228958, 33.946318821655304], [138.8167159945934, 33.94629560085917], [138.8165147476932, 33.94640396457451], [138.81638316318146, 33.946566510147775], [138.8165147476932, 33.94671357519023]]], [[[138.81736617688614, 33.943911599118444], [138.81746680033632, 33.943911599118444], [138.81757516405185, 33.94373357301454], [138.81764482644041, 33.9434162221335], [138.81747454060164, 33.94339300133737], [138.81727329370162, 33.9435091053182], [138.81736617688614, 33.943911599118444]]], [[[138.8174513198055, 33.943269157091045], [138.81756742378653, 33.9433233389488], [138.81766804723654, 33.94330011815267], [138.81770674856355, 33.942858923025305], [138.81738165741695, 33.942882143821436], [138.8174513198055, 33.943269157091045]]]]}}, {"type": "Feature", "properties": {"nam": "Ishikawa Ken", "nam_ja": "石川県", "id": 17, "adjacent": true}, "geometry": {"type": "MultiPolygon", "coordinates": [[[[136.91380310058597, 37.84466552734377], [136.91230773925795, 37.84799957275393], [136.91499328613298, 37.85160064697274], [136.91690063476597, 37.85393142700199], [136.92210388183597, 37.855201721191385], [136.92320251464798, 37.855400085449205], [136.924392700195, 37.85213470458981], [136.91979980468798, 37.85013198852544], [136.918594360352, 37.849868774414134], [136.91929626464798, 37.84799957275393], [136.91619873046898, 37.84706497192378], [136.91380310058597, 37.84466552734377]]], [[[136.901901245117, 37.608867645263736], [136.90060424804696, 37.609466552734375], [136.89700317382798, 37.61013412475586], [136.89509582519497, 37.60979843139653], [136.89779663085898, 37.611801147460895], [136.89880371093804, 37.61273193359377], [136.90130615234395, 37.611534118652315], [136.901901245117, 37.608867645263736]]], [[[136.87710571289102, 37.58673477172849], [136.87469482421903, 37.58959960937497], [136.87530517578097, 37.590267181396456], [136.87570190429696, 37.5901985168457], [136.87710571289102, 37.58673477172849]]], [[[136.85540771484403, 37.58720016479488], [136.85350036621102, 37.5888671875], [136.85479736328097, 37.5888671875], [136.85540771484403, 37.587734222412124], [136.85540771484403, 37.58720016479488]]], [[[137.08569335937497, 37.46626663208012], [137.08589172363298, 37.46680068969727], [137.08740234374997, 37.469001770019545], [137.092391967773, 37.47266769409176], [137.09060668945298, 37.476467132568395], [137.09230041503898, 37.4773330688477], [137.09390258789097, 37.477134704589794], [137.09419250488298, 37.4786643981934], [137.093597412109, 37.479133605956974], [137.09489440917997, 37.479133605956974], [137.09709167480497, 37.479000091552734], [137.1044921875, 37.48020172119137], [137.10729980468798, 37.483264923095675], [137.108795166016, 37.48506546020513], [137.11320495605497, 37.48733139038089], [137.11540222167997, 37.487266540527315], [137.121795654297, 37.49133300781253], [137.133193969727, 37.49480056762701], [137.142196655273, 37.49766540527341], [137.14599609375, 37.49959945678711], [137.16879272460903, 37.50313186645508], [137.171096801758, 37.50313186645508], [137.17750549316403, 37.50013351440426], [137.18780517578102, 37.50246810913087], [137.18769836425804, 37.50320053100592], [137.19059753418003, 37.50426864624023], [137.19309997558602, 37.504199981689474], [137.20149230956997, 37.50820159912111], [137.20199584960895, 37.50746536254878], [137.20770263671903, 37.50613403320308], [137.21789550781304, 37.510398864746115], [137.21839904785196, 37.51419830322266], [137.21960449218804, 37.51593399047854], [137.21980285644497, 37.51586532592769], [137.22210693359403, 37.51480102539057], [137.22639465331997, 37.51760101318357], [137.22839355468804, 37.51660156250002], [137.23120117187497, 37.5168685913086], [137.23309326171898, 37.51679992675784], [137.23590087890597, 37.52133178710936], [137.23719787597696, 37.52133178710936], [137.24180603027298, 37.51946640014651], [137.24679565429696, 37.52213287353518], [137.24679565429696, 37.52273178100591], [137.24650573730497, 37.52299880981448], [137.24679565429696, 37.525001525878935], [137.24679565429696, 37.52526473999024], [137.24679565429696, 37.52579879760739], [137.24909973144497, 37.525001525878935], [137.25659179687497, 37.5285987854004], [137.26069641113298, 37.53066635131842], [137.26319885253898, 37.53133392333982], [137.26530456542997, 37.5285987854004], [137.274795532227, 37.533466339111335], [137.27679443359398, 37.533466339111335], [137.27619934082, 37.531398773193395], [137.281997680664, 37.52733230590818], [137.28860473632798, 37.530132293701186], [137.296005249023, 37.52646636962888], [137.306594848633, 37.52866744995124], [137.30889892578102, 37.52733230590818], [137.325103759766, 37.52966690063479], [137.327499389648, 37.529598236084034], [137.326293945313, 37.52606582641597], [137.3291015625, 37.51953125], [137.338897705078, 37.51666641235351], [137.34489440918003, 37.51573181152336], [137.34359741210903, 37.51139831542966], [137.35099792480503, 37.50320053100592], [137.35020446777304, 37.50180053710938], [137.34950256347702, 37.49833297729489], [137.34440612793, 37.494598388671925], [137.339706420898, 37.48673248291016], [137.34410095214804, 37.47679901123046], [137.35629272460903, 37.466934204101605], [137.35649108886696, 37.46379852294918], [137.36050415039102, 37.45180130004881], [137.35299682617202, 37.44586563110347], [137.34039306640602, 37.44113540649413], [137.313705444336, 37.43866729736329], [137.310699462891, 37.4366683959961], [137.30920410156298, 37.43880081176762], [137.308502197266, 37.439666748046925], [137.305999755859, 37.44046783447274], [137.305999755859, 37.44106674194338], [137.302703857422, 37.44239807128908], [137.289794921875, 37.44260025024408], [137.26750183105497, 37.43733215332032], [137.26620483398398, 37.43306732177729], [137.26600646972696, 37.43313217163086], [137.266403198242, 37.43486785888674], [137.26429748535196, 37.435131072997955], [137.264495849609, 37.43446731567383], [137.26399230957, 37.43439865112298], [137.26019287109398, 37.431865692138736], [137.25920104980497, 37.43320083618162], [137.25680541992196, 37.43180084228516], [137.24819946289097, 37.419868469238274], [137.24679565429696, 37.414001464843786], [137.24490356445298, 37.41133117675776], [137.24440002441398, 37.398265838623], [137.24270629882795, 37.396400451660234], [137.23739624023398, 37.389465332031264], [137.23880004882798, 37.37353134155274], [137.23950195312497, 37.372131347656286], [137.24560546874997, 37.36866760253907], [137.24270629882795, 37.366065979003885], [137.24679565429696, 37.35660171508794], [137.251998901367, 37.3530654907227], [137.25920104980497, 37.355533599853544], [137.26550292968795, 37.357933044433636], [137.26719665527298, 37.35613250732418], [137.26539611816398, 37.353801727294936], [137.262191772461, 37.347999572753935], [137.26170349121097, 37.34573364257809], [137.25579833984398, 37.34433364868163], [137.25250244140597, 37.34066772460942], [137.25430297851597, 37.33866500854487], [137.25650024414097, 37.339065551757784], [137.25819396972696, 37.33893203735354], [137.26429748535196, 37.341064453124964], [137.26759338378898, 37.336532592773445], [137.26159667968798, 37.3299331665039], [137.26460266113298, 37.32766723632814], [137.26199340820298, 37.32540130615229], [137.259994506836, 37.32286834716804], [137.251998901367, 37.31813430786134], [137.24679565429696, 37.307468414306584], [137.24009704589798, 37.30339813232419], [137.23880004882798, 37.306800842285185], [137.23500061035196, 37.310398101806555], [137.23379516601597, 37.31073379516598], [137.23350524902298, 37.30973434448243], [137.23150634765597, 37.31106567382813], [137.23159790039097, 37.30820083618164], [137.23449707031304, 37.30619812011719], [137.22909545898398, 37.30586624145513], [137.22959899902298, 37.30413436889652], [137.23300170898398, 37.30393218994143], [137.23609924316398, 37.30233383178707], [137.23370361328097, 37.299934387206974], [137.22839355468804, 37.300865173339766], [137.23440551757804, 37.29800033569337], [137.22999572753898, 37.29693222045897], [137.22810363769497, 37.296531677246065], [137.22180175781304, 37.29393386840824], [137.22279357910196, 37.29639816284182], [137.21609497070304, 37.29679870605473], [137.21539306640597, 37.2981338500977], [137.21459960937494, 37.29639816284182], [137.21029663085898, 37.296531677246065], [137.20919799804696, 37.29546737670903], [137.20739746093804, 37.296264648437486], [137.20889282226594, 37.301601409912095], [137.20689392089795, 37.301334381103516], [137.20410156250003, 37.3018646240234], [137.19839477539102, 37.299133300781335], [137.19459533691403, 37.29840087890627], [137.191604614258, 37.30106735229494], [137.18600463867202, 37.300132751464794], [137.18150329589804, 37.29986572265631], [137.17889404296903, 37.30093383789061], [137.17289733886702, 37.30033493041988], [137.16949462890602, 37.301334381103516], [137.16389465332003, 37.30479812622073], [137.16259765625003, 37.30113220214843], [137.164703369141, 37.29959869384773], [137.158706665039, 37.29999923706046], [137.15809631347702, 37.301601409912095], [137.156402587891, 37.3033332824707], [137.15299987793, 37.30673217773443], [137.150894165039, 37.30686569213867], [137.151397705078, 37.30466842651367], [137.15289306640602, 37.29853439331052], [137.15060424804702, 37.29893112182624], [137.14999389648403, 37.2966651916504], [137.15289306640602, 37.295333862304695], [137.145202636719, 37.29686737060548], [137.144302368164, 37.29919815063482], [137.136993408203, 37.295799255371094], [137.13020324707, 37.29186630249021], [137.121795654297, 37.289333343505874], [137.117599487305, 37.2890663146973], [137.10809326171898, 37.28173446655269], [137.098892211914, 37.2791328430176], [137.09669494628898, 37.272666931152294], [137.09410095214798, 37.264667510986285], [137.09100341796898, 37.26253509521477], [137.09170532226597, 37.26146697998047], [137.091293334961, 37.259601593017614], [137.093994140625, 37.257133483886676], [137.08700561523398, 37.25320053100589], [137.08659362792997, 37.25106811523437], [137.08320617675795, 37.24846649169919], [137.07679748535196, 37.24566650390628], [137.07519531249997, 37.24386596679691], [137.066696166992, 37.22859954833979], [137.06849670410196, 37.219600677490234], [137.06880187988304, 37.21806716918953], [137.06539916992196, 37.215400695800774], [137.06379699706997, 37.21393203735347], [137.06030273437497, 37.2131996154785], [137.05729675292997, 37.2088661193848], [137.05279541015597, 37.21086502075199], [137.04420471191403, 37.20873260498047], [137.04139709472696, 37.20759963989259], [137.03570556640597, 37.206066131591804], [137.02540588378903, 37.20493316650392], [137.03129577636696, 37.202598571777315], [137.02830505371102, 37.199733734130916], [137.03269958496094, 37.198532104492195], [137.03349304199196, 37.19573211669919], [137.02920532226602, 37.195133209228466], [137.02740478515594, 37.19160079956049], [137.02499389648395, 37.187801361084034], [137.01719665527304, 37.190265655517614], [137.01510620117202, 37.18633270263673], [137.01049804687503, 37.18346786499024], [137.00700378418003, 37.18373107910164], [137.003204345703, 37.18866729736334], [137.00039672851602, 37.19013214111328], [136.99679565429702, 37.1948013305664], [136.99110412597702, 37.19986724853516], [136.987701416016, 37.19913101196292], [136.986999511719, 37.200332641601555], [136.98179626464804, 37.20539855957032], [136.981201171875, 37.201465606689524], [136.979598999023, 37.201667785644524], [136.970092773438, 37.201667785644524], [136.969802856445, 37.206333160400376], [136.96809387207003, 37.20593261718747], [136.966903686523, 37.20893478393547], [136.965805053711, 37.20406723022462], [136.957595825195, 37.20859909057623], [136.958602905273, 37.21300125122068], [136.955993652344, 37.2164649963379], [136.953399658203, 37.215732574462926], [136.954498291016, 37.2187995910645], [136.952392578125, 37.22040176391596], [136.94599914550798, 37.216331481933565], [136.95529174804702, 37.227798461914055], [136.96630859375, 37.233531951904304], [136.963806152344, 37.234264373779276], [136.963897705078, 37.23540115356451], [136.960006713867, 37.23673248291021], [136.958602905273, 37.235931396484396], [136.944198608398, 37.23226547241209], [136.94819641113298, 37.231201171874964], [136.94329833984398, 37.22466659545899], [136.941299438477, 37.229133605957024], [136.938705444336, 37.22626495361327], [136.93719482421898, 37.23006820678709], [136.932998657227, 37.22980117797851], [136.933700561523, 37.23260116577151], [136.93159484863298, 37.23233413696293], [136.930404663086, 37.23153305053712], [136.92820739746097, 37.23020172119142], [136.924896240234, 37.23346710205082], [136.92300415039097, 37.22973251342766], [136.93350219726597, 37.223667144775355], [136.93190002441398, 37.22073364257811], [136.927597045898, 37.221866607665994], [136.925598144531, 37.220134735107386], [136.91799926757798, 37.221401214599595], [136.91589355468798, 37.227466583251996], [136.90640258789097, 37.2179336547852], [136.90960693359398, 37.21913146972657], [136.913299560547, 37.218265533447266], [136.91540527343804, 37.21833419799802], [136.91499328613298, 37.21379852294923], [136.91920471191398, 37.21493148803711], [136.92250061035196, 37.21479797363278], [136.92190551757798, 37.211868286132805], [136.92930603027298, 37.20660018920904], [136.92610168457, 37.19919967651368], [136.925598144531, 37.202400207519496], [136.92449951171898, 37.20546722412107], [136.91760253906295, 37.204132080078104], [136.915496826172, 37.20046615600589], [136.91220092773398, 37.20233154296883], [136.90710449218804, 37.20346832275389], [136.91079711914097, 37.19653320312501], [136.911697387695, 37.19340133666994], [136.90730285644497, 37.19213104248046], [136.90440368652298, 37.185665130615156], [136.90029907226597, 37.18420028686521], [136.90199279785196, 37.18379974365231], [136.89599609374997, 37.177066802978516], [136.89230346679696, 37.17313385009772], [136.88949584960898, 37.169868469238324], [136.88899230956997, 37.169132232665994], [136.88929748535196, 37.16659927368157], [136.88510131835898, 37.16493225097663], [136.87869262695298, 37.15119934082029], [136.87950134277298, 37.14839935302729], [136.87460327148398, 37.146732330322344], [136.87280273437494, 37.144668579101584], [136.87510681152304, 37.144668579101584], [136.87519836425804, 37.14153289794916], [136.87939453124997, 37.135601043701186], [136.88110351562497, 37.14026641845704], [136.88540649414094, 37.13999938964837], [136.88389587402298, 37.14246749877931], [136.88519287109398, 37.14373397827153], [136.88769531249997, 37.143600463867195], [136.889694213867, 37.14406585693359], [136.89199829101597, 37.14139938354492], [136.89590454101597, 37.13746643066413], [136.89750671386696, 37.137599945068374], [136.89959716796898, 37.137531280517614], [136.89770507812497, 37.13106536865231], [136.89379882812497, 37.11953353881842], [136.89270019531304, 37.11133575439451], [136.89070129394497, 37.1107330322266], [136.88349914550804, 37.11520004272463], [136.88049316406304, 37.110065460205114], [136.87339782714798, 37.11426544189448], [136.87179565429696, 37.112934112548785], [136.87020874023403, 37.11339950561518], [136.86340332031304, 37.10826492309566], [136.85899353027295, 37.10626602172848], [136.86239624023398, 37.104400634765625], [136.86579895019497, 37.102600097656264], [136.86619567871097, 37.099132537841776], [136.86669921874994, 37.093132019042955], [136.87109374999997, 37.0889320373535], [136.87130737304696, 37.08653259277341], [136.87089538574196, 37.08653259277341], [136.86840820312503, 37.08653259277341], [136.86199951171903, 37.08306503295901], [136.85940551757804, 37.08100128173834], [136.85910034179696, 37.07646560668946], [136.85850524902304, 37.0727310180664], [136.86259460449196, 37.071132659912124], [136.86450195312503, 37.07453155517577], [136.87179565429696, 37.07173538208012], [136.88160705566403, 37.06853103637703], [136.88549804687497, 37.068668365478544], [136.88769531249997, 37.0685997009277], [136.88920593261696, 37.07366561889646], [136.89460754394497, 37.07206726074219], [136.89830017089798, 37.07206726074219], [136.90350341796898, 37.077331542968764], [136.90580749511696, 37.07726669311519], [136.904098510742, 37.08193206787113], [136.90510559081997, 37.08653259277341], [136.90649414062497, 37.08833312988277], [136.91099548339798, 37.09080123901371], [136.912902832031, 37.090534210205135], [136.914108276367, 37.09059906005862], [136.91540527343804, 37.090866088867195], [136.924606323242, 37.08813476562504], [136.92630004882798, 37.08653259277341], [136.92669677734398, 37.08606719970701], [136.92919921875, 37.08653259277341], [136.93069458007798, 37.08739852905271], [136.93550109863298, 37.08653259277341], [136.94189453125, 37.08380126953134], [136.943603515625, 37.08380126953134], [136.936294555664, 37.07926559448237], [136.936004638672, 37.07433319091803], [136.940002441406, 37.06806564331046], [136.944595336914, 37.068332672119126], [136.946304321289, 37.068199157714794], [136.953201293945, 37.068332672119126], [136.962295532227, 37.067531585693395], [136.95820617675798, 37.05893325805658], [136.956298828125, 37.05979919433588], [136.95550537109398, 37.0573348999023], [136.960205078125, 37.05486679077154], [136.960205078125, 37.051601409912145], [136.962600708008, 37.05326461791991], [136.970901489258, 37.047668457031264], [136.97489929199202, 37.047866821289084], [136.975997924805, 37.05339813232424], [136.97760009765602, 37.0510673522949], [136.978607177734, 37.052665710449176], [136.979995727539, 37.052532196044936], [136.97970581054702, 37.05059814453133], [136.983306884766, 37.0502014160156], [136.980499267578, 37.04840087890632], [136.98300170898403, 37.04953384399411], [136.983901977539, 37.04859924316414], [136.99150085449202, 37.052665710449176], [136.99339294433602, 37.05166625976563], [136.99459838867202, 37.052665710449176], [136.992706298828, 37.05606842041018], [136.99389648437503, 37.05673217773439], [136.992309570313, 37.05646514892582], [136.99119567871102, 37.057998657226605], [136.99459838867202, 37.05979919433588], [136.99679565429702, 37.05920028686524], [136.99980163574202, 37.05546569824218], [137.004104614258, 37.057399749755874], [137.00680541992202, 37.062133789062486], [137.00390625000003, 37.063865661621094], [137.00469970703102, 37.06813430786131], [137.00869750976602, 37.07233428955076], [137.01080322265602, 37.071666717529276], [137.01139831543003, 37.07373428344731], [137.00999450683602, 37.08033370971677], [137.01170349121102, 37.08653259277341], [137.01220703125003, 37.08773422241213], [137.01359558105503, 37.090667724609375], [137.01730346679702, 37.09533309936523], [137.02270507812503, 37.10139846801763], [137.02499389648395, 37.103134155273416], [137.02560424804702, 37.102333068847685], [137.02670288085903, 37.102798461914084], [137.029907226563, 37.107131958007784], [137.03419494628903, 37.10359954833981], [137.04179382324196, 37.107601165771534], [137.04310607910202, 37.10673522949223], [137.04460144043003, 37.10680007934572], [137.05130004882804, 37.10680007934572], [137.05740356445304, 37.10813140869142], [137.05639648437497, 37.10393142700196], [137.05189514160196, 37.10453414916987], [137.04930114746097, 37.098934173583956], [137.05200195312497, 37.09533309936523], [137.05049133300804, 37.08653259277341], [137.05039978027298, 37.0832672119141], [137.05310058593804, 37.07666397094728], [137.05310058593804, 37.07239913940434], [137.05189514160196, 37.06613540649412], [137.04919433593804, 37.05846786499018], [137.04960632324196, 37.05346679687499], [137.04660034179696, 37.03906631469726], [137.04739379882795, 37.03113555908201], [137.05090332031304, 37.02153396606446], [137.04679870605503, 37.01200103759767], [137.04710388183597, 37.00320053100594], [137.05369567871097, 36.995201110839844], [137.04930114746097, 36.98740005493157], [137.05000305175804, 36.982868194580135], [137.05020141601594, 36.97813415527344], [137.05650329589798, 36.968067169189496], [137.05310058593804, 36.9628677368164], [137.05160522460898, 36.959533691406335], [137.03729248046903, 36.96726608276368], [137.02549743652304, 36.96300125122073], [137.01959228515597, 36.96366500854486], [137.00959777832003, 36.962200164794915], [137.00399780273403, 36.96166610717768], [136.99679565429702, 36.96653366088871], [136.985794067383, 36.96673202514653], [136.985702514648, 36.965400695800824], [136.983901977539, 36.95893478393552], [136.980102539063, 36.95073318481452], [136.972503662109, 36.94459915161127], [136.96940612793, 36.94793319702151], [136.964904785156, 36.948932647705064], [136.96369934082, 36.94873428344733], [136.953399658203, 36.95626831054694], [136.940399169922, 36.952800750732365], [136.93420410156298, 36.950599670410185], [136.93069458007798, 36.950599670410185], [136.92810058593798, 36.94793319702151], [136.924606323242, 36.94233322143551], [136.921493530273, 36.93773269653324], [136.91929626464798, 36.93773269653324], [136.91419982910196, 36.93053436279296], [136.906295776367, 36.92786788940429], [136.90220642089798, 36.92660140991208], [136.89729309081997, 36.92466735839838], [136.89540100097696, 36.924934387207045], [136.89280700683597, 36.91986846923829], [136.88719177246097, 36.91666793823238], [136.88529968261696, 36.91413497924804], [136.87930297851594, 36.90679931640634], [136.87849426269497, 36.89640045166024], [136.88150024414097, 36.88813400268548], [136.88510131835898, 36.88499832153324], [136.88180541992196, 36.88113403320312], [136.88130187988304, 36.875198364257784], [136.87469482421903, 36.86773300170902], [136.87310791015597, 36.86786651611326], [136.87179565429696, 36.86546707153317], [136.86950683593804, 36.86213302612302], [136.86210632324196, 36.86053466796883], [136.86250305175804, 36.85660171508786], [136.86140441894494, 36.85453414916992], [136.86680603027304, 36.850868225097706], [136.86169433593804, 36.84759902954104], [136.86259460449196, 36.84246826171879], [136.86039733886696, 36.84153366088873], [136.85620117187503, 36.84006500244143], [136.85639953613304, 36.836532592773366], [136.85920715332003, 36.82839965820312], [136.85409545898395, 36.820598602294936], [136.85319519043003, 36.81766510009769], [136.84869384765597, 36.81240081787111], [136.84919738769494, 36.8089981079102], [136.85040283203094, 36.80153274536126], [136.85369873046903, 36.79426574707031], [136.85060119628903, 36.786933898925795], [136.84300231933602, 36.78193283081052], [136.84869384765597, 36.774600982666], [136.85220336914102, 36.76973342895506], [136.84730529785202, 36.757801055908175], [136.84489440918003, 36.755867004394474], [136.84440612793003, 36.753200531005895], [136.83770751953102, 36.744934082031314], [136.833206176758, 36.74326705932619], [136.82609558105503, 36.74166870117192], [136.82499694824202, 36.742198944091804], [136.82179260253903, 36.73960113525389], [136.81930541992202, 36.730731964111314], [136.81449890136702, 36.730533599853494], [136.807403564453, 36.72980117797852], [136.805603027344, 36.728733062744126], [136.796096801758, 36.72986602783201], [136.793106079102, 36.72473144531249], [136.791900634766, 36.72033309936521], [136.789093017578, 36.71846771240227], [136.801696777344, 36.70893478393548], [136.80450439453102, 36.70713424682621], [136.811401367188, 36.70366668701172], [136.81509399414102, 36.69993209838866], [136.81159973144503, 36.69273376464838], [136.810806274414, 36.68519973754877], [136.816101074219, 36.68560028076168], [136.820999145508, 36.68273544311519], [136.82139587402304, 36.67986679077153], [136.82139587402304, 36.67413330078128], [136.82350158691403, 36.66986846923834], [136.81979370117202, 36.66773223876946], [136.815795898438, 36.66299819946294], [136.81289672851602, 36.65946578979488], [136.80720520019503, 36.654067993164055], [136.809005737305, 36.65186691284178], [136.805694580078, 36.64733505249018], [136.80229187011702, 36.64746856689451], [136.799697875977, 36.64366531372069], [136.79879760742202, 36.63579940795902], [136.792999267578, 36.63106536865232], [136.791000366211, 36.63119888305656], [136.785797119141, 36.62973403930662], [136.784194946289, 36.62300109863283], [136.783599853516, 36.614734649658246], [136.785507202148, 36.612133026122976], [136.788299560547, 36.60660171508791], [136.789306640625, 36.605533599853516], [136.789901733398, 36.60273361206052], [136.78869628906298, 36.60160064697273], [136.789199829102, 36.592601776123], [136.79379272460903, 36.5891342163086], [136.794403076172, 36.586532592773416], [136.793395996094, 36.581466674804744], [136.792404174805, 36.573265075683565], [136.79179382324202, 36.56900024414062], [136.80110168457003, 36.56959915161126], [136.809997558594, 36.56140136718752], [136.81689453125003, 36.55206680297846], [136.809494018555, 36.533134460449205], [136.80110168457003, 36.5208015441895], [136.79960632324202, 36.52119827270514], [136.796997070313, 36.51313400268547], [136.794692993164, 36.5080680847168], [136.796005249023, 36.503200531005945], [136.79449462890602, 36.49746704101561], [136.79759216308602, 36.492465972900426], [136.80009460449202, 36.49073410034182], [136.80229187011702, 36.49033355712891], [136.801193237305, 36.48386764526369], [136.795501708984, 36.473133087158175], [136.797805786133, 36.4680671691895], [136.79570007324202, 36.46366500854487], [136.797500610352, 36.46120071411129], [136.787994384766, 36.45293426513671], [136.79049682617202, 36.44706726074222], [136.796401977539, 36.44446563720704], [136.78340148925798, 36.43646621704104], [136.777404785156, 36.431335449218786], [136.773406982422, 36.43280029296882], [136.768905639648, 36.429668426513665], [136.768798828125, 36.42340087890627], [136.771102905273, 36.42246627807621], [136.771102905273, 36.419868469238295], [136.770294189453, 36.41453170776369], [136.778701782227, 36.41453170776369], [136.784698486328, 36.40973281860351], [136.795303344727, 36.39986801147456], [136.795196533203, 36.39440155029298], [136.797302246094, 36.388935089111314], [136.797393798828, 36.384334564209034], [136.800399780273, 36.37786483764646], [136.801300048828, 36.368534088134844], [136.80619812011702, 36.36339950561524], [136.80729675293, 36.35846710205081], [136.80419921875, 36.35559844970697], [136.79759216308602, 36.35246658325199], [136.79040527343798, 36.348201751708956], [136.78730773925798, 36.348865509033175], [136.784103393555, 36.34220123291023], [136.785003662109, 36.33919906616214], [136.785705566406, 36.33653259277338], [136.785003662109, 36.33086776733398], [136.783599853516, 36.32899856567377], [136.789993286133, 36.32180023193358], [136.789001464844, 36.31380081176758], [136.792098999023, 36.299133300781264], [136.795104980469, 36.29380035400393], [136.798202514648, 36.29133224487299], [136.805297851563, 36.28480148315429], [136.805603027344, 36.276798248291016], [136.81309509277304, 36.271266937255945], [136.81449890136702, 36.26633453369143], [136.82209777832003, 36.266399383544915], [136.82479858398403, 36.26606750488276], [136.82969665527304, 36.26613235473634], [136.83259582519503, 36.26606750488276], [136.83430480957003, 36.26366806030267], [136.84140014648403, 36.25979995727537], [136.84320068359403, 36.25986480712894], [136.84399414062503, 36.256866455078125], [136.84669494628903, 36.25320053100591], [136.84950256347702, 36.252265930175845], [136.85150146484403, 36.248401641845724], [136.85040283203094, 36.24693298339842], [136.846801757813, 36.244468688964844], [136.83959960937503, 36.23239898681644], [136.83419799804702, 36.22553253173832], [136.83140563964804, 36.21866607666019], [136.82530212402304, 36.21333312988277], [136.81990051269503, 36.20840072631843], [136.82159423828102, 36.2035331726074], [136.82200622558602, 36.20119857788088], [136.81779479980503, 36.201000213622976], [136.80700683593798, 36.192268371581996], [136.80670166015602, 36.19186782836909], [136.802200317383, 36.18766784667972], [136.79840087890602, 36.172798156738324], [136.791000366211, 36.16986465454099], [136.786895751953, 36.16646575927726], [136.781707763672, 36.16686630249017], [136.775695800781, 36.16540145874023], [136.768203735352, 36.16433334350592], [136.765701293945, 36.161132812500014], [136.77239990234398, 36.15806579589844], [136.77160644531298, 36.155464172363345], [136.775299072266, 36.150199890136676], [136.775604248047, 36.14500045776367], [136.779602050781, 36.142265319824155], [136.77880859375, 36.13359832763667], [136.77789306640602, 36.13053512573236], [136.77209472656298, 36.125865936279325], [136.77020263671898, 36.11640167236329], [136.764801025391, 36.10573196411126], [136.75700378417997, 36.099933624267614], [136.754196166992, 36.08653259277343], [136.753997802734, 36.0863990783691], [136.746795654297, 36.085533142089794], [136.73899841308597, 36.080734252929695], [136.72590637206997, 36.081600189209], [136.71589660644497, 36.08186721801758], [136.70809936523398, 36.07933425903324], [136.70149230956997, 36.075267791748026], [136.69610595703097, 36.07406616210939], [136.69250488281304, 36.071998596191364], [136.69050598144494, 36.07273101806642], [136.68150329589804, 36.07106781005857], [136.67449951171903, 36.06766510009766], [136.67089843750003, 36.06919860839836], [136.66900634765602, 36.06813430786133], [136.663696289063, 36.067600250244084], [136.65820312500003, 36.069732666015604], [136.65859985351602, 36.07080078124999], [136.65519714355503, 36.07566833496094], [136.65670776367202, 36.083000183105455], [136.65299987793003, 36.08653259277343], [136.65139770507804, 36.09126663208013], [136.644302368164, 36.09606552124022], [136.637802124023, 36.09880065917974], [136.63099670410202, 36.100532531738345], [136.62179565429702, 36.10646820068359], [136.617202758789, 36.10673141479489], [136.612197875977, 36.11159896850592], [136.612197875977, 36.115398406982386], [136.605499267578, 36.120399475097656], [136.602996826172, 36.127799987793026], [136.596099853516, 36.131534576415994], [136.592102050781, 36.13140106201166], [136.58850097656298, 36.132465362548785], [136.58670043945298, 36.13426589965824], [136.581893920898, 36.13633346557618], [136.57789611816398, 36.13959884643549], [136.57380676269497, 36.143001556396484], [136.56340026855497, 36.14466476440434], [136.56019592285196, 36.15200042724613], [136.55760192871097, 36.15299987792967], [136.55160522460898, 36.154998779296946], [136.54710388183597, 36.1533355712891], [136.54159545898398, 36.15373229980474], [136.53819274902298, 36.152400970459034], [136.53289794921903, 36.14820098876949], [136.53039550781304, 36.14820098876949], [136.52709960937497, 36.14866638183589], [136.52169799804696, 36.151332855224645], [136.51219177246097, 36.146999359130945], [136.50680541992202, 36.14673233032228], [136.50360107421903, 36.149398803710945], [136.49679565429693, 36.149799346923764], [136.49150085449193, 36.15840148925777], [136.48939514160202, 36.159000396728494], [136.48390197753903, 36.15733337402337], [136.47470092773403, 36.147865295410156], [136.47129821777304, 36.14659881591803], [136.46420288085903, 36.13833236694337], [136.456497192383, 36.136398315429666], [136.448593139648, 36.140735626220724], [136.440093994141, 36.13740158081048], [136.438400268555, 36.141334533691364], [136.431701660156, 36.14346694946288], [136.424392700195, 36.15373229980474], [136.416000366211, 36.1557350158691], [136.41230773925798, 36.1598663330078], [136.41230773925798, 36.16473388671883], [136.411392211914, 36.16986465454099], [136.409194946289, 36.17186737060553], [136.406295776367, 36.171398162841776], [136.39559936523398, 36.16986465454099], [136.389694213867, 36.16753387451174], [136.37440490722696, 36.16986465454099], [136.37179565429696, 36.16999816894532], [136.36849975585898, 36.16986465454099], [136.36650085449196, 36.167133331298835], [136.35949707031304, 36.16553115844729], [136.35519409179696, 36.168468475341804], [136.35049438476597, 36.16986465454099], [136.34399414062497, 36.17293548583984], [136.33569335937494, 36.184600830078054], [136.33670043945304, 36.19093322753912], [136.33419799804696, 36.19499969482424], [136.33200073242193, 36.19739913940433], [136.32899475097702, 36.202068328857365], [136.32809448242196, 36.207733154296946], [136.33039855956994, 36.21666717529301], [136.32839965820304, 36.221534729003864], [136.33149719238304, 36.22873306274414], [136.33180236816403, 36.22933197021478], [136.32739257812503, 36.231067657470746], [136.32470703125003, 36.23206710815429], [136.31910705566403, 36.23373413085941], [136.31570434570304, 36.23713302612296], [136.31719970703102, 36.240600585937536], [136.31500244140602, 36.245334625244055], [136.30929565429702, 36.24706649780266], [136.30290222168, 36.25320053100591], [136.30320739746102, 36.254333496093786], [136.30020141601602, 36.25839996337891], [136.29550170898403, 36.260066986084034], [136.29109191894503, 36.26100158691409], [136.285598754883, 36.26173400878906], [136.28450012207003, 36.263935089111335], [136.28279113769503, 36.26566696166994], [136.280899047852, 36.26499938964837], [136.274002075195, 36.26613235473634], [136.27079772949202, 36.266399383544915], [136.268295288086, 36.26526641845704], [136.266098022461, 36.26566696166994], [136.26789855957, 36.26946640014649], [136.26350402832, 36.26913452148443], [136.263702392578, 36.271266937255945], [136.261703491211, 36.272468566894496], [136.26379394531298, 36.275131225585895], [136.261703491211, 36.27626800537113], [136.26330566406298, 36.27773284912107], [136.262298583984, 36.27966690063477], [136.260101318359, 36.27840042114256], [136.256896972656, 36.27946853637704], [136.257797241211, 36.2888679504395], [136.24920654296898, 36.291866302490234], [136.246795654297, 36.293468475341776], [136.243698120117, 36.295600891113295], [136.246795654297, 36.29793548583981], [136.250595092773, 36.300266265869055], [136.27079772949202, 36.315532684326186], [136.278091430664, 36.32406616210943], [136.27909851074202, 36.329399108886676], [136.28759765625003, 36.33653259277338], [136.28819274902304, 36.3373336791992], [136.29100036621102, 36.34420013427732], [136.29930114746102, 36.35193252563484], [136.30290222168, 36.3513984680176], [136.306106567383, 36.35313415527339], [136.307403564453, 36.35313415527339], [136.31069946289102, 36.35319900512696], [136.31370544433602, 36.35300064086914], [136.31620788574202, 36.35346603393554], [136.32279968261696, 36.35666656494136], [136.32710266113304, 36.35680007934569], [136.34790039062494, 36.36706542968754], [136.37179565429696, 36.383865356445284], [136.41580200195298, 36.419868469238295], [136.42639160156298, 36.430267333984396], [136.464706420898, 36.4720001220703], [136.477005004883, 36.48686599731452], [136.49389648437503, 36.503200531005945], [136.49679565429693, 36.50559997558586], [136.50019836425804, 36.50873565673828], [136.52029418945304, 36.52966690063481], [136.52465588200997, 36.534267973367754], [136.55659484863298, 36.567932128906314], [136.57449340820298, 36.586532592773416], [136.58219909667997, 36.59646606445312], [136.58481931088096, 36.60028913102231], [136.587692260742, 36.604465484619126], [136.601806640625, 36.61840057373046], [136.603278085157, 36.619640036554394], [136.605794543536, 36.6223045218968], [136.60760498046898, 36.6245994567871], [136.60319519043, 36.62826538085941], [136.61309814453102, 36.639133453369084], [136.617095947266, 36.636798858642564], [136.61930847168, 36.63813400268553], [136.62179565429702, 36.6399345397949], [136.64610290527304, 36.66986846923834], [136.66909790039102, 36.701267242431626], [136.67559814453097, 36.71099853515633], [136.70170593261696, 36.75226593017584], [136.70239257812497, 36.753200531005895], [136.72410583496097, 36.790065765380945], [136.746795654297, 36.835266113281335], [136.74740600585898, 36.836532592773366], [136.752197265625, 36.84926605224607], [136.75770568847696, 36.86640167236332], [136.766693115234, 36.902065277099645], [136.765197753906, 36.91986846923829], [136.760299682617, 36.92346572875984], [136.75720214843798, 36.92166519165038], [136.75770568847696, 36.92419815063481], [136.75489807128898, 36.92413330078132], [136.75090026855497, 36.92526626586911], [136.74870300292997, 36.9309310913086], [136.760894775391, 36.94353103637697], [136.76019287109398, 36.94879913330082], [136.75540161132798, 36.95140075683591], [136.758605957031, 36.95133209228524], [136.76289367675798, 36.952999114990185], [136.768203735352, 36.963867187500036], [136.77020263671898, 36.98153305053708], [136.765594482422, 36.9864654541016], [136.769592285156, 36.99233245849609], [136.767395019531, 37.001598358154304], [136.765701293945, 37.001201629638665], [136.764892578125, 37.00213241577154], [136.766098022461, 37.00320053100594], [136.75579833984398, 37.00673294067382], [136.75480651855497, 37.006935119628906], [136.75109863281298, 37.01053237915037], [136.746795654297, 37.01046752929688], [136.746398925781, 37.01086807250979], [136.743392944336, 37.012268066406335], [136.74270629882798, 37.0164680480957], [136.74290466308597, 37.02346801757807], [136.74609375, 37.03013229370119], [136.73919677734398, 37.03266525268553], [136.73980712890597, 37.03419876098632], [136.742004394531, 37.03419876098632], [136.73779296874997, 37.0396003723145], [136.73660278320298, 37.040733337402294], [136.73379516601597, 37.041465759277266], [136.73429870605497, 37.04473495483402], [136.73339843749997, 37.04919815063478], [136.731002807617, 37.048332214355476], [136.72990417480497, 37.05033111572266], [136.72909545898398, 37.05113220214839], [136.72680664062497, 37.05059814453133], [136.72259521484398, 37.055732727050845], [136.72160339355497, 37.0647315979004], [136.71969604492196, 37.07073211669922], [136.71929931640597, 37.07519912719734], [136.71800231933597, 37.07806777954101], [136.72290039062497, 37.0837326049805], [136.72630310058597, 37.083198547363345], [136.72509765624997, 37.08446502685547], [136.727096557617, 37.08559799194344], [136.72360229492196, 37.08653259277341], [136.72340393066398, 37.08653259277341], [136.72250366210898, 37.08653259277341], [136.72219848632798, 37.08653259277341], [136.72120666503898, 37.08653259277341], [136.72190856933597, 37.08819961547853], [136.72430419921895, 37.0917320251465], [136.72590637206997, 37.092998504638715], [136.72610473632798, 37.094867706298835], [136.72940063476597, 37.09833145141596], [136.72599792480497, 37.102333068847685], [136.72740173339798, 37.10226821899411], [136.72889709472696, 37.104598999023445], [136.72529602050798, 37.11546707153321], [136.72689819335898, 37.123401641845724], [136.72839355468795, 37.12573242187497], [136.72790527343804, 37.127799987793004], [136.72700500488304, 37.133934020996065], [136.720993041992, 37.14233398437498], [136.70989990234403, 37.149200439453104], [136.70060729980503, 37.149734497070256], [136.69799804687497, 37.143932342529254], [136.69960021972696, 37.143531799316435], [136.69850158691403, 37.143600463867195], [136.69549560546903, 37.140201568603466], [136.69349670410196, 37.139801025390554], [136.68719482421903, 37.137599945068374], [136.68449401855503, 37.13593292236334], [136.68510437011696, 37.140201568603466], [136.68379211425804, 37.14073181152344], [136.67640686035202, 37.1384010314941], [136.67160034179702, 37.14286804199222], [136.67010498046903, 37.14906692504877], [136.67230224609403, 37.15513229370117], [136.67350769043003, 37.161598205566385], [136.67620849609403, 37.16546630859378], [136.67350769043003, 37.169868469238324], [136.67610168457003, 37.17793273925782], [136.67579650878903, 37.188732147216825], [136.67979431152304, 37.19139862060549], [136.68209838867196, 37.195800781250036], [136.67799377441403, 37.199466705322344], [136.68199157714795, 37.201866149902344], [136.68009948730503, 37.204200744628864], [136.67999267578097, 37.206398010253864], [136.68519592285193, 37.21120071411132], [136.68730163574196, 37.211132049560476], [136.68899536132804, 37.21500015258787], [136.68989562988304, 37.215267181396534], [136.69259643554696, 37.215267181396534], [136.69619750976594, 37.21979904174796], [136.69520568847702, 37.22320175170896], [136.69769287109403, 37.2227325439453], [136.70039367675804, 37.2231330871582], [136.70449829101597, 37.23026657104491], [136.70030212402295, 37.237468719482365], [136.70069885253895, 37.23920059204097], [136.69999694824196, 37.242267608642635], [136.70320129394497, 37.245201110839794], [136.70629882812497, 37.24853134155268], [136.70950317382804, 37.24819946289061], [136.71119689941398, 37.24826812744137], [136.71730041503898, 37.25320053100589], [136.72120666503898, 37.256866455078104], [136.73310852050804, 37.28099822998054], [136.73490905761696, 37.28620147705081], [136.73179626464798, 37.292598724365185], [136.72830200195298, 37.292598724365185], [136.72790527343804, 37.294464111328125], [136.724899291992, 37.29386520385739], [136.72569274902298, 37.30020141601564], [136.72529602050798, 37.302867889404304], [136.727096557617, 37.30640029907228], [136.72340393066398, 37.307468414306584], [136.72399902343804, 37.3160667419434], [136.72160339355497, 37.321266174316406], [136.724899291992, 37.32753372192381], [136.73699951171898, 37.336532592773445], [136.73889160156298, 37.33966827392578], [136.73789978027298, 37.34339904785157], [136.73779296874997, 37.347999572753935], [136.73950195312497, 37.34806442260742], [136.74549865722696, 37.34280014038093], [136.746795654297, 37.34286499023442], [136.75109863281298, 37.34493255615227], [136.756805419922, 37.352401733398395], [136.753997802734, 37.35386657714842], [136.75149536132798, 37.35733413696291], [136.755996704102, 37.36433410644528], [136.764007568359, 37.36566543579098], [136.77020263671898, 37.367401123046946], [136.77160644531298, 37.367401123046946], [136.772308349609, 37.36673355102537], [136.773498535156, 37.367534637451186], [136.77510070800798, 37.36713409423828], [136.777008056641, 37.37053298950201], [136.77729797363298, 37.37073135375983], [136.781494140625, 37.36853408813482], [136.783508300781, 37.372131347656286], [136.79049682617202, 37.37453460693364], [136.791900634766, 37.37779998779304], [136.797698974609, 37.37786483764653], [136.80059814453102, 37.37599945068359], [136.805603027344, 37.38240051269532], [136.809097290039, 37.382331848144474], [136.809204101563, 37.382999420166044], [136.81100463867202, 37.386001586914134], [136.820999145508, 37.38833236694338], [136.822204589844, 37.38826751708981], [136.82380676269503, 37.38833236694338], [136.82949829101602, 37.389865875244084], [136.832702636719, 37.39366531372072], [136.83430480957003, 37.39366531372072], [136.83869934082003, 37.39720153808587], [136.84249877929702, 37.40039825439451], [136.84440612793003, 37.40039825439451], [136.84820556640602, 37.40213394165039], [136.85099792480503, 37.40066528320309], [136.85209655761696, 37.40266799926763], [136.85710144043003, 37.40259933471678], [136.86590576171903, 37.40539932250979], [136.86729431152298, 37.406665802001996], [136.86810302734403, 37.40726852416991], [136.86990356445304, 37.407066345214815], [136.87179565429696, 37.40760040283197], [136.87210083007804, 37.40726852416991], [136.87420654296903, 37.407333374023395], [136.87960815429696, 37.40560150146479], [136.88949584960898, 37.40186691284181], [136.89439392089798, 37.40213394165039], [136.89549255371097, 37.40546798706054], [136.89709472656304, 37.406867980956996], [136.90220642089798, 37.404666900634815], [136.901901245117, 37.404468536376996], [136.89999389648398, 37.40313339233403], [136.89950561523398, 37.40313339233403], [136.89869689941398, 37.40219879150388], [136.90159606933597, 37.40039825439451], [136.90319824218804, 37.39786529541018], [136.90940856933597, 37.395267486572266], [136.924301147461, 37.39533233642584], [136.93310546874997, 37.399066925048814], [136.965606689453, 37.412731170654304], [136.96879577636702, 37.412399291992244], [136.974807739258, 37.41386413574219], [136.98210144043, 37.419868469238274], [136.99679565429702, 37.425132751464766], [137.01699829101602, 37.43320083618162], [137.01930236816403, 37.43313217163086], [137.02069091796903, 37.43366622924801], [137.02130126953094, 37.43299865722662], [137.02909851074196, 37.43299865722662], [137.04539489746097, 37.444931030273416], [137.04579162597696, 37.4503326416016], [137.04910278320304, 37.44913101196287], [137.05380249023398, 37.449268341064474], [137.07080078124997, 37.45479965209963], [137.07409667968804, 37.459133148193416], [137.08099365234398, 37.463531494140604], [137.08569335937497, 37.46626663208012]]], [[[136.946395874023, 37.091464996337926], [136.944793701172, 37.093334197997955], [136.946197509766, 37.098999023437536], [136.943206787109, 37.10426712036129], [136.943405151367, 37.10586547851557], [136.94189453125, 37.110267639160206], [136.94010925292997, 37.11299896240227], [136.93800354003898, 37.116134643554695], [136.93200683593798, 37.121734619140604], [136.92100524902298, 37.124401092529276], [136.91839599609398, 37.12946701049803], [136.91499328613298, 37.13339996337891], [136.91079711914097, 37.13266754150394], [136.90690612792997, 37.13339996337891], [136.90620422363295, 37.13866806030268], [136.90260314941398, 37.14026641845704], [136.90350341796898, 37.14473342895507], [136.90480041503898, 37.144668579101584], [136.90530395507798, 37.146934509277344], [136.90310668945298, 37.14553451538089], [136.90130615234395, 37.15200042724611], [136.90310668945298, 37.151866912841776], [136.90600585937497, 37.154064178466776], [136.90600585937497, 37.152999877929744], [136.90759277343798, 37.15000152587892], [136.908004760742, 37.15053176879881], [136.910202026367, 37.15193176269526], [136.91040039062497, 37.15493392944344], [136.91520690917997, 37.153400421142564], [136.915496826172, 37.15073394775389], [136.92179870605497, 37.14640045166019], [136.92300415039097, 37.14659881591801], [136.92619323730497, 37.144668579101584], [136.92350769042997, 37.14199829101556], [136.92250061035196, 37.133533477783246], [136.92419433593798, 37.13086700439449], [136.92520141601597, 37.13373565673834], [136.92739868164097, 37.13253402709961], [136.931198120117, 37.13473510742188], [136.932205200195, 37.14026641845704], [136.934906005859, 37.13779830932619], [136.93859863281298, 37.14006805419922], [136.93830871582, 37.14286804199222], [136.94079589843798, 37.14640045166019], [136.94329833984398, 37.14640045166019], [136.944091796875, 37.141334533691435], [136.948501586914, 37.13899993896483], [136.95100402832, 37.14220046997074], [136.951507568359, 37.144332885742166], [136.96040344238298, 37.14306640625004], [136.962005615234, 37.14313125610353], [136.962493896484, 37.14640045166019], [136.968505859375, 37.14506530761722], [136.97570800781298, 37.14026641845704], [136.977203369141, 37.14199829101556], [136.96760559082, 37.14753341674798], [136.967300415039, 37.15033340454099], [136.966995239258, 37.15513229370117], [136.970397949219, 37.15426635742187], [136.97760009765602, 37.14753341674798], [136.980499267578, 37.14873123168953], [136.986206054688, 37.15119934082029], [136.98849487304702, 37.14266586303713], [136.99249267578102, 37.13986587524413], [136.99679565429702, 37.139934539794886], [136.99949645996102, 37.13933181762698], [137, 37.135467529296946], [137.00680541992202, 37.13626861572267], [137.00810241699202, 37.1425323486328], [137.01040649414102, 37.141334533691435], [137.01210021972702, 37.14139938354492], [137.01359558105503, 37.14113235473634], [137.01400756835903, 37.143932342529254], [137.01559448242193, 37.14406585693359], [137.02020263671903, 37.14266586303713], [137.02299499511696, 37.14406585693359], [137.02310180664102, 37.15060043334956], [137.02540588378903, 37.15846633911132], [137.03549194335898, 37.16799926757812], [137.03919982910193, 37.16799926757812], [137.04429626464798, 37.1638679504395], [137.04440307617196, 37.16093444824217], [137.04759216308597, 37.15853118896481], [137.04910278320304, 37.155265808105504], [137.05389404296895, 37.149734497070256], [137.05279541015597, 37.149200439453104], [137.04690551757804, 37.147933959960895], [137.04080200195304, 37.1397323608398], [137.04440307617196, 37.13206863403322], [137.04879760742196, 37.130531311035156], [137.04960632324196, 37.125934600830064], [137.04730224609403, 37.125999450683636], [137.04980468749994, 37.123401641845724], [137.04019165039097, 37.11746597290039], [137.02699279785193, 37.116798400878906], [137.02249145507804, 37.11153411865233], [137.01950073242202, 37.114467620849574], [137.01809692382804, 37.11326599121094], [137.01199340820304, 37.112667083740206], [137.01260375976602, 37.117534637451236], [137.00810241699202, 37.1159324645996], [137.00689697265602, 37.1206665039063], [137.00439453125003, 37.11953353881842], [137.00540161132804, 37.112468719482386], [137.00070190429702, 37.11546707153321], [137.00090026855503, 37.11853408813479], [136.99679565429702, 37.11973190307624], [136.981201171875, 37.10779953002927], [136.97579956054702, 37.09773254394532], [136.973403930664, 37.09926605224611], [136.97050476074202, 37.098068237304744], [136.968200683594, 37.10013198852541], [136.965194702148, 37.10480117797854], [136.958602905273, 37.10200119018553], [136.95080566406298, 37.097064971923835], [136.946395874023, 37.091464996337926]]], [[[136.89230346679696, 37.10200119018553], [136.89059448242196, 37.103065490722656], [136.89039611816398, 37.10886764526366], [136.89169311523398, 37.10893249511724], [136.89239501953097, 37.10413360595696], [136.89230346679696, 37.10200119018553]]]]}}, {"type": "Feature", "properties": {"nam": "Fukui Ken", "nam_ja": "福井県", "id": 18, "adjacent": true}, "geometry": {"type": "MultiPolygon", "coordinates": [[[[136.243698120117, 36.295600891113295], [136.246795654297, 36.293468475341776], [136.24920654296898, 36.291866302490234], [136.257797241211, 36.2888679504395], [136.256896972656, 36.27946853637704], [136.260101318359, 36.27840042114256], [136.262298583984, 36.27966690063477], [136.26330566406298, 36.27773284912107], [136.261703491211, 36.27626800537113], [136.26379394531298, 36.275131225585895], [136.261703491211, 36.272468566894496], [136.263702392578, 36.271266937255945], [136.26350402832, 36.26913452148443], [136.26789855957, 36.26946640014649], [136.266098022461, 36.26566696166994], [136.268295288086, 36.26526641845704], [136.27079772949202, 36.266399383544915], [136.274002075195, 36.26613235473634], [136.280899047852, 36.26499938964837], [136.28279113769503, 36.26566696166994], [136.28450012207003, 36.263935089111335], [136.285598754883, 36.26173400878906], [136.29109191894503, 36.26100158691409], [136.29550170898403, 36.260066986084034], [136.30020141601602, 36.25839996337891], [136.30320739746102, 36.254333496093786], [136.30290222168, 36.25320053100591], [136.30929565429702, 36.24706649780266], [136.31500244140602, 36.245334625244055], [136.31719970703102, 36.240600585937536], [136.31570434570304, 36.23713302612296], [136.31910705566403, 36.23373413085941], [136.32470703125003, 36.23206710815429], [136.32739257812503, 36.231067657470746], [136.33180236816403, 36.22933197021478], [136.33149719238304, 36.22873306274414], [136.32839965820304, 36.221534729003864], [136.33039855956994, 36.21666717529301], [136.32809448242196, 36.207733154296946], [136.32899475097702, 36.202068328857365], [136.33200073242193, 36.19739913940433], [136.33419799804696, 36.19499969482424], [136.33670043945304, 36.19093322753912], [136.33569335937494, 36.184600830078054], [136.34399414062497, 36.17293548583984], [136.35049438476597, 36.16986465454099], [136.35519409179696, 36.168468475341804], [136.35949707031304, 36.16553115844729], [136.36650085449196, 36.167133331298835], [136.36849975585898, 36.16986465454099], [136.37179565429696, 36.16999816894532], [136.37440490722696, 36.16986465454099], [136.389694213867, 36.16753387451174], [136.39559936523398, 36.16986465454099], [136.406295776367, 36.171398162841776], [136.409194946289, 36.17186737060553], [136.411392211914, 36.16986465454099], [136.41230773925798, 36.16473388671883], [136.41230773925798, 36.1598663330078], [136.416000366211, 36.1557350158691], [136.424392700195, 36.15373229980474], [136.431701660156, 36.14346694946288], [136.438400268555, 36.141334533691364], [136.440093994141, 36.13740158081048], [136.448593139648, 36.140735626220724], [136.456497192383, 36.136398315429666], [136.46420288085903, 36.13833236694337], [136.47129821777304, 36.14659881591803], [136.47470092773403, 36.147865295410156], [136.48390197753903, 36.15733337402337], [136.48939514160202, 36.159000396728494], [136.49150085449193, 36.15840148925777], [136.49679565429693, 36.149799346923764], [136.50360107421903, 36.149398803710945], [136.50680541992202, 36.14673233032228], [136.51219177246097, 36.146999359130945], [136.52169799804696, 36.151332855224645], [136.52709960937497, 36.14866638183589], [136.53039550781304, 36.14820098876949], [136.53289794921903, 36.14820098876949], [136.53819274902298, 36.152400970459034], [136.54159545898398, 36.15373229980474], [136.54710388183597, 36.1533355712891], [136.55160522460898, 36.154998779296946], [136.55760192871097, 36.15299987792967], [136.56019592285196, 36.15200042724613], [136.56340026855497, 36.14466476440434], [136.57380676269497, 36.143001556396484], [136.57789611816398, 36.13959884643549], [136.581893920898, 36.13633346557618], [136.58670043945298, 36.13426589965824], [136.58850097656298, 36.132465362548785], [136.592102050781, 36.13140106201166], [136.596099853516, 36.131534576415994], [136.602996826172, 36.127799987793026], [136.605499267578, 36.120399475097656], [136.612197875977, 36.115398406982386], [136.612197875977, 36.11159896850592], [136.617202758789, 36.10673141479489], [136.62179565429702, 36.10646820068359], [136.63099670410202, 36.100532531738345], [136.637802124023, 36.09880065917974], [136.644302368164, 36.09606552124022], [136.65139770507804, 36.09126663208013], [136.65299987793003, 36.08653259277343], [136.65670776367202, 36.083000183105455], [136.65519714355503, 36.07566833496094], [136.65859985351602, 36.07080078124999], [136.65820312500003, 36.069732666015604], [136.663696289063, 36.067600250244084], [136.66900634765602, 36.06813430786133], [136.67089843750003, 36.06919860839836], [136.67449951171903, 36.06766510009766], [136.68150329589804, 36.07106781005857], [136.69050598144494, 36.07273101806642], [136.69250488281304, 36.071998596191364], [136.69610595703097, 36.07406616210939], [136.70149230956997, 36.075267791748026], [136.70809936523398, 36.07933425903324], [136.71589660644497, 36.08186721801758], [136.72590637206997, 36.081600189209], [136.73899841308597, 36.080734252929695], [136.746795654297, 36.085533142089794], [136.753997802734, 36.0863990783691], [136.757904052734, 36.081001281738274], [136.76260375976597, 36.075332641601605], [136.76379394531298, 36.067733764648416], [136.759902954102, 36.067264556884844], [136.752899169922, 36.06313323974614], [136.746795654297, 36.06106567382811], [136.73980712890597, 36.057067871093835], [136.740295410156, 36.05486679077147], [136.73300170898398, 36.049331665039134], [136.73449707031295, 36.04840087890634], [136.73550415039097, 36.04019927978516], [136.73359680175798, 36.02893447875976], [136.73390197753898, 36.0219345092773], [136.731994628906, 36.01913452148439], [136.73170471191398, 36.014533996582024], [136.72889709472696, 36.009731292724574], [136.72900390624997, 36.00320053100587], [136.72639465331997, 35.99593353271484], [136.746795654297, 35.99126434326171], [136.750701904297, 35.99039840698241], [136.75309753417997, 35.96913146972664], [136.750091552734, 35.966934204101634], [136.749496459961, 35.96126556396479], [136.753494262695, 35.9562644958496], [136.769104003906, 35.951000213623026], [136.77630615234398, 35.9512672424316], [136.784194946289, 35.94879913330084], [136.786102294922, 35.94900131225593], [136.79150390625, 35.94673156738281], [136.793304443359, 35.942867279052685], [136.784591674805, 35.929000854492195], [136.78439331054702, 35.92440032958983], [136.79010009765602, 35.921001434326186], [136.793106079102, 35.92126464843749], [136.799194335938, 35.91986465454104], [136.798904418945, 35.91899871826173], [136.805404663086, 35.913200378418004], [136.81159973144503, 35.91253280639652], [136.81590270996102, 35.90439987182618], [136.81719970703102, 35.90166473388667], [136.82209777832003, 35.896198272705085], [136.82249450683602, 35.888198852539084], [136.819107055664, 35.88186645507811], [136.824401855469, 35.87486648559574], [136.82589721679702, 35.87226867675783], [136.82719421386693, 35.86906433105474], [136.83200073242202, 35.85806655883791], [136.82839965820304, 35.84893417358403], [136.826293945313, 35.846534729003935], [136.81599426269503, 35.842800140380874], [136.802597045898, 35.843864440918], [136.79960632324202, 35.83653259277339], [136.79789733886702, 35.82913208007811], [136.798202514648, 35.82133102416993], [136.794296264648, 35.807998657226584], [136.789093017578, 35.79946517944343], [136.784698486328, 35.79859924316413], [136.782302856445, 35.799198150634766], [136.774993896484, 35.7993316650391], [136.773895263672, 35.8059997558594], [136.764495849609, 35.81026840209962], [136.75720214843798, 35.80973434448237], [136.746795654297, 35.8051338195801], [136.74139404296898, 35.80133438110346], [136.73579406738298, 35.80506515502934], [136.72329711914097, 35.808200836181584], [136.72039794921898, 35.800533294677734], [136.71020507812497, 35.79286575317379], [136.70599365234395, 35.79186630249024], [136.69929504394497, 35.794334411621094], [136.69110107421903, 35.7902641296387], [136.68339538574196, 35.78960037231448], [136.67689514160202, 35.792999267578125], [136.67460632324193, 35.79179763793949], [136.67219543456994, 35.79166412353524], [136.66580200195304, 35.785198211669936], [136.66000366210903, 35.78346633911133], [136.65440368652304, 35.78573226928709], [136.65260314941403, 35.796733856201186], [136.644897460938, 35.80686569213871], [136.64379882812503, 35.806266784667976], [136.638198852539, 35.79853439331046], [136.632705688477, 35.79593276977537], [136.62629699707003, 35.79700088500976], [136.627197265625, 35.79159927368158], [136.62179565429702, 35.78686523437497], [136.621597290039, 35.78779983520512], [136.612396240234, 35.788799285888665], [136.609298706055, 35.79140090942376], [136.60760498046898, 35.79226684570306], [136.60290527343798, 35.794998168945305], [136.599594116211, 35.79859924316413], [136.595596313477, 35.79579925537112], [136.58970642089798, 35.7956008911133], [136.585800170898, 35.79153442382809], [136.58540344238298, 35.78499984741212], [136.57830810546898, 35.781467437744055], [136.57090759277298, 35.77759933471684], [136.567199707031, 35.779197692871115], [136.56019592285196, 35.77939987182621], [136.55250549316398, 35.7807312011719], [136.54609680175795, 35.779266357421875], [136.53750610351594, 35.78106689453133], [136.52330017089795, 35.78826522827151], [136.51629638671903, 35.77780151367193], [136.51260375976602, 35.77313232421881], [136.51339721679696, 35.76240158081047], [136.51219177246097, 35.75993347167971], [136.50869750976602, 35.757598876953104], [136.50770568847702, 35.753200531005916], [136.50569152831997, 35.75040054321292], [136.50140380859403, 35.753200531005916], [136.49679565429693, 35.76079940795901], [136.49679565429693, 35.761333465576165], [136.49679565429693, 35.76413345336908], [136.48640441894503, 35.77266693115232], [136.48539733886693, 35.77600097656248], [136.48429870605503, 35.775264739990234], [136.47489929199202, 35.773601531982386], [136.46920776367202, 35.773067474365234], [136.461700439453, 35.77799987792966], [136.458602905273, 35.77906417846678], [136.45199584960903, 35.7765998840332], [136.44560241699202, 35.77313232421881], [136.44270324707, 35.77473449707026], [136.43310546875, 35.77466583251951], [136.426696777344, 35.77753448486327], [136.422897338867, 35.78013229370118], [136.415603637695, 35.78246688842769], [136.409194946289, 35.780532836914084], [136.404891967773, 35.78293228149409], [136.400192260742, 35.78900146484384], [136.390197753906, 35.78813171386718], [136.38890075683597, 35.791133880615185], [136.37750244140597, 35.7952003479004], [136.37179565429696, 35.79240036010739], [136.36830139160196, 35.79073333740227], [136.35670471191403, 35.78686523437497], [136.35670471191403, 35.78626632690433], [136.35209655761696, 35.783134460449176], [136.34669494628895, 35.77686691284178], [136.34179687499994, 35.77613449096681], [136.33619689941403, 35.77453231811518], [136.33569335937494, 35.776065826415966], [136.32829284668003, 35.7751312255859], [136.32389831543003, 35.76786804199223], [136.321899414063, 35.765865325927685], [136.31950378418003, 35.753200531005916], [136.31889343261696, 35.7491340637207], [136.322708129883, 35.74580001831046], [136.32450866699202, 35.74300003051764], [136.32569885253903, 35.73273468017579], [136.32450866699202, 35.72706604003912], [136.32069396972702, 35.7234649658203], [136.32359313964804, 35.71686553955084], [136.311401367188, 35.71193313598632], [136.310501098633, 35.70633316040041], [136.30549621582003, 35.70126724243156], [136.29789733886702, 35.692932128906314], [136.29159545898403, 35.690799713134794], [136.291702270508, 35.68513107299804], [136.29859924316403, 35.67766571044918], [136.29020690918, 35.67246627807618], [136.288604736328, 35.66986846923827], [136.290298461914, 35.66713333129884], [136.287002563477, 35.66460037231451], [136.28059387207003, 35.658664703369084], [136.280395507813, 35.66113281250002], [136.27099609375, 35.66606521606454], [136.26580810546898, 35.66986846923827], [136.26469421386702, 35.670532226562486], [136.258193969727, 35.6713333129883], [136.250503540039, 35.67599868774406], [136.246795654297, 35.67539978027342], [136.24499511718798, 35.67399978637697], [136.23669433593798, 35.679866790771456], [136.231994628906, 35.6825981140137], [136.227294921875, 35.68046569824219], [136.21820068359398, 35.68453216552731], [136.21270751953097, 35.682201385497976], [136.20880126953097, 35.68673324584958], [136.20520019531304, 35.68706512451173], [136.20140075683597, 35.68846511840819], [136.19929504394497, 35.689533233642585], [136.19520568847696, 35.69580078124998], [136.19110107421903, 35.70133209228523], [136.18499755859403, 35.70373153686523], [136.18119812011696, 35.701732635497955], [136.17460632324196, 35.70353317260741], [136.17149353027298, 35.70179748535162], [136.16799926757804, 35.702800750732436], [136.16580200195304, 35.697998046874986], [136.163208007813, 35.69620132446289], [136.157104492188, 35.700199127197344], [136.14999389648403, 35.697799682617166], [136.14979553222702, 35.69419860839844], [136.14700317382804, 35.68733215332031], [136.14149475097702, 35.67906570434573], [136.13420104980503, 35.66986846923827], [136.13580322265602, 35.66600036621087], [136.14770507812503, 35.66253280639648], [136.14999389648403, 35.6551322937012], [136.15220642089804, 35.650798797607415], [136.15089416503903, 35.64966583251953], [136.15579223632804, 35.64173126220702], [136.15840148925804, 35.63539886474613], [136.15910339355503, 35.6311340332031], [136.15980529785202, 35.62639999389649], [136.16589355468804, 35.618801116943395], [136.17669677734403, 35.59613418579099], [136.17030334472702, 35.58653259277344], [136.16679382324196, 35.58346557617186], [136.16929626464795, 35.57693099975589], [136.16850280761696, 35.56546783447267], [136.16780090331997, 35.56553268432624], [136.163208007813, 35.570667266845675], [136.15840148925804, 35.5717315673828], [136.15240478515602, 35.572666168212855], [136.14819335937503, 35.57166671752931], [136.14520263671903, 35.570598602294915], [136.13949584960903, 35.57500076293946], [136.13400268554702, 35.57513427734379], [136.12179565429702, 35.576198577880916], [136.117797851563, 35.5775337219238], [136.11669921875003, 35.58160018920901], [136.113296508789, 35.58286666870122], [136.1123046875, 35.57553100585943], [136.108596801758, 35.569133758544886], [136.11009216308602, 35.5613327026367], [136.10609436035202, 35.55659866333009], [136.106597900391, 35.553131103515604], [136.10870361328102, 35.545864105224574], [136.106704711914, 35.53933334350587], [136.10609436035202, 35.53213119506841], [136.10510253906298, 35.528800964355526], [136.098297119141, 35.53406524658202], [136.093505859375, 35.537132263183594], [136.083099365234, 35.54040145874017], [136.07780456542997, 35.535266876220746], [136.077301025391, 35.53179931640626], [136.069900512695, 35.52659988403317], [136.062805175781, 35.52826690673829], [136.060897827148, 35.531066894531286], [136.057098388672, 35.53253173828132], [136.04910278320298, 35.53459930419917], [136.04600524902298, 35.530334472656314], [136.04019165039097, 35.53233337402341], [136.02609252929696, 35.529598236083984], [136.02799987792997, 35.524131774902315], [136.02499389648398, 35.5213317871094], [136.02009582519497, 35.512332916259766], [136.01570129394497, 35.51226806640628], [136.01170349121097, 35.50320053100588], [136.01080322265597, 35.49866867065427], [136.00590515136696, 35.49160003662114], [135.99679565429696, 35.49219894409178], [135.99520874023403, 35.49200057983396], [135.99070739746102, 35.49253463745121], [135.98420715332003, 35.489200592040966], [135.98150634765602, 35.48680114746087], [135.97489929199196, 35.495933532714844], [135.96839904785202, 35.502399444580064], [135.96339416503903, 35.50146865844727], [135.95970153808602, 35.50320053100588], [135.95750427246102, 35.50573348999021], [135.95350646972702, 35.50573348999021], [135.95170593261702, 35.50846481323237], [135.946701049805, 35.52040100097661], [135.94650268554702, 35.52066421508792], [135.939804077148, 35.52040100097661], [135.934005737305, 35.50320053100588], [135.93000793457, 35.492931365966754], [135.924102783203, 35.48953247070312], [135.92280578613298, 35.483867645263715], [135.921295166016, 35.476799011230504], [135.919296264648, 35.47513198852538], [135.91769409179702, 35.47386550903317], [135.916397094727, 35.46960067749023], [135.914306640625, 35.45253372192382], [135.910095214844, 35.447799682617216], [135.91059875488298, 35.44559860229494], [135.911895751953, 35.445667266845696], [135.91259765625, 35.442733764648366], [135.91369628906298, 35.43880081176757], [135.913101196289, 35.431400299072294], [135.904098510742, 35.42966461181642], [135.901107788086, 35.42720031738284], [135.89270019531298, 35.41986465454096], [135.893203735352, 35.417331695556626], [135.890396118164, 35.40380096435546], [135.88740539550798, 35.40293121337889], [135.87379455566398, 35.397132873535156], [135.871795654297, 35.39693450927734], [135.86790466308597, 35.39546585083013], [135.86160278320298, 35.395065307617216], [135.85440063476597, 35.40039825439447], [135.85490417480497, 35.407001495361285], [135.85279846191398, 35.41153335571289], [135.85079956054696, 35.410598754882834], [135.83930969238304, 35.4141311645508], [135.83549499511696, 35.41199874877929], [135.82740783691403, 35.414333343505895], [135.82150268554696, 35.41360092163092], [135.81509399414102, 35.413131713867166], [135.81199645996094, 35.41166687011722], [135.80799865722702, 35.39586639404303], [135.80950927734403, 35.39193344116207], [135.80709838867193, 35.38526535034176], [135.800003051758, 35.38506698608403], [135.79640197753903, 35.38693237304688], [135.79049682617202, 35.3866653442383], [135.79069519043003, 35.379333496093786], [135.78630065918003, 35.377799987793], [135.77880859375, 35.372531890869055], [135.77609252929702, 35.3654670715332], [135.772308349609, 35.3624649047852], [135.76840209960903, 35.35606765747074], [135.766799926758, 35.35559844970699], [135.76420593261702, 35.35646820068356], [135.759506225586, 35.35346603393547], [135.74679565429702, 35.35799789428708], [135.745498657227, 35.35846710205083], [135.740798950195, 35.35826873779301], [135.740707397461, 35.35559844970699], [135.73620605468798, 35.3512001037598], [135.72990417480497, 35.35139846801762], [135.72509765625, 35.352001190185526], [135.71850585937497, 35.35526657104492], [135.71690368652298, 35.354064941406286], [135.714492797852, 35.354064941406286], [135.71119689941398, 35.34946823120119], [135.70550537109398, 35.34606552124019], [135.70069885253898, 35.343734741210945], [135.69050598144497, 35.34686660766601], [135.68380737304696, 35.34799957275389], [135.67500305175804, 35.3507347106934], [135.67070007324196, 35.354064941406286], [135.66839599609395, 35.35660171508789], [135.66140747070304, 35.35633468627932], [135.65910339355503, 35.358200073242166], [135.65260314941403, 35.35986709594729], [135.64190673828094, 35.3667984008789], [135.63720703125003, 35.364067077636655], [135.62179565429702, 35.369731903076236], [135.61450195312503, 35.370998382568445], [135.61100769043, 35.36753463745123], [135.60699462890602, 35.37080001831054], [135.60130310058602, 35.371665954589844], [135.59579467773403, 35.37273406982423], [135.593902587891, 35.37113189697269], [135.58770751953102, 35.3682670593262], [135.579696655273, 35.374198913574176], [135.574401855469, 35.37459945678709], [135.56880187988298, 35.37526702880857], [135.56559753418, 35.377265930175845], [135.557891845703, 35.37693405151369], [135.550399780273, 35.37713241577151], [135.533996582031, 35.37746429443357], [135.52850341796898, 35.379734039306605], [135.52639770507798, 35.38546752929694], [135.529998779297, 35.391532897949155], [135.53010559081997, 35.3957328796387], [135.52790832519497, 35.39766693115231], [135.52479553222696, 35.40233230590816], [135.52819824218798, 35.40739822387701], [135.528793334961, 35.410865783691406], [135.525695800781, 35.41986465454096], [135.52529907226597, 35.420665740966776], [135.52160644531304, 35.422199249267564], [135.516403198242, 35.422199249267564], [135.51119995117196, 35.424331665039084], [135.50289916992196, 35.420467376708956], [135.50010681152298, 35.42226791381841], [135.49679565429696, 35.42493438720699], [135.49580383300804, 35.42506790161132], [135.49600219726597, 35.428398132324205], [135.49679565429696, 35.431400299072294], [135.49789428710898, 35.43246459960942], [135.49949645996097, 35.43239974975593], [135.49679565429696, 35.43773269653318], [135.49639892578097, 35.437931060791], [135.48860168456997, 35.43873214721682], [135.48890686035193, 35.440799713134844], [135.48570251464795, 35.44860076904303], [135.48159790039094, 35.44853210449219], [135.46989440918003, 35.45453262329101], [135.47039794921903, 35.4556007385254], [135.46369934081994, 35.46199798583977], [135.459106445313, 35.46753311157229], [135.45880126953094, 35.47253417968747], [135.467407226563, 35.484134674072294], [135.47109985351602, 35.48960113525387], [135.47380065918003, 35.488464355468814], [135.47540283203097, 35.48906707763672], [135.47239685058597, 35.500331878662124], [135.47399902343804, 35.50320053100588], [135.47480773925804, 35.50486755371091], [135.47430419921903, 35.50699996948243], [135.46749877929696, 35.509334564209034], [135.46290588378903, 35.51326751708982], [135.450805664063, 35.5209312438965], [135.44900512695304, 35.52353286743159], [135.45399475097702, 35.535865783691385], [135.45779418945304, 35.541664123535206], [135.45989990234403, 35.54719924926763], [135.46459960937503, 35.550933837890604], [135.48649597167994, 35.557998657226634], [135.48460388183597, 35.55513381958006], [135.48069763183597, 35.55239868164063], [135.47799682617196, 35.549400329589815], [135.47830200195304, 35.547332763671875], [135.47810363769497, 35.54273223876951], [135.47549438476594, 35.54306411743157], [135.47340393066403, 35.5399322509766], [135.47309875488304, 35.537532806396506], [135.47180175781304, 35.534866333007834], [135.469604492188, 35.53366470336911], [135.46850585937503, 35.52993392944341], [135.47270202636696, 35.531932830810504], [135.47279357910196, 35.529399871826165], [135.47500610351602, 35.531734466552685], [135.47930908203097, 35.53506469726557], [135.48320007324196, 35.5338668823242], [135.47799682617196, 35.526264190673835], [135.48010253906304, 35.52226638793947], [135.48350524902304, 35.52306747436519], [135.48600769043003, 35.5223999023438], [135.48699951171903, 35.52493286132813], [135.48970031738304, 35.53026580810547], [135.49270629882804, 35.52920150756844], [135.49209594726597, 35.52406692504883], [135.49349975585898, 35.52246475219729], [135.49679565429696, 35.525131225585866], [135.49690246581997, 35.52359771728516], [135.49879455566398, 35.523731231689496], [135.50120544433597, 35.52379989624016], [135.50289916992196, 35.53066635131838], [135.50729370117196, 35.53513336181641], [135.509094238281, 35.534667968750014], [135.50869750976597, 35.536933898925774], [135.50360107421895, 35.53986740112302], [135.49679565429696, 35.539066314697294], [135.49549865722696, 35.540931701660234], [135.49679565429696, 35.5410003662109], [135.50109863281304, 35.54193115234378], [135.49870300292994, 35.55013275146479], [135.49990844726594, 35.55400085449218], [135.50379943847696, 35.5498657226563], [135.50599670410196, 35.54980087280272], [135.50880432128898, 35.549400329589815], [135.51219177246097, 35.54946517944339], [135.51359558105497, 35.54926681518548], [135.51530456542997, 35.550666809082024], [135.51770019531304, 35.5498657226563], [135.51420593261696, 35.535266876220746], [135.51589965820298, 35.535400390624986], [135.51319885253898, 35.53073120117187], [135.51440429687497, 35.531066894531286], [135.51579284667997, 35.52693176269532], [135.51359558105497, 35.52433395385741], [135.51269531249997, 35.521865844726555], [135.51330566406304, 35.51620101928707], [135.50999450683597, 35.51466751098628], [135.50970458984395, 35.509799957275426], [135.50790405273398, 35.507801055908246], [135.50819396972696, 35.50320053100588], [135.50959777831997, 35.50120162963869], [135.51269531249997, 35.50133132934567], [135.51350402831997, 35.49980163574224], [135.51440429687497, 35.49533462524412], [135.53419494628898, 35.488933563232386], [135.537399291992, 35.48899841308587], [135.545700073242, 35.493667602539084], [135.54730224609398, 35.49286651611327], [135.5498046875, 35.492931365966754], [135.550598144531, 35.494598388671875], [135.55139160156298, 35.49706649780273], [135.552001953125, 35.49580001831051], [135.553192138672, 35.49639892578133], [135.55439758300798, 35.494464874267635], [135.553604125977, 35.492401123046875], [135.55839538574202, 35.490333557128935], [135.567794799805, 35.49219894409178], [135.571502685547, 35.492134094238295], [135.575607299805, 35.49319839477542], [135.576995849609, 35.49919891357424], [135.580596923828, 35.49813461303712], [135.592300415039, 35.50320053100588], [135.602203369141, 35.51393127441413], [135.60879516601602, 35.518131256103494], [135.61129760742202, 35.51819992065434], [135.61900329589804, 35.519866943359375], [135.61979675293003, 35.525867462158196], [135.62179565429702, 35.528999328613345], [135.62750244140602, 35.53326416015629], [135.63099670410202, 35.537532806396506], [135.63279724121102, 35.53746795654302], [135.638305664063, 35.53846740722656], [135.64190673828094, 35.54059982299799], [135.64649963378903, 35.542934417724595], [135.64889526367196, 35.54306411743157], [135.65130615234403, 35.54353332519533], [135.65139770507804, 35.54553222656251], [135.65609741210898, 35.54619979858399], [135.66090393066403, 35.54759979248054], [135.66049194335898, 35.54560089111327], [135.66200256347696, 35.544799804687536], [135.65969848632804, 35.54473114013669], [135.65870666503903, 35.54420089721681], [135.65989685058597, 35.5438003540039], [135.66290283203097, 35.53913116455078], [135.65899658203097, 35.536064147949205], [135.66020202636696, 35.533401489257805], [135.66500854492196, 35.533733367919865], [135.66889953613304, 35.52519989013671], [135.66419982910196, 35.523933410644496], [135.66149902343804, 35.527732849121136], [135.65699768066395, 35.531265258789105], [135.65049743652295, 35.52913284301759], [135.63659667968804, 35.5209312438965], [135.63279724121102, 35.522064208984375], [135.62820434570304, 35.521865844726555], [135.63099670410202, 35.52000045776371], [135.632202148438, 35.51826477050783], [135.63609313964804, 35.518867492675824], [135.64079284668003, 35.51973342895513], [135.63900756835903, 35.51620101928707], [135.63670349121102, 35.51393127441413], [135.63999938964804, 35.51113128662113], [135.64190673828094, 35.508132934570305], [135.63589477539102, 35.50320053100588], [135.63099670410202, 35.49773406982421], [135.63090515136693, 35.49453353881839], [135.62710571289102, 35.49193191528321], [135.62640380859403, 35.489200592040966], [135.62179565429702, 35.492332458496115], [135.62010192871102, 35.49246597290036], [135.610305786133, 35.49173355102539], [135.606109619141, 35.49013137817384], [135.60240173339804, 35.491065979003906], [135.593704223633, 35.49473190307621], [135.58630371093798, 35.4943313598633], [135.580703735352, 35.48993301391602], [135.583404541016, 35.490665435790994], [135.591995239258, 35.49039840698242], [135.596908569336, 35.48773193359384], [135.604507446289, 35.48239898681641], [135.60960388183602, 35.480934143066385], [135.61390686035202, 35.484134674072294], [135.619995117188, 35.486000061035234], [135.62179565429702, 35.48419952392578], [135.63169860839804, 35.47853469848629], [135.634399414063, 35.4794006347656], [135.63850402832003, 35.47833251953129], [135.64320373535202, 35.47893142700202], [135.64469909668003, 35.478801727294865], [135.64739990234403, 35.478401184082045], [135.65269470214798, 35.47846603393553], [135.65960693359403, 35.49013137817384], [135.66220092773398, 35.493801116943416], [135.66630554199196, 35.48960113525387], [135.67070007324196, 35.49113464355466], [135.67140197753898, 35.489200592040966], [135.67500305175804, 35.48759841918951], [135.68699645996097, 35.48780059814451], [135.69009399414097, 35.48780059814451], [135.699996948242, 35.493465423584], [135.70230102539097, 35.48946762084963], [135.70629882812497, 35.48953247070312], [135.71119689941398, 35.48360061645514], [135.71650695800798, 35.48440170288087], [135.71809387207, 35.484333038330114], [135.72000122070298, 35.49193191528321], [135.725494384766, 35.49186706542972], [135.72920227050798, 35.49499893188479], [135.73359680175798, 35.49286651611327], [135.735900878906, 35.49313354492193], [135.742004394531, 35.50260162353524], [135.744400024414, 35.49953460693357], [135.744903564453, 35.50113296508794], [135.743499755859, 35.50320053100588], [135.741302490234, 35.50460052490234], [135.74679565429702, 35.51119995117188], [135.74859619140602, 35.51393127441413], [135.750595092773, 35.53020095825198], [135.754898071289, 35.53279876708981], [135.75830078125, 35.53073120117187], [135.76249694824202, 35.530933380127045], [135.76390075683602, 35.53613281249996], [135.758697509766, 35.53873443603523], [135.75659179687503, 35.53739929199217], [135.75080871582, 35.53779983520508], [135.750106811523, 35.53613281249996], [135.74679565429702, 35.53353118896478], [135.745498657227, 35.536933898925774], [135.736297607422, 35.53506469726557], [135.73480224609398, 35.527133941650405], [135.72990417480497, 35.52460098266598], [135.72509765625, 35.521865844726555], [135.718307495117, 35.52019882202153], [135.716293334961, 35.5217971801758], [135.71650695800798, 35.52946853637701], [135.717102050781, 35.53273391723632], [135.71690368652298, 35.5401344299316], [135.71040344238298, 35.54280090332026], [135.700500488281, 35.54433441162114], [135.69430541992196, 35.543201446533175], [135.68980407714798, 35.5442657470703], [135.68879699706997, 35.54959869384772], [135.69039916992196, 35.549533843994055], [135.70339965820298, 35.559200286865185], [135.707595825195, 35.56373214721679], [135.709197998047, 35.5636672973633], [135.710494995117, 35.563800811767635], [135.713195800781, 35.56900024414064], [135.717498779297, 35.57019805908201], [135.719497680664, 35.569133758544886], [135.723205566406, 35.569133758544886], [135.724899291992, 35.56926727294922], [135.726303100586, 35.569133758544886], [135.732498168945, 35.57093429565434], [135.7373046875, 35.57053375244143], [135.739807128906, 35.570667266845675], [135.741195678711, 35.56919860839837], [135.743896484375, 35.56486511230467], [135.74679565429702, 35.56613159179688], [135.74859619140602, 35.56646728515631], [135.75190734863298, 35.55933380126952], [135.74980163574202, 35.55573272705079], [135.75309753418, 35.55300140380863], [135.752197265625, 35.5500679016113], [135.755401611328, 35.5487976074219], [135.753799438477, 35.54740142822272], [135.75740051269503, 35.54299926757808], [135.760894775391, 35.54446411132812], [135.762893676758, 35.54446411132812], [135.767105102539, 35.54286575317384], [135.77099609375003, 35.54679870605472], [135.76669311523403, 35.55026626586912], [135.764404296875, 35.55073165893551], [135.764602661133, 35.55680084228518], [135.77520751953102, 35.54946517944339], [135.778503417969, 35.54980087280272], [135.78199768066403, 35.54626464843748], [135.786499023438, 35.541599273681626], [135.792602539063, 35.54173278808587], [135.79080200195304, 35.54073333740232], [135.78889465332003, 35.53793334960941], [135.78540039062503, 35.53646850585938], [135.78970336914102, 35.530532836914134], [135.79319763183602, 35.53066635131838], [135.79530334472702, 35.52980041503908], [135.79789733886696, 35.525131225585866], [135.80009460449196, 35.52706527709956], [135.80439758300804, 35.53300094604489], [135.80670166015594, 35.527599334716804], [135.80900573730503, 35.527866363525376], [135.81129455566403, 35.527866363525376], [135.81350708007804, 35.529399871826165], [135.81559753418003, 35.53160095214844], [135.81230163574196, 35.53699874877926], [135.81399536132804, 35.536933898925774], [135.81820678710903, 35.537334442138686], [135.82159423828097, 35.533599853515625], [135.82350158691403, 35.533733367919865], [135.82560729980503, 35.533599853515625], [135.83360290527295, 35.53626632690429], [135.83099365234403, 35.54180145263672], [135.82740783691403, 35.542198181152266], [135.82859802246097, 35.545864105224574], [135.82620239257804, 35.54600143432617], [135.82519531249997, 35.5522651672363], [135.82209777831997, 35.551067352294936], [135.82130432128903, 35.553264617919936], [135.81680297851602, 35.556999206543], [135.81230163574196, 35.55833435058588], [135.81309509277304, 35.562198638916], [135.80970764160202, 35.56406402587894], [135.80509948730503, 35.564201354980455], [135.803100585938, 35.56806564331049], [135.80110168457003, 35.571331024169886], [135.80500793457003, 35.56959915161128], [135.80929565429696, 35.57146453857422], [135.81039428710895, 35.57693099975589], [135.81469726562503, 35.57153320312498], [135.81900024414102, 35.573799133300824], [135.82290649414102, 35.57113265991207], [135.82670593261696, 35.56919860839837], [135.82719421386696, 35.56513214111334], [135.83369445800804, 35.562133789062514], [135.83930969238304, 35.56319808959964], [135.84010314941395, 35.5673980712891], [135.84249877929696, 35.57046508789058], [135.84919738769497, 35.57153320312498], [135.84840393066398, 35.575931549072344], [135.84970092773398, 35.578533172607436], [135.85380554199196, 35.57846450805659], [135.85420227050804, 35.58053207397462], [135.85670471191398, 35.581867218017585], [135.85440063476597, 35.58653259277344], [135.85639953613295, 35.58766555786132], [135.85569763183597, 35.591667175292955], [135.85260009765597, 35.591865539550774], [135.85470581054696, 35.59553146362299], [135.85360717773398, 35.60300064086911], [135.84449768066398, 35.601600646972656], [135.84469604492196, 35.605201721191385], [135.84049987792994, 35.608066558837876], [135.83230590820304, 35.60306549072269], [135.82870483398395, 35.607532501220724], [135.82679748535196, 35.610267639160234], [135.83540344238304, 35.61600112915039], [135.83700561523398, 35.61573410034182], [135.83839416503898, 35.620998382568395], [135.83500671386696, 35.62373352050782], [135.82400512695304, 35.62419891357422], [135.82440185546903, 35.62580108642576], [135.82369995117196, 35.628734588623004], [135.82330322265597, 35.631599426269496], [135.83110046386696, 35.62986755371089], [135.83259582519497, 35.63019943237304], [135.82969665527298, 35.63280105590822], [135.82229614257804, 35.63746643066407], [135.81520080566403, 35.632534027099645], [135.81379699706997, 35.6339340209961], [135.81350708007804, 35.63919830322268], [135.81430053710903, 35.642333984375014], [135.81579589843804, 35.64273452758792], [135.82229614257804, 35.644134521484375], [135.82829284667994, 35.638866424560526], [135.83380126953097, 35.636665344238345], [135.83860778808597, 35.63726806640634], [135.84500122070295, 35.63573455810546], [135.84309387206997, 35.6281318664551], [135.84750366210898, 35.62319946289058], [135.85299682617196, 35.62446594238279], [135.85879516601597, 35.62326431274407], [135.85839843749997, 35.61980056762703], [135.85679626464798, 35.61673355102536], [135.85990905761696, 35.6105995178223], [135.86160278320298, 35.6108016967773], [135.863098144531, 35.61066436767579], [135.86579895019497, 35.608600616455114], [135.871795654297, 35.609600067138665], [135.87620544433597, 35.61046600341797], [135.87829589843798, 35.614933013916], [135.88380432128898, 35.61753463745118], [135.891403198242, 35.61306762695306], [135.89289855957, 35.611667633056605], [135.895095825195, 35.61426544189452], [135.894104003906, 35.61953353881837], [135.898101806641, 35.623664855956974], [135.90010070800798, 35.623664855956974], [135.906494140625, 35.624801635742216], [135.90740966796898, 35.62026596069342], [135.908798217773, 35.613464355468786], [135.910705566406, 35.613864898681605], [135.912704467773, 35.60946655273442], [135.921203613281, 35.609531402587905], [135.9375, 35.61453247070309], [135.940704345703, 35.61893463134773], [135.94450378418, 35.62233352661128], [135.95030212402304, 35.62779998779303], [135.94839477539102, 35.632865905761705], [135.95390319824202, 35.63413238525392], [135.95370483398403, 35.63093185424801], [135.95809936523403, 35.62693405151373], [135.96209716796903, 35.62233352661128], [135.97000122070304, 35.623134613037095], [135.980102539063, 35.62986755371089], [135.98590087890597, 35.641399383544865], [135.97830200195304, 35.64959716796878], [135.97410583496102, 35.65506744384771], [135.96899414062503, 35.656398773193416], [135.96679687500003, 35.655200958252045], [135.96359252929702, 35.656265258789084], [135.96659851074193, 35.66073226928712], [135.96839904785202, 35.66986846923827], [135.96839904785202, 35.670265197753906], [135.965698242188, 35.67386627197273], [135.96969604492202, 35.67533111572267], [135.97659301757804, 35.68466567993164], [135.975708007813, 35.6959991455078], [135.97160339355503, 35.702800750732436], [135.97219848632804, 35.70513153076168], [135.970901489258, 35.71179962158199], [135.96330261230503, 35.709667205810476], [135.963500976563, 35.708267211914105], [135.96440124511702, 35.706932067871136], [135.96630859375003, 35.70240020751953], [135.96250915527304, 35.69986724853519], [135.95970153808602, 35.70053100585941], [135.955505371094, 35.70299911499017], [135.95780944824202, 35.704601287841804], [135.958908081055, 35.71540069580081], [135.95390319824202, 35.72053146362297], [135.95829772949202, 35.726997375488274], [135.96150207519503, 35.72853469848633], [135.964309692383, 35.730201721191364], [135.96490478515602, 35.73260116577154], [135.96630859375003, 35.732532501220696], [135.96820068359403, 35.73513412475588], [135.97340393066403, 35.73526763916021], [135.97470092773403, 35.732799530029276], [135.97970581054702, 35.73293304443361], [135.99310302734403, 35.74773406982416], [135.99679565429696, 35.7495994567871], [136.00010681152304, 35.75013351440434], [136.00779724121097, 35.753200531005916], [136.00920104980503, 35.756664276122955], [136.01300048828097, 35.75880050659183], [136.01690673828097, 35.763866424560504], [136.02149963378898, 35.76219940185547], [136.02479553222696, 35.75600051879883], [136.03010559081997, 35.753200531005916], [136.037399291992, 35.73893356323243], [136.02459716796898, 35.74933242797852], [136.02169799804696, 35.748798370361285], [136.02229309081997, 35.746131896972706], [136.02549743652298, 35.74273300170898], [136.02780151367196, 35.73860168457028], [136.03729248046898, 35.72779846191409], [136.03579711914097, 35.71993255615233], [136.03869628906295, 35.71566772460938], [136.03750610351597, 35.710334777832045], [136.04159545898398, 35.70586776733401], [136.04290771484398, 35.7059326171875], [136.042694091797, 35.70459747314453], [136.04119873046898, 35.69839859008789], [136.042694091797, 35.698467254638736], [136.04389953613298, 35.69206619262701], [136.04150390624997, 35.691532135009766], [136.03729248046898, 35.69453430175777], [136.02920532226597, 35.6894683837891], [136.02499389648398, 35.68059921264652], [136.03469848632798, 35.675464630127], [136.03640747070298, 35.6745986938477], [136.04199218749997, 35.66986846923827], [136.04249572753898, 35.6689987182617], [136.04469299316398, 35.66386413574218], [136.04359436035196, 35.65873336791993], [136.05079650878898, 35.65679931640632], [136.063293457031, 35.658531188964844], [136.063201904297, 35.660133361816385], [136.05909729003898, 35.6599311828613], [136.064102172852, 35.66133117675784], [136.064498901367, 35.65873336791993], [136.068603515625, 35.659999847412145], [136.073699951172, 35.66246795654299], [136.069198608398, 35.664131164550845], [136.07290649414097, 35.66693115234384], [136.07649230957, 35.66653442382812], [136.078094482422, 35.66986846923827], [136.07649230957, 35.67139816284179], [136.077392578125, 35.67819976806643], [136.07130432128898, 35.679466247558636], [136.075500488281, 35.680065155029276], [136.07719421386702, 35.68000030517579], [136.07829284668, 35.679866790771456], [136.081604003906, 35.679866790771456], [136.085693359375, 35.68513107299804], [136.081604003906, 35.68873214721677], [136.080703735352, 35.6979331970215], [136.079605102539, 35.70153427124023], [136.078994750977, 35.70473098754878], [136.080703735352, 35.70459747314453], [136.08430480957, 35.70746612548829], [136.091094970703, 35.71006774902338], [136.091201782227, 35.715801239013715], [136.097305297852, 35.72413253784178], [136.09700012207, 35.72846603393548], [136.096298217773, 35.735733032226605], [136.08610534668, 35.738265991210945], [136.087295532227, 35.74013137817379], [136.09049987793, 35.74179840087891], [136.092300415039, 35.741264343261676], [136.097595214844, 35.744800567627], [136.101104736328, 35.753200531005916], [136.097900390625, 35.76539993286129], [136.09700012207, 35.76706695556641], [136.100006103516, 35.777133941650355], [136.09469604492202, 35.785198211669936], [136.086196899414, 35.799198150634766], [136.077896118164, 35.81000137329104], [136.069396972656, 35.82486724853517], [136.067108154297, 35.82646560668953], [136.062301635742, 35.82926559448244], [136.05299377441398, 35.83653259277339], [136.04629516601597, 35.84086608886718], [136.04240417480497, 35.84566497802727], [136.03390502929696, 35.85333251953131], [136.01080322265597, 35.8723983764648], [136.00349426269497, 35.87879943847662], [135.99870300293003, 35.88206481933593], [135.99679565429696, 35.8870658874512], [135.99440002441403, 35.88786697387702], [135.99569702148398, 35.89033126831051], [135.99340820312503, 35.894397735595724], [135.99400329589804, 35.89500045776372], [135.99679565429696, 35.90066528320312], [135.99690246581997, 35.900798797607365], [135.99899291992196, 35.903400421142635], [135.99679565429696, 35.90593338012697], [135.99560546875003, 35.911865234375036], [135.99679565429696, 35.919334411621065], [135.99710083007804, 35.91986465454104], [135.99679565429696, 35.935531616210895], [135.992309570313, 35.94026565551759], [135.98970031738304, 35.94200134277338], [135.98870849609403, 35.94260025024411], [135.98539733886696, 35.94446563720696], [135.98600769043003, 35.94953155517581], [135.98120117187503, 35.954334259033175], [135.97880554199193, 35.95606613159178], [135.97019958496102, 35.96193313598627], [135.967895507813, 35.96780014038094], [135.96400451660202, 35.97066497802734], [135.95829772949202, 35.976131439209006], [135.959899902344, 35.97713470458982], [135.95750427246102, 35.981601715087855], [135.961791992188, 35.98606491088871], [135.96060180664102, 35.989601135253864], [135.96330261230503, 35.991600036621136], [135.96440124511702, 35.99300003051759], [135.96389770507804, 35.997665405273445], [135.964309692383, 35.997798919677685], [135.967895507813, 36.00126647949217], [135.96929931640602, 36.001331329345746], [135.97290039062503, 36.00320053100587], [135.97300720214804, 36.00453186035157], [135.97630310058602, 36.00439834594732], [135.98190307617202, 36.00886535644527], [135.98359680175804, 36.00873184204102], [135.99679565429696, 36.01926803588872], [136.00059509277298, 36.024467468261726], [136.01080322265597, 36.03406524658201], [136.01130676269497, 36.04040145874016], [136.01060485839795, 36.045600891113345], [136.01530456543003, 36.04886627197274], [136.01559448242196, 36.0513343811035], [136.01910400390597, 36.05886840820311], [136.01959228515597, 36.06433105468751], [136.02160644531304, 36.0716667175293], [136.02290344238304, 36.071399688720724], [136.02529907226597, 36.071731567382784], [136.02470397949196, 36.07433319091797], [136.03050231933597, 36.08653259277343], [136.03050231933597, 36.089199066162095], [136.03070068359398, 36.09120178222664], [136.02819824218804, 36.095798492431555], [136.02940368652298, 36.097198486328104], [136.03140258789097, 36.09713363647462], [136.03379821777298, 36.10306549072268], [136.03460693359395, 36.102733612060526], [136.03729248046898, 36.1049346923828], [136.03860473632798, 36.10513305664062], [136.04679870605497, 36.10853195190426], [136.04919433593798, 36.11773300170899], [136.05139160156298, 36.11933135986327], [136.05419921874997, 36.123401641845746], [136.05430603027298, 36.12826538085942], [136.05529785156298, 36.128734588623], [136.056198120117, 36.12946701049797], [136.05749511718798, 36.12986755371087], [136.05960083007798, 36.12993240356454], [136.06030273437497, 36.129066467285234], [136.06050109863298, 36.13126754760742], [136.060607910156, 36.132266998290966], [136.06190490722696, 36.13206481933588], [136.063201904297, 36.13219833374021], [136.065093994141, 36.132331848144545], [136.06680297851597, 36.1324005126953], [136.081298828125, 36.14293289184573], [136.095001220703, 36.156799316406314], [136.091003417969, 36.160198211669865], [136.097595214844, 36.16986465454099], [136.09980773925798, 36.17300033569341], [136.114105224609, 36.19266510009773], [136.11239624023403, 36.20526504516601], [136.112701416016, 36.20533370971676], [136.11430358886702, 36.19279861450197], [136.12049865722702, 36.190067291259815], [136.12179565429702, 36.190067291259815], [136.12339782714804, 36.19093322753912], [136.12719726562503, 36.19046783447272], [136.12930297851602, 36.19193267822266], [136.12719726562503, 36.193668365478544], [136.13259887695304, 36.202068328857365], [136.130798339844, 36.20526504516601], [136.12689208984403, 36.19946670532227], [136.12179565429702, 36.20093536376949], [136.11869812011702, 36.200267791748004], [136.11869812011702, 36.20046615600591], [136.12179565429702, 36.20119857788088], [136.13200378418, 36.21406555175783], [136.12950134277304, 36.219200134277344], [136.13310241699202, 36.22073364257813], [136.13420104980503, 36.223201751708984], [136.13099670410202, 36.22466659545901], [136.132507324219, 36.22800064086908], [136.124694824219, 36.237400054931626], [136.127105712891, 36.238933563232415], [136.13110351562503, 36.240600585937536], [136.12660217285202, 36.24546432495121], [136.12319946289102, 36.249332427978516], [136.12460327148403, 36.250865936279304], [136.12730407714804, 36.25080108642582], [136.12869262695304, 36.250999450683636], [136.13699340820304, 36.250598907470724], [136.14030456543003, 36.25320053100591], [136.14089965820304, 36.25320053100591], [136.14289855957003, 36.25320053100591], [136.14360046386693, 36.25320053100591], [136.14410400390602, 36.25166702270512], [136.145706176758, 36.25320053100591], [136.14759826660202, 36.255001068115185], [136.14900207519503, 36.25313568115233], [136.15310668945304, 36.25320053100591], [136.15420532226602, 36.25320053100591], [136.15890502929702, 36.25013351440433], [136.17259216308597, 36.25320053100591], [136.18280029296903, 36.25786590576167], [136.19599914550804, 36.264400482177734], [136.23530578613298, 36.28793334960944], [136.243698120117, 36.295600891113295]]], [[[136.11729431152304, 36.25033569335942], [136.117797851563, 36.25320053100591], [136.12010192871102, 36.253799438476634], [136.12069702148403, 36.25320053100591], [136.12069702148403, 36.2514686584473], [136.11729431152304, 36.25033569335942]]], [[[135.80270385742202, 35.630401611328125], [135.80340576171903, 35.63946533203134], [135.80590820312503, 35.63926696777344], [135.80599975585903, 35.63560104370122], [135.80619812011696, 35.63219833374022], [135.80270385742202, 35.630401611328125]]]]}}, {"type": "Feature", "properties": {"nam": "Tottori Ken", "nam_ja": "鳥取県", "id": 31, "adjacent": true}, "geometry": {"type": "Polygon", "coordinates": [[[134.36950683593798, 35.61459732055658], [134.37179565429702, 35.60833358764654], [134.37530517578102, 35.607532501220724], [134.38200378418, 35.603534698486264], [134.38720703125, 35.60306549072269], [134.392700195313, 35.60086441040042], [134.393997192383, 35.59780120849611], [134.40299987793003, 35.59346771240232], [134.40609741210903, 35.58926773071286], [134.40780639648403, 35.58766555786132], [134.40679931640602, 35.58653259277344], [134.40550231933602, 35.58300018310547], [134.40570068359403, 35.57373428344734], [134.40589904785202, 35.5684661865234], [134.41050720214804, 35.562866210937486], [134.41580200195304, 35.56353378295897], [134.42080688476602, 35.56293106079097], [134.42430114746102, 35.55133438110351], [134.42039489746094, 35.54486465454102], [134.42500305175804, 35.541866302490206], [134.42219543456997, 35.53633117675778], [134.42160034179693, 35.53453445434568], [134.41960144043003, 35.531532287597685], [134.41819763183602, 35.525333404541044], [134.412307739258, 35.5153312683105], [134.41600036621102, 35.51373291015631], [134.41870117187503, 35.51373291015631], [134.42460632324196, 35.50880050659179], [134.42790222168003, 35.50746536254882], [134.42990112304696, 35.50320053100588], [134.42709350585898, 35.495933532714844], [134.43719482421903, 35.475601196289134], [134.43409729003903, 35.47106552124017], [134.43339538574196, 35.46666717529298], [134.43609619140597, 35.462867736816435], [134.43760681152304, 35.45846557617189], [134.43980407714804, 35.44279861450203], [134.44610595703097, 35.441333770751996], [134.44929504394497, 35.438064575195334], [134.45420837402295, 35.43666839599614], [134.46279907226597, 35.436466217040966], [134.46679687499997, 35.432933807373], [134.46969604492196, 35.432933807373], [134.47309875488298, 35.429866790771506], [134.47689819335898, 35.429134368896534], [134.47950744628898, 35.42526626586914], [134.47560119628898, 35.423267364502045], [134.47770690917997, 35.41986465454096], [134.47689819335898, 35.41386413574223], [134.481002807617, 35.41019821166992], [134.47830200195298, 35.400932312011705], [134.47459411621097, 35.392467498779304], [134.47190856933597, 35.382999420166], [134.47219848632798, 35.37799835205082], [134.47579956054696, 35.37473297119142], [134.48519897460898, 35.37113189697269], [134.48880004882798, 35.36800003051763], [134.493698120117, 35.367599487304716], [134.496795654297, 35.367267608642564], [134.50239562988298, 35.36600112915044], [134.50520324707, 35.35906600952147], [134.51190185546898, 35.35440063476562], [134.51330566406298, 35.353931427002045], [134.51139831543, 35.3512001037598], [134.509994506836, 35.349334716796946], [134.50830078125, 35.341667175293004], [134.506408691406, 35.33853149414058], [134.503997802734, 35.3365325927734], [134.502197265625, 35.32540130615233], [134.504898071289, 35.31593322753911], [134.51040649414097, 35.311267852783175], [134.514007568359, 35.307064056396534], [134.510299682617, 35.30286788940426], [134.50930786132798, 35.29560089111332], [134.511795043945, 35.284664154052706], [134.51460266113298, 35.27733230590819], [134.501602172852, 35.26906585693361], [134.496795654297, 35.26760101318357], [134.489593505859, 35.26179885864257], [134.48550415039097, 35.26219940185548], [134.48190307617196, 35.25619888305657], [134.48030090331997, 35.25320053100593], [134.47540283203097, 35.249198913574205], [134.47079467773398, 35.249198913574205], [134.46240234374997, 35.24413299560553], [134.46240234374997, 35.23666763305659], [134.45260620117196, 35.2379341125488], [134.44830322265597, 35.2379341125488], [134.44270324706997, 35.23580169677729], [134.43840026855503, 35.2308006286621], [134.43400573730503, 35.22946548461913], [134.42739868164102, 35.231666564941406], [134.42129516601602, 35.23699951171883], [134.40820312500003, 35.23966598510741], [134.40220642089804, 35.241001129150376], [134.39970397949202, 35.24739837646484], [134.393005371094, 35.2526016235352], [134.38059997558602, 35.248733520507805], [134.38009643554702, 35.24813461303708], [134.373199462891, 35.24593353271481], [134.373794555664, 35.23899841308592], [134.37179565429702, 35.2349319458008], [134.368896484375, 35.23266601562504], [134.360000610352, 35.22919845581047], [134.350692749023, 35.2236671447754], [134.341796875, 35.22073364257807], [134.337997436523, 35.220401763916], [134.332992553711, 35.21246719360349], [134.32080078124997, 35.201801300048814], [134.31829833984398, 35.20219802856454], [134.315002441406, 35.20113372802733], [134.30189514160196, 35.20219802856454], [134.29420471191398, 35.199867248535206], [134.29170227050804, 35.20000076293954], [134.28070068359403, 35.19659805297854], [134.27560424804696, 35.19879913330081], [134.27110290527295, 35.200798034668], [134.26640319824196, 35.20846557617194], [134.26049804687494, 35.210399627685455], [134.25489807128903, 35.20859909057618], [134.25160217285202, 35.20326614379884], [134.24679565429696, 35.20013427734378], [134.24519348144497, 35.19933319091796], [134.240600585938, 35.199131011962876], [134.23300170898403, 35.198398590087905], [134.22830200195304, 35.19726562500002], [134.22549438476602, 35.194465637207024], [134.22169494628903, 35.19146728515629], [134.21609497070304, 35.18959808349608], [134.213409423828, 35.190399169921896], [134.203308105469, 35.18906402587893], [134.20089721679702, 35.19060134887699], [134.19369506835903, 35.189468383789105], [134.193496704102, 35.187667846679744], [134.189697265625, 35.17620086669916], [134.17810058593798, 35.16986846923828], [134.171798706055, 35.16986846923828], [134.166900634766, 35.17193222045904], [134.168106079102, 35.1791343688965], [134.16670227050798, 35.1832656860352], [134.16180419921898, 35.190132141113324], [134.16050720214798, 35.19079971313481], [134.153396606445, 35.19486618041993], [134.15400695800798, 35.20286560058594], [134.15710449218798, 35.21066665649412], [134.161697387695, 35.21793365478524], [134.161895751953, 35.22140121459964], [134.162704467773, 35.226001739502], [134.16250610351597, 35.229267120361314], [134.158203125, 35.23419952392583], [134.14390563964798, 35.23139953613283], [134.13670349121097, 35.23899841308592], [134.14480590820298, 35.24280166625983], [134.14300537109398, 35.247066497802685], [134.14419555664097, 35.25320053100593], [134.14500427246097, 35.253601074218835], [134.14990234374997, 35.258533477783175], [134.14649963378898, 35.26113128662109], [134.14289855957, 35.26393127441409], [134.137008666992, 35.2709999084473], [134.13999938964798, 35.27366638183588], [134.13870239257798, 35.27899932861331], [134.13420104980497, 35.28273391723628], [134.13160705566398, 35.280933380127], [134.12179565429696, 35.28099822998049], [134.11489868164097, 35.28386688232416], [134.11390686035196, 35.286464691162074], [134.11090087890597, 35.290134429931555], [134.10430908203097, 35.29493331909183], [134.10220336914094, 35.29813385009774], [134.10040283203097, 35.30013275146484], [134.09719848632804, 35.30586624145508], [134.09399414062497, 35.30566787719726], [134.09240722656304, 35.30580139160159], [134.08680725097702, 35.30719757080078], [134.08369445800804, 35.303333282470746], [134.07710266113304, 35.3027992248535], [134.07380676269503, 35.30146408081053], [134.06959533691403, 35.29719924926759], [134.061706542969, 35.30313110351557], [134.05490112304702, 35.29880142211913], [134.04809570312503, 35.298599243164134], [134.043807983398, 35.30266571044917], [134.03630065918, 35.30419921874996], [134.02960205078102, 35.30546569824217], [134.02799987793, 35.30780029296878], [134.022094726563, 35.3060646057129], [134.010101318359, 35.307598114013686], [134, 35.31399917602542], [134.000701904297, 35.31826782226563], [134.00419616699202, 35.324600219726605], [134.007797241211, 35.32740020751952], [134.014495849609, 35.333667755127], [134.012603759766, 35.3365325927734], [134.010498046875, 35.33900070190434], [134.014297485352, 35.34486770629883], [134.01420593261702, 35.350399017333984], [134.013595581055, 35.34999847412107], [134.008407592773, 35.35046768188483], [133.996795654297, 35.35279846191408], [133.992599487305, 35.34939956665043], [133.990097045898, 35.34846878051764], [133.979598999023, 35.344001770019524], [133.970596313477, 35.34759902954098], [133.96339416503898, 35.346000671386705], [133.95950317382798, 35.34406661987301], [133.953094482422, 35.33953475952149], [133.95050048828097, 35.3365325927734], [133.94529724121097, 35.33273315429694], [133.94250488281304, 35.33399963378906], [133.93919372558597, 35.33399963378906], [133.93670654296903, 35.33546829223628], [133.93159484863304, 35.333801269531335], [133.92750549316403, 35.32279968261724], [133.93139648437497, 35.31819915771479], [133.92689514160196, 35.3103981018066], [133.92489624023398, 35.3075332641602], [133.91920471191403, 35.30719757080078], [133.90840148925804, 35.306934356689474], [133.90629577636696, 35.305332183837926], [133.89950561523403, 35.30433273315429], [133.89649963378903, 35.30233383178711], [133.89199829101602, 35.30006408691408], [133.88600158691403, 35.294464111328075], [133.88409423828094, 35.29600143432622], [133.88099670410202, 35.29399871826168], [133.87759399414102, 35.29499816894532], [133.87179565429702, 35.2933311462402], [133.862701416016, 35.29299926757813], [133.860305786133, 35.287666320800795], [133.86579895019503, 35.28499984741213], [133.864700317383, 35.28346633911134], [133.86369323730503, 35.27799987792967], [133.86509704589804, 35.27313232421882], [133.85920715332003, 35.26973342895509], [133.854995727539, 35.26826477050779], [133.85229492187503, 35.26426696777342], [133.843292236328, 35.25320053100593], [133.844100952148, 35.24966812133787], [133.839599609375, 35.25073242187499], [133.830795288086, 35.248931884765625], [133.817596435547, 35.252666473388686], [133.81750488281298, 35.25320053100593], [133.81730651855497, 35.25619888305657], [133.815505981445, 35.26293182373054], [133.80740356445298, 35.26993179321291], [133.80900573730497, 35.274532318115185], [133.800598144531, 35.28653335571292], [133.79919433593798, 35.2885322570801], [133.799697875977, 35.29066467285162], [133.79730224609398, 35.294132232666016], [133.79420471191398, 35.29326629638671], [133.78979492187497, 35.293399810791044], [133.78939819335898, 35.29726409912108], [133.783493041992, 35.2947998046875], [133.78190612792997, 35.29766845703134], [133.77560424804696, 35.299533843994105], [133.76789855956997, 35.30699920654296], [133.76399230956997, 35.3088645935059], [133.76179504394497, 35.31113433837893], [133.75650024414097, 35.30826568603517], [133.75129699706997, 35.31106567382808], [133.74679565429696, 35.31826782226563], [133.74510192871097, 35.31933212280266], [133.74189758300804, 35.316665649414084], [133.73809814453097, 35.31786727905272], [133.73579406738304, 35.31846618652336], [133.73460388183602, 35.316997528076236], [133.73339843750003, 35.316734313964844], [133.72850036621102, 35.3168640136719], [133.72470092773403, 35.319133758544936], [133.72000122070304, 35.31919860839842], [133.71080017089804, 35.32419967651369], [133.705200195313, 35.32439804077151], [133.69709777832003, 35.32653427124021], [133.69129943847702, 35.32413101196294], [133.69140625, 35.32053375244139], [133.678207397461, 35.31879806518551], [133.67350769043, 35.32306671142582], [133.668594360352, 35.32299804687497], [133.65759277343798, 35.329132080078125], [133.649993896484, 35.335865020752], [133.64179992675798, 35.3365325927734], [133.63870239257798, 35.33826446533201], [133.633697509766, 35.339401245117244], [133.621795654297, 35.33686828613282], [133.615692138672, 35.34133148193359], [133.614303588867, 35.34053421020513], [133.60949707031295, 35.34153366088867], [133.60580444335898, 35.34159851074216], [133.60380554199196, 35.34266662597664], [133.59570312499997, 35.3451347351074], [133.59469604492196, 35.34299850463871], [133.58839416503898, 35.3365325927734], [133.58869934081997, 35.33453369140631], [133.59179687499997, 35.332332611084034], [133.58889770507798, 35.32813262939449], [133.58580017089798, 35.32366561889654], [133.58079528808597, 35.31826782226563], [133.57730102539094, 35.315399169921875], [133.57629394531304, 35.301200866699226], [133.57679748535196, 35.2986679077148], [133.57400512695304, 35.29040145874022], [133.57060241699196, 35.28746414184571], [133.57159423828097, 35.282199859619126], [133.56840515136696, 35.277732849121094], [133.57110595703097, 35.273265838622976], [133.56739807128903, 35.268665313720696], [133.56719970703097, 35.25993347167972], [133.56590270996094, 35.25540161132811], [133.56170654296903, 35.25320053100593], [133.559204101563, 35.24639892578129], [133.55490112304693, 35.24246597290041], [133.54850769043003, 35.24326705932623], [133.541702270508, 35.242401123046925], [133.536499023438, 35.237865447997955], [133.52920532226602, 35.23680114746092], [133.526306152344, 35.23846435546877], [133.51730346679702, 35.24060058593747], [133.51429748535202, 35.236534118652344], [133.507507324219, 35.233131408691435], [133.505294799805, 35.22859954833983], [133.509307861328, 35.22306823730467], [133.51429748535202, 35.22079849243164], [133.518493652344, 35.21366500854494], [133.52110290527304, 35.20726776123048], [133.52230834960903, 35.19893264770514], [133.524597167969, 35.19440078735354], [133.52560424804702, 35.193065643310476], [133.52789306640602, 35.188133239746136], [133.52560424804702, 35.182933807372955], [133.52470397949202, 35.18306732177729], [133.52040100097702, 35.182132720947315], [133.51559448242202, 35.19079971313481], [133.51220703125, 35.18980026245117], [133.50779724121102, 35.192531585693416], [133.50390625, 35.19206619262702], [133.501007080078, 35.192733764648416], [133.49679565429702, 35.18753433227541], [133.495697021484, 35.187065124511655], [133.491607666016, 35.18753433227541], [133.48620605468798, 35.186733245849595], [133.48229980468798, 35.18299865722662], [133.474395751953, 35.18199920654298], [133.472793579102, 35.178932189941406], [133.470199584961, 35.17746734619138], [133.466400146484, 35.17533111572268], [133.464996337891, 35.1765975952148], [133.460296630859, 35.17779922485353], [133.456192016602, 35.17346572875983], [133.45010375976597, 35.172332763671946], [133.44639587402298, 35.172199249267614], [133.439193725586, 35.17326736450201], [133.42810058593804, 35.17733383178713], [133.42239379882798, 35.17639923095698], [133.42059326171898, 35.1791343688965], [133.41589355468804, 35.18399810791017], [133.41160583496097, 35.18466567993156], [133.40780639648398, 35.18560028076171], [133.40249633789097, 35.18253326416023], [133.39649963378903, 35.180931091308594], [133.39410400390597, 35.17739868164062], [133.39579772949196, 35.17300033569343], [133.39329528808597, 35.16986846923828], [133.39259338378895, 35.16846466064447], [133.39739990234403, 35.164867401123004], [133.39970397949196, 35.1557998657227], [133.40229797363304, 35.151332855224574], [133.40420532226602, 35.14459991455078], [133.40850830078097, 35.14080047607423], [133.41079711914097, 35.135334014892564], [133.41130065917994, 35.12246704101562], [133.40840148925804, 35.11999893188477], [133.40289306640597, 35.114334106445284], [133.40159606933597, 35.11439895629877], [133.388305664063, 35.113132476806555], [133.38279724121094, 35.114665985107436], [133.37179565429693, 35.112800598144496], [133.36740112304702, 35.110466003417976], [133.36059570312503, 35.10480117797849], [133.358108520508, 35.10273361206046], [133.35459899902304, 35.100933074951186], [133.34889221191403, 35.1045989990234], [133.338302612305, 35.10666656494143], [133.33349609375003, 35.10260009765631], [133.332397460938, 35.09986495971679], [133.326095581055, 35.09439849853521], [133.32080078125, 35.09379959106448], [133.31640625, 35.096267700195334], [133.313003540039, 35.09773254394528], [133.310607910156, 35.096733093261726], [133.307907104492, 35.09906768798833], [133.303497314453, 35.09973144531246], [133.298904418945, 35.10353469848628], [133.290191650391, 35.09953308105473], [133.28800964355497, 35.09600067138667], [133.28840637207, 35.09166717529297], [133.28930664062497, 35.08653259277336], [133.289398193359, 35.085666656494055], [133.288192749023, 35.07746505737296], [133.29040527343798, 35.071731567382805], [133.283905029297, 35.06613540649408], [133.27729797363298, 35.06633377075198], [133.271697998047, 35.06086730957031], [133.26840209960898, 35.05780029296883], [133.26730346679696, 35.059333801269524], [133.261795043945, 35.0624008178711], [133.25799560546898, 35.067600250244105], [133.25059509277298, 35.07806777954096], [133.24679565429696, 35.07853317260744], [133.239791870117, 35.079067230224595], [133.23640441894497, 35.07820129394529], [133.23199462890597, 35.077598571777294], [133.23260498046903, 35.07053375244144], [133.22830200195304, 35.06840133666992], [133.21839904785193, 35.071533203124986], [133.21420288085903, 35.07400131225592], [133.20390319824196, 35.0727996826172], [133.19760131835903, 35.07213211059572], [133.181106567383, 35.06900024414056], [133.179107666016, 35.06746673583977], [133.173004150391, 35.06900024414056], [133.16850280761702, 35.067665100097685], [133.16439819335903, 35.07040023803711], [133.16110229492202, 35.07360076904302], [133.157897949219, 35.07260131835938], [133.155395507813, 35.0723342895508], [133.152603149414, 35.07026672363278], [133.14669799804702, 35.067398071289105], [133.14239501953102, 35.065200805664105], [133.136001586914, 35.06933212280271], [133.135696411133, 35.0742683410645], [133.13960266113298, 35.075664520263686], [133.13960266113298, 35.07826614379878], [133.140899658203, 35.081199645996115], [133.138000488281, 35.084400177002024], [133.137008666992, 35.08653259277336], [133.13740539550798, 35.093132019043], [133.139709472656, 35.09840011596676], [133.141006469727, 35.10106658935552], [133.14469909668, 35.10666656494143], [133.139709472656, 35.118267059326165], [133.14570617675798, 35.12433242797847], [133.14570617675798, 35.13280105590823], [133.149307250977, 35.14093399047848], [133.15499877929702, 35.145866394043], [133.156692504883, 35.148868560790994], [133.16569519043, 35.14939880371088], [133.17030334472702, 35.153598785400426], [133.18380737304702, 35.15753173828131], [133.18930053710903, 35.16159820556643], [133.19270324707003, 35.16686630249019], [133.19439697265594, 35.16986846923828], [133.19219970703102, 35.17833328247068], [133.188903808594, 35.1841316223145], [133.18499755859403, 35.18513107299796], [133.181594848633, 35.18806457519529], [133.18339538574193, 35.19433212280269], [133.18190002441403, 35.20086669921884], [133.173294067383, 35.205467224121115], [133.17160034179702, 35.20833206176761], [133.16859436035202, 35.20899963378909], [133.162506103516, 35.206665039062486], [133.15849304199202, 35.205665588378935], [133.154403686523, 35.20320129394527], [133.15119934082003, 35.20619964599609], [133.152206420898, 35.20826721191412], [133.15100097656298, 35.216197967529276], [133.15280151367202, 35.21913528442379], [133.15499877929702, 35.22073364257807], [133.16099548339804, 35.22306823730467], [133.16239929199202, 35.22299957275391], [133.169799804688, 35.2264671325684], [133.17120361328102, 35.22819900512701], [133.17399597168003, 35.229732513427706], [133.17779541015602, 35.23206710815431], [133.188903808594, 35.23680114746092], [133.19090270996102, 35.23626708984377], [133.192993164063, 35.23720169067383], [133.20570373535202, 35.2420654296875], [133.21000671386696, 35.24186706542968], [133.22380065918003, 35.24933242797854], [133.22740173339795, 35.246932983398445], [133.22889709472696, 35.2470016479492], [133.23089599609403, 35.246932983398445], [133.23939514160196, 35.25073242187499], [133.24090576171903, 35.250068664550774], [133.24470520019497, 35.25320053100593], [133.24679565429696, 35.25506591796878], [133.25070190429696, 35.25866699218751], [133.258102416992, 35.261531829834], [133.26200866699196, 35.25886535644533], [133.27450561523398, 35.25799942016602], [133.280502319336, 35.2619323730469], [133.28480529785196, 35.26119995117193], [133.28630065917997, 35.26126480102542], [133.28869628906298, 35.26119995117193], [133.290100097656, 35.26100158691411], [133.295196533203, 35.26426696777342], [133.300796508789, 35.26340103149412], [133.30439758300798, 35.265933990478544], [133.305801391602, 35.265731811523366], [133.309906005859, 35.268466949462876], [133.307403564453, 35.27933120727537], [133.29899597168, 35.291534423828104], [133.305694580078, 35.30266571044917], [133.304306030273, 35.30426406860354], [133.297500610352, 35.3118667602539], [133.291900634766, 35.319664001464815], [133.297698974609, 35.32473373413094], [133.29609680175798, 35.326801300048785], [133.295700073242, 35.3365325927734], [133.296295166016, 35.33926773071291], [133.29479980468798, 35.34653472900386], [133.307098388672, 35.36586761474611], [133.31379699707, 35.365600585937536], [133.31770324707, 35.36793136596678], [133.31770324707, 35.37279891967772], [133.31979370117202, 35.37273406982423], [133.32389831543, 35.37426757812502], [133.323104858398, 35.377067565918026], [133.313995361328, 35.38673400878906], [133.314605712891, 35.391201019287095], [133.319107055664, 35.394599914550824], [133.320007324219, 35.39979934692383], [133.320495605469, 35.406932830810526], [133.31449890136702, 35.41986465454096], [133.309707641602, 35.42813110351563], [133.302093505859, 35.43506622314451], [133.27549743652298, 35.44480133056639], [133.24679565429696, 35.46266555786134], [133.22630310058597, 35.47719955444341], [133.22149658203097, 35.481464385986264], [133.21159362793003, 35.50320053100588], [133.198608398438, 35.52506637573238], [133.19790649414102, 35.52640151977543], [133.199905395508, 35.533931732177685], [133.21749877929696, 35.54613113403324], [133.23120117187497, 35.54906845092766], [133.23580932617196, 35.54906845092766], [133.24409484863295, 35.54913330078133], [133.24600219726597, 35.54600143432617], [133.24679565429696, 35.54813385009769], [133.24749755859398, 35.54646682739257], [133.25750732421895, 35.55020141601563], [133.26480102539097, 35.55160140991209], [133.264694213867, 35.548931121826236], [133.25469970703097, 35.54119873046881], [133.25540161132798, 35.54026794433593], [133.25120544433597, 35.5379981994629], [133.25039672851597, 35.53893280029296], [133.24679565429696, 35.53686523437502], [133.24659729003898, 35.53653335571287], [133.24409484863295, 35.5351982116699], [133.24679565429696, 35.52780151367189], [133.25509643554696, 35.52826690673829], [133.25999450683597, 35.519866943359375], [133.25090026855497, 35.51580047607416], [133.25900268554696, 35.50320053100588], [133.26150512695298, 35.50066757202154], [133.26400756835898, 35.498199462890604], [133.28759765625, 35.48120117187496], [133.311996459961, 35.47026443481453], [133.34019470214804, 35.46239852905268], [133.34080505371102, 35.4627342224121], [133.343505859375, 35.46199798583977], [133.34519958496102, 35.46206665039062], [133.36180114746102, 35.459266662597706], [133.37179565429693, 35.45726776123052], [133.37359619140597, 35.4569320678711], [133.38890075683594, 35.45393371582028], [133.39100646972702, 35.453998565673764], [133.39320373535202, 35.45353317260737], [133.40960693359403, 35.45473098754883], [133.42480468749997, 35.46020126342768], [133.42579650878898, 35.46179962158204], [133.42869567871097, 35.47000122070313], [133.433395385742, 35.47733306884774], [133.43220520019497, 35.480934143066385], [133.43260192871097, 35.48193359375002], [133.43969726562497, 35.4858665466309], [133.445602416992, 35.493999481201236], [133.457901000977, 35.49826431274409], [133.462005615234, 35.49826431274409], [133.46789550781298, 35.49839782714842], [133.48010253906298, 35.50320053100588], [133.488296508789, 35.50806427001946], [133.493499755859, 35.51240158081052], [133.49679565429702, 35.5157318115234], [133.49980163574202, 35.51553344726558], [133.513595581055, 35.5176658630371], [133.518005371094, 35.5204658508301], [133.52189636230503, 35.51953125000004], [133.52360534668, 35.51966476440428], [133.52830505371102, 35.51946640014646], [133.52969360351602, 35.51946640014646], [133.53520202636702, 35.52406692504883], [133.54080200195304, 35.521465301513736], [133.542907714844, 35.52159881591798], [133.54389953613304, 35.521934509277315], [133.55189514160202, 35.523731231689496], [133.55400085449196, 35.523731231689496], [133.55780029296903, 35.526199340820256], [133.56700134277304, 35.530334472656314], [133.57020568847702, 35.53026580810547], [133.58970642089798, 35.53200149536126], [133.59429931640597, 35.52666854858401], [133.59829711914097, 35.52666854858401], [133.606994628906, 35.52226638793947], [133.621795654297, 35.520065307617195], [133.625, 35.51926422119138], [133.630599975586, 35.51933288574222], [133.64250183105497, 35.5153312683105], [133.647598266602, 35.51539993286134], [133.656997680664, 35.51226806640628], [133.65620422363298, 35.51240158081052], [133.655899047852, 35.50993347167967], [133.65739440918, 35.50919723510743], [133.66569519043, 35.50746536254882], [133.668395996094, 35.506931304931584], [133.68319702148403, 35.50713348388667], [133.69009399414102, 35.507064819335916], [133.70350646972702, 35.507266998291], [133.71690368652304, 35.50413131713867], [133.72410583496102, 35.50320053100588], [133.74679565429696, 35.50159835815433], [133.77160644531304, 35.50073242187503], [133.78199768066398, 35.50093460083012], [133.78649902343795, 35.500865936279276], [133.78999328613298, 35.50093460083012], [133.83869934082, 35.50320053100588], [133.85299682617202, 35.50506591796882], [133.854995727539, 35.50506591796882], [133.87179565429702, 35.505867004394545], [133.87869262695304, 35.507400512695334], [133.88029479980503, 35.507198333740156], [133.88240051269503, 35.507266998291], [133.88529968261693, 35.50873184204104], [133.88999938964804, 35.50753402709958], [133.89529418945304, 35.50753402709958], [133.90170288085903, 35.51033401489258], [133.90310668945304, 35.51033401489258], [133.90319824218804, 35.510398864746065], [133.90809631347693, 35.508598327636705], [133.93569946289097, 35.51279830932616], [133.93910217285196, 35.51620101928707], [133.9375, 35.51726531982419], [133.94589233398398, 35.51946640014646], [133.94920349121097, 35.51746749877928], [133.95840454101597, 35.51933288574222], [133.959197998047, 35.525665283203104], [133.962692260742, 35.52286529541019], [133.96470642089798, 35.522998809814524], [133.96769714355497, 35.52233123779304], [133.97250366210898, 35.52266693115229], [133.97770690917997, 35.5223999023438], [133.98170471191398, 35.524868011474645], [133.983291625977, 35.52293395996086], [133.988006591797, 35.52293395996086], [133.990707397461, 35.52553176879877], [133.994400024414, 35.52386856079101], [133.995193481445, 35.524398803710895], [133.996795654297, 35.52433395385741], [133.999908447266, 35.5252647399902], [134.001800537109, 35.53079986572271], [134.004302978516, 35.5347328186035], [134.00729370117202, 35.53793334960941], [134.013107299805, 35.529266357421925], [134.014495849609, 35.52993392944341], [134.01739501953102, 35.5217971801758], [134.01770019531298, 35.52106475830083], [134.03179931640602, 35.51873397827149], [134.04270935058602, 35.51879882812498], [134.04460144043, 35.51873397827149], [134.07769775390597, 35.52159881591798], [134.08169555664102, 35.525131225585866], [134.08419799804696, 35.52493286132813], [134.08889770507804, 35.525131225585866], [134.09330749511696, 35.524398803710895], [134.09640502929696, 35.52453231811523], [134.09989929199196, 35.52693176269532], [134.10130310058597, 35.52679824829099], [134.10290527343804, 35.525665283203104], [134.10369873046903, 35.52686691284183], [134.10610961914102, 35.525333404541044], [134.10740661621097, 35.525333404541044], [134.10969543456997, 35.52686691284183], [134.11300659179696, 35.5267333984375], [134.12030029296898, 35.52686691284183], [134.12179565429696, 35.52679824829099], [134.13670349121097, 35.52906417846683], [134.177703857422, 35.5358009338379], [134.183700561523, 35.5399322509766], [134.186798095703, 35.5399322509766], [134.186798095703, 35.541133880615234], [134.189804077148, 35.53966522216802], [134.194305419922, 35.53973388671878], [134.23019409179702, 35.54679870605472], [134.24679565429696, 35.55193328857424], [134.26719665527298, 35.55866622924803], [134.27430725097693, 35.56373214721679], [134.27499389648398, 35.56819915771482], [134.27650451660196, 35.572265625000036], [134.27729797363304, 35.572864532470675], [134.28129577636696, 35.574199676513736], [134.28689575195298, 35.57373428344734], [134.29200744628898, 35.576400756835916], [134.29159545898398, 35.582798004150376], [134.29280090331997, 35.58359909057619], [134.29040527343804, 35.58440017700201], [134.29159545898398, 35.58653259277344], [134.29119873046898, 35.587600708007834], [134.29490661621097, 35.58993148803708], [134.29960632324196, 35.589797973632834], [134.300994873047, 35.589797973632834], [134.301803588867, 35.59239959716802], [134.30599975585898, 35.59180068969729], [134.30880737304696, 35.59206771850587], [134.310394287109, 35.59393310546881], [134.313201904297, 35.594333648681626], [134.3125, 35.59360122680656], [134.31530761718804, 35.593734741210895], [134.31689453125, 35.59346771240232], [134.31790161132798, 35.593532562255895], [134.31820678710898, 35.59273147583008], [134.322799682617, 35.59093475341798], [134.33410644531298, 35.59246826171877], [134.33740234375, 35.59640121459957], [134.339492797852, 35.597667694091776], [134.336898803711, 35.60093307495117], [134.33979797363298, 35.60246658325196], [134.33869934082, 35.60513305664063], [134.339294433594, 35.60773468017581], [134.341293334961, 35.60773468017581], [134.34309387207, 35.608066558837876], [134.344802856445, 35.609199523925845], [134.34440612792997, 35.60680007934566], [134.34440612792997, 35.60493469238281], [134.348297119141, 35.60099792480466], [134.350997924805, 35.601268768310504], [134.357894897461, 35.600734710693445], [134.369003295898, 35.60419845581048], [134.36950683593798, 35.61459732055658]]]}}, {"type": "Feature", "properties": {"nam": "Tokushima Ken", "nam_ja": "徳島県", "id": 36, "adjacent": true}, "geometry": {"type": "MultiPolygon", "coordinates": [[[[134.59140014648403, 34.2144012451172], [134.58940124511696, 34.217601776123026], [134.58999633789102, 34.22226715087888], [134.59109497070304, 34.22266769409178], [134.59309387206997, 34.22273254394527], [134.59109497070304, 34.22660064697266], [134.58749389648403, 34.230064392089794], [134.59280395507804, 34.24126815795898], [134.59809875488304, 34.245067596435526], [134.60440063476602, 34.251468658447344], [134.61100769043003, 34.250335693359375], [134.61239624023398, 34.25040054321286], [134.61520385742196, 34.24720001220704], [134.61709594726597, 34.24413299560546], [134.61560058593804, 34.242801666259766], [134.61529541015597, 34.23893356323237], [134.61770629882804, 34.237331390380916], [134.61509704589798, 34.23199844360349], [134.61309814453097, 34.23233413696291], [134.609008789063, 34.22933197021482], [134.60910034179696, 34.23366546630861], [134.59989929199196, 34.224868774414055], [134.59890747070304, 34.21993255615227], [134.59770202636696, 34.22119903564448], [134.59570312500003, 34.217998504638665], [134.59140014648403, 34.2144012451172]]], [[[134.62179565429696, 34.18579864501947], [134.61819458007795, 34.191665649414134], [134.61140441894497, 34.19473266601562], [134.60319519043003, 34.197799682617195], [134.60139465331997, 34.1973342895508], [134.59199523925804, 34.20053482055662], [134.58760070800804, 34.207000732421925], [134.58999633789102, 34.21166610717769], [134.59500122070304, 34.20846557617187], [134.59880065918003, 34.20846557617187], [134.59869384765597, 34.20940017700202], [134.60000610351602, 34.20940017700202], [134.60020446777304, 34.209934234619084], [134.60270690918003, 34.21099853515629], [134.60789489746097, 34.215267181396506], [134.61349487304696, 34.21466445922851], [134.61430358886696, 34.21113204956054], [134.61259460449196, 34.209465026855504], [134.60760498046903, 34.20873260498053], [134.60969543456997, 34.21033477783199], [134.60809326171903, 34.211933135986264], [134.60369873046903, 34.20853424072271], [134.61039733886696, 34.20526885986332], [134.61680603027304, 34.21113204956054], [134.61959838867196, 34.21066665649414], [134.62179565429696, 34.211933135986264], [134.62390136718804, 34.2176666259766], [134.62179565429696, 34.2185325622559], [134.62120056152298, 34.21793365478518], [134.61790466308597, 34.21900177001948], [134.61669921874997, 34.218132019043], [134.61380004882804, 34.221134185790994], [134.61399841308597, 34.22539901733403], [134.61619567871097, 34.22846603393552], [134.61650085449196, 34.230064392089794], [134.61599731445304, 34.231533050537095], [134.61819458007795, 34.23099899291994], [134.62179565429696, 34.231067657470696], [134.62490844726602, 34.23220062255858], [134.62609863281304, 34.2323989868164], [134.62850952148398, 34.23180007934567], [134.63659667968804, 34.23360061645512], [134.63639831542997, 34.23500061035158], [134.63569641113295, 34.235668182372976], [134.64210510253898, 34.23946762084961], [134.64230346679696, 34.23726654052734], [134.63760375976597, 34.230331420898366], [134.63679504394497, 34.22539901733403], [134.63459777831997, 34.221866607665966], [134.62719726562497, 34.20880126953129], [134.625, 34.18700027465819], [134.62179565429696, 34.18579864501947]]], [[[134.43969726562497, 34.20786666870123], [134.44999694824196, 34.205734252929716], [134.45790100097696, 34.207466125488324], [134.45970153808597, 34.207466125488324], [134.47329711914097, 34.209465026855504], [134.48300170898398, 34.21806716918951], [134.496795654297, 34.224468231201236], [134.50630187988298, 34.22573471069336], [134.519195556641, 34.225532531738274], [134.521896362305, 34.22566604614261], [134.52909851074202, 34.226200103759844], [134.53630065918, 34.22606658935551], [134.53790283203102, 34.22606658935551], [134.539703369141, 34.22606658935551], [134.54359436035202, 34.224933624267635], [134.557800292969, 34.22159957885739], [134.56520080566403, 34.225067138671875], [134.56779479980503, 34.2224655151367], [134.57069396972702, 34.22439956665039], [134.57170104980503, 34.22233581542972], [134.573196411133, 34.22466659545897], [134.57090759277304, 34.22686767578133], [134.56559753418003, 34.22993469238282], [134.56860351562503, 34.23619842529303], [134.58349609375003, 34.239265441894524], [134.58990478515602, 34.23780059814449], [134.58569335937503, 34.232467651367244], [134.58929443359403, 34.224933624267635], [134.58830261230503, 34.22093200683591], [134.58349609375003, 34.21260070800784], [134.58210754394503, 34.21286773681641], [134.58389282226602, 34.2057991027832], [134.58290100097702, 34.20393371582026], [134.59370422363304, 34.1958656311035], [134.60949707031304, 34.1908683776855], [134.62179565429696, 34.182266235351584], [134.62300109863304, 34.18133163452152], [134.63229370117196, 34.18186569213867], [134.63389587402298, 34.18133163452152], [134.63589477539097, 34.18140029907228], [134.63859558105497, 34.18140029907228], [134.64179992675795, 34.18019866943364], [134.63589477539097, 34.16986465454103], [134.62179565429696, 34.151599884033175], [134.61419677734403, 34.14279937744144], [134.61399841308597, 34.14026641845702], [134.61799621581997, 34.14126586914056], [134.61869812011696, 34.1409339904785], [134.60369873046903, 34.11966705322273], [134.60163717361198, 34.10351086988223], [134.60420227050804, 34.10233306884766], [134.60459899902304, 34.101467132568445], [134.602905273438, 34.08653259277338], [134.60310363769494, 34.085201263427685], [134.59300231933602, 34.064800262451215], [134.594604492188, 34.063133239746094], [134.59669494628903, 34.067066192626974], [134.60339355468804, 34.06466674804688], [134.60270690918003, 34.063266754150426], [134.60629272460898, 34.06200027465822], [134.60299682617196, 34.05580139160158], [134.60310363769494, 34.05200195312503], [134.602905273438, 34.05200195312503], [134.60279846191403, 34.055599212646484], [134.59919738769497, 34.056934356689545], [134.59759521484403, 34.053932189941364], [134.59469604492196, 34.05459976196294], [134.58839416503903, 34.05680084228521], [134.58799743652304, 34.055866241455064], [134.58569335937503, 34.05566787719733], [134.58500671386702, 34.05200195312503], [134.59530639648403, 34.049400329589844], [134.59159851074196, 34.03893280029299], [134.58529663085903, 34.03633499145508], [134.58729553222702, 34.03486633300778], [134.59280395507804, 34.03499984741211], [134.59410095214804, 34.03506851196287], [134.59489440918003, 34.033199310302656], [134.590698242188, 34.032135009765625], [134.58790588378903, 34.02986526489259], [134.59109497070304, 34.02619934082029], [134.59689331054696, 34.0231323242188], [134.59719848632804, 34.02106857299804], [134.60009765625003, 34.01866531372068], [134.59770202636696, 34.01639938354492], [134.59120178222702, 34.01606750488277], [134.59170532226602, 34.012134552001974], [134.58839416503903, 34.01173400878907], [134.59089660644494, 34.010799407959006], [134.59120178222702, 34.0062675476074], [134.59289550781304, 34.00693130493161], [134.59849548339804, 34.00320053100591], [134.59620666503903, 34.001266479492216], [134.60510253906304, 33.99626541137703], [134.60780334472702, 33.99646759033203], [134.61219787597696, 33.99800109863282], [134.61390686035202, 33.996734619140604], [134.60890197753903, 33.992801666259815], [134.60490417480503, 33.99380111694336], [134.60820007324196, 33.99160003662109], [134.60809326171903, 33.98953247070306], [134.60490417480503, 33.98586654663093], [134.60580444335903, 33.98266601562502], [134.61010742187503, 33.990867614746115], [134.61349487304696, 33.99166870117193], [134.61650085449196, 33.99173355102542], [134.61560058593804, 33.9868011474609], [134.61819458007795, 33.9868011474609], [134.61840820312503, 33.987667083740206], [134.61880493164102, 33.987331390380874], [134.62179565429696, 33.988868713378935], [134.62519836425804, 33.99033355712888], [134.62440490722696, 33.99366760253912], [134.62179565429696, 33.9924011230469], [134.62159729003898, 33.99226760864257], [134.62179565429696, 33.99259948730472], [134.62460327148398, 33.99413299560551], [134.62699890136696, 33.989467620849574], [134.63250732421903, 33.99393463134769], [134.63130187988304, 33.99486541748048], [134.62950134277298, 33.998401641845724], [134.63009643554696, 33.999000549316364], [134.63090515136696, 33.99846649169921], [134.62910461425804, 34.00320053100591], [134.62570190429696, 34.00366592407231], [134.62480163574196, 34.00586700439449], [134.62829589843804, 34.01020050048828], [134.63400268554696, 34.00973129272462], [134.64270019531304, 34.00320053100591], [134.65130615234398, 33.986400604248], [134.65650939941398, 33.9766654968262], [134.66770935058597, 33.96220016479489], [134.68159484863298, 33.95933151245122], [134.68879699707, 33.95433425903322], [134.69779968261702, 33.950065612793004], [134.698303222656, 33.94046783447273], [134.70080566406298, 33.938201904296875], [134.705795288086, 33.925666809081996], [134.69970703125, 33.91986846923826], [134.699005126953, 33.91519927978523], [134.701797485352, 33.91393280029302], [134.697402954102, 33.90933227539056], [134.698501586914, 33.90633392333983], [134.693206787109, 33.903266906738345], [134.688995361328, 33.90200042724613], [134.68359375, 33.89253234863283], [134.678695678711, 33.888534545898366], [134.676803588867, 33.88353347778318], [134.675094604492, 33.881534576416], [134.674697875977, 33.87966537475588], [134.67300415039097, 33.88040161132812], [134.674606323242, 33.88619995117194], [134.6708984375, 33.885334014892635], [134.66880798339798, 33.885135650634815], [134.66700744628898, 33.87906646728524], [134.66270446777298, 33.8796005249023], [134.66160583496097, 33.88086700439452], [134.65269470214798, 33.88233566284182], [134.66050720214798, 33.875732421875], [134.65589904785196, 33.872200012207024], [134.649703979492, 33.870532989501996], [134.64700317382798, 33.87373352050781], [134.64419555664097, 33.87400054931639], [134.64509582519497, 33.87193298339836], [134.63960266113304, 33.869533538818445], [134.63710021972696, 33.87286758422851], [134.63580322265597, 33.871067047119055], [134.637496948242, 33.87146759033197], [134.63839721679696, 33.86893463134772], [134.63600158691398, 33.868400573730476], [134.63310241699196, 33.86626815795896], [134.63119506835898, 33.86286544799796], [134.62850952148398, 33.85726547241214], [134.63079833984395, 33.856601715087926], [134.63529968261696, 33.859066009521506], [134.63720703124997, 33.858867645263686], [134.63879394531304, 33.863399505615206], [134.64540100097696, 33.86593246459963], [134.64559936523398, 33.86386871337887], [134.64509582519497, 33.86213302612299], [134.64480590820298, 33.86140060424802], [134.64460754394497, 33.8568687438965], [134.64230346679696, 33.852600097656286], [134.64680480956997, 33.85273361206053], [134.64399719238298, 33.84933471679689], [134.63909912109398, 33.84479904174801], [134.64280700683597, 33.842735290527344], [134.64610290527298, 33.84320068359383], [134.64869689941398, 33.84466552734377], [134.65180969238304, 33.844535827636705], [134.65710449218804, 33.84873199462889], [134.66180419921898, 33.84353256225589], [134.66250610351597, 33.847202301025376], [134.66590881347696, 33.848335266113345], [134.66790771484398, 33.84386825561522], [134.67320251464798, 33.849868774414134], [134.67480468749997, 33.84980010986329], [134.674606323242, 33.846866607666044], [134.676895141602, 33.847000122070284], [134.679595947266, 33.8510665893555], [134.68049621582, 33.84960174560547], [134.683197021484, 33.85086822509768], [134.68499755859398, 33.85026550292968], [134.68620300292997, 33.84993362426762], [134.686599731445, 33.85233306884771], [134.688293457031, 33.85173416137698], [134.690200805664, 33.85173416137698], [134.69140625, 33.850532531738345], [134.69169616699202, 33.84820175170901], [134.69599914550798, 33.84973144531253], [134.697906494141, 33.849132537841804], [134.699401855469, 33.84920120239256], [134.701904296875, 33.84813308715817], [134.706497192383, 33.850002288818374], [134.715606689453, 33.84859848022456], [134.71929931640602, 33.84519958496092], [134.70489501953102, 33.84180068969728], [134.701995849609, 33.84239959716801], [134.701599121094, 33.84173583984379], [134.697402954102, 33.84180068969728], [134.697006225586, 33.842533111572344], [134.696197509766, 33.84153366088871], [134.69299316406298, 33.84120178222664], [134.69169616699202, 33.839134216308615], [134.688995361328, 33.83846664428713], [134.685897827148, 33.83653259277343], [134.685104370117, 33.83620071411128], [134.684494018555, 33.83426666259767], [134.68009948730497, 33.83393478393552], [134.678298950195, 33.832668304443395], [134.68049621582, 33.83013534545897], [134.689193725586, 33.832866668701215], [134.69270324707, 33.831600189209006], [134.69720458984398, 33.83306884765631], [134.697296142578, 33.8342018127441], [134.699600219727, 33.83599853515628], [134.70719909668, 33.83466720581049], [134.710098266602, 33.834400177002], [134.714996337891, 33.83599853515628], [134.716506958008, 33.83319854736328], [134.719207763672, 33.83126831054694], [134.72200012207003, 33.834735870361335], [134.723999023438, 33.83446884155267], [134.727798461914, 33.83653259277343], [134.72959899902304, 33.83826828002931], [134.73609924316403, 33.84000015258792], [134.74070739746102, 33.84193420410161], [134.742797851563, 33.8398017883301], [134.74459838867202, 33.83653259277343], [134.74679565429702, 33.83560180664064], [134.74949645996102, 33.834533691406335], [134.74679565429702, 33.83186721801758], [134.735305786133, 33.827999114990185], [134.730102539063, 33.824401855468814], [134.726104736328, 33.823600769043], [134.722106933594, 33.823802947998], [134.71940612793, 33.821399688720724], [134.700607299805, 33.8132019042969], [134.695693969727, 33.81253433227542], [134.69189453125, 33.80833435058587], [134.688995361328, 33.805667877197294], [134.68400573730497, 33.805866241455114], [134.67849731445298, 33.80426788330084], [134.67610168457, 33.80319976806644], [134.671295166016, 33.80120086669917], [134.66970825195298, 33.801265716552656], [134.669494628906, 33.801467895507834], [134.66650390624997, 33.79999923706053], [134.65049743652298, 33.78953552246086], [134.64590454101597, 33.789798736572344], [134.64109802246097, 33.788532257080135], [134.64120483398398, 33.78693389892577], [134.64170837402298, 33.78293228149413], [134.64120483398398, 33.780666351318374], [134.63679504394497, 33.78586578369138], [134.63369750976597, 33.78599929809571], [134.63079833984395, 33.785465240478466], [134.62179565429696, 33.786201477050795], [134.62080383300804, 33.786666870117195], [134.61639404296903, 33.78106689453128], [134.61399841308597, 33.78213500976558], [134.60879516601594, 33.77966690063482], [134.60920715331994, 33.777000427246065], [134.60690307617196, 33.77479934692379], [134.60130310058602, 33.77193450927731], [134.60189819335895, 33.76466751098627], [134.59660339355503, 33.76433563232421], [134.59330749511693, 33.76993560791021], [134.59410095214804, 33.77233123779303], [134.59109497070304, 33.772735595703125], [134.59049987793003, 33.77053451538094], [134.58729553222702, 33.7685317993164], [134.58450317382804, 33.77160263061524], [134.57969665527304, 33.76993560791021], [134.58099365234403, 33.763267517089815], [134.57679748535202, 33.76146697998054], [134.57290649414102, 33.76506805419918], [134.572204589844, 33.76559829711906], [134.56939697265602, 33.76173400878912], [134.57139587402304, 33.75906753540036], [134.572204589844, 33.75820159912114], [134.57299804687503, 33.75613403320312], [134.574401855469, 33.753200531005874], [134.57350158691403, 33.752735137939474], [134.57009887695304, 33.74353408813484], [134.56689453125003, 33.741668701171896], [134.56770324707003, 33.739734649658196], [134.56669616699202, 33.737735748291016], [134.565795898438, 33.733734130859375], [134.56649780273403, 33.73273468017583], [134.564407348633, 33.73186874389653], [134.561798095703, 33.733932495117195], [134.559600830078, 33.73379898071286], [134.556594848633, 33.73433303833011], [134.556594848633, 33.73646545410162], [134.55599975585903, 33.73860168457032], [134.55810546875, 33.74300003051759], [134.55790710449202, 33.74446868896481], [134.557006835938, 33.74499893188478], [134.556304931641, 33.74153137207029], [134.553405761719, 33.74173355102538], [134.55099487304702, 33.73566818237298], [134.54890441894503, 33.735801696777315], [134.54740905761702, 33.73720169067377], [134.543304443359, 33.73660278320313], [134.54049682617202, 33.728065490722706], [134.544097900391, 33.72480010986331], [134.54260253906298, 33.724399566650405], [134.542007446289, 33.72240066528322], [134.54269409179702, 33.71979904174804], [134.53619384765602, 33.71526718139652], [134.530899047852, 33.71179962158203], [134.523895263672, 33.707199096679666], [134.52020263671898, 33.705135345459], [134.517303466797, 33.70553207397464], [134.5166015625, 33.70153427124018], [134.514297485352, 33.70240020751948], [134.51159667968798, 33.699333190918], [134.507904052734, 33.698268890380874], [134.504699707031, 33.69926834106451], [134.50230407714798, 33.69419860839839], [134.498992919922, 33.695266723632784], [134.496795654297, 33.69380187988284], [134.49169921874997, 33.693199157714844], [134.49090576171898, 33.69146728515632], [134.48660278320298, 33.690868377685504], [134.48840332031295, 33.688667297363324], [134.481994628906, 33.68593215942381], [134.47190856933597, 33.681468963622955], [134.46499633789097, 33.67966842651368], [134.45460510253895, 33.67326736450204], [134.45199584960898, 33.67100143432619], [134.45089721679696, 33.67119979858401], [134.44839477539097, 33.67033386230471], [134.44639587402298, 33.66986846923831], [134.44209289550804, 33.66559982299801], [134.43800354003903, 33.663002014160185], [134.43020629882804, 33.663932800292976], [134.42649841308594, 33.66099929809573], [134.42449951171903, 33.661334991455064], [134.42579650878903, 33.66466522216804], [134.41839599609403, 33.66559982299801], [134.41690063476602, 33.66059875488283], [134.41700744628903, 33.65746688842767], [134.41119384765597, 33.65406799316412], [134.40820312500003, 33.65626525878913], [134.40299987793003, 33.65986633300776], [134.39990234375003, 33.656131744384794], [134.39840698242202, 33.65666580200203], [134.39550781250003, 33.65606689453131], [134.39599609375003, 33.650268554687486], [134.38949584960903, 33.65033340454097], [134.38900756835903, 33.65033340454097], [134.39030456543, 33.647998809814545], [134.388702392578, 33.64786529541021], [134.386001586914, 33.64466857910157], [134.38499450683602, 33.642333984374964], [134.380294799805, 33.63973236083979], [134.374404907227, 33.63566589355466], [134.37699890136702, 33.63359832763672], [134.37409973144503, 33.63226699829102], [134.37179565429702, 33.63406753540038], [134.368896484375, 33.63366699218748], [134.36930847168, 33.630668640136655], [134.366897583008, 33.63093185424796], [134.36619567871102, 33.629131317138686], [134.363204956055, 33.628665924072294], [134.361801147461, 33.62699890136717], [134.363998413086, 33.62419891357417], [134.36529541015602, 33.624534606933594], [134.37179565429702, 33.62406539916993], [134.37350463867202, 33.624267578125014], [134.37899780273403, 33.624866485595746], [134.388793945313, 33.62326812744138], [134.38670349121102, 33.61940002441408], [134.384201049805, 33.61920166015634], [134.382598876953, 33.6150016784668], [134.378295898438, 33.61266708374019], [134.37179565429702, 33.6100654602051], [134.367904663086, 33.60666656494137], [134.36120605468798, 33.59579849243161], [134.361709594727, 33.59293365478521], [134.36039733886702, 33.594066619873004], [134.36030578613298, 33.59186553955082], [134.36259460449202, 33.59180068969733], [134.363296508789, 33.5888671875], [134.353103637695, 33.586532592773395], [134.34370422363298, 33.58520126342769], [134.339706420898, 33.58546829223627], [134.332000732422, 33.58440017700197], [134.333099365234, 33.581401824951236], [134.343505859375, 33.5834655761719], [134.350204467773, 33.583400726318416], [134.362197875977, 33.580532073974574], [134.35710144043, 33.57906723022463], [134.337295532227, 33.578266143798814], [134.328994750977, 33.58193588256839], [134.324203491211, 33.581001281738324], [134.32189941406298, 33.58233261108403], [134.31660461425798, 33.581001281738324], [134.31910705566398, 33.57766723632808], [134.31300354003898, 33.57680130004878], [134.31080627441398, 33.576335906982386], [134.308898925781, 33.57273483276374], [134.308898925781, 33.56280136108404], [134.30639648437497, 33.562068939208984], [134.30950927734398, 33.561065673828075], [134.31089782714798, 33.5609359741211], [134.31170654296898, 33.56146621704099], [134.312301635742, 33.556602478027315], [134.31430053710898, 33.557666778564524], [134.317199707031, 33.556400299072315], [134.31910705566398, 33.555667877197344], [134.31660461425798, 33.55413436889646], [134.31480407714798, 33.55066680908198], [134.31410217285196, 33.548667907714794], [134.31399536132798, 33.54573440551764], [134.30799865722696, 33.54640197753913], [134.30749511718798, 33.5499992370605], [134.30520629882798, 33.54853439331046], [134.30439758300798, 33.5518684387207], [134.30599975585898, 33.552734375], [134.29969787597696, 33.55480194091804], [134.29679870605497, 33.55333328247074], [134.29640197753898, 33.556400299072315], [134.28219604492196, 33.560333251953104], [134.27830505371097, 33.559799194335866], [134.27330017089798, 33.560466766357436], [134.27040100097696, 33.55553436279301], [134.26280212402304, 33.55633163452147], [134.26029968261696, 33.55459976196286], [134.25289916992196, 33.552799224853494], [134.24679565429696, 33.55386734008789], [134.24130249023403, 33.5559997558594], [134.24040222168003, 33.55459976196286], [134.23719787597702, 33.552600860595675], [134.232604980469, 33.55526733398443], [134.228393554688, 33.5599327087402], [134.21969604492202, 33.56673431396484], [134.213500976563, 33.56700134277341], [134.19529724121102, 33.56060028076168], [134.19270324707, 33.56153488159183], [134.19439697265602, 33.56526565551762], [134.192993164063, 33.57139968872069], [134.189895629883, 33.57433319091802], [134.186904907227, 33.576534271240206], [134.188003540039, 33.58079910278324], [134.184799194336, 33.586532592773395], [134.184707641602, 33.58679962158197], [134.176895141602, 33.594066619873004], [134.171295166016, 33.59613418579103], [134.170806884766, 33.59833145141604], [134.16960144043, 33.601001739501974], [134.174499511719, 33.60613250732422], [134.17419433593798, 33.60813522338867], [134.164794921875, 33.610599517822344], [134.16149902343798, 33.6122016906738], [134.15559387207, 33.61159896850589], [134.15220642089798, 33.61600112915043], [134.153900146484, 33.622268676757834], [134.149795532227, 33.626934051513686], [134.14920043945298, 33.629131317138686], [134.15440368652298, 33.632732391357415], [134.157806396484, 33.63246536254884], [134.161605834961, 33.634998321533175], [134.166900634766, 33.638801574706996], [134.176605224609, 33.644401550293], [134.183197021484, 33.64846801757812], [134.183502197266, 33.64886856079103], [134.177093505859, 33.65353393554688], [134.17109680175798, 33.65713500976561], [134.17419433593798, 33.66040039062501], [134.169006347656, 33.66986846923831], [134.168502807617, 33.670398712158196], [134.17419433593798, 33.675468444824226], [134.174301147461, 33.683601379394474], [134.163299560547, 33.68806838989259], [134.14739990234398, 33.68486785888668], [134.138397216797, 33.689868927002045], [134.13319396972696, 33.693134307861264], [134.12179565429696, 33.69593429565427], [134.12100219726597, 33.69566726684569], [134.11709594726597, 33.69580078125002], [134.10980224609403, 33.69446563720697], [134.10099792480494, 33.69406890869141], [134.09640502929696, 33.69306564331051], [134.09130859375003, 33.69246673583978], [134.07749938964804, 33.69013214111327], [134.06680297851602, 33.68853378295899], [134.057495117188, 33.69079971313484], [134.056106567383, 33.69366836547851], [134.06410217285202, 33.69866561889651], [134.06460571289102, 33.70713424682618], [134.06959533691403, 33.71113204956046], [134.06449890136696, 33.71933364868164], [134.06730651855503, 33.726200103759766], [134.065795898438, 33.73379898071286], [134.06159973144503, 33.734867095947344], [134.05979919433602, 33.742000579833956], [134.05909729003903, 33.74520111083978], [134.056106567383, 33.75073242187502], [134.05639648437503, 33.753200531005874], [134.05780029296903, 33.760135650634844], [134.057006835938, 33.77953338623049], [134.055297851563, 33.78306579589837], [134.05189514160202, 33.78526687622074], [134.04660034179702, 33.78906631469729], [134.04629516601602, 33.79673385620123], [134.04429626464804, 33.79980087280271], [134.03300476074202, 33.80886840820311], [134.03500366210903, 33.81353378295896], [134.03610229492202, 33.818466186523395], [134.03239440918, 33.828266143798764], [134.02360534668, 33.82573318481452], [134.01339721679702, 33.82226562500003], [133.996795654297, 33.82099914550782], [133.991592407227, 33.82606887817376], [133.98660278320298, 33.83653259277343], [133.98699951171898, 33.837932586669886], [133.983993530273, 33.840801239013736], [133.981002807617, 33.83920288085937], [133.97450256347696, 33.83653259277343], [133.96040344238298, 33.834735870361335], [133.95660400390597, 33.83226776123049], [133.95129394531295, 33.829334259033246], [133.95249938964798, 33.81866836547848], [133.94830322265597, 33.806400299072266], [133.94090270996097, 33.79913330078132], [133.93659973144497, 33.79933166503914], [133.92489624023398, 33.8004684448242], [133.92390441894497, 33.79880142211908], [133.92080688476602, 33.79780197143553], [133.91310119628903, 33.79146575927729], [133.90829467773398, 33.794467926025376], [133.90219116210898, 33.79366683959956], [133.89340209960903, 33.804332733154325], [133.88670349121102, 33.80279922485354], [133.88330078125003, 33.80466842651374], [133.87309265136693, 33.80580139160163], [133.87179565429702, 33.805999755859446], [133.87179565429702, 33.80946731567384], [133.87179565429702, 33.81013488769533], [133.87040710449202, 33.81193161010742], [133.858093261719, 33.826732635497976], [133.853302001953, 33.83380126953128], [133.84579467773403, 33.83653259277343], [133.83859252929702, 33.84460067749019], [133.835098266602, 33.84433364868162], [133.82800292968798, 33.84460067749019], [133.819000244141, 33.83806610107422], [133.811004638672, 33.837932586669886], [133.80659484863298, 33.83653259277343], [133.804901123047, 33.83653259277343], [133.80200195312497, 33.837200164794915], [133.797592163086, 33.83653259277343], [133.791091918945, 33.83653259277343], [133.78880310058597, 33.83653259277343], [133.78770446777298, 33.83653259277343], [133.78630065917997, 33.841598510742195], [133.78450012206997, 33.841598510742195], [133.776092529297, 33.84220123291019], [133.772994995117, 33.84000015258792], [133.76679992675804, 33.84000015258792], [133.75689697265597, 33.83653259277343], [133.75450134277298, 33.83653259277343], [133.74679565429696, 33.83679962158201], [133.74209594726594, 33.841400146484375], [133.73779296874997, 33.84946823120122], [133.73080444335903, 33.850601196289105], [133.71919250488304, 33.84920120239256], [133.707397460938, 33.851531982421896], [133.70089721679702, 33.84980010986329], [133.69459533691403, 33.85593414306644], [133.68710327148403, 33.85653305053708], [133.68290710449202, 33.85860061645511], [133.67680358886702, 33.85860061645511], [133.673904418945, 33.862667083740234], [133.668197631836, 33.86553573608399], [133.664001464844, 33.86880111694339], [133.66020202636702, 33.88159942626949], [133.660293579102, 33.88353347778318], [133.664901733398, 33.88766860961906], [133.668304443359, 33.88740158081049], [133.677398681641, 33.893600463867216], [133.674697875977, 33.90200042724613], [133.67779541015602, 33.909599304199226], [133.67919921875, 33.909599304199226], [133.687194824219, 33.91606903076171], [133.68910217285202, 33.91606903076171], [133.688507080078, 33.91986846923826], [133.685302734375, 33.925468444824176], [133.675506591797, 33.92633438110348], [133.675399780273, 33.931133270263665], [133.68359375000003, 33.93906784057618], [133.68559265136702, 33.93900299072269], [133.68969726562503, 33.94166564941409], [133.69200134277304, 33.94580078124997], [133.687194824219, 33.9539985656738], [133.691802978516, 33.962001800537074], [133.68519592285202, 33.96473312377932], [133.683700561523, 33.96413421630859], [133.68260192871102, 33.967334747314496], [133.680099487305, 33.96960067749017], [133.68269348144503, 33.97573471069341], [133.68139648437503, 33.97859954833981], [133.681503295898, 33.983333587646506], [133.68139648437503, 33.983531951904325], [133.674499511719, 33.98346710205084], [133.67770385742202, 33.994800567626996], [133.681503295898, 33.999401092529276], [133.684707641602, 34.00320053100591], [133.684097290039, 34.00719833374019], [133.67900085449202, 34.01240158081046], [133.681304931641, 34.012668609619126], [133.685501098633, 34.012531280517614], [133.68879699707003, 34.013134002685526], [133.69129943847702, 34.01300048828128], [133.699401855469, 34.01746749877931], [133.707305908203, 34.015598297119105], [133.71139526367202, 34.017265319824226], [133.72030639648403, 34.02199935913092], [133.72140502929702, 34.02579879760738], [133.72309875488304, 34.03680038452148], [133.72810363769503, 34.043933868408175], [133.72830200195304, 34.04420089721684], [133.72959899902304, 34.044132232665994], [133.73989868164102, 34.050132751464815], [133.74679565429696, 34.05293273925782], [133.75469970703097, 34.05886840820306], [133.76080322265597, 34.064998626709034], [133.76289367675795, 34.069599151611314], [133.76829528808597, 34.07279968261722], [133.77070617675804, 34.07293319702146], [133.77200317382798, 34.07246780395507], [133.77740478515597, 34.07813262939447], [133.78250122070298, 34.08000183105468], [133.78660583496097, 34.07799911499023], [133.79069519042997, 34.07806777954098], [133.78970336914097, 34.07640075683586], [133.797592163086, 34.06953430175783], [133.812591552734, 34.07300186157231], [133.81570434570298, 34.07266616821289], [133.81950378417997, 34.0739326477051], [133.81829833984398, 34.07866668701171], [133.822601318359, 34.08653259277338], [133.821792602539, 34.09220123291023], [133.832901000977, 34.09746551513672], [133.841003417969, 34.09486770629881], [133.846099853516, 34.097599029540966], [133.85359191894503, 34.10366821289063], [133.86239624023403, 34.10526657104491], [133.86579895019503, 34.100799560546875], [133.86970520019503, 34.10133361816411], [133.87179565429702, 34.10086822509772], [133.88020324707003, 34.10400009155269], [133.89219665527304, 34.10800170898442], [133.89920043945304, 34.101932525634844], [133.90330505371102, 34.10066604614263], [133.90649414062494, 34.10179901123051], [133.92140197753903, 34.11420059204097], [133.92999267578097, 34.11533355712894], [133.93649291992196, 34.11520004272461], [133.93850708007804, 34.11526870727536], [133.93719482421898, 34.107734680175845], [133.94299316406304, 34.1022644042969], [133.94290161132798, 34.09966659545899], [133.94540405273398, 34.09193420410156], [133.94670104980497, 34.092067718505895], [133.95729064941398, 34.08653259277338], [133.958297729492, 34.08373260498047], [133.960998535156, 34.081531524658196], [133.96559143066398, 34.08166503906253], [133.96789550781298, 34.081531524658196], [133.97180175781298, 34.073066711425795], [133.97659301757798, 34.075000762939496], [133.98449707031298, 34.076934814453104], [133.990798950195, 34.07293319702146], [133.996795654297, 34.07379913330077], [133.999099731445, 34.074600219726584], [134.000503540039, 34.07486724853516], [134.001708984375, 34.08033370971683], [134.009307861328, 34.08653259277338], [134.010696411133, 34.08653259277338], [134.011199951172, 34.08633422851556], [134.01330566406298, 34.08639907836914], [134.019195556641, 34.08466720581053], [134.023208618164, 34.08480072021477], [134.026702880859, 34.08653259277338], [134.025802612305, 34.088733673095746], [134.026107788086, 34.09213256835938], [134.02929687500003, 34.09600067138669], [134.03819274902304, 34.09999847412114], [134.042999267578, 34.11140060424797], [134.049102783203, 34.117267608642635], [134.050308227539, 34.11793518066412], [134.05509948730503, 34.1167335510254], [134.06019592285202, 34.11140060424797], [134.06719970703094, 34.11273193359376], [134.07049560546903, 34.113468170166], [134.07479858398403, 34.11746597290037], [134.08010864257804, 34.12113189697267], [134.09210205078097, 34.114665985107365], [134.10369873046903, 34.115798950195334], [134.112594604492, 34.11780166625979], [134.11849975585898, 34.12013244628913], [134.12179565429696, 34.11866760253909], [134.12809753417997, 34.123134613037124], [134.13200378417997, 34.12806701660164], [134.13789367675798, 34.13240051269534], [134.13789367675798, 34.14053344726559], [134.13479614257798, 34.151332855224595], [134.13659667968798, 34.154533386230504], [134.13999938964798, 34.154933929443416], [134.145599365234, 34.164867401123026], [134.15490722656298, 34.16653442382806], [134.15840148925798, 34.168399810791], [134.163101196289, 34.16986465454103], [134.169403076172, 34.17499923706046], [134.173400878906, 34.17673492431643], [134.174499511719, 34.17499923706046], [134.177093505859, 34.175868988037124], [134.177993774414, 34.17486572265631], [134.179107666016, 34.17546844482421], [134.182098388672, 34.17386627197267], [134.185394287109, 34.17346572875976], [134.18730163574202, 34.172466278076215], [134.19560241699202, 34.172199249267635], [134.198806762695, 34.175132751464794], [134.204498291016, 34.17293548583979], [134.208206176758, 34.17459869384773], [134.217895507813, 34.17819976806637], [134.22070312500003, 34.179801940918004], [134.227005004883, 34.178600311279276], [134.22860717773403, 34.180732727050795], [134.23120117187503, 34.18006896972658], [134.24380493164102, 34.179733276367244], [134.24679565429696, 34.17866516113276], [134.25030517578094, 34.180465698242216], [134.25379943847702, 34.180465698242216], [134.25939941406304, 34.18333435058589], [134.27149963378895, 34.18146514892577], [134.27650451660196, 34.176532745361335], [134.28520202636696, 34.179733276367244], [134.28770446777298, 34.17900085449219], [134.29110717773398, 34.179065704345675], [134.29629516601597, 34.16986465454103], [134.29739379882798, 34.168533325195334], [134.29919433593795, 34.16986465454103], [134.30259704589798, 34.17046737670903], [134.30859374999997, 34.17173385620124], [134.31390380859398, 34.177131652831974], [134.326400756836, 34.17359924316409], [134.33270263671898, 34.17506790161131], [134.34260559082, 34.17240142822273], [134.345794677734, 34.17673492431643], [134.34930419921898, 34.18533325195307], [134.358505249023, 34.183868408203125], [134.36120605468798, 34.18153381347661], [134.37179565429702, 34.174934387206974], [134.375198364258, 34.17160034179691], [134.37939453125003, 34.17213439941406], [134.38090515136702, 34.17213439941406], [134.383804321289, 34.16986465454103], [134.384399414063, 34.16593170166024], [134.39230346679702, 34.1636009216309], [134.40159606933602, 34.1679344177246], [134.40570068359403, 34.164001464843814], [134.409606933594, 34.16193389892578], [134.41239929199196, 34.156799316406264], [134.41839599609403, 34.15753555297851], [134.42759704589804, 34.167133331298785], [134.42959594726602, 34.166999816894545], [134.43339538574196, 34.16986465454103], [134.43339538574196, 34.178001403808636], [134.43040466308602, 34.178798675537095], [134.42869567871097, 34.18306732177731], [134.43840026855503, 34.19100189208983], [134.43830871581994, 34.19160079956047], [134.43879699706997, 34.19820022583011], [134.43969726562497, 34.20786666870123]]], [[[134.67359924316398, 33.85960006713874], [134.67109680175798, 33.86740112304693], [134.67329406738298, 33.86520004272457], [134.67849731445298, 33.86946868896478], [134.68060302734398, 33.86819839477539], [134.67939758300798, 33.86706542968751], [134.67710876464798, 33.861999511718835], [134.67359924316398, 33.85960006713874]]], [[[134.65429687499997, 33.854335784912074], [134.65040588378898, 33.85566711425778], [134.65180969238304, 33.857868194580135], [134.65310668945298, 33.85973358154299], [134.654602050781, 33.86180114746093], [134.65550231933597, 33.864933013915994], [134.65359497070298, 33.8672676086426], [134.65429687499997, 33.866798400878935], [134.655807495117, 33.86773300170899], [134.65660095214798, 33.86733245849609], [134.65820312499997, 33.86773300170899], [134.65930175781295, 33.86600112915038], [134.66180419921898, 33.866134643554716], [134.66120910644497, 33.86386871337887], [134.664398193359, 33.86113357543953], [134.66270446777298, 33.86086654663087], [134.659896850586, 33.86046600341796], [134.658996582031, 33.85986709594732], [134.65429687499997, 33.854335784912074]]], [[[134.709899902344, 33.85286712646477], [134.708602905273, 33.85413360595699], [134.710098266602, 33.85766601562496], [134.71049499511702, 33.85666656494141], [134.713897705078, 33.8567314147949], [134.709899902344, 33.85286712646477]]], [[[134.80970764160196, 33.84033584594734], [134.80549621581997, 33.84386825561522], [134.80819702148398, 33.84746551513668], [134.80709838867196, 33.850799560546925], [134.81060791015597, 33.85073471069344], [134.81809997558597, 33.85706710815432], [134.82119750976597, 33.85606765747068], [134.81970214843804, 33.849868774414134], [134.81759643554696, 33.847400665283196], [134.816696166992, 33.84653472900389], [134.81869506835898, 33.843399047851555], [134.80970764160196, 33.84033584594734]]], [[[134.729202270508, 33.847400665283196], [134.72999572753903, 33.8482666015625], [134.73249816894503, 33.85006713867186], [134.735107421875, 33.84946823120122], [134.739700317383, 33.85273361206053], [134.74209594726602, 33.85173416137698], [134.74070739746102, 33.84993362426762], [134.729202270508, 33.847400665283196]]], [[[134.79850769043003, 33.84239959716801], [134.79800415039094, 33.84426879882813], [134.79760742187494, 33.84479904174801], [134.79190063476594, 33.84586715698241], [134.79570007324196, 33.84820175170901], [134.80160522460898, 33.843601226806555], [134.79850769043003, 33.84239959716801]]], [[[134.80419921874997, 33.839267730712855], [134.80320739746097, 33.839332580566435], [134.80130004882795, 33.84193420410161], [134.80369567871097, 33.84373474121089], [134.80419921874997, 33.839267730712855]]], [[[134.496795654297, 33.6301345825195], [134.48770141601597, 33.63286590576166], [134.48440551757798, 33.632732391357415], [134.48080444335898, 33.63660049438481], [134.48660278320298, 33.63513565063478], [134.48660278320298, 33.63713455200196], [134.48300170898398, 33.64113235473633], [134.48350524902298, 33.642398834228544], [134.48469543457, 33.644935607910234], [134.48699951171898, 33.64459991455082], [134.489593505859, 33.64139938354491], [134.49060058593798, 33.64186859130857], [134.496795654297, 33.638198852539084], [134.49940490722696, 33.638801574706996], [134.503692626953, 33.64073181152342], [134.50140380859398, 33.6353340148926], [134.496795654297, 33.6301345825195]]], [[[134.44929504394497, 33.63740158081054], [134.44639587402298, 33.63813400268551], [134.44459533691398, 33.63919830322272], [134.44660949706997, 33.638999938964815], [134.44859313964798, 33.638999938964815], [134.44990539550804, 33.63886642456048], [134.44960021972696, 33.63813400268551], [134.44929504394497, 33.63740158081054]]], [[[134.42309570312503, 33.629001617431626], [134.42070007324196, 33.63639831542972], [134.42390441894503, 33.63566589355466], [134.42350769043003, 33.63639831542972], [134.42430114746102, 33.63713455200196], [134.42599487304696, 33.63326644897457], [134.42599487304696, 33.63079833984381], [134.42309570312503, 33.629001617431626]]], [[[134.32070922851597, 33.53973388671882], [134.316696166992, 33.54180145263667], [134.31590270996097, 33.5437316894531], [134.317199707031, 33.54486846923834], [134.31610107421898, 33.547199249267585], [134.31700134277298, 33.548866271972706], [134.320297241211, 33.54513549804691], [134.32170104980497, 33.542800903320305], [134.32350158691398, 33.541198730468764], [134.32070922851597, 33.53973388671882]]]]}}]}